track_name,artist_name,album_name,release_date,track_id,spotify_url,mood_keywords
Serene Reflections,Eternalistic,Serene Reflections,2024-04-05,0TT2Tzi8mEETCqYZ1ffiHh,https://open.spotify.com/track/0TT2Tzi8mEETCqYZ1ffiHh,reflective contemplative serene
Serene Awakening,Ambientalism,Blissful Serenades,2021-07-07,68xLHUVQwyMAeo68Rqk0cy,https://open.spotify.com/track/68xLHUVQwyMAeo68Rqk0cy,reflective contemplative serene
Serene Piano Reflections,Sleepy Penguin,Tranquil Piano Sonata,2023-05-12,2oqW3eUyHBHywm08lMKam3,https://open.spotify.com/track/2oqW3eUyHBHywm08lMKam3,reflective contemplative serene
"Ambient Slumber Serenade, Pt. 25",Sleep Fruits Music,"Sleep Fruits Session, Vol. 7",2023-09-09,5IJ9C153GGfkFhhQMHeLN6,https://open.spotify.com/track/5IJ9C153GGfkFhhQMHeLN6,reflective contemplative serene
Serene Piano Reflections,Coco Cuddles,Sweet Dreams Piano Ballad,2023-05-05,6x40S2q0DsqKXIRzr07mVm,https://open.spotify.com/track/6x40S2q0DsqKXIRzr07mVm,reflective contemplative serene
Instrumental Music for Serenity In Life,Garden of Balancing,Yoga Workout Music,2011-02-16,0TkDX4ZIF8ZY1NspeExXH5,https://open.spotify.com/track/0TkDX4ZIF8ZY1NspeExXH5,reflective contemplative serene
Reflection,Sleep Fruits Music,"Sleep Rain, Vol. 1",2022-08-25,7xBEQfTr5ecFPLEo9pbeLe,https://open.spotify.com/track/7xBEQfTr5ecFPLEo9pbeLe,reflective contemplative serene
Serenade of Tranquility,Reflective Society,Serenade of Tranquility,2024-03-22,0tqj2gbTbAUa9Ue0wcY7by,https://open.spotify.com/track/0tqj2gbTbAUa9Ue0wcY7by,reflective contemplative serene
Calm Reflections,Sander Melodies,Serenade for Sleep,2024-09-20,59Dbbdz6aCzkC7O74HRAwT,https://open.spotify.com/track/59Dbbdz6aCzkC7O74HRAwT,reflective contemplative serene
Porch Reflections - Ambient Version,Beyond Stillness,Melodies On Harp Revisited,2022-05-15,1x2Xy9PNbKJeTROWqa5a1A,https://open.spotify.com/track/1x2Xy9PNbKJeTROWqa5a1A,reflective contemplative serene
Serene Reflections,MusicoterapiaTeam,Serene Reflections,2023-07-04,7GHmSmRGBreFbMxPMn943s,https://open.spotify.com/track/7GHmSmRGBreFbMxPMn943s,reflective contemplative serene
Serene Sea - Alternate Version,Beyond Stillness,Melodies On Harp Revisited,2022-05-15,75tEFgDz7MGuTVgTaC9tM0,https://open.spotify.com/track/75tEFgDz7MGuTVgTaC9tM0,reflective contemplative serene
Reflection,Disney Peaceful Strings,Disney Peaceful Strings: Relax,2022-12-02,7yvkIYOcTe09BxsauJPJBv,https://open.spotify.com/track/7yvkIYOcTe09BxsauJPJBv,reflective contemplative serene
Reflection - Instrumental,Jim Brickman,Jim Brickman - The Disney Songbook,2005-01-01,121jHMUmLlQ24bViLY1btQ,https://open.spotify.com/track/121jHMUmLlQ24bViLY1btQ,reflective contemplative serene
Reflections,Deep Sleep Music Collective,"Sleeping Music: Calm Music to Help You Sleep, Natural Sleep Aid and Relaxing Piano for Sleep Music",2016-11-07,0vWHg7etZMX36mh59Fq71m,https://open.spotify.com/track/0vWHg7etZMX36mh59Fq71m,reflective contemplative serene
Reflection (Instrumental Version),Matt Carlson,Lullabies for Little Ones on Ukulele,2019-04-04,3gvxrjmJs7TTSIOJZLzlUm,https://open.spotify.com/track/3gvxrjmJs7TTSIOJZLzlUm,reflective contemplative serene
Reflection,Fred Mollin,Princess Lullaby: Soothing Instrumental Lullabies For Little Princesses,2002,5LpggG9cEdUrzIIkGlPSut,https://open.spotify.com/track/5LpggG9cEdUrzIIkGlPSut,reflective contemplative serene
Soft Serene Repose,Pearl Sky,Quiet and Ethereal,2022-12-09,4FMVsyHJ272N704yi64PW7,https://open.spotify.com/track/4FMVsyHJ272N704yi64PW7,reflective contemplative serene
Serene Garden,Meditation and Sounds,"Meditation and Sounds, Vol. II, Remastered Edition",2022-03-25,0CVjLzGpvCSrzw1UljQILr,https://open.spotify.com/track/0CVjLzGpvCSrzw1UljQILr,reflective contemplative serene
Serenity,Christopher Galovan,Serenity,2020-03-20,76wfB4VDC7zCHx1FVgeFN5,https://open.spotify.com/track/76wfB4VDC7zCHx1FVgeFN5,reflective contemplative serene
Serene Reflections,Study Janelle,Piano for Focus & Relaxation: Instrumental Study Music for Mental Clarity and Sharpness,2023-11-13,5kpbdJQVnXFzPS6VlcDQBV,https://open.spotify.com/track/5kpbdJQVnXFzPS6VlcDQBV,reflective contemplative serene
"Serene Serenity, Peaceful Peace, Calm Calmness",Darcey Beau,"Zen Meditations: Ambient Calm Music for Contemplation, Reflection and Space",2021-01-21,4uDHen9XjUMEEF1bj6oIqc,https://open.spotify.com/track/4uDHen9XjUMEEF1bj6oIqc,reflective contemplative serene
Nocturnal Reflections in Moonlight,Ambientalism,Blissful Serenades,2021-07-07,0UZHuO5tKxx3CHM42JMG8S,https://open.spotify.com/track/0UZHuO5tKxx3CHM42JMG8S,reflective contemplative serene
Serene Reflections,Magic Dreams,Magical Night,2024-06-02,2axw3gVhotZPTJUTPCn0L9,https://open.spotify.com/track/2axw3gVhotZPTJUTPCn0L9,reflective contemplative serene
Reflections - Ambient Reprise,Archaellum,Reflections (Ambient Reprise),2021-09-07,4VDikAebfWADVzTc54e3n6,https://open.spotify.com/track/4VDikAebfWADVzTc54e3n6,reflective contemplative serene
Serene Reflection,Naturest,Effortless Serenity: Nature with Musical Harmony,2025-07-25,28jUZkpvop0VtQZj8DXXB0,https://open.spotify.com/track/28jUZkpvop0VtQZj8DXXB0,reflective contemplative serene
"Serene Dream Serenade, Pt. 14",Sleep Fruits Music,"Sleep Fruits Session, Vol. 7",2023-09-09,63wQWp5PilHNSoRyYPJyoD,https://open.spotify.com/track/63wQWp5PilHNSoRyYPJyoD,reflective contemplative serene
River Reflections,Serene Nabulé,Silk,2023-09-01,0K1fXB0f9B5nyfvwGF1WFk,https://open.spotify.com/track/0K1fXB0f9B5nyfvwGF1WFk,reflective contemplative serene
Serene Reflections,Goya Heeren,Droplets,2024-11-08,08OSMeOlviEO5fovpdaRkI,https://open.spotify.com/track/08OSMeOlviEO5fovpdaRkI,reflective contemplative serene
Reflective Zen in Serene Beats,Plays By Mike,Lofi Zen: Tranquil Beats for Meditation,2024-04-19,4K66COWUWgUkQAGXtt3hzf,https://open.spotify.com/track/4K66COWUWgUkQAGXtt3hzf,reflective contemplative serene
"Serene Jazz Melodies, Pt. 46",Soft Jazz Background Music,"Background Jazz, Continuous",2024-03-28,3iIyQGa3M3sAmHN5SLf1bQ,https://open.spotify.com/track/3iIyQGa3M3sAmHN5SLf1bQ,reflective contemplative serene
Serene Echoes of Nature,Cloudborne,Space Ambience,2025-03-05,30YPN7dTJgRh8McWYikL3i,https://open.spotify.com/track/30YPN7dTJgRh8McWYikL3i,reflective contemplative serene
Peaceful Ambience,Arctic Comfort,Reflections in Moonlit Waters,2017-11-05,6oe4QZZbBELtM1yV3y4l8s,https://open.spotify.com/track/6oe4QZZbBELtM1yV3y4l8s,reflective contemplative serene
Reflection (Instrumental Version),Steve Petrunak,Popular Disney Favorites on Acoustic Guitar,2017-04-17,16YRdQpHFYc1pJGJNxkF9F,https://open.spotify.com/track/16YRdQpHFYc1pJGJNxkF9F,reflective contemplative serene
Reflection,A Slower Tempo,The Slower Way of Life,2020-11-25,42ZaNBCTRmgJ9V9IsTxhJ0,https://open.spotify.com/track/42ZaNBCTRmgJ9V9IsTxhJ0,reflective contemplative serene
Peaceful Instrumental Music,Instrumental,"Instrumental Music: Relaxing Background Piano Music for Relaxation, Spa, Yoga, Meditation, Studying, Sleeping, Massage, Reading, Focus and Concentration",2017-06-15,1cEo67ai3zsd2z9X7PGiAu,https://open.spotify.com/track/1cEo67ai3zsd2z9X7PGiAu,reflective contemplative serene
Evening Reflections,Universe Mind,"Peaceful Piano: Relaxing Music, Vol. I",2018-08-21,5twGhzvRzU7Ej9ch1vp16t,https://open.spotify.com/track/5twGhzvRzU7Ej9ch1vp16t,reflective contemplative serene
"Reflection (From ""Mulan"") [Instrumental]",Steven Current,Ultimate Disney Instrumentals,2017-03-04,7vYT0SeJMI4C0KdHkFtIUE,https://open.spotify.com/track/7vYT0SeJMI4C0KdHkFtIUE,reflective contemplative serene
Reflections,Eyolf,Chronos,2021-10-01,6mlIgGcw6GUKRt1xbyrIU0,https://open.spotify.com/track/6mlIgGcw6GUKRt1xbyrIU0,reflective contemplative serene
Serene,Dan Musselman,Calm,2022-01-24,2xCVQKm6tkEnz98nk7v1OB,https://open.spotify.com/track/2xCVQKm6tkEnz98nk7v1OB,reflective contemplative serene
Serene Acoustic Reflections,Guitar Instrumentals,Guitar Background,2024-06-28,6kGJEWqaEmPJoXXLLgbYH8,https://open.spotify.com/track/6kGJEWqaEmPJoXXLLgbYH8,reflective contemplative serene
Mystic Reflections,Serene Nabulé,Ethereal Reverie,2023-06-23,2F9O0hQjGPV06POeaKTBDs,https://open.spotify.com/track/2F9O0hQjGPV06POeaKTBDs,reflective contemplative serene
Reflection,Alberto Rivera,Serenity 2,2020-01-09,5VvuM1IBrUyRlshsVcSPru,https://open.spotify.com/track/5VvuM1IBrUyRlshsVcSPru,reflective contemplative serene
Reflections,The O'Neill Brothers Group,Instrumental Sleep Music,2020-01-29,3bswsLcugDdGU1MOD2SomA,https://open.spotify.com/track/3bswsLcugDdGU1MOD2SomA,reflective contemplative serene
"Serene Sleeping Harmony, Pt. 14",Sleep Fruits Music,"Sleep Fruits Session, Vol. 5",2023-08-29,3oETUXzTNH00kkb0J8yPqR,https://open.spotify.com/track/3oETUXzTNH00kkb0J8yPqR,reflective contemplative serene
"Serene Sleeping Symphony, Pt. 21",Sleep Fruits Music,"Sleep Fruits Session, Vol. 5",2023-08-29,0gywQzAP5GtsTcAsQoxcuW,https://open.spotify.com/track/0gywQzAP5GtsTcAsQoxcuW,reflective contemplative serene
"Ambient Sleep Magic, Pt. 1",Sleep Fruits Music,"Sleep Fruits Session, Vol. 7",2023-09-09,3I7WllKKTJEe3YuhaGikpz,https://open.spotify.com/track/3I7WllKKTJEe3YuhaGikpz,reflective contemplative serene
Reflection 1,Deuter,Sea and Silence,2003-02-04,6JLnwCxfFfoBbMx3MStwLC,https://open.spotify.com/track/6JLnwCxfFfoBbMx3MStwLC,reflective contemplative serene
Reflections,Sensitize,Reflections,2018-10-17,5MQdzPYTkrPLji233fKKn4,https://open.spotify.com/track/5MQdzPYTkrPLji233fKKn4,reflective contemplative serene
Lounge Reflections - Harp Version,Wandering River,Lounge Reflections,2022-03-23,0bmMIkiiQOuyBqmXmwauxQ,https://open.spotify.com/track/0bmMIkiiQOuyBqmXmwauxQ,reflective contemplative serene
Serene,DSADS,Serene,2022-01-10,3lz6JYGTz3zpoYwOkWE44C,https://open.spotify.com/track/3lz6JYGTz3zpoYwOkWE44C,reflective contemplative serene
Ambient,SerenitySounds,Ambient,2023-10-30,3QA585uZRmxPjx7ZQELHDP,https://open.spotify.com/track/3QA585uZRmxPjx7ZQELHDP,reflective contemplative serene
Quiet Reflection,Havblikk,Quiet Reflection,2024-05-17,4XWSRvSh6tJt1gZTTOQzn6,https://open.spotify.com/track/4XWSRvSh6tJt1gZTTOQzn6,reflective contemplative serene
Reflections,Wander Calm,Reflections,2022-03-11,680tTUZzI7yFslIJrSzRON,https://open.spotify.com/track/680tTUZzI7yFslIJrSzRON,reflective contemplative serene
Serene Sleeping Odyssey.,Sleep Fruits Music,Sleep Music Collection,2023-08-29,5kOKOvxuoqhMuKjxEDNLv2,https://open.spotify.com/track/5kOKOvxuoqhMuKjxEDNLv2,reflective contemplative serene
Serene,Elgafar,Serene,2018-09-28,3pukP3lKvI3Tygow6rmfUH,https://open.spotify.com/track/3pukP3lKvI3Tygow6rmfUH,reflective contemplative serene
"Reflection (from Disney's ""Mulan"") [Lullaby Version]",The Suntrees Sky,Magical Disney Lulllabies (Ultimate Baby Disney Instrumentals for Sleep),2019-09-19,4bsmFqqZYKuFg8z88mcEle,https://open.spotify.com/track/4bsmFqqZYKuFg8z88mcEle,reflective contemplative serene
Serenity,Endless Melancholy,Serenity,2021-03-26,4bC0vpZh4vDqsVQOfQFQuM,https://open.spotify.com/track/4bC0vpZh4vDqsVQOfQFQuM,reflective contemplative serene
Reflections,Morninglightmusic,Reflections,2021-07-23,1XlVY01Y9XtfEOFb9SRTcw,https://open.spotify.com/track/1XlVY01Y9XtfEOFb9SRTcw,reflective contemplative serene
Serene,A Slower Tempo,The Slower Way of Life,2020-11-25,56Cmq1o1KIDHJjhApwF9It,https://open.spotify.com/track/56Cmq1o1KIDHJjhApwF9It,reflective contemplative serene
Serenade Under the Starry Sky by the Campfire,Ambientalism,Blissful Serenades,2021-07-07,2KO26NdjdBUnOliD6WblYx,https://open.spotify.com/track/2KO26NdjdBUnOliD6WblYx,reflective contemplative serene
Serene Reflections & Sunday Mornings,Josef Homola,Sunday Mornings XXXV,2023-07-07,3sDdpxIGkqiMaFPSSYQnyi,https://open.spotify.com/track/3sDdpxIGkqiMaFPSSYQnyi,reflective contemplative serene
Serene Enchantment - Instrumental Version,Tom Hallen,Serene Enchantment (Instrumental Version),2023-12-07,6yB5BxWsEocyALka3RjGFU,https://open.spotify.com/track/6yB5BxWsEocyALka3RjGFU,reflective contemplative serene
Serene Forest,NCSOUND,Refly (AION Original Soundtrack),2018-01-19,5oQ0miZun5CqkO4OtPlgXH,https://open.spotify.com/track/5oQ0miZun5CqkO4OtPlgXH,reflective contemplative serene
"Serene Sleeping Melodies, Pt. 6",Sleep Fruits Music,"Sleep Fruits Session, Vol. 5",2023-08-29,1MpKlxLc6iaZKtGtrmV3sv,https://open.spotify.com/track/1MpKlxLc6iaZKtGtrmV3sv,reflective contemplative serene
Serene Sleep Soundscapes,Baby Sleep Lullabies,Soothing Bedtime Melodies for Babies,2024-09-22,6tOfehALxzSc01F1nYFzCS,https://open.spotify.com/track/6tOfehALxzSc01F1nYFzCS,reflective contemplative serene
"Enchanted Slumber Serenading Sleep, Pt. 1",Sleep Fruits Music,"Sleep Fruits Session, Vol. 6",2023-08-29,7iAjjksgwgdjRMB2ahFR58,https://open.spotify.com/track/7iAjjksgwgdjRMB2ahFR58,reflective contemplative serene
Ambient Blossoming Flowers,Harp Flow,"Calm Reflections, Vol. 3",2022-02-05,5cF5RuZI4i8SjvsIqjLaR5,https://open.spotify.com/track/5cF5RuZI4i8SjvsIqjLaR5,reflective contemplative serene
"Serene Sleeping Tunes, Pt. 19",Sleep Fruits Music,"Sleep Fruits Session, Vol. 7",2023-09-09,0kEiFqctUiMqlgsWfTkNMt,https://open.spotify.com/track/0kEiFqctUiMqlgsWfTkNMt,reflective contemplative serene
Serene,Vexaic,Reverie,2017-10-16,2CRl6Ya6roC6dbkRVD8Hu6,https://open.spotify.com/track/2CRl6Ya6roC6dbkRVD8Hu6,reflective contemplative serene
Reflecting,Piano momentum,Serenity,2022-11-04,727e9rW7ss5FZDbyBOhby7,https://open.spotify.com/track/727e9rW7ss5FZDbyBOhby7,reflective contemplative serene
Tranquil Moonlight Melodies,Ambientalism,Blissful Serenades,2021-07-07,26U7PPRoiOtLt2u61a1cgr,https://open.spotify.com/track/26U7PPRoiOtLt2u61a1cgr,reflective contemplative serene
Ambient Serenity,Moenetty,Ethereal Twilight,2024-04-29,5m7tdlW9AIUK1zu5rVdyXm,https://open.spotify.com/track/5m7tdlW9AIUK1zu5rVdyXm,reflective contemplative serene
Calm Instrumental Music,Instrumental,"Instrumental Music: Relaxing Background Piano Music for Relaxation, Spa, Yoga, Meditation, Studying, Sleeping, Massage, Reading, Focus and Concentration",2017-06-15,7e2sU1ppRKrtf3lnhBCd1J,https://open.spotify.com/track/7e2sU1ppRKrtf3lnhBCd1J,reflective contemplative serene
Relaxing Instrumental Music,Instrumental,"Instrumental Music: Relaxing Background Piano Music for Relaxation, Spa, Yoga, Meditation, Studying, Sleeping, Massage, Reading, Focus and Concentration",2017-06-15,2H8voQ4Ulru9e4XscHzjfh,https://open.spotify.com/track/2H8voQ4Ulru9e4XscHzjfh,reflective contemplative serene
"Reflective Rainwave Suite, Pt. 7",Rain Fruits Sounds,"Rain Fruits Session, Vol. 6",2023-08-29,03rGk9gaZHrKuipM5aXZs4,https://open.spotify.com/track/03rGk9gaZHrKuipM5aXZs4,reflective contemplative serene
reflections,"oh, the joy.",serenity (sleep),2020-12-31,39y8AcNIC3e1uKtEoXtdkN,https://open.spotify.com/track/39y8AcNIC3e1uKtEoXtdkN,reflective contemplative serene
"Peaceful Slumber Echoes, Pt. 26",Sleep Fruits Music,"Sleep Fruits Session, Vol. 7",2023-09-09,7CD5OE96oACteYHvglQDJk,https://open.spotify.com/track/7CD5OE96oACteYHvglQDJk,reflective contemplative serene
Conversations,Klaus,Serenity Instrumental Music,2002-06-09,5xgApyZxgEwhZ1WTPjvqTA,https://open.spotify.com/track/5xgApyZxgEwhZ1WTPjvqTA,reflective contemplative serene
Ambient Music With Mountain Stream Sounds of Nature for Relaxation Meditation With Solo Gentle Electric Guitar Sound,Garden of Balancing,Yoga Workout Music,2011-02-16,3GOZIrm7SUBCcL50xSaQNx,https://open.spotify.com/track/3GOZIrm7SUBCcL50xSaQNx,reflective contemplative serene
Serene Rest,Soaking Music,Serene Rest,2022-02-14,4GXyop9LFID1xFNtESG7pZ,https://open.spotify.com/track/4GXyop9LFID1xFNtESG7pZ,reflective contemplative serene
"Musical Ambient Melodies for Peaceful Thoughts, Pt. 1",Quiet Meditation Music,Musical Ambient Melodies for Peaceful Thoughts,2022-07-29,6BpcFPCz4GnQRrr92qMmWG,https://open.spotify.com/track/6BpcFPCz4GnQRrr92qMmWG,reflective contemplative serene
Serene Whispers of Inner Insight,orbital voices,Mindful Echoes: Music for Thoughtful Reflection,2024-04-08,42WBswtLHJkGVvotPDXp0i,https://open.spotify.com/track/42WBswtLHJkGVvotPDXp0i,reflective contemplative serene
Calm Reflection,Quiet Exploration,"Ambient Chronicles, Volume I",2024-07-19,2eggMAiwtmRkas2rpNTjhp,https://open.spotify.com/track/2eggMAiwtmRkas2rpNTjhp,reflective contemplative serene
Ambient Sounds Effects for Free Sleep,Zen Meditation and Natural White Noise and New Age Deep Massage,"Serenity: 101 Relaxing Spa Music Songs, Sound Therapy for Relaxation With Sounds of Nature: Baby Sleep, Study and Yoga",2012-01-27,4j7yqkI6rluk2EuUE5yOw9,https://open.spotify.com/track/4j7yqkI6rluk2EuUE5yOw9,reflective contemplative serene
Peaceful Reflection,Coffee Shop Ambience,Moving On,2023-02-28,0fho3nrZ9khsMKThg7jTHM,https://open.spotify.com/track/0fho3nrZ9khsMKThg7jTHM,reflective contemplative serene
Instrumental Music - Meditation,Instrumental,"Instrumental Music: Relaxing Background Piano Music for Relaxation, Spa, Yoga, Meditation, Studying, Sleeping, Massage, Reading, Focus and Concentration",2017-06-15,0AY8ECOeAwVIjlUCOhfnj9,https://open.spotify.com/track/0AY8ECOeAwVIjlUCOhfnj9,reflective contemplative serene
"Serene Whispers Gentle Serenades, Pt. 14",Sleep Fruits Music,Deep Sleep Music for Sleeping: Healing You with Relaxing and Calming Sleep Music to Sleep Deeply,2023-10-09,3FoSKvxZ3VyEbvI4FQ1vZl,https://open.spotify.com/track/3FoSKvxZ3VyEbvI4FQ1vZl,reflective contemplative serene
Reflections: Relaxing Harp With Tranquil Forest Brook for Deep Sleep,Sound Healing Center,"Relaxing Harp & Healing Waters: Harp Music With Babbling Brooks & Waterfalls for Therapy, Deep Sleep, Meditation, Spa, Healing & Relaxation",2015-12-11,05z1TtGsby3gT0gMFrEkwu,https://open.spotify.com/track/05z1TtGsby3gT0gMFrEkwu,reflective contemplative serene
Meditation Zen Music: Reflection,Sleep Sounds HD,Meditation Zen Music: Reflection,2017-11-01,1asebfMyNKqfYBJs34lyLR,https://open.spotify.com/track/1asebfMyNKqfYBJs34lyLR,reflective contemplative serene
Unveil Serenity,Plant Music,Serene Reflections,2021-07-07,58D1sAIQhEilQFzSIpGlpw,https://open.spotify.com/track/58D1sAIQhEilQFzSIpGlpw,reflective contemplative serene
Reflection (Instrumental Version),Ivy Ravenwood,"Popular Disney Favorites on Harp, Vol. 3",2023-06-16,1hN5SpFUV9lochvUDDzedk,https://open.spotify.com/track/1hN5SpFUV9lochvUDDzedk,reflective contemplative serene
A Serendipitous Encounter,Guitar Instrumentals,Acoustic Guitar Relaxing Moments,2024-01-02,0CRkOK2Af8mMhj04u1qa0T,https://open.spotify.com/track/0CRkOK2Af8mMhj04u1qa0T,reflective contemplative serene
Ambient Reflections,Stardust Moon,Ambient Reflections,2025-05-01,1eJWQMkLWC4OhaGAZ1Yy3J,https://open.spotify.com/track/1eJWQMkLWC4OhaGAZ1Yy3J,reflective contemplative serene
"Relaxing Bedtime Ambiance, Pt. 4",Sleep Fruits Music,"Sleep Fruits Session, Vol. 5",2023-08-29,43tE30bkmBuluykXwfsXna,https://open.spotify.com/track/43tE30bkmBuluykXwfsXna,reflective contemplative serene
Serene Brooks,Spiritloom,Tranquil Unleashing Dance,2016-12-27,0p5zlBFdOCJCBX9OKQMsxR,https://open.spotify.com/track/0p5zlBFdOCJCBX9OKQMsxR,reflective contemplative serene
Nature Reflections with Ambient Nature Sounds,Tim Janis,Soothing Sounds of Nature,2021-07-23,2Xkh0hbYGnj4MYUqAQxyD7,https://open.spotify.com/track/2Xkh0hbYGnj4MYUqAQxyD7,reflective contemplative serene
Ambient Piano Sleep Music,Deep Sleep Relaxation,Deep Sleep Music: Nature Sounds of Ocean Waves and Instrumental Piano Music For Sleeping and Relaxation,2019-04-05,0wAiiArBmwHIVv07ylJYTo,https://open.spotify.com/track/0wAiiArBmwHIVv07ylJYTo,reflective contemplative serene
Reflection 2,Deuter,Sea and Silence,2003-02-04,2u1Pa8wfmUCWkmDGUc6Jqa,https://open.spotify.com/track/2u1Pa8wfmUCWkmDGUc6Jqa,reflective contemplative serene
Pulse,Somniscape,"Calm, Vol. 3",2020-04-16,1NpMiFbj1NTrkfw8LN3pDS,https://open.spotify.com/track/1NpMiFbj1NTrkfw8LN3pDS,reflective contemplative serene
Serene Reflections,Josef Homola,Serene Reflections,2023-06-16,3brRTBpLekwuoy89s12G9D,https://open.spotify.com/track/3brRTBpLekwuoy89s12G9D,reflective contemplative serene
Serene Reflections,Serenity,Serene Reflections,2024-03-15,15VM24U8Z5voSS82dVie2A,https://open.spotify.com/track/15VM24U8Z5voSS82dVie2A,reflective contemplative serene
Serene Reflection,Solara Dawn,! ! ! ! ! ! ! ! A Spa Massage: Calming Music ! ! ! ! ! ! ! !,2021-08-28,4NCYv0Zb1uDaYZTLVtCEQo,https://open.spotify.com/track/4NCYv0Zb1uDaYZTLVtCEQo,reflective contemplative serene
Serene Acoustic Reflections,Guitar Instrumentals,Acoustic Guitar to Chill to,2025-10-03,3Dsl9YGVs2soNEoaff9UKx,https://open.spotify.com/track/3Dsl9YGVs2soNEoaff9UKx,reflective contemplative serene
Reflective Moment,Jaylen Sharise,Reflective Moment,2023-01-26,4jpwA4scYjPkqcsHEKYD6T,https://open.spotify.com/track/4jpwA4scYjPkqcsHEKYD6T,reflective contemplative serene
"Musical Ambient Melodies for Peaceful Thoughts, Pt. 3",Quiet Meditation Music,Musical Ambient Melodies for Peaceful Thoughts,2022-07-29,4MJz6hSEghoOgbexqyJkti,https://open.spotify.com/track/4MJz6hSEghoOgbexqyJkti,reflective contemplative serene
"Musical Ambient Melodies for Peaceful Thoughts, Pt. 4",Quiet Meditation Music,Musical Ambient Melodies for Peaceful Thoughts,2022-07-29,1qMhuoqUXwz2pJniLoxUUO,https://open.spotify.com/track/1qMhuoqUXwz2pJniLoxUUO,reflective contemplative serene
"Musical Ambient Melodies for Peaceful Thoughts, Pt. 28",Quiet Meditation Music,Sweet Redemption,2022-07-22,4CudKJMbw24Qh5LuwNtRvG,https://open.spotify.com/track/4CudKJMbw24Qh5LuwNtRvG,reflective contemplative serene
"Musical Ambient Melodies for Peaceful Thoughts, Pt. 27",Quiet Meditation Music,Sweet Redemption,2022-07-22,7sZjqkQ50oMVqPGsASPsW9,https://open.spotify.com/track/7sZjqkQ50oMVqPGsASPsW9,reflective contemplative serene
"Musical Ambient Melodies for Peaceful Thoughts, Pt. 20",Quiet Meditation Music,Sweet Redemption,2022-07-22,3j42Wb9SF53f8TI493SXei,https://open.spotify.com/track/3j42Wb9SF53f8TI493SXei,reflective contemplative serene
Pale Reflections,Serene Expanse,Pale Reflections,2024-10-04,53HC5jAbtpHR3PbNI0jS3A,https://open.spotify.com/track/53HC5jAbtpHR3PbNI0jS3A,reflective contemplative serene
Instrumental (Meditation Music),Instrumental,"Instrumental Music: Calm Music for Relaxation, Yoga Music, Spa Music, Meditation Music, Sleeping Music, Massage Music, Studying Music and Relaxing Guitar Music for Sleep",2017-04-27,0vZ11qf5Cc3uuYsCnqoujE,https://open.spotify.com/track/0vZ11qf5Cc3uuYsCnqoujE,reflective contemplative serene
Ambient Meditation Music,Meditation Music Experience,Meditation Music With Nature Sounds for Relaxation and Ambient Binaural Beats for Sleep,2018-03-07,2dYDkWAUtVdHFQwQV8QnyT,https://open.spotify.com/track/2dYDkWAUtVdHFQwQV8QnyT,reflective contemplative serene
Serene Melody,James Aula,Meditative,2022-05-11,5qFLabTE2x8MZyQ9JCXINZ,https://open.spotify.com/track/5qFLabTE2x8MZyQ9JCXINZ,reflective contemplative serene
"Serene Sleeping Magic, Pt. 10",Sleep Fruits Music,Deep Sleep Music for Sleeping: Healing You with Relaxing and Calming Sleep Music to Sleep Deeply,2023-10-09,2PT3ddwvTy5BlIpjdjNyAK,https://open.spotify.com/track/2PT3ddwvTy5BlIpjdjNyAK,reflective contemplative serene
Calm Reflections,Om-Official,Calm Reflections,2022-05-18,5jLNGDZ8HXQ3fyjdWFXVSq,https://open.spotify.com/track/5jLNGDZ8HXQ3fyjdWFXVSq,reflective contemplative serene
"Serene Sleeping Tunes, Pt. 19",Sleep Fruits Music,Deep Sleep Music for Sleeping: Healing You with Relaxing and Calming Sleep Music to Sleep Deeply,2023-10-09,2vrokpQdrb3yWURk52HbJr,https://open.spotify.com/track/2vrokpQdrb3yWURk52HbJr,reflective contemplative serene
"Reflective Rainwave Suite, Pt. 7",Rain Fruits Sounds,Rain Sounds for Sleeping: Instantly Fall Asleep with Rain and Thunder Sound at Night,2023-10-09,5fxYdkzxiAbCRXon3LAnei,https://open.spotify.com/track/5fxYdkzxiAbCRXon3LAnei,reflective contemplative serene
Ambient Zen Meditation 1 - ZEN 1,Ambient Music Therapy,Ambient Music For Zen Meditation: ZEN,2006-01-01,2IiG2LIoazyjarPyCK7oYf,https://open.spotify.com/track/2IiG2LIoazyjarPyCK7oYf,reflective contemplative serene
Aspen,Somniscape,"Calm, Vol. 1",2018-06-14,1B86FicvJ7m0TOf2sPfkTt,https://open.spotify.com/track/1B86FicvJ7m0TOf2sPfkTt,reflective contemplative serene
Reflective Moment,Earth Essence,"Easy Listening Piano: Instrumental Piano, New Age Piano, Relaxing Piano, Background Music, Calm Piano, Piano Music, New Age Music, Soothing Piano, Relaxing Music",2012-10-19,0kG7NoFnZeEKMATPOEz2JF,https://open.spotify.com/track/0kG7NoFnZeEKMATPOEz2JF,reflective contemplative serene
"Musical Ambient Melodies for Peaceful Thoughts, Pt. 9",Quiet Meditation Music,Musical Ambient Melodies for Peaceful Thoughts,2022-07-29,1f6l8TyunmOIQKctRvxXvs,https://open.spotify.com/track/1f6l8TyunmOIQKctRvxXvs,reflective contemplative serene
"Musical Ambient Melodies for Peaceful Thoughts, Pt. 7",Quiet Meditation Music,Musical Ambient Melodies for Peaceful Thoughts,2022-07-29,1ufBExFuVQXLNue0KW89TM,https://open.spotify.com/track/1ufBExFuVQXLNue0KW89TM,reflective contemplative serene
"Musical Ambient Melodies for Peaceful Thoughts, Pt. 26",Quiet Meditation Music,Sweet Redemption,2022-07-22,0CpV70PXEttIMKvMggYCfs,https://open.spotify.com/track/0CpV70PXEttIMKvMggYCfs,reflective contemplative serene
"Musical Ambient Melodies for Peaceful Thoughts, Pt. 10",Quiet Meditation Music,Musical Ambient Melodies for Peaceful Thoughts,2022-07-29,5EDucIBCfQB4qmybBFFpyV,https://open.spotify.com/track/5EDucIBCfQB4qmybBFFpyV,reflective contemplative serene
"Musical Ambient Melodies for Peaceful Thoughts, Pt. 8",Quiet Meditation Music,Musical Ambient Melodies for Peaceful Thoughts,2022-07-29,19SLA95hqMKkTAr949SuJ4,https://open.spotify.com/track/19SLA95hqMKkTAr949SuJ4,reflective contemplative serene
"Musical Ambient Melodies for Peaceful Thoughts, Pt. 6",Quiet Meditation Music,Musical Ambient Melodies for Peaceful Thoughts,2022-07-29,78nAv3MhIO2LanCrCwQdCf,https://open.spotify.com/track/78nAv3MhIO2LanCrCwQdCf,reflective contemplative serene
"Musical Ambient Melodies for Peaceful Thoughts, Pt. 14",Quiet Meditation Music,Musical Ambient Melodies for Peaceful Thoughts,2022-07-29,345Rk9sNqYuG2G895Muf14,https://open.spotify.com/track/345Rk9sNqYuG2G895Muf14,reflective contemplative serene
"Musical Ambient Melodies for Peaceful Thoughts, Pt. 24",Quiet Meditation Music,Sweet Redemption,2022-07-22,4g1eeWEay6v8maS0peXI9u,https://open.spotify.com/track/4g1eeWEay6v8maS0peXI9u,reflective contemplative serene
"Musical Ambient Melodies for Peaceful Thoughts, Pt. 22",Quiet Meditation Music,Sweet Redemption,2022-07-22,3hHUbNKSJ5E1CHZvRDyDbE,https://open.spotify.com/track/3hHUbNKSJ5E1CHZvRDyDbE,reflective contemplative serene
Jazz Beats for Calm Reflections,Ambient Tide,Jazz for Quiet Souls,2025-05-23,4X6m0luuVgKQTrfmYAy5C8,https://open.spotify.com/track/4X6m0luuVgKQTrfmYAy5C8,reflective contemplative serene
Harmonious Reflections,Serenity,Harmonious Reflections,2024-03-15,7xMmfWElYd3InIo1yGTvzt,https://open.spotify.com/track/7xMmfWElYd3InIo1yGTvzt,reflective contemplative serene
Reflections,Made Of Gold,Reflections,2020-06-09,78OmWdWdxRwFlIEDgNALeD,https://open.spotify.com/track/78OmWdWdxRwFlIEDgNALeD,reflective contemplative serene
Reflections,Musical Spa,"Spa Music Collection 2: Relaxing Music for Spa, Massage, Relaxation, New Age and Healing",2012-05-15,5JkL7a3tOdkxIwvx069tWn,https://open.spotify.com/track/5JkL7a3tOdkxIwvx069tWn,reflective contemplative serene
Serene Memory,Mists Lay,Latin Salon Orchestra,2022-05-11,2wlz2EyZOULinxJWPPc3IW,https://open.spotify.com/track/2wlz2EyZOULinxJWPPc3IW,reflective contemplative serene
Serene and Soothing,The Gods Gifted,Deep Sleep Music for Bedtime - Meditation Music with Nature Sounds for Peaceful Mind,2015-10-23,5ndAvOkh6xaj996cI8fcjL,https://open.spotify.com/track/5ndAvOkh6xaj996cI8fcjL,reflective contemplative serene
Reflections,Tim Janis,Perfect Serenity,2011-01-01,2rZkkwiPvELExEJAUK2LMa,https://open.spotify.com/track/2rZkkwiPvELExEJAUK2LMa,reflective contemplative serene
Serene Guitar Harmony,Guitar Instrumentals,Zen Guitar Meditation,2025-10-10,2igbKn0uamuZWvdvwG4Gq0,https://open.spotify.com/track/2igbKn0uamuZWvdvwG4Gq0,reflective contemplative serene
Calm Reflections,Smooth Sweet Hear Lab,Serene Echoes,2025-03-30,7cJ3ELhDP4bxThf4HBwG6h,https://open.spotify.com/track/7cJ3ELhDP4bxThf4HBwG6h,reflective contemplative serene
Serenity,Tranquil State,Serenity,2017-06-01,6GymiRW7PIGEtKjOAnhQii,https://open.spotify.com/track/6GymiRW7PIGEtKjOAnhQii,reflective contemplative serene
Serene Reflections - Ambient Version,Eternalistic,Serene Reflections - EP,2024-10-04,1WA4Rcrels9wYJv3f2c9FC,https://open.spotify.com/track/1WA4Rcrels9wYJv3f2c9FC,reflective contemplative serene
Relaxing Ambient Sounds,Gentle Instrumental Music Paradise,"50 Relaxing Ambient Sounds (Inner Power, Deep Sleep, Healing Instrumental Music, Relaxation, Meditation, Yoga, Rest, Stress Relief)",2018-05-21,1yCgDCMk3ErJv5T046IbzW,https://open.spotify.com/track/1yCgDCMk3ErJv5T046IbzW,reflective contemplative serene
Reflections,Salt Of The Sound,Journeys,2013-11-04,6kAJMWpwbx5IU72Z7dtLkh,https://open.spotify.com/track/6kAJMWpwbx5IU72Z7dtLkh,reflective contemplative serene
Instrumental Backgrounds,Gentle Crystal Sounds Divine,"Zen Music: Ambient Meditation (Natural Hypnosis Music for Relax, Sleep & Meditation, Anti Stress Time, Calming Zen, Spiritual Yoga)",2017-04-21,70xsMHk0N7RQslAzNTC50h,https://open.spotify.com/track/70xsMHk0N7RQslAzNTC50h,reflective contemplative serene
Serenity Ambient,Relaxing Music For You,"Music for Yoga, Peacefull Sleep & Meditation",2020-02-20,6DGJcepneX28ePeoBGEYrB,https://open.spotify.com/track/6DGJcepneX28ePeoBGEYrB,reflective contemplative serene
Journey to Serene Reflection,Relaxing Music by Lullify,A Walk In The Clouds,2023-03-27,2AnqPPrIj7cy47g2Bs2uxj,https://open.spotify.com/track/2AnqPPrIj7cy47g2Bs2uxj,reflective contemplative serene
Serene Reflections & Gentle Rain,Josef Homola,"Piano with Rain, Vol. X",2023-07-07,3mCGZeWB0Y951Uuwat9gXT,https://open.spotify.com/track/3mCGZeWB0Y951Uuwat9gXT,reflective contemplative serene
Reflections - Instrumental,Relaxing Piano Man,Worship Time (Instrumental),2014-10-24,6ad5Xukjf5Nb5BLQlcXri3,https://open.spotify.com/track/6ad5Xukjf5Nb5BLQlcXri3,reflective contemplative serene
"Musical Ambient Melodies for Peaceful Thoughts, Pt. 5",Quiet Meditation Music,Musical Ambient Melodies for Peaceful Thoughts,2022-07-29,0hK8bGj8FQlsf0QTriD7Sa,https://open.spotify.com/track/0hK8bGj8FQlsf0QTriD7Sa,reflective contemplative serene
"Musical Ambient Melodies for Peaceful Thoughts, Pt. 11",Quiet Meditation Music,Musical Ambient Melodies for Peaceful Thoughts,2022-07-29,5znowBhVHwCCjcH6qMeI7t,https://open.spotify.com/track/5znowBhVHwCCjcH6qMeI7t,reflective contemplative serene
"Musical Ambient Melodies for Peaceful Thoughts, Pt. 12",Quiet Meditation Music,Musical Ambient Melodies for Peaceful Thoughts,2022-07-29,08L9pNQB5NhoZExlDPytgi,https://open.spotify.com/track/08L9pNQB5NhoZExlDPytgi,reflective contemplative serene
"Musical Ambient Melodies for Peaceful Thoughts, Pt. 18",Quiet Meditation Music,Musical Ambient Melodies for Peaceful Thoughts,2022-07-29,0gGf4F0U7V1DiAMNCpo6BQ,https://open.spotify.com/track/0gGf4F0U7V1DiAMNCpo6BQ,reflective contemplative serene
"Musical Ambient Melodies for Peaceful Thoughts, Pt. 25",Quiet Meditation Music,Sweet Redemption,2022-07-22,37RM70OCpM0SW9TOGdtrqy,https://open.spotify.com/track/37RM70OCpM0SW9TOGdtrqy,reflective contemplative serene
"Musical Ambient Melodies for Peaceful Thoughts, Pt. 19",Quiet Meditation Music,Sweet Redemption,2022-07-22,6Lha1QPDapx4MI7qiVNtzr,https://open.spotify.com/track/6Lha1QPDapx4MI7qiVNtzr,reflective contemplative serene
"Musical Ambient Melodies for Peaceful Thoughts, Pt. 30",Ultimate Massage Music Ensemble,Happy Hour,2022-07-22,3rHlfkGo4yQFK47f4Xf4f7,https://open.spotify.com/track/3rHlfkGo4yQFK47f4Xf4f7,reflective contemplative serene
"Musical Ambient Melodies for Peaceful Thoughts, Pt. 15",Quiet Meditation Music,Musical Ambient Melodies for Peaceful Thoughts,2022-07-29,7aIC7klgCX3wxnsj4ce2Xx,https://open.spotify.com/track/7aIC7klgCX3wxnsj4ce2Xx,reflective contemplative serene
"Musical Ambient Melodies for Peaceful Thoughts, Pt. 13",Quiet Meditation Music,Musical Ambient Melodies for Peaceful Thoughts,2022-07-29,5jROIizhXoMJbyJU4hQzQ2,https://open.spotify.com/track/5jROIizhXoMJbyJU4hQzQ2,reflective contemplative serene
"Musical Ambient Melodies for Peaceful Thoughts, Pt. 21",Quiet Meditation Music,Sweet Redemption,2022-07-22,73YaFI98t2XgCelKxrol3x,https://open.spotify.com/track/73YaFI98t2XgCelKxrol3x,reflective contemplative serene
"Musical Ambient Melodies for Peaceful Thoughts, Pt. 16",Quiet Meditation Music,Musical Ambient Melodies for Peaceful Thoughts,2022-07-29,0KYkwKbpHpBe5Hnh2P0TyV,https://open.spotify.com/track/0KYkwKbpHpBe5Hnh2P0TyV,reflective contemplative serene
Self-Reflection - Soothing Sounds for Introspection,Self-Isolation Coffeehouse,Smooth Jazz for Self-Isolation,2020-04-17,2L7kwgJmK8yvn419yZtkSw,https://open.spotify.com/track/2L7kwgJmK8yvn419yZtkSw,reflective contemplative serene
Reflections,The Art of Quiet Living,"Piano Soundscapes & Nature Sounds for Meditation, Relaxation, Massage & Sleep",2018-10-10,4D5pgvuxOI6Dzn32XGyILC,https://open.spotify.com/track/4D5pgvuxOI6Dzn32XGyILC,reflective contemplative serene
Serene Reflection,Solara Dawn,Gentle Spa Songs,2020-06-26,24w4733MzTNWIBYC8dkd9M,https://open.spotify.com/track/24w4733MzTNWIBYC8dkd9M,reflective contemplative serene
Serenity,Quiet Piano Reflections,"Music for Meditation, Vol. 1: Serenity",2011-02-11,3RwuzW6uaZoWwsC8DAbx2b,https://open.spotify.com/track/3RwuzW6uaZoWwsC8DAbx2b,reflective contemplative serene
Instrumental Music for Serenity in Life,Springy Sensations,Serenity Spa Music for Relaxation Meditation - Serenity Relaxing Spa Music,2011-02-16,1Cy6aqIXwCcuHDoH6fWzIC,https://open.spotify.com/track/1Cy6aqIXwCcuHDoH6fWzIC,reflective contemplative serene
Serene Reflections,LoFi Lirious,Raindrops & Rhythms,2025-04-25,0zQmJvp0AXl1rUhXxzuLqv,https://open.spotify.com/track/0zQmJvp0AXl1rUhXxzuLqv,reflective contemplative serene
Contemplation,Klaus,Serenity Instrumental Music,2002-06-09,1KHB1eGg4kkkVG6oZvhgGN,https://open.spotify.com/track/1KHB1eGg4kkkVG6oZvhgGN,reflective contemplative serene
Contemporary Ambience for Daydreaming Moments,Instrumental Lobby Music,Summer Grooves,2023-07-19,2eIH8dXcJWaYwMXMlxtXuP,https://open.spotify.com/track/2eIH8dXcJWaYwMXMlxtXuP,reflective contemplative serene
Serene Experience,Relaxing Night Music Academy,"Nature Lullaby - Melodies for Deep Sleep, Relaxing Forest, Healing Waters, Cleansing Rain",2017-11-28,5f4xsBf1l5TtSOcJrdPb6i,https://open.spotify.com/track/5f4xsBf1l5TtSOcJrdPb6i,reflective contemplative serene
Serene Reflections Balance,White Noise Baby Sleep,Inner Harmony Guided Meditation Music Journey,2025-11-01,3xbyA94cZeSHV6WOPN5ZXV,https://open.spotify.com/track/3xbyA94cZeSHV6WOPN5ZXV,reflective contemplative serene
Serene Echoes,Classical Jazz Guitar Club,Serene Chords: Instrumental Guitar Relaxation,2025-06-27,6GDt1LVB8rDaIx0u0aW4jf,https://open.spotify.com/track/6GDt1LVB8rDaIx0u0aW4jf,reflective contemplative serene
Serene Echoes of Nature,cloudy night,Serenity,2024-11-08,3mDzgnwu2cfx24QkensuML,https://open.spotify.com/track/3mDzgnwu2cfx24QkensuML,reflective contemplative serene
"Musical Ambient Melodies for Peaceful Thoughts, Pt. 17",Quiet Meditation Music,Musical Ambient Melodies for Peaceful Thoughts,2022-07-29,2aE20ETe1YNMwe8HFWmlr3,https://open.spotify.com/track/2aE20ETe1YNMwe8HFWmlr3,reflective contemplative serene
"Musical Ambient Melodies for Peaceful Thoughts, Pt. 23",Quiet Meditation Music,Sweet Redemption,2022-07-22,0pua0LrYunjMJPWVND0GIT,https://open.spotify.com/track/0pua0LrYunjMJPWVND0GIT,reflective contemplative serene
Serene Soundscapes,Valeria Acker,A World of Tranquility,2023-05-05,75I8fpGI6euZ2BzhZB4rwJ,https://open.spotify.com/track/75I8fpGI6euZ2BzhZB4rwJ,reflective contemplative serene
Reflective Mood,The O'Neill Brothers Group,Acoustics on Guitar for Reflection and Renewal,2019-03-05,2CsLPhi3vlPdPvyOQUz12d,https://open.spotify.com/track/2CsLPhi3vlPdPvyOQUz12d,reflective contemplative serene
Sleep Serenade,Ambient Space,Sleep,2021-05-07,4kaZA0gPE82Wo9KK5bVOzF,https://open.spotify.com/track/4kaZA0gPE82Wo9KK5bVOzF,reflective contemplative serene
"Serene and Soothing, Sleep Music",Restful Sleep Music Collection,"Fall Asleep Quickly – Absolute Sleep & Relaxing Music, Healing Meditation for Trouble Sleeping, Sounds for Dreaming and Sleep Deeply",2016-05-10,5509EXNdiaxXZU8oC7cZJQ,https://open.spotify.com/track/5509EXNdiaxXZU8oC7cZJQ,reflective contemplative serene
Serene Reflections,Roy Martin,Serene Reflections,2024-08-16,2SMU8G52GjSQTtcjSD9Ml4,https://open.spotify.com/track/2SMU8G52GjSQTtcjSD9Ml4,reflective contemplative serene
Reflections,Relaxing Piano Group,Easy Listening Piano for Your Home,2022-01-06,6cTeIOvDNiumGIDulZcH47,https://open.spotify.com/track/6cTeIOvDNiumGIDulZcH47,reflective contemplative serene
Reflection,GENTLE LOVE,Prescription for Sleep: Celeste,2018-11-02,35XltFrkLtIXYXjQ9zCe4n,https://open.spotify.com/track/35XltFrkLtIXYXjQ9zCe4n,reflective contemplative serene
Serene Reflection,Sleeping Relaxing Soundification,"Ambient Nature Sounds: Nature Streamside (1 Hour Ambience Sounds for Sleep, Study and Relaxation)",2023-07-23,2k7GnjESvqWw2zzJQuUyUZ,https://open.spotify.com/track/2k7GnjESvqWw2zzJQuUyUZ,reflective contemplative serene
Daily Reflections,Instrumental Jazz Music Ambient,"Jazz in the Background - Soft Relaxing Collection for Cafe, Restaurant, Museum, Waiting Room & Hotel Lobby",2018-05-23,5zUgqJb04qtdZvOZvvivSf,https://open.spotify.com/track/5zUgqJb04qtdZvOZvvivSf,reflective contemplative serene
Serenity & Reflection: Shamanic Healing Melody,Deep Meditation Academy,"Mind and Body Connection: Yoga Music for the Soul - 50 Tracks to Tibetan Zen Meditation with Crystal Bowls, Best Relaxing Music with Nature Sounds for Stress Relief",2017-01-20,1rXL3sCq8GsvG4FxK5CSN1,https://open.spotify.com/track/1rXL3sCq8GsvG4FxK5CSN1,reflective contemplative serene
Reflection (Instrumental),Lullabies,Soothing Sleeptime Lullabies,2012-04-17,4r5sEGQ6mwbbC6jTK50fF9,https://open.spotify.com/track/4r5sEGQ6mwbbC6jTK50fF9,reflective contemplative serene
Instrumental Song for Study and Reflection,Focus,Study Session: Instrumental Background Music for Study and Concentration,2021-11-17,58M0UY9wD4PG95aIgDGVIg,https://open.spotify.com/track/58M0UY9wD4PG95aIgDGVIg,reflective contemplative serene
Ambient Serenity,Soothing Music Academy,"Healing Music for Plants – Soothing Sounds for Deep Stimulation, Health & Strength, Ambient Serenity, Blooming Flowers",2017-08-03,0HtllymESyE5dyx0Vz1nXz,https://open.spotify.com/track/0HtllymESyE5dyx0Vz1nXz,reflective contemplative serene
Reflections,Mary Beth Carlson,Reflections... Songs For The Heart And Soul,2008-12-08,1cNiRsbpYQzpQcHKPgfwLk,https://open.spotify.com/track/1cNiRsbpYQzpQcHKPgfwLk,reflective contemplative serene
Quiet Reflection,Smooth Jazz Vibes,"Smooth Jazz Chillout Vibes, Vol. 2",2020-08-24,61tqu3pE7X75IGJevRxr3v,https://open.spotify.com/track/61tqu3pE7X75IGJevRxr3v,reflective contemplative serene
Calm Serene Waves,Sleep Fruits Music,Calm Sleep Music Collection,2023-08-11,6nSPwYiNXEDpvCmbsQPwCG,https://open.spotify.com/track/6nSPwYiNXEDpvCmbsQPwCG,reflective contemplative serene
Reflections,Meditation Music Zone,"Sound Meditation 111 – Ambient Sounds for Relax, Concentration & Nada Yoga, Music Therapy for Inner Bliss",2016-02-29,1OByhG47WKONRe3CwrK35u,https://open.spotify.com/track/1OByhG47WKONRe3CwrK35u,reflective contemplative serene
Reflections on a Cloudy Day,Lullabies for Deep Meditation,Relaxing Piano Music for Deep Meditation,2014-04-24,2R717IZ0Y9n4CAqNVjwiWk,https://open.spotify.com/track/2R717IZ0Y9n4CAqNVjwiWk,reflective contemplative serene
Serene Modern Classic,Neoclassical New Age Movement,Enchanting Piano: Serene Modern Classics for Tranquility,2023-04-07,6lIjHUsCSNWT6QvWT5gu8c,https://open.spotify.com/track/6lIjHUsCSNWT6QvWT5gu8c,reflective contemplative serene
Reflection (Instrumental),Nap Time,Nap Time,2012-01-23,1F56L6nieENow9qkVZD7Qq,https://open.spotify.com/track/1F56L6nieENow9qkVZD7Qq,reflective contemplative serene
Reflect (Meditation),SleepTherapy,Reflect,2021-12-17,5cyfZscnoFjuuTp6usq9RE,https://open.spotify.com/track/5cyfZscnoFjuuTp6usq9RE,reflective contemplative serene
Serene Night,Sereno,The Serenade,2017-09-25,2dNctPEH8t2TNoCs77XzGw,https://open.spotify.com/track/2dNctPEH8t2TNoCs77XzGw,reflective contemplative serene
Silent Reflections,Asian Zen Spa Music Meditation,Serenity Spa: Relaxing Spa Music,2024-08-16,5nUhyb8TmLV13UWrNPiFbE,https://open.spotify.com/track/5nUhyb8TmLV13UWrNPiFbE,reflective contemplative serene
Reflection (Remastered),Ancient Winds,Peaceful Dove,2004-08-09,46nnA5DCydmoCFmRP7ET04,https://open.spotify.com/track/46nnA5DCydmoCFmRP7ET04,reflective contemplative serene
Serene Guitar Meditation,Guitar Instrumentals,Mellow Guitar for Work,2025-05-09,1liUbj3QFlLYIvAbHNRJIs,https://open.spotify.com/track/1liUbj3QFlLYIvAbHNRJIs,reflective contemplative serene
Quiet Reflections,Sleepy Piano,Piano Bliss,2023-03-17,2uhbyAiHONhV7kZZD4Eysr,https://open.spotify.com/track/2uhbyAiHONhV7kZZD4Eysr,reflective contemplative serene
Peaceful Serenity,Deep Sleep Music Collective,Calm Piano Music for Sleeping and Relaxation,2017-02-22,5ihM8Sl0DFL7ZdCtelwH0N,https://open.spotify.com/track/5ihM8Sl0DFL7ZdCtelwH0N,reflective contemplative serene
Serene Reflections,Sunset Chamber,Crystal (Collection),2025-01-03,2dX3w6xl2gHltylQwu5zHH,https://open.spotify.com/track/2dX3w6xl2gHltylQwu5zHH,reflective contemplative serene
Serene Guitar Reflections,Guitar Instrumentals,Relaxed Acoustic Rhythms,2025-08-15,3fJFBxpfhwyFbM8fEeyQI4,https://open.spotify.com/track/3fJFBxpfhwyFbM8fEeyQI4,reflective contemplative serene
Quiet Reflections,Deep Sleep Hypnosis Masters,"Worries-Free Sleep: Sleep Ambience Space, Meditation & Deep Relaxation at Night, Soothing Tranquility",2021-05-12,4V4qTpqPQpC5vVIFL4SCPb,https://open.spotify.com/track/4V4qTpqPQpC5vVIFL4SCPb,reflective contemplative serene
Serene Reflections,KH,Serene Reflections,2023-12-08,2Di2yk6q6OjmrrEg2AUJEr,https://open.spotify.com/track/2Di2yk6q6OjmrrEg2AUJEr,reflective contemplative serene
Serene Reflections,Dreamcloud Haze,Serene Reflections,2024-07-17,3Tn7inw2mIVQP7bPBtI6SG,https://open.spotify.com/track/3Tn7inw2mIVQP7bPBtI6SG,reflective contemplative serene
Reflections,Sounds of Kauai,Sounds Of Kauai,2009-01-29,7cO4aCuV9pfj3sHzubjg32,https://open.spotify.com/track/7cO4aCuV9pfj3sHzubjg32,reflective contemplative serene
Calm Instrumental Background Music with Rain Sound,Healing Nature,"Collection Of Natural Sounds And Relaxing Meditation Music (Deep Sleep, White Noise, Ambient, Focus)",2020-04-09,1HmhvTE1WarcJG9VqJBM5l,https://open.spotify.com/track/1HmhvTE1WarcJG9VqJBM5l,reflective contemplative serene
Midnight Reflections,Relaxing Night Music Academy,"Nature Lullaby - Melodies for Deep Sleep, Relaxing Forest, Healing Waters, Cleansing Rain",2017-11-28,6pyz4DZZNKSFWVJZTIA4l5,https://open.spotify.com/track/6pyz4DZZNKSFWVJZTIA4l5,reflective contemplative serene
Parisian Reflections,Peaceful Violin,"Beautiful Violin & Ocean Waves, Instrumental Piano",2022-02-03,5CG6WVxoAF3WIbwduaOlEy,https://open.spotify.com/track/5CG6WVxoAF3WIbwduaOlEy,reflective contemplative serene
Sleep Instrumental Music - Nature Sounds Version,Meditation Music Academy,Seawaves: Beautiful Relaxing Music for Stress Relief With Ocean Waves,2022-06-07,3aXvM3NQuXyQWhItDltSLG,https://open.spotify.com/track/3aXvM3NQuXyQWhItDltSLG,reflective contemplative serene
Serene (Meditation),SleepTherapy,Serene,2021-08-18,2cDt4cKaWuOgN9cCR2FtEI,https://open.spotify.com/track/2cDt4cKaWuOgN9cCR2FtEI,reflective contemplative serene
Reflection (feat. Chris Beyer),Congress MusicFactory,Stillness: Music for Relaxation and Meditation,2017-08-16,1IpAcf2KVk3nWl8w5VVEcD,https://open.spotify.com/track/1IpAcf2KVk3nWl8w5VVEcD,reflective contemplative serene
Relaxing Instrumental Music - Flute Music,Ambient Arena,Christian Meditation Music - Relaxing Sleep Music and Meditation Hymns & Prayers for Spirituality and Healing,2015-10-30,7qoSz7OTET2tzFRFxuAnNn,https://open.spotify.com/track/7qoSz7OTET2tzFRFxuAnNn,reflective contemplative serene
Reflective Rainforest Rhythms,Classical Sleep Music,California Rivers Sleep Mix,2024-04-05,0InrjCLs2aO6uxOOaxCicB,https://open.spotify.com/track/0InrjCLs2aO6uxOOaxCicB,reflective contemplative serene
Ambient Galaxy,Classical Jazz Guitar Club,Serene Chords: Instrumental Guitar Relaxation,2025-06-27,76srBM0ayrXujHbGi68p7c,https://open.spotify.com/track/76srBM0ayrXujHbGi68p7c,reflective contemplative serene
Serene Atmosphere,Sleeping Music Zone,"8 Hours of Sleeping (Tranquility Deep Sleep, REM Phase, New Age Nature Music, Calm & Peace)",2018-09-21,6rlhbvcMsTOmNxmuhi80pc,https://open.spotify.com/track/6rlhbvcMsTOmNxmuhi80pc,reflective contemplative serene
Peaceful Sounds for Serene Reflection,Chill Beats Music,Relaxing Sounds for Peace and Mindful Moments,2024-11-13,7C2MBomqlJhLWhkh4P4K94,https://open.spotify.com/track/7C2MBomqlJhLWhkh4P4K94,reflective contemplative serene
Reflections,The Ambientalist,Reflections,2022-05-13,65XcV7M6xGxWTDk8vlXTjQ,https://open.spotify.com/track/65XcV7M6xGxWTDk8vlXTjQ,reflective contemplative serene
Ambient Nature Sounds Sleep Music,Meditation Music Experience,Meditation Music With Nature Sounds for Relaxation and Ambient Binaural Beats for Sleep,2018-03-07,0DVwSa7hF1pgs0LRcJDHwE,https://open.spotify.com/track/0DVwSa7hF1pgs0LRcJDHwE,reflective contemplative serene
Sereneness,Reflecting Light,Sereneness,2023-04-07,47d0fHkCDT73LeQsaqs5G1,https://open.spotify.com/track/47d0fHkCDT73LeQsaqs5G1,reflective contemplative serene
Serenity,Peaceful Ambient,Ambient Focus,2022-04-16,2SECOR8Nj8AZzzDlY7tDWp,https://open.spotify.com/track/2SECOR8Nj8AZzzDlY7tDWp,reflective contemplative serene
Reflective Serenity (A Pathway to Inner Calm),Soothing Relaxation,Serenity Sounds (Unwind and Relax),2023-07-30,5OGcYGilZO1lu20OOvPH0M,https://open.spotify.com/track/5OGcYGilZO1lu20OOvPH0M,reflective contemplative serene
Peaceful Reflection,Earth Essence,"New Age: Instrumental Music, New Age Music, Easy Listening, New Age Piano, Light Jazz",2012-08-23,0XUJKc4W6UYXUTCj0RFxa4,https://open.spotify.com/track/0XUJKc4W6UYXUTCj0RFxa4,reflective contemplative serene
Today's Reflection,Spa Music Hour,1 Hour of Relaxing Zen Ambience,2020-07-06,2MKzt3C9CZ04hSp3pcjhVd,https://open.spotify.com/track/2MKzt3C9CZ04hSp3pcjhVd,reflective contemplative serene
Serenity,The Art of Quiet Living,"Piano Soundscapes & Nature Sounds for Meditation, Relaxation, Massage & Sleep",2018-10-10,2UUtjAnXebpQoTNjNo7Em0,https://open.spotify.com/track/2UUtjAnXebpQoTNjNo7Em0,reflective contemplative serene
Gentle Reflection,Irish Celtic Spirit of Relaxation Academy,Soothing Gaelic Music: Instrumental Beautiful Celtic Sounds,2022-09-19,4LHyNnRfzhhbiTrhw7xD5i,https://open.spotify.com/track/4LHyNnRfzhhbiTrhw7xD5i,reflective contemplative serene
Reflections,Native Flutescapes,Native Flutescapes,2010-12-07,7Gw3GMQuoIvEh2QOEjAnlw,https://open.spotify.com/track/7Gw3GMQuoIvEh2QOEjAnlw,reflective contemplative serene
Serene Apartment,Mellow Jazz Instrumental,Mellow Jazz Band,2025-02-17,09mJmgZpTWniBknv6nSaql,https://open.spotify.com/track/09mJmgZpTWniBknv6nSaql,reflective contemplative serene
Serene Echoes - Ambient Soundscapes with Birds Sounds to Relax,Relaxing Morning Music,Breathing Above the Lights,2024-03-07,5FIitw9uydZd7n5jd7CAhZ,https://open.spotify.com/track/5FIitw9uydZd7n5jd7CAhZ,reflective contemplative serene
Serene Ambiance for Spring and Wellness,Cooking Jazz,Dreamy Dusk Duets,2023-09-28,0e9bAHWu6JBYw57g9Wo0F6,https://open.spotify.com/track/0e9bAHWu6JBYw57g9Wo0F6,reflective contemplative serene
Reflections in Your Eyes,Earth Essence,"Sleep Music: Instrumental Piano, Calm Piano, Soothing Piano, Meditation Music, Healing Music, New Age Piano, Relaxing Piano Music, Therapy Music, Massage Music, Healing Music",2012-11-09,4eLGk4U08qgpeSbupxbLON,https://open.spotify.com/track/4eLGk4U08qgpeSbupxbLON,reflective contemplative serene
Serene Ephemeral Visions - Ambient Soundscapes with Birds Sounds to Relax,Relaxing Morning Music,Breathing Above the Lights,2024-03-07,3NAkJ1QCsP2zlGsAgYpYMn,https://open.spotify.com/track/3NAkJ1QCsP2zlGsAgYpYMn,reflective contemplative serene
Serene Deep Spaces - Ambient Soundscapes with Birds Sounds to Relax,Relaxing Morning Music,Breathing Above the Lights,2024-03-07,1uQAt3Y4qV7YZdiwrfDVOF,https://open.spotify.com/track/1uQAt3Y4qV7YZdiwrfDVOF,reflective contemplative serene
Serene Creek,Ambient Dreamer,Serene Creek,2021-06-18,0GIekIIbK7WeXiNWDueI5q,https://open.spotify.com/track/0GIekIIbK7WeXiNWDueI5q,reflective contemplative serene
Relaxing Serenade,Classical Jazz Guitar Club,Serene Chords: Instrumental Guitar Relaxation,2025-06-27,1k6Tg4eT2v6sQOPC6aEX8r,https://open.spotify.com/track/1k6Tg4eT2v6sQOPC6aEX8r,reflective contemplative serene
Quiet Reflection - Pt. 18 Continuous Sleep,Sleep Piano at 432hz,Deep Sleep Piano - Continuous All Night,2024-09-28,5PovtaqEECHzdqsVyphM4W,https://open.spotify.com/track/5PovtaqEECHzdqsVyphM4W,reflective contemplative serene
Memories,Reflections,Spirit Earth,2013-01-01,2dQx9qPj7Gd7af8hhB9vdi,https://open.spotify.com/track/2dQx9qPj7Gd7af8hhB9vdi,reflective contemplative serene
Reflections,Tim Janis,Relaxation Volume 1,2020-05-08,6Ab2BCp1isHcT11g55sGS3,https://open.spotify.com/track/6Ab2BCp1isHcT11g55sGS3,reflective contemplative serene
Coastal Living,Harmonious Reflection,Reflective Strings,2023-06-08,4DNVtoXR7Bq5hI1SZ21Rrm,https://open.spotify.com/track/4DNVtoXR7Bq5hI1SZ21Rrm,reflective contemplative serene
Fields,Somniscape,"Calm, Vol. 2",2019-04-16,6rTgFn2ZALpLwElnvCf0dC,https://open.spotify.com/track/6rTgFn2ZALpLwElnvCf0dC,reflective contemplative serene
Serene Reflections,Smooth Jazz Deluxe,Dream Instrumental: Instrumental Jazz Collection,2025-06-27,4gV2jTP8puX80piMeEHdsO,https://open.spotify.com/track/4gV2jTP8puX80piMeEHdsO,reflective contemplative serene
Serene Reflections,Kazuma Okabayashi,Mono Spectrum,2023-09-29,2iWU7ropoIOiVGeB0DZnw0,https://open.spotify.com/track/2iWU7ropoIOiVGeB0DZnw0,reflective contemplative serene
Healing Reflections,Calming Music Ensemble,"Mediterranean Guitar: Relaxing Melodies for Wellness, Sleep, and Summer Cafe",2022-08-24,7vvBTypiSVPI1G8e4lD4rT,https://open.spotify.com/track/7vvBTypiSVPI1G8e4lD4rT,reflective contemplative serene
Soft Serene Ambience,Tabitha Andersson,Deep Sleep Wellness,2015-11-23,2FBgWhyuInMJ8qyee1gFK5,https://open.spotify.com/track/2FBgWhyuInMJ8qyee1gFK5,reflective contemplative serene
Soft Serene Ambience,Tabitha Andersson,Zen,2015-12-14,5QqlgSooFhOTEnilSkKnM6,https://open.spotify.com/track/5QqlgSooFhOTEnilSkKnM6,reflective contemplative serene
Serene Contemplation,Piano Peace,Serenity,2024-05-03,1JcNscZ7P01OF6Rc8cIZ65,https://open.spotify.com/track/1JcNscZ7P01OF6Rc8cIZ65,reflective contemplative serene
Serene Spaces - Ambient Soundscapes with Birds Sounds to Relax,Relaxing Morning Music,Breathing Above the Lights,2024-03-07,2RxuoKY5UMUITVNm6IVjZG,https://open.spotify.com/track/2RxuoKY5UMUITVNm6IVjZG,reflective contemplative serene
Reflective Moment Using Thunder and Rain,All Nature Sounds,Reflective Moment Using Thunder and Rain,2020-03-18,5srNmGoSBGtmeS7AnAqxDF,https://open.spotify.com/track/5srNmGoSBGtmeS7AnAqxDF,reflective contemplative serene
Serenity and Acceptance,Neoclassical New Age Movement,Enchanting Piano: Serene Modern Classics for Tranquility,2023-04-07,5sgWM5fgOYeHWXS6eRMI1F,https://open.spotify.com/track/5sgWM5fgOYeHWXS6eRMI1F,reflective contemplative serene
Ambient Delusion,Les Cieu,Ambient Delusion,2017-11-10,0U4IPLole7Et879mX4sTR1,https://open.spotify.com/track/0U4IPLole7Et879mX4sTR1,reflective contemplative serene
Serene Paths - Ambient Soundscapes with Birds Sounds to Relax,Relaxing Morning Music,Breathing Above the Lights,2024-03-07,5JBZRwcGuJNQGE8QLdfSTm,https://open.spotify.com/track/5JBZRwcGuJNQGE8QLdfSTm,reflective contemplative serene
Perfect Ambience,Spa Music Hour,1 Hour of Serene Spa Soundscape,2020-12-04,4SxDrRTZRepcEJg9xptGh6,https://open.spotify.com/track/4SxDrRTZRepcEJg9xptGh6,reflective contemplative serene
Reflections (Introduction) (Sea Shore),Piano & Guitar,Relaxing Music with Beautiful Nature - Peaceful Piano & Guitar,2021-07-21,3Q069blmw4sjl0Jc1uA2tb,https://open.spotify.com/track/3Q069blmw4sjl0Jc1uA2tb,reflective contemplative serene
Reflections (With Ocean Waves),SPA & Piano,Spa Piano & Ocean Waves,2021-09-04,7uD3dIVda19EADJZ82Jr0z,https://open.spotify.com/track/7uD3dIVda19EADJZ82Jr0z,reflective contemplative serene
Serene Ancient Dreams - Ambient Soundscapes with Birds Sounds to Relax,Relaxing Morning Music,Breathing Above the Lights,2024-03-07,1ECzmYbVTJAhLTmc3gwP2L,https://open.spotify.com/track/1ECzmYbVTJAhLTmc3gwP2L,reflective contemplative serene
Serenity - Meditation,Reflecting Light,Serenity,2023-02-24,6tE5TnUFR89aT71F2NSdSO,https://open.spotify.com/track/6tE5TnUFR89aT71F2NSdSO,reflective contemplative serene
Serenity,Earth Essence,"Easy Listening Piano: Instrumental Piano, New Age Piano, Relaxing Piano, Background Music, Calm Piano, Piano Music, New Age Music, Soothing Piano, Relaxing Music",2012-10-19,3E5l3hdSLvxiGuO2IspRO1,https://open.spotify.com/track/3E5l3hdSLvxiGuO2IspRO1,reflective contemplative serene
Serenity (Instrumental),Prayer Pray,Heavenly Violin & Cello Instrumentals (Relaxing Modern Classical Music),2021-04-20,1oqNjPGdUJwTXgSAF4QNn6,https://open.spotify.com/track/1oqNjPGdUJwTXgSAF4QNn6,reflective contemplative serene
Within,Somniscape,"Calm, Vol. 1",2018-06-14,1bw53E3D13KSG2shFPMMHO,https://open.spotify.com/track/1bw53E3D13KSG2shFPMMHO,reflective contemplative serene
Quill,Somniscape,"Calm, Vol. 1",2018-06-14,69RgjYJVwlQ6sJL1PkQd0d,https://open.spotify.com/track/69RgjYJVwlQ6sJL1PkQd0d,reflective contemplative serene
Serene Reflections - Noise,Dreamcloud Haze,Serene Reflections,2024-07-17,0YZjzUOARqZxEWQQTYgqxp,https://open.spotify.com/track/0YZjzUOARqZxEWQQTYgqxp,reflective contemplative serene
Quiet Contemplation,Serenity Soundscape,Calm Reflections,2023-04-28,6Cx3DrcX9JZrNjwTi3y1zo,https://open.spotify.com/track/6Cx3DrcX9JZrNjwTi3y1zo,reflective contemplative serene
Ambient Calm Piano,Relaxation Meditation and Spa,"Zen Massage Music - Soothing Instrumental Music for Yoga, Meditation, Massage",2018-11-09,1QL1OHWjk0dwGvqFERgA0a,https://open.spotify.com/track/1QL1OHWjk0dwGvqFERgA0a,reflective contemplative serene
Serenade Under Moonlight,Ambientalism,Blissful Serenades,2021-07-07,7dx292LGGm9xVGnYDKeO3e,https://open.spotify.com/track/7dx292LGGm9xVGnYDKeO3e,reflective contemplative serene
Reflections Inspiration,Calm Music Zone,"Beautiful Norwegian Music - Blissful Relaxation, Nature Journey with Harp, Piano and Flute",2018-03-01,6RpHAX6yzMGIybgLGqZNM0,https://open.spotify.com/track/6RpHAX6yzMGIybgLGqZNM0,reflective contemplative serene
Dreamy Reflections in Serene Bliss,Mozartian Serenity,Serenading the Soul with Mozart,2023-08-05,272zbw9EBmxy45GXtyW9Z3,https://open.spotify.com/track/272zbw9EBmxy45GXtyW9Z3,reflective contemplative serene
Ambient Music Spa and Songs of the Sea,Springy Sensations,Serenity Relaxing Spa Music 101 Spa Music Songs Sound Therapy Music,2011-12-01,0BHUIh4VjtV6HxqWasd1HF,https://open.spotify.com/track/0BHUIh4VjtV6HxqWasd1HF,reflective contemplative serene
Reflection Jazz,Piano Jazz Calming Music Academy,Calming Jazz Music for Kids. Beautiful Music for a Nice Afternoon with Family,2020-04-20,2bAyl4JRDaKuj41SlH3urR,https://open.spotify.com/track/2bAyl4JRDaKuj41SlH3urR,reflective contemplative serene
Reflection (Instrumental),Naptime,Naptime,2012-01-23,6D9cg64wziRSdlubYHKSIH,https://open.spotify.com/track/6D9cg64wziRSdlubYHKSIH,reflective contemplative serene
Reflectionist,Spa Music by Lullify,Instrumental Meditation Music,2021-06-23,30ckMM1MYy5ZOnLUASgrMI,https://open.spotify.com/track/30ckMM1MYy5ZOnLUASgrMI,reflective contemplative serene
Serene Reflections,LO-FI BEATS,Blanket Beats,2025-06-13,4neHvOWcEaQGF02gSrS8wU,https://open.spotify.com/track/4neHvOWcEaQGF02gSrS8wU,reflective contemplative serene
Serene Mystic Moments - Ambient Soundscapes with Birds Sounds to Relax,Relaxing Morning Music,Breathing Above the Lights,2024-03-07,2mxRxUohij763mAmOzXM8Z,https://open.spotify.com/track/2mxRxUohij763mAmOzXM8Z,reflective contemplative serene
Serene Lost Whispers - Ambient Soundscapes with Birds Sounds to Relax,Relaxing Morning Music,Breathing Above the Lights,2024-03-07,2aZN70bznzsiUw9SMRiYhL,https://open.spotify.com/track/2aZN70bznzsiUw9SMRiYhL,reflective contemplative serene
Reflections - Instrumental,The Holiday Place,This Time of the Year: Holiday Instrumentals,2019-11-15,3hebEkoiOeGoA9D0cyXJxR,https://open.spotify.com/track/3hebEkoiOeGoA9D0cyXJxR,reflective contemplative serene
Repeated Reflections,Soft Piano Jazz,Soothing Piano Backgrounds,2019-07-19,3wpILdjz7Be7AGNpk0rUsa,https://open.spotify.com/track/3wpILdjz7Be7AGNpk0rUsa,reflective contemplative serene
Serene Luminous Visions - Ambient Soundscapes with Birds Sounds to Relax,Relaxing Morning Music,Breathing Above the Lights,2024-03-07,0RxwVaALbk9jK2yaqKHAB8,https://open.spotify.com/track/0RxwVaALbk9jK2yaqKHAB8,reflective contemplative serene
Soft Sounds for Serene Reflection,Chill Beats Music,Relaxing Sounds for Peace and Mindful Moments,2024-11-13,3tv77gEDORDgZE0Z0qzODq,https://open.spotify.com/track/3tv77gEDORDgZE0Z0qzODq,reflective contemplative serene
Waves of Reflection,Mont Beach,Sounds of Nature,2023-01-20,2KKYUYxg2DP979DmxE4lSI,https://open.spotify.com/track/2KKYUYxg2DP979DmxE4lSI,reflective contemplative serene
Reflection of Sky,Serenity Calls,Nature Charm,2018-12-15,5g13j6I1ucQwZDKGURKdv9,https://open.spotify.com/track/5g13j6I1ucQwZDKGURKdv9,reflective contemplative serene
Reflections,Jens Buchert,Electronic Space Lounge - Two,2013-10-14,1FF68F4HaBhfSGXXVwAduw,https://open.spotify.com/track/1FF68F4HaBhfSGXXVwAduw,reflective contemplative serene
Serene Reflections,BeatsBackground,Peaceful Horizons ~ LofiW,2024-12-01,6qGtPZ9ZtsvI6pXcuvaqoG,https://open.spotify.com/track/6qGtPZ9ZtsvI6pXcuvaqoG,reflective contemplative serene
Reflection - Spa,Ambient Dreamer,Spa Volume 1,2022-05-20,1sKKk3WayX4W1H5OR3fQHd,https://open.spotify.com/track/1sKKk3WayX4W1H5OR3fQHd,reflective contemplative serene
"Daily Reflections, Anxiety Free",Waiting Room Background Music Ensemble,"Calm Waiting Room: Background Jazz, Smooth Instrumental Music, Reduce Stress & Relaxation, Uplifting Elevator Music",2017-01-26,4VvTTKQdQZFFLSMZbXqloY,https://open.spotify.com/track/4VvTTKQdQZFFLSMZbXqloY,reflective contemplative serene
Sunset Serenity Soiree,Ambientalism,Blissful Serenades,2021-07-07,5itFEMnyohkkXlAJ9FgCND,https://open.spotify.com/track/5itFEMnyohkkXlAJ9FgCND,reflective contemplative serene
Reflection,Yoga Instrumentals,Yoga Ambiance,2011-08-01,3DrNsEc3jtjGCrFXcDGQYL,https://open.spotify.com/track/3DrNsEc3jtjGCrFXcDGQYL,reflective contemplative serene
Serenity,Cosmos Records,"Ambient - Ambient Music and Ambient Sounds for Relaxation Meditation, Spa, Massage and Yoga",2011-02-16,2FdMnTmIY1CRK4ulC32RLO,https://open.spotify.com/track/2FdMnTmIY1CRK4ulC32RLO,reflective contemplative serene
Instrumental Background Music,Calm Music Zone,"Meditation 111 Songs: Deep Regeneration Ambient Music for Relaxation Yoga, Natural Healing Sounds for Massage and Spa",2016-03-09,1mVmnoSf46bQrJPkxtp579,https://open.spotify.com/track/1mVmnoSf46bQrJPkxtp579,reflective contemplative serene
Reflections,La Louve,Reflections,2020-10-01,2KiavqwtFReaHxdfAZPAuX,https://open.spotify.com/track/2KiavqwtFReaHxdfAZPAuX,reflective contemplative serene
Piano Reflective Meditative Peace,Sleep Fruits,Piano Serenity: Meditation Echoes,2024-05-31,1pUVyor2eueG15M3vGuOTQ,https://open.spotify.com/track/1pUVyor2eueG15M3vGuOTQ,reflective contemplative serene
Serenity - Spa,Reflecting Light,Serenity,2023-02-24,1RvKuq55u7aAoYIBUCFJjA,https://open.spotify.com/track/1RvKuq55u7aAoYIBUCFJjA,reflective contemplative serene
Serene Mind (Instrumental),Preethaji,Serene Mind Practice,2019-10-09,5h2U1RoKRGgqZkIkaapaV5,https://open.spotify.com/track/5h2U1RoKRGgqZkIkaapaV5,reflective contemplative serene
Reflections,Marquis Ensemble,Reflections from the Wine Country,2001-05-15,1YtgYsj7gdDaFFrpWf8b5B,https://open.spotify.com/track/1YtgYsj7gdDaFFrpWf8b5B,reflective contemplative serene
Serene Paradise Relaxation,Spa,"Spa Music: Nature Sounds and Calm Piano Music for Spa, Relaxation and Meditation",2017-05-08,2aNkT05bViyVrD1nRNATF2,https://open.spotify.com/track/2aNkT05bViyVrD1nRNATF2,reflective contemplative serene
Reflection,Sleep Fruits Music,Meditation Sleep Music: Relaxing Frequencies,2023-09-23,0RJIi22iqweJMv2e246zM6,https://open.spotify.com/track/0RJIi22iqweJMv2e246zM6,reflective contemplative serene
Serene Midnight Reflections,Mind Maze Music,Cozy Daisy,2021-01-19,0EBJdH3AdEuxcOP8Oebawl,https://open.spotify.com/track/0EBJdH3AdEuxcOP8Oebawl,reflective contemplative serene
Reflections,Deep Sleep Frequencies,Hypnotic Sleep Atmosphere Music,2022-08-23,7gIuzeZhiTTdpJHZVZ0LDZ,https://open.spotify.com/track/7gIuzeZhiTTdpJHZVZ0LDZ,reflective contemplative serene
Introduction (Reflections) with White Noise Waves,Piano & Guitar,Relaxing Music with Beautiful Nature - Peaceful Piano & Guitar,2021-07-21,4SpFa4tMxew2al3doo4lJ0,https://open.spotify.com/track/4SpFa4tMxew2al3doo4lJ0,reflective contemplative serene
Serene Ride Echoes,Jazz Instrumental Club,"Office Atmosphere, Elevated: The Art of Creating Great Spaces",2025-07-09,4ZRLGpewpGxOtbC6qe8Icv,https://open.spotify.com/track/4ZRLGpewpGxOtbC6qe8Icv,reflective contemplative serene
Serene,Luskos,Serene,2023-02-24,2QY4vfOfziM7i46sLcZY8T,https://open.spotify.com/track/2QY4vfOfziM7i46sLcZY8T,reflective contemplative serene
Reflections,Bruce Mitchell,Hidden Pathways,1987-01-01,01qEfwSXl5M9Q34p8Tadaw,https://open.spotify.com/track/01qEfwSXl5M9Q34p8Tadaw,reflective contemplative serene
Reflection - Spa,Ambient Dreamer,Spa Volume 1,2022-05-20,1sKKk3WayX4W1H5OR3fQHd,https://open.spotify.com/track/1sKKk3WayX4W1H5OR3fQHd,reflective contemplative serene
"Daily Reflections, Anxiety Free",Waiting Room Background Music Ensemble,"Calm Waiting Room: Background Jazz, Smooth Instrumental Music, Reduce Stress & Relaxation, Uplifting Elevator Music",2017-01-26,4VvTTKQdQZFFLSMZbXqloY,https://open.spotify.com/track/4VvTTKQdQZFFLSMZbXqloY,reflective contemplative serene
Sunset Serenity Soiree,Ambientalism,Blissful Serenades,2021-07-07,5itFEMnyohkkXlAJ9FgCND,https://open.spotify.com/track/5itFEMnyohkkXlAJ9FgCND,reflective contemplative serene
Reflection,Yoga Instrumentals,Yoga Ambiance,2011-08-01,3DrNsEc3jtjGCrFXcDGQYL,https://open.spotify.com/track/3DrNsEc3jtjGCrFXcDGQYL,reflective contemplative serene
Reflections,Bella Element,Calm Acoustic Guitar Instrumentals,2022-06-05,0DcvZwHrxk5aymx4nN9Y1P,https://open.spotify.com/track/0DcvZwHrxk5aymx4nN9Y1P,reflective contemplative serene
Reflective Rhythmic Respite,Chillout Lounge Piano,Delicate Dreams,2024-11-22,2xJ4rKPLsBA9cLrYxlfH9c,https://open.spotify.com/track/2xJ4rKPLsBA9cLrYxlfH9c,reflective contemplative serene
Serenity,Cosmos Records,"Ambient - Ambient Music and Ambient Sounds for Relaxation Meditation, Spa, Massage and Yoga",2011-02-16,2FdMnTmIY1CRK4ulC32RLO,https://open.spotify.com/track/2FdMnTmIY1CRK4ulC32RLO,reflective contemplative serene
Reflections,La Louve,Reflections,2020-10-01,2KiavqwtFReaHxdfAZPAuX,https://open.spotify.com/track/2KiavqwtFReaHxdfAZPAuX,reflective contemplative serene
Piano Reflective Meditative Peace,Sleep Fruits,Piano Serenity: Meditation Echoes,2024-05-31,1pUVyor2eueG15M3vGuOTQ,https://open.spotify.com/track/1pUVyor2eueG15M3vGuOTQ,reflective contemplative serene
Serenity - Spa,Reflecting Light,Serenity,2023-02-24,1RvKuq55u7aAoYIBUCFJjA,https://open.spotify.com/track/1RvKuq55u7aAoYIBUCFJjA,reflective contemplative serene
Serene Mind (Instrumental),Preethaji,Serene Mind Practice,2019-10-09,5h2U1RoKRGgqZkIkaapaV5,https://open.spotify.com/track/5h2U1RoKRGgqZkIkaapaV5,reflective contemplative serene
Serene Paradise Relaxation,Spa,"Spa Music: Nature Sounds and Calm Piano Music for Spa, Relaxation and Meditation",2017-05-08,2aNkT05bViyVrD1nRNATF2,https://open.spotify.com/track/2aNkT05bViyVrD1nRNATF2,reflective contemplative serene
Serene Midnight Reflections,Mind Maze Music,Cozy Daisy,2021-01-19,0EBJdH3AdEuxcOP8Oebawl,https://open.spotify.com/track/0EBJdH3AdEuxcOP8Oebawl,reflective contemplative serene
Introduction (Reflections) with White Noise Waves,Piano & Guitar,Relaxing Music with Beautiful Nature - Peaceful Piano & Guitar,2021-07-21,4SpFa4tMxew2al3doo4lJ0,https://open.spotify.com/track/4SpFa4tMxew2al3doo4lJ0,reflective contemplative serene
Ambient Piano Spa Music,Massage Music,Massage Music,2005-04-01,1iGicdBbtzFDbU4MAvKYpH,https://open.spotify.com/track/1iGicdBbtzFDbU4MAvKYpH,reflective contemplative serene
Serene Sleeping Music,Deep Sleep Music Experience,"Music for Sleeping: Calm Piano Sleep Aid, Music for Relaxation, Sleep Music, Music for Deep Sleep, Studying Music and Relaxing Sleeping Music",2017-04-26,5kwcl9uc6EAuqmRuT3ZMTz,https://open.spotify.com/track/5kwcl9uc6EAuqmRuT3ZMTz,reflective contemplative serene
Meditating Alone,Spa Music Hour,1 Hour of Serene Spa Soundscape,2020-12-04,5l8eNy5Q7nCKYY3r1YCUfu,https://open.spotify.com/track/5l8eNy5Q7nCKYY3r1YCUfu,reflective contemplative serene
Warm Jazz Reflections,Relaxing Instrumental Jazz Ensemble,Smooth Jazz Lounge Cafe Bar Land Uplifting Jazzy Beats To Study Focus & Work (Instrumental),2025-09-26,1Mn9AezlGd10aAJblwMX4u,https://open.spotify.com/track/1Mn9AezlGd10aAJblwMX4u,reflective contemplative serene
Reflective,Josep Alba,Beautiful,2022-10-07,1Z29TurXAwEHeo6WfTGhdR,https://open.spotify.com/track/1Z29TurXAwEHeo6WfTGhdR,reflective contemplative serene
Serenity,Meditation Music Zone,"Sound Meditation 111 – Ambient Sounds for Relax, Concentration & Nada Yoga, Music Therapy for Inner Bliss",2016-02-29,2lxdYwYcjNGAN54fhrf79Y,https://open.spotify.com/track/2lxdYwYcjNGAN54fhrf79Y,reflective contemplative serene
Ambient - Instrumental Music,Meditation Relax Club,Slow Calming Music for Your Peace – Relaxing Sounds Background Music for Yoga,2017-09-28,7Ieu8yPmLyrMqpd1X3iuUm,https://open.spotify.com/track/7Ieu8yPmLyrMqpd1X3iuUm,reflective contemplative serene
Reflecting,Megan Wofford,Ambience,2021-03-05,5K7KcbVaUMsfzMdlRfCTSl,https://open.spotify.com/track/5K7KcbVaUMsfzMdlRfCTSl,reflective contemplative serene
Serene Celtic Ambient,Tina Amalier,Celtic Instrumental Worship Music,2020-04-23,7B2QeiTBsnWh9sNvvi32lN,https://open.spotify.com/track/7B2QeiTBsnWh9sNvvi32lN,reflective contemplative serene
Evening Contemplation,Quiet Piano Reflections,"Music for Meditation, Vol. 1: Serenity",2011-02-11,7hn3TrDJxfeQ6mVL3PFt95,https://open.spotify.com/track/7hn3TrDJxfeQ6mVL3PFt95,reflective contemplative serene
Serene Reflections,Jazz Yabbadoo Music,Midnight Breeze,2024-10-25,63rp0y7Jnj3sT2tzYyroYo,https://open.spotify.com/track/63rp0y7Jnj3sT2tzYyroYo,reflective contemplative serene
Today's Reflection,Spa Music Hour,2 Hours of Relaxing Spa Ambience,2020-12-07,1HaWNw8uc0og79dNEhTv7r,https://open.spotify.com/track/1HaWNw8uc0og79dNEhTv7r,reflective contemplative serene
Reflections,Music-Themes,Harp Music: Inspirational Songs,2009-05-01,0MRYKPi4xt2zvAuWEkY2u5,https://open.spotify.com/track/0MRYKPi4xt2zvAuWEkY2u5,reflective contemplative serene
Serenade of Reflection,Dave M. Collins,Serenade of Reflection,2023-10-19,0PImIPgtFAkTa2Xp6kXQvd,https://open.spotify.com/track/0PImIPgtFAkTa2Xp6kXQvd,reflective contemplative serene
Serene,Emma-Lo Larsson,Serene,2022-09-22,0e1xmKPaRi59Yyyhv0kCVi,https://open.spotify.com/track/0e1xmKPaRi59Yyyhv0kCVi,reflective contemplative serene
Serene Wish,Solara Dawn,Therapeutic Zen Pieces,2020-06-26,4WGKIHYcuiKwY96TKFsAG5,https://open.spotify.com/track/4WGKIHYcuiKwY96TKFsAG5,reflective contemplative serene
Reflections on a Cloudy Day,Classical New Age Piano Music,Piano for Relaxation,2014-08-18,7BTAdlBfci3TijF7hPc6A9,https://open.spotify.com/track/7BTAdlBfci3TijF7hPc6A9,reflective contemplative serene
Reflections of Water and Light,Nature Piano,Nature Piano,2010-08-13,6BvEYo87aIqbKdMhKYvv9v,https://open.spotify.com/track/6BvEYo87aIqbKdMhKYvv9v,reflective contemplative serene
Reflections,Paradise Kingdom,ACOUSTIC PIANO CHILL INSTRUMENTALS,2018-06-27,6VPqEdgK5opSE1igDfTm8b,https://open.spotify.com/track/6VPqEdgK5opSE1igDfTm8b,reflective contemplative serene
Reflective Journey,Meditation Music by Lullify,Transcendental,2023-03-27,7LCoCrqV6bjmLFwhotZ9ae,https://open.spotify.com/track/7LCoCrqV6bjmLFwhotZ9ae,reflective contemplative serene
Serene Peace,Patricia Spero,The Healing Harp Vol. II,2015-03-30,7yZAaVLkMpLvknvlUkdETF,https://open.spotify.com/track/7yZAaVLkMpLvknvlUkdETF,reflective contemplative serene
Reflective Meditation,Bible Study Music,"Christian Meditations and Quiet Moments (Peaceful Instrumental Music for Yoga Class, Deep Spirituality, Daily Prayers, Bible Study and Reflections)",2017-06-27,4CEi1smgsCGpTNjWYFfaCv,https://open.spotify.com/track/4CEi1smgsCGpTNjWYFfaCv,reflective contemplative serene
Reflection,Sleep Fruits Music,"Zen Music: Mindfulness, Meditation & Relaxation",2023-10-03,1vIFAocgSJuJ1305hjKQBV,https://open.spotify.com/track/1vIFAocgSJuJ1305hjKQBV,reflective contemplative serene
Serenity,Piano Instrumentals,Piano Serenity,2018-04-27,6mECSwCuHfsjLLXa4MoUp3,https://open.spotify.com/track/6mECSwCuHfsjLLXa4MoUp3,reflective contemplative serene
Reflections,Wander Calm,deep sleep,2022-03-25,248DyQEJpSLzy6fPlbCD84,https://open.spotify.com/track/248DyQEJpSLzy6fPlbCD84,reflective contemplative serene
Serene,Yoshio Ojima,Une Collection Des Chainons I,2019-02-13,5FW4yguq4I4HYOQxoTVvcc,https://open.spotify.com/track/5FW4yguq4I4HYOQxoTVvcc,reflective contemplative serene
Reflective Solitude,Harmonious Reflection,Reflective Strings,2023-06-08,25ujP5ZEgVZwlpe7uFr0gX,https://open.spotify.com/track/25ujP5ZEgVZwlpe7uFr0gX,reflective contemplative serene
Serene Reflections,Quiet Piano,The Grand Piano Speaks,2025-03-20,05JtuFP7tMqhK7R4lmv77V,https://open.spotify.com/track/05JtuFP7tMqhK7R4lmv77V,reflective contemplative serene
Serene Reflections,Spanish Guitar Chill Out,Acoustic Ascent: Relaxing Guitar Covers,2024-10-30,0hnsoT1QC0STayc5wpHWeb,https://open.spotify.com/track/0hnsoT1QC0STayc5wpHWeb,reflective contemplative serene
Serene Reflections,Rainbow Flow,Serene Moments,2024-09-13,5WLb4Zd1A7a7WugSFlDPHK,https://open.spotify.com/track/5WLb4Zd1A7a7WugSFlDPHK,reflective contemplative serene
Serenity in Synthesis,chromatic reflections,Calming Sounds for Amber Hues,2024-10-21,4GUbc5YPWPYykarFmq60dG,https://open.spotify.com/track/4GUbc5YPWPYykarFmq60dG,reflective contemplative serene
Serene Reflections,Roy Martin,Flute Breeze,2024-09-20,7EIn47AFlIAOAmk6NITWw8,https://open.spotify.com/track/7EIn47AFlIAOAmk6NITWw8,reflective contemplative serene
Serene Reflections,Nay Noon's,Rainy Morning,2023-06-03,7upTsNM8wOr10bk037Kila,https://open.spotify.com/track/7upTsNM8wOr10bk037Kila,reflective contemplative serene
Reflection,Modern Headspace,"Lofi Instrumentals, Vol. 2",2022-06-03,3YuIlk7qyTEwZKakqe3LrJ,https://open.spotify.com/track/3YuIlk7qyTEwZKakqe3LrJ,reflective contemplative serene
Pondering Breeze,Harmonious Reflection,Reflective Strings,2023-06-08,2q5l1vVpIGRSZCoh06y1on,https://open.spotify.com/track/2q5l1vVpIGRSZCoh06y1on,reflective contemplative serene
Peaceful Ambient Forest Music,Spa Music Relaxation,"Nature Sounds Spa: Calm Background Flute Music For Spa Music, Meditation Music, Yoga Music, Massage Music, Sleeping Music and Forest Bird Sounds For Relaxation",2019-04-05,1GykE2SdZVSzzbRSHzBse1,https://open.spotify.com/track/1GykE2SdZVSzzbRSHzBse1,reflective contemplative serene
"Celestial Serenade, Pt. 6",Ethereal Zen,Soulful Reflections,2023-05-22,5YsCayqm4ax9P160cHBBtO,https://open.spotify.com/track/5YsCayqm4ax9P160cHBBtO,reflective contemplative serene
Reflection,Zen Spa Music,Pure Zen Spa Music,2015-10-14,3z0zwn2I0MymIo9XDtltxh,https://open.spotify.com/track/3z0zwn2I0MymIo9XDtltxh,reflective contemplative serene
Peaceful Background Ambience,Serenity Music Academy,"Music for Zen Relaxation: 111 Songs for Meditation, Yoga, Reiki, Massage, Spa, Sleep Therapy, Study, Healing Nature Sounds for Baby",2016-05-31,4lX4uAvvVsZLkYCqZiTCeR,https://open.spotify.com/track/4lX4uAvvVsZLkYCqZiTCeR,reflective contemplative serene
"Celestial Serenade, Pt. 3",Ethereal Zen,Soulful Reflections,2023-05-22,7wZ2igSWWFr94CyHJR9fB3,https://open.spotify.com/track/7wZ2igSWWFr94CyHJR9fB3,reflective contemplative serene
Ambient Music for Meditation,Blissful Meditation Academy,"Autumn Music for Yoga & Meditation – Relaxing Nature Sounds, Healing New Age, Calm Instrumental Music, Fall Relaxation, Energy Boost, Soothing Sounds",2017-09-07,4X8HbIr2WZHTn5Rdnw7nHH,https://open.spotify.com/track/4X8HbIr2WZHTn5Rdnw7nHH,reflective contemplative serene
Bubbly Ambiance for Calm Tastes,Happy Instrumental Jazz,Echoes of Every Space,2022-11-12,4V4bVy4rxSdsfzrkxY9rRz,https://open.spotify.com/track/4V4bVy4rxSdsfzrkxY9rRz,reflective contemplative serene
Serene Waves - Ambient Soundscapes with Birds Sounds to Relax,Relaxing Morning Music,Breathing Above the Lights,2024-03-07,6HKI2kYY9t2WL6FjSxYxV4,https://open.spotify.com/track/6HKI2kYY9t2WL6FjSxYxV4,reflective contemplative serene
Serenity,Bytheway-May,Axiom,2020-06-26,5C6kELMMiNCKnzc1dlOFDU,https://open.spotify.com/track/5C6kELMMiNCKnzc1dlOFDU,reflective contemplative serene
Reflection and Calm,Tranquill Jazz Melody,Charming Fall Jazz,2025-10-31,4qKR5VmV79QXWDcqMQ65QX,https://open.spotify.com/track/4qKR5VmV79QXWDcqMQ65QX,reflective contemplative serene
Serene,Relaxing Harp Music,Unwind After a Long Day,2024-02-20,5Szzc4bkJuSMbqda8rVbjK,https://open.spotify.com/track/5Szzc4bkJuSMbqda8rVbjK,reflective contemplative serene
Serene Reflection,Focus,Background Music for Positive Affirmations,2024-01-07,3hyKleijz8qRze4j4i8JBr,https://open.spotify.com/track/3hyKleijz8qRze4j4i8JBr,reflective contemplative serene
Reflective and Contemplative Music,Native American Music Consort,Serenity of the Pan Flute: Relaxation and Meditation,2024-07-23,56whqZcPnaEa9yvvRj24FY,https://open.spotify.com/track/56whqZcPnaEa9yvvRj24FY,reflective contemplative serene
Reflections,Martin Peralta,Serenity: Calming Sounds,2019-04-16,0dawOMuRePp4pddN5kDDTT,https://open.spotify.com/track/0dawOMuRePp4pddN5kDDTT,reflective contemplative serene
Serene Reflections,Guitar Instrumentals,Hushcraft: Gentle Guitar Instrumentals,2025-06-20,0EL4SsdDgITFRdhsvlR9VU,https://open.spotify.com/track/0EL4SsdDgITFRdhsvlR9VU,reflective contemplative serene
Serene Sunset Reflections,Diner Piano Company,Beachside Summer Rest - Healing Jazz Piano,2023-07-26,4WiMV4h5EXG9dvbSx8BAK9,https://open.spotify.com/track/4WiMV4h5EXG9dvbSx8BAK9,reflective contemplative serene
Ambient Reflections,Your Calm Place Meditation,Momentary,2024-03-12,4Ia8tu7URko3pTMAECyGhu,https://open.spotify.com/track/4Ia8tu7URko3pTMAECyGhu,reflective contemplative serene
Serene Sounds,Spiritloom,Melancholic Symphony of Tranquility,2020-03-01,1WQcvCfQNA21GAclpEY9yj,https://open.spotify.com/track/1WQcvCfQNA21GAclpEY9yj,reflective contemplative serene
Soft Serene Ambience,Tabitha Andersson,Zen Spa Yoga,2015-11-26,3f8VfBxubHrGcSShGMzXkc,https://open.spotify.com/track/3f8VfBxubHrGcSShGMzXkc,reflective contemplative serene
Reflective Guitar,Fall Equinox,50 BEST Deep Sleep Meditation Music,2017-10-18,7rPmWD8ZsDR8gaqHMOaCQU,https://open.spotify.com/track/7rPmWD8ZsDR8gaqHMOaCQU,reflective contemplative serene
Serene Air,Dmitry Evgrafov,Surrender,2020-07-31,5ga2d7fltuT2DeUDjVGeEZ,https://open.spotify.com/track/5ga2d7fltuT2DeUDjVGeEZ,reflective contemplative serene
"Celestial Serenade, Pt. 4",Ethereal Zen,Soulful Reflections,2023-05-22,3QDebZmr4ewSvLDZXeko6Y,https://open.spotify.com/track/3QDebZmr4ewSvLDZXeko6Y,reflective contemplative serene
Reflection,Sleep Fruits Music,Sleep & Mediation Music: Meditation For Sleeping,2023-09-23,4Tswdo9DRRQ7ahIXuQXuOJ,https://open.spotify.com/track/4Tswdo9DRRQ7ahIXuQXuOJ,reflective contemplative serene
Inspiration Ambient,Alan Al,Instrumental,2017-01-07,1us4L9XcHORhuYGJ5BYV1N,https://open.spotify.com/track/1us4L9XcHORhuYGJ5BYV1N,reflective contemplative serene
Divine Intervention,Ambient,Ambient Reflection,2016-01-13,2sb1GdQG4qRrgy0XpOAqlU,https://open.spotify.com/track/2sb1GdQG4qRrgy0XpOAqlU,reflective contemplative serene
Deep Serenity - with Ocean Sounds,Spa Music Relaxation,Calm SPA Music: Soothing Instrumental Music with Ocean Sounds,2020-08-07,63wRFEWqlGhRyPgA0SavQ8,https://open.spotify.com/track/63wRFEWqlGhRyPgA0SavQ8,reflective contemplative serene
Serenity - Ambient Mix,Tranquil State,Serenity (Ambient Mix),2018-07-03,41xmCPCQMImIXugCgcG2ny,https://open.spotify.com/track/41xmCPCQMImIXugCgcG2ny,reflective contemplative serene
Reflections,Concentration Music Ensemble,Clear Focus,2021-04-09,6gE44xEdlel3SjqGpz0KiZ,https://open.spotify.com/track/6gE44xEdlel3SjqGpz0KiZ,reflective contemplative serene
Reflection - Nature Sounds Version,Baby Lullaby Music Academy,Piano Lullabies & Ocean Waves,2023-07-04,3lBsDbxOrs8vhMYcXQ1FqW,https://open.spotify.com/track/3lBsDbxOrs8vhMYcXQ1FqW,reflective contemplative serene
Ambient Mindfulness Music,Massage Music Experience,"Massage: Spa Music and Ocean Waves for Relaxation, 1 Hour Massage, Yoga and Ambient Mindfulness Music",2021-08-20,1gHqjzDguhEEQnlXvHfYZA,https://open.spotify.com/track/1gHqjzDguhEEQnlXvHfYZA,reflective contemplative serene
Serene Reflections - Relaxing Ambient Music,Baby Sleeps,Sweet Harmonies,2024-04-10,5HIQKS0joTf5nlQGVo4DO9,https://open.spotify.com/track/5HIQKS0joTf5nlQGVo4DO9,reflective contemplative serene
Serene Momentum Reflection,Chill Jazz-Lounge,Soul Searching,2023-10-29,46HeAPmbiQr45miBWyQ0F4,https://open.spotify.com/track/46HeAPmbiQr45miBWyQ0F4,reflective contemplative serene
Serene Echoes,Instrumental Jazz Music Ambient,Stillwater Keys,2025-05-30,5DmXrvrxThF05zpU0kOqb0,https://open.spotify.com/track/5DmXrvrxThF05zpU0kOqb0,reflective contemplative serene
Serene Sigh - For Emotional Healing and Meditation,Yoga Relaxation Music,Calming Guitar for Relaxation,2010-10-01,5H2OOpkx5EJktmBgFQI5vO,https://open.spotify.com/track/5H2OOpkx5EJktmBgFQI5vO,reflective contemplative serene
Serenity Forest,Instrumental,"Instrumental Music: Relaxing Piano Music for Relaxation, Spa Music, Studying Music, Reading Music, Yoga Music, Massage Therapy, Meditation and Calm Music for Sleeping Music",2017-04-22,4YX1Cl9vbSBd9Bi0s5rkmR,https://open.spotify.com/track/4YX1Cl9vbSBd9Bi0s5rkmR,reflective contemplative serene
Serene Coffee Reflection,Relaxing Piano Crew,A Luxurious Start with First-Cup Coffee and Jazz Piano,2025-10-30,1GHGo4c3MVIHIZUuyGX2iL,https://open.spotify.com/track/1GHGo4c3MVIHIZUuyGX2iL,reflective contemplative serene
Soothing Reflections,Healing Music Academy,"Leaves on a Stream: Mindfulness Technique, Gently Flowing Water for Meditation and Acceptance",2023-01-31,7aZNi2d5cfUsgwHX3Y6ZTC,https://open.spotify.com/track/7aZNi2d5cfUsgwHX3Y6ZTC,reflective contemplative serene
"Celestial Serenade, Pt. 2",Ethereal Zen,Soulful Reflections,2023-05-22,5ZdlSZcBX2aeeE6gtlsGK5,https://open.spotify.com/track/5ZdlSZcBX2aeeE6gtlsGK5,reflective contemplative serene
Inspiration Ambient,Alan Al,Instrumental,2017-01-07,1us4L9XcHORhuYGJ5BYV1N,https://open.spotify.com/track/1us4L9XcHORhuYGJ5BYV1N,reflective contemplative serene
Serene Concentration (Water),Sound Art of Nature,Nature sound essence,2024-04-09,6KyFvgWENI9Xz5tUWpW4R4,https://open.spotify.com/track/6KyFvgWENI9Xz5tUWpW4R4,reflective contemplative serene
Reflection,Vincent de Carsenti,Baby Lullabies Ambient Sleep Music,2018-06-25,5iSkukDYCA7dJfXpFNtjOJ,https://open.spotify.com/track/5iSkukDYCA7dJfXpFNtjOJ,reflective contemplative serene
All Is Calm,Quiet Piano Reflections,"Music for Meditation, Vol. 1: Serenity",2011-02-11,18p80zpeEyudP06r0yZeXz,https://open.spotify.com/track/18p80zpeEyudP06r0yZeXz,reflective contemplative serene
Quiet Contemplation,Emotional Healing Intrumental Academy,"Buddhist Instrumental Songs for Inner Healing – Tibetan Singing Bowls, Bells. Gongs & Flute, Ambient Nature Sounds",2017-04-24,2NUqlAHAqHH2cQjmuo4bn9,https://open.spotify.com/track/2NUqlAHAqHH2cQjmuo4bn9,reflective contemplative serene
Instrumental Music,Zen Spa Relaxation Music,"50 Zen Spa Relaxation – 50 Yoga Meditation Tracks with Healing Sounds of Ocean & Rain, Soothe Your Soul with Reiki Relaxing Massage Spa, Rem Deep Sleep Inducing Therapy",2015-11-25,0zImkrPNkkCGgEIe6Nx7bH,https://open.spotify.com/track/0zImkrPNkkCGgEIe6Nx7bH,reflective contemplative serene
Serenity (Instrumental Piano),Lord Krishna,Music for Quiet Moments: Piano Music,2012-06-18,3bWdpgore1FvGbitvUzRwS,https://open.spotify.com/track/3bWdpgore1FvGbitvUzRwS,reflective contemplative serene
Serene,Lofi & Instrumental,Serene,2023-06-23,7xcYJ155Oywi2Yd1i86Sue,https://open.spotify.com/track/7xcYJ155Oywi2Yd1i86Sue,reflective contemplative serene
Ambient Guitar Spa Music,Massage Music Experience,"Massage: Spa Music and Ocean Waves for Relaxation, 1 Hour Massage, Yoga and Ambient Mindfulness Music",2021-08-20,6cGZdFyAgjxkkDpi27FBSH,https://open.spotify.com/track/6cGZdFyAgjxkkDpi27FBSH,reflective contemplative serene
Serene Reflections,Peaceful Music,Serene Reflections: Mindful Meditation Sounds,2025-09-20,6lRuyjentVoFB86py9Y96w,https://open.spotify.com/track/6lRuyjentVoFB86py9Y96w,reflective contemplative serene
Ambient Music,Mindfullness Meditation World,"Synthwave Sleep: Space Trip, Cyber Dream, Subliminal Affirmations, Insomnia Relief & Ultra Relaxing Music",2022-08-17,5xHY6RG0pSjzy7Ga3rwUs9,https://open.spotify.com/track/5xHY6RG0pSjzy7Ga3rwUs9,reflective contemplative serene
Reflective; Somber; Slow; Building - Acoustic Piano Rock Instrumental Track / Music Bed,Misfits & Thieves,Absolute Soft Rock - Vol. 1,2011-07-01,1HohqJBH6fGKW24Dn3cKFD,https://open.spotify.com/track/1HohqJBH6fGKW24Dn3cKFD,reflective contemplative serene
Reflective Rhythms,Musical Doctor-MD,"Ambient Instrumental Blend for Study, Focus, Meditation & Chill",2025-07-24,0sVVLg6k4j1wGKVlz5Znru,https://open.spotify.com/track/0sVVLg6k4j1wGKVlz5Znru,reflective contemplative serene
Ambient Gentle Reflection,Calming Piano Feelings,Peaceful Melodic Retreat,2024-08-02,79VNWvJev4qZClYMBZ0m2e,https://open.spotify.com/track/79VNWvJev4qZClYMBZ0m2e,reflective contemplative serene
Ambient Reflection,Asian Zen,Relaxation and Meditation,2014-06-19,3ULQWx54bZxawBNPAwiOX1,https://open.spotify.com/track/3ULQWx54bZxawBNPAwiOX1,reflective contemplative serene
Piano Reflections,Background Jazz Piano,Calm and Gentle Instrumental Piano Pieces,2022-11-27,1t7CVxp1tiRewRszihWF1S,https://open.spotify.com/track/1t7CVxp1tiRewRszihWF1S,reflective contemplative serene
Reflection & Memories,Jazz Paradise Music Moment,"Jazz with Ocean Waves - Mellow, Relaxing and Hypnotically Soothing",2018-02-27,3qBF10PpY76q6seOEjJME3,https://open.spotify.com/track/3qBF10PpY76q6seOEjJME3,reflective contemplative serene
Calm Reflection,Tranquilium,Sails,2022-04-01,4rksQ0g9DarWKp7DobQiGd,https://open.spotify.com/track/4rksQ0g9DarWKp7DobQiGd,reflective contemplative serene
Serene Solstice,Ambient Owl Music,Moondust Melodies,2023-08-04,4roespBuxvLy4aP4fqqH9o,https://open.spotify.com/track/4roespBuxvLy4aP4fqqH9o,reflective contemplative serene
Instrumental Music (Meditation),Instrumental,"Instrumental Music: Calm Piano Music for Relaxation, Spa, Massage, Studying, Reading, Yoga, Meditation and Sleep",2017-05-17,4c2lKPMyykuBLkSGkDu1Im,https://open.spotify.com/track/4c2lKPMyykuBLkSGkDu1Im,reflective contemplative serene
Calm and Serene,Calm Music,Magical Ambient Piano,2021-08-24,4pJSX4JzE0LI3VNAnDhizu,https://open.spotify.com/track/4pJSX4JzE0LI3VNAnDhizu,reflective contemplative serene
Serene Duo - Vibe for Modern Evening,Trabajar desde Casa,Instrumental Music for Work,2022-12-03,2tAtNvISVeOFZfGusJqhnP,https://open.spotify.com/track/2tAtNvISVeOFZfGusJqhnP,reflective contemplative serene
Ambient Music,Easy Sleep Music,"Ambient Deep Sleep Remedy: 15 New Age Soft Deep Tracks for Total Relaxation, De-Stress, Calm Down, Cure Insomnia, Sleep Healthy & Dream Beautiful",2019-03-22,3FBGblj3yOAmtC2tJvUZ3P,https://open.spotify.com/track/3FBGblj3yOAmtC2tJvUZ3P,reflective contemplative serene
Soothing Instrumental Music for Deep Meditations,Aromatherapy Synthesis,50 Chinese Meditation Music - Asian Zen Meditation Music Relaxing Sounds,2015-08-02,4yGcKJ0T4xxPnu7FAwnB28,https://open.spotify.com/track/4yGcKJ0T4xxPnu7FAwnB28,reflective contemplative serene
Calm Reflections,Serenade of Tranquility,Moments of Fortune,2024-08-02,2j0inHLiLD8ce369ZUaB6b,https://open.spotify.com/track/2j0inHLiLD8ce369ZUaB6b,reflective contemplative serene
Reflective Rainwave Musingscape,Sleep Fruits Music,Relieve Anxiety Rainfall Aid,2023-09-12,5Fn9uXZsLS5qAxO7ccRtNz,https://open.spotify.com/track/5Fn9uXZsLS5qAxO7ccRtNz,reflective contemplative serene
Reflections,Ryan Farish & Paul Hardcastle,Reflections,2010-06-22,38KCTlirKdujJVdMN8lbYZ,https://open.spotify.com/track/38KCTlirKdujJVdMN8lbYZ,reflective contemplative serene
Inner Peace Haven,Ambientalism,Blissful Serenades,2021-07-07,02UsLZrqlymTGcBznJ1crP,https://open.spotify.com/track/02UsLZrqlymTGcBznJ1crP,reflective contemplative serene
Inner Light Glow,Ambientalism,Blissful Serenades,2021-07-07,1yW05axNdrkKeVl39Gmg4W,https://open.spotify.com/track/1yW05axNdrkKeVl39Gmg4W,reflective contemplative serene
Serenity (Harp Music Instrumental),Hymnsify,"Calm Harp with Relaxing Rain (Harp Music Instrumental for Relaxation, Meditation, Prayer and Sleep)",2024-11-01,75pBzfvW9QWHVlLbR65kvc,https://open.spotify.com/track/75pBzfvW9QWHVlLbR65kvc,reflective contemplative serene
Quiet Reflection,Carefree Jazz Moments,Enchanting Jazz Moments,2021-03-30,0UVNERjqNLhkvV8qtdddrt,https://open.spotify.com/track/0UVNERjqNLhkvV8qtdddrt,reflective contemplative serene
Reflection,Spa Jazz,Relaxing Soothing Spa Jazz,2022-04-15,0jFDRXtYHEq99ho1G7MwGl,https://open.spotify.com/track/0jFDRXtYHEq99ho1G7MwGl,reflective contemplative serene
Serene Solitude,Quiet Quest,Ambient Study Music II,2024-03-07,7fmPUHyE2YyduFEXZCcLau,https://open.spotify.com/track/7fmPUHyE2YyduFEXZCcLau,reflective contemplative serene
Ambient Soundscapes,Piotr Janeczek,Relaxing Instrumental Meditation Music,2014-12-27,5e2ZsoNOCYQvx8F1Pa7GqH,https://open.spotify.com/track/5e2ZsoNOCYQvx8F1Pa7GqH,reflective contemplative serene
Reflections,Nature Sounds,Relaxing Music with Nature Sounds,2015-12-21,1zlxV9Al6mxB480K3zSXWY,https://open.spotify.com/track/1zlxV9Al6mxB480K3zSXWY,reflective contemplative serene
Serene Sunrise,Instrumental Jazz Music Guys,"Happy Relaxing Jazz (Instrumental Lounge Experience, Music for Studying, Sleep and Work With, Chillout Cafe, Amazing and Positive Time)",2017-07-27,4BcBhCxdkzcMX68B2ijduH,https://open.spotify.com/track/4BcBhCxdkzcMX68B2ijduH,reflective contemplative serene
"Musical Ambient Melodies for Peaceful Thoughts, Pt. 21",Quiet Meditation Music,Musical Ambient Melodies for Peaceful Thoughts,2022-07-29,7BdH7LTp8YbpURDfDcQJ9S,https://open.spotify.com/track/7BdH7LTp8YbpURDfDcQJ9S,reflective contemplative serene
Today's Reflection,Spa Music Hour,2 Hours of Calming Spa Sounds,2020-12-06,767pJkg59UtURCo695bxiR,https://open.spotify.com/track/767pJkg59UtURCo695bxiR,reflective contemplative serene
Peaceful Spirit - For Serenity and Contemplation,Yoga Relaxation Music,Calming Guitar for Relaxation,2010-10-01,3tTevgs1DLdZYVizzxgosM,https://open.spotify.com/track/3tTevgs1DLdZYVizzxgosM,reflective contemplative serene
Serene Ambient Music With Soft Atmospheric Sounds For Relaxation And Deep Sleep,Zen Music Garden,Wellness Music Vol. 12,2025-10-23,0pSiqxIEfct3jYRMW9rs0V,https://open.spotify.com/track/0pSiqxIEfct3jYRMW9rs0V,reflective contemplative serene
Thoughts in the Stillness,Quiet Piano Reflections,"Music for Meditation, Vol. 1: Serenity",2011-02-11,3i3ggkbZOVHZsSCBST7Kfc,https://open.spotify.com/track/3i3ggkbZOVHZsSCBST7Kfc,reflective contemplative serene
Gentle Tranquil Reflection on Quiet Moonlight,Ricky Trye,"Ambient Piano Meditations: Calm Music for Introspection, Rest and Relaxation",2021-01-21,7GsHbwqe1TyVXXAOHCKWqI,https://open.spotify.com/track/7GsHbwqe1TyVXXAOHCKWqI,reflective contemplative serene
Peaceful Reflections,Spa House,Peaceful Reflections,2023-03-17,4MZ4qIBlj4KlUe8mGya3HJ,https://open.spotify.com/track/4MZ4qIBlj4KlUe8mGya3HJ,reflective contemplative serene
Sereneness - Noise,Reflecting Light,Sereneness,2023-04-07,2G4z4Jy54bF66TdRb2TQTV,https://open.spotify.com/track/2G4z4Jy54bF66TdRb2TQTV,reflective contemplative serene
Serenely,Stardust Dreams,Enter Dreamtime II,2022-03-17,0RtOYB2qCIuLVfCdI3W7v6,https://open.spotify.com/track/0RtOYB2qCIuLVfCdI3W7v6,reflective contemplative serene
Serenity,Musical Wanderings,"Wandering Piano, Vol.1",2020-02-12,45SFNQKkIDyZ7uW6xrvpUO,https://open.spotify.com/track/45SFNQKkIDyZ7uW6xrvpUO,reflective contemplative serene
Ambient Sounds,Hypnosis Nature Sounds Universe,"Anti-Stress Music: Healing Zen Garden, Calm Nature Sounds - Waterfalls, Songbirds, Gentle Streams & Soft Ocean Waves",2017-02-21,2Kji1E5qL7mVQkyQaMKMwJ,https://open.spotify.com/track/2Kji1E5qL7mVQkyQaMKMwJ,reflective contemplative serene
Serenity,Mother Earth Times,Relaxing Piano Music,2011-03-12,5eVzf9PS6n0e5DqSfqtRPb,https://open.spotify.com/track/5eVzf9PS6n0e5DqSfqtRPb,reflective contemplative serene
Serenity Garden,Nature Sounds,"15 Touches of Nature: Compilation of Most Beaufitul New Age 2019 Ambient Music with Nature Sounds for Meditation, Relaxation, Spa Salon, Massage Therapy, Perfect Sleep",2019-07-10,3GwPKBoIKsfcab4rgaffgO,https://open.spotify.com/track/3GwPKBoIKsfcab4rgaffgO,reflective contemplative serene
Serene Echoes,Spa Piano,The River Piano,2025-02-08,1MaE9TuOccxXta8QLZlWxW,https://open.spotify.com/track/1MaE9TuOccxXta8QLZlWxW,reflective contemplative serene
Reflections,Terry Wollman,Silver Collection,2014-06-10,09c3ceRRLDmyWX4LK4pkal,https://open.spotify.com/track/09c3ceRRLDmyWX4LK4pkal,reflective contemplative serene
Ambient Dreaming,Peaceful Meditation Music,Peaceful Spa Meditation Music,2015-11-18,3FOCueTAoYvOVe4aNiiy8U,https://open.spotify.com/track/3FOCueTAoYvOVe4aNiiy8U,reflective contemplative serene
Instrumental Music for Relaxation,Deep Breathing Meditation,"Deep Breathing Meditation – Calm Background Music with Nature Sounds for Yoga, Tai-Chi, Reiki Healing Stress Relief, Asian Zen",2018-01-19,2rPHtjkmzmVUMcGjtwnCI3,https://open.spotify.com/track/2rPHtjkmzmVUMcGjtwnCI3,reflective contemplative serene
Serene Contemplation in Celestial Harmony,Relaxing Morning Music,Expedition of Silence,2023-08-13,6S7IHUfdNeFIOdrQQfvNp4,https://open.spotify.com/track/6S7IHUfdNeFIOdrQQfvNp4,reflective contemplative serene
Serene Echoes of Solitude,Neoclassical New Age Movement,10 Slow Piano Sonatas: Hauntingly Beautiful Classical Piano Music,2023-11-13,0MB3B5wnOZESo5DmARkfUS,https://open.spotify.com/track/0MB3B5wnOZESo5DmARkfUS,reflective contemplative serene
"Musical Ambient Melodies for Peaceful Thoughts, Pt. 30",Ultimate Massage Music Ensemble,Relaxing Massage Music,2022-08-05,2SE6xAk4i2e7PeWyPT6bfy,https://open.spotify.com/track/2SE6xAk4i2e7PeWyPT6bfy,reflective contemplative serene
Awareness,Quiet Quest,"Ambient Music for Studying, Vol. 1",2022-11-11,0OU0NrsMPzCyiHm2GYNzfw,https://open.spotify.com/track/0OU0NrsMPzCyiHm2GYNzfw,reflective contemplative serene
Gentle Jazz for Serene Reflection,Quiet Jazz Music,Quiet Jazz Vibes for Late Night Chill,2024-10-24,7eKptK9ZXMokh8UcEtVfvf,https://open.spotify.com/track/7eKptK9ZXMokh8UcEtVfvf,reflective contemplative serene
Serene Thoughts,Ambient Lucas,Zenith,2023-09-27,1ae3Jky36YBzpT02GBZae4,https://open.spotify.com/track/1ae3Jky36YBzpT02GBZae4,reflective contemplative serene
Reflecting Space,Universal Balance,Reflecting Space,2020-09-28,6jSYCmSLDyXW5Hvd4M2H7z,https://open.spotify.com/track/6jSYCmSLDyXW5Hvd4M2H7z,reflective contemplative serene
Nurturing Reflective Wisdom,Instrumental Piano Universe,Processing Passages,2024-11-22,4PPmwjB6ygyEcPmzzzHy0Q,https://open.spotify.com/track/4PPmwjB6ygyEcPmzzzHy0Q,reflective contemplative serene
Instrumental Relaxation,Buddha Sayings,"50 Meditation Master: Background Calming Songs, Relaxing Music for Chanting",2018-05-18,4G4SZqZ79obttt4D9jMzQL,https://open.spotify.com/track/4G4SZqZ79obttt4D9jMzQL,reflective contemplative serene
Serenity Falls,Instrumental,"Soothing Music for Relaxation, Meditation Music, Yoga Music, Sleeping Music, Studying Music and Relaxing Piano for Massage Therapy Spa Music",2017-03-29,6ADwpUiiEiAblvG5gfyt9A,https://open.spotify.com/track/6ADwpUiiEiAblvG5gfyt9A,reflective contemplative serene
Gentle Reflections,Guitar Music,Mediterranean Strings: Relaxing Guitar Music,2024-08-09,1RLErZANL9VZ6fTllmU6Wm,https://open.spotify.com/track/1RLErZANL9VZ6fTllmU6Wm,reflective contemplative serene
Ambient Music for Therapy,Massage Spa Academy,"Music for Massage: 111 Serenity Relaxing Spa Tracks, Reiki Healing Music and Nature Meditation Songs",2016-03-08,1mZXCRvQada9Gt6qrfQnbY,https://open.spotify.com/track/1mZXCRvQada9Gt6qrfQnbY,reflective contemplative serene
Serene Dreams (Relaxing Meditation Piano),Zen Natural Sounds,"Healing Nature Sounds: Relaxing Time for Mindfulness Meditation, Serenity Music, Ocean Waves, Birds",2017-02-01,69z8K4RHnr5eg4KTB2OOT1,https://open.spotify.com/track/69z8K4RHnr5eg4KTB2OOT1,reflective contemplative serene
Reflections,David Arkenstone,Nature & Music: Healing Waters,2006-04-15,7HPbYQj15DVoOSk7eVTDu1,https://open.spotify.com/track/7HPbYQj15DVoOSk7eVTDu1,reflective contemplative serene
Serenity - Americana instrumental with songbirds,The Spiritwood Music Northwoods Ensemble,Cabin Serenity,2007-01-30,0JsNKGLRLGBYRreAsUhpxQ,https://open.spotify.com/track/0JsNKGLRLGBYRreAsUhpxQ,reflective contemplative serene
Spa Escape,Ambientalism,Blissful Serenades,2021-07-07,0JworWC6eGOB7KmnOni3a5,https://open.spotify.com/track/0JworWC6eGOB7KmnOni3a5,reflective contemplative serene
Reflection,Streaming Waves,Sea Sounds for Meditation,2022-08-03,5h7YD8VINdI4PYpg1G3UPw,https://open.spotify.com/track/5h7YD8VINdI4PYpg1G3UPw,reflective contemplative serene
Serenity in Air,Binural Healers,The Art of Meditation: Music for Positive Thoughts and Pleasant Life,2020-02-20,1t6jNR4O5WNVuymkiAZrb2,https://open.spotify.com/track/1t6jNR4O5WNVuymkiAZrb2,reflective contemplative serene
Reflection (Instrumental),Cold Weather Company,A Folded Letter (Instrumental),2017-02-16,64VaMFxPlFcowqnMk9kPKj,https://open.spotify.com/track/64VaMFxPlFcowqnMk9kPKj,reflective contemplative serene
Serene Reflections,Asian Flute Music Oasis,"Seon Meditation: Korean Healing Music, Asian Flute, Mindfulness",2020-10-16,7swlJs8pkM8bhRsHZ4yT0e,https://open.spotify.com/track/7swlJs8pkM8bhRsHZ4yT0e,reflective contemplative serene
Serenity - Healing Ambient Music,Moody Time,"Relaxing Music - Songs and Lullabies to Help You Relax, Sleep and Meditate",2010-09-15,5jwZys3CObnTgs0g749AUx,https://open.spotify.com/track/5jwZys3CObnTgs0g749AUx,reflective contemplative serene
Serene Reflections,Work & Jazz,Rhythm of the Heart,2025-02-26,1964akgxCuB0lp31YADvWE,https://open.spotify.com/track/1964akgxCuB0lp31YADvWE,reflective contemplative serene
Tranquil Rainfall Serenity: Serenade of Piano Reflections for Restful Slumber,Sleepy Rainy Ambience ASMR,Harmonious Rainy Night Serenade: Gentle Rainfall and Soothing Piano Melodies for Kids' Sleepy Bliss,2023-05-21,2K1ukxqzG5IoopRNSIJ40x,https://open.spotify.com/track/2K1ukxqzG5IoopRNSIJ40x,reflective contemplative serene
Serene Reflections - Meditation,Dreamcloud Haze,Serene Reflections,2024-07-17,5G656zvLtFu0VqUYSthYEA,https://open.spotify.com/track/5G656zvLtFu0VqUYSthYEA,reflective contemplative serene
Reflective Moment,Jaylen Sharise,Soothing Sleep,2024-04-19,0jIX3pnWPRCQYNCXQE98qP,https://open.spotify.com/track/0jIX3pnWPRCQYNCXQE98qP,reflective contemplative serene
Serene Reflections,Bossa Nova Jazz Cafe,Saudade Breeze,2025-06-06,2MEDexXKQYAWvmE3eDgg0x,https://open.spotify.com/track/2MEDexXKQYAWvmE3eDgg0x,reflective contemplative serene
Reflection,Yoga,Ambient Yoga Class,2016-01-06,52ZPBgs4OXClTUNvUKkHq6,https://open.spotify.com/track/52ZPBgs4OXClTUNvUKkHq6,reflective contemplative serene
a state of serenity,dream reflections,a state of serenity,2024-02-28,4sqhuEF5pTjSCu4AMkToT2,https://open.spotify.com/track/4sqhuEF5pTjSCu4AMkToT2,reflective contemplative serene
Quiet Ambient Space for Relaxation and Meditation,Ricky Trye,"Ambient Piano Meditations: Calm Music for Introspection, Rest and Relaxation",2021-01-21,6KMm1CPvwebE7F1zrdyweo,https://open.spotify.com/track/6KMm1CPvwebE7F1zrdyweo,reflective contemplative serene
Serene Memory,Spiritloom,Whispers of the Undiscovered,2018-09-02,4xJLZUxqA17QTpkIWRiPHS,https://open.spotify.com/track/4xJLZUxqA17QTpkIWRiPHS,reflective contemplative serene
Reflection,Spa,"Spa Music For Relaxation, Wellness, Yoga and Meditation",2018-04-18,4wGbXpeY9Cfumayf5bCGh3,https://open.spotify.com/track/4wGbXpeY9Cfumayf5bCGh3,reflective contemplative serene
Serene Resort,Instrumental Coffeehouse Jazz,Coffeehouse Jazz,2025-01-27,15RJh5vRH54FG9DVG2emEO,https://open.spotify.com/track/15RJh5vRH54FG9DVG2emEO,reflective contemplative serene
Cozy Reflections,Guitar Music,Mediterranean Strings: Relaxing Guitar Music,2024-08-09,6xkFu84YrEH3wBf6IWaA7y,https://open.spotify.com/track/6xkFu84YrEH3wBf6IWaA7y,reflective contemplative serene
Ambient Song for Soundscape,Indigo Flower,Zen Music for Zen Meditation - Musique Zen,2010-09-15,3GAgaOwUuzTo57JpPkUCp8,https://open.spotify.com/track/3GAgaOwUuzTo57JpPkUCp8,reflective contemplative serene
Serene Depths of Focus,Relaxing Guitar Crew,Calm Jazz for Focus and Flow,2025-10-29,6jnrXvgKvFgR084Cn0i11J,https://open.spotify.com/track/6jnrXvgKvFgR084Cn0i11J,reflective contemplative serene
Serene Piano - Ambient Music,Moon Tunes,Deep Sleep Trance,2023-09-03,59ID32zOQBUSRpYtnuA5P6,https://open.spotify.com/track/59ID32zOQBUSRpYtnuA5P6,reflective contemplative serene
Time Reflection,Tranquility: Music United With Nature,Time Reflection,2012-08-30,6N5SZY4nLxRpyr0MIsVkYD,https://open.spotify.com/track/6N5SZY4nLxRpyr0MIsVkYD,reflective contemplative serene
Background Instrumental Music,Native American Nature,Native American Meditations: Ambient Flute Music for Healing,2022-05-09,6Fy04Y8fbpJPzOJpYImFB9,https://open.spotify.com/track/6Fy04Y8fbpJPzOJpYImFB9,reflective contemplative serene
Ambient,Pure Awareness,Relax Your Gut: Really Soothing Sounds to Calm an Upset Stomach,2022-05-18,4whDuLKfbmuvGALZtvv3TZ,https://open.spotify.com/track/4whDuLKfbmuvGALZtvv3TZ,reflective contemplative serene
Reflection,Ambient Space,Atmospheric Piano,2021-05-06,0nJfkKYqgbDpbVVTfSQx75,https://open.spotify.com/track/0nJfkKYqgbDpbVVTfSQx75,reflective contemplative serene
Reflection,Ambient,Ambient Retreat,2015-12-27,7dNNWeeh0BrQqwqjLIADPL,https://open.spotify.com/track/7dNNWeeh0BrQqwqjLIADPL,reflective contemplative serene
Reflective Resonance,Serenity Spa Music Relaxation,The Art of Calm,2025-02-12,6RxGxEp49ZCKypEVCb2uJ5,https://open.spotify.com/track/6RxGxEp49ZCKypEVCb2uJ5,reflective contemplative serene
Reflective Serenade,Relaxing Piano Crew,Chill Morning Piano: Relaxing Music to Set a Peaceful Tone,2023-07-17,2LpH2dzp4qyfVKQrkxGOQA,https://open.spotify.com/track/2LpH2dzp4qyfVKQrkxGOQA,reflective contemplative serene
Ambient Moments of Reflection,Meditation Zone,Gentle Whispers of Solitude (Relaxing Meditation Music),2024-01-24,7g74TeuvosJPfcXa4NVUDL,https://open.spotify.com/track/7g74TeuvosJPfcXa4NVUDL,reflective contemplative serene
Quiet Jazz Reflections,Instrumental Jazz Música Ambiental,Jazzy Lo Fi Beats Lounge Music Jingles (Instrumental),2025-07-18,2NmLSdTnpkqoAYDiH4n9iP,https://open.spotify.com/track/2NmLSdTnpkqoAYDiH4n9iP,reflective contemplative serene
Reflection,Chill Musik Maestro,"Chillout Instrumental Music 2020, Relax with Chill & Nature Sounds",2020-02-21,6C0zRDXDnK7BOttfjUZlkU,https://open.spotify.com/track/6C0zRDXDnK7BOttfjUZlkU,reflective contemplative serene
Reflective Moment,Bob Bradley,Reflective Observational,2013-01-29,03KrHrlJsKw2Timi0hO7i5,https://open.spotify.com/track/03KrHrlJsKw2Timi0hO7i5,reflective contemplative serene
Serenity Spa Ambient,Sound of Nature Library,"Music for Happiness, Success & Peacefulness 30 – Enjoy the Journey to Find Something Positive, Your Personal Destiny",2018-01-11,6ELEyEM4BLe6X13htNKfN0,https://open.spotify.com/track/6ELEyEM4BLe6X13htNKfN0,reflective contemplative serene
Calm Reflections,Ethereal Drifters,Lunar Lullabies: Peaceful Sleep Meditation,2023-10-16,2QeCEcbh9JeR40PCUA40zD,https://open.spotify.com/track/2QeCEcbh9JeR40PCUA40zD,reflective contemplative serene
Reflections,Calm Music for Studying,"Calm Music For Studying - Study Music With Nature Sounds, River Stream Sounds, Ocean Waves and Sounds of Nature",2010-09-15,01AWSOy2a6VK0KnqoZC9rD,https://open.spotify.com/track/01AWSOy2a6VK0KnqoZC9rD,reflective contemplative serene
Serene Fjord Reflections,Relaxing Piano Crew,FIKA: Cozy Scandinavian Cafe Jazz,2024-04-15,26nUxNl1GyHIdi0mtyGgoy,https://open.spotify.com/track/26nUxNl1GyHIdi0mtyGgoy,reflective contemplative serene
Ethereal Bliss,Plant Music,Serene Reflections,2021-07-07,6R8vGfkrrA9oAXSSDfNVs1,https://open.spotify.com/track/6R8vGfkrrA9oAXSSDfNVs1,reflective contemplative serene
Serenity (Wellness Music),Echo Fields,Wellness Spa – 50 Relaxing Piano Music and Soft New Age Nature Music,2014-10-20,3rDTOtQvv3VF4mrwQ0367J,https://open.spotify.com/track/3rDTOtQvv3VF4mrwQ0367J,reflective contemplative serene
Reflective,Magnus Murel,Reflective,2020-05-15,2YkGU3JpjW3O1huLaGO3mu,https://open.spotify.com/track/2YkGU3JpjW3O1huLaGO3mu,reflective contemplative serene
Ambient Music - Guitar & Rain,Buddhism Academy,"50 Instrumental Tracks: Chill Out with Zen Music (Ambient Nature Sounds for Yoga Meditation, Relaxing Spa Massage and Sleep Oasis)",2017-03-15,4E6PYGMykTyWh6WyL08HXi,https://open.spotify.com/track/4E6PYGMykTyWh6WyL08HXi,reflective contemplative serene
Relaxing Natural Ambiences,Serenity Nature Sounds Academy,"111 Hypnotic Music for Lucid Dreams: Mindfulness & Self Hypnosis, REM Sleep Music Dream Cycle, Hypnotherapy, Pure Meditation Music Sessions",2016-09-19,6J9cDpm7XGGkIgVAmlfWr9,https://open.spotify.com/track/6J9cDpm7XGGkIgVAmlfWr9,reflective contemplative serene
Peaceful Reflection,Relaxing Music by Lullify,Sunset Glow,2023-03-16,21A8Mo1BX922gkI8ieogwF,https://open.spotify.com/track/21A8Mo1BX922gkI8ieogwF,reflective contemplative serene
Journey to Wholeness,Ambientalism,Blissful Serenades,2021-07-07,6Wr04EikCtdcy4s6Q7Krks,https://open.spotify.com/track/6Wr04EikCtdcy4s6Q7Krks,reflective contemplative serene
Meditation: Instrumental Music for Relaxation,Beauty Scene,Sounds of Tibet - 50 Relaxing Instrumental Songs with Japanese and Oriental,2016-03-31,3g2xg9AQIjTXQ0DNoouZyx,https://open.spotify.com/track/3g2xg9AQIjTXQ0DNoouZyx,reflective contemplative serene
Serene Reflections Glitter,Relaxing BGM Project,Piano Soothing the Stress Away,2023-08-31,12eEuFgtx5yr8FSF8IAFad,https://open.spotify.com/track/12eEuFgtx5yr8FSF8IAFad,reflective contemplative serene
Reflection,Ambient,Ambient Retreat,2015-12-27,7dNNWeeh0BrQqwqjLIADPL,https://open.spotify.com/track/7dNNWeeh0BrQqwqjLIADPL,reflective contemplative serene
Reflection,Musica Reiki,Instrumental Piano for Deep Relaxation,2018-10-15,2jOHKawpSvtyVhlC95aCrY,https://open.spotify.com/track/2jOHKawpSvtyVhlC95aCrY,reflective contemplative serene
Serenity - Healing Ambient Music,Moody Time,"Relaxing Music - Songs and Lullabies to Help You Relax, Sleep and Meditate",2010-09-15,5jwZys3CObnTgs0g749AUx,https://open.spotify.com/track/5jwZys3CObnTgs0g749AUx,reflective contemplative serene
Reflective Serenade,Relaxing Piano Crew,Chill Morning Piano: Relaxing Music to Set a Peaceful Tone,2023-07-17,2LpH2dzp4qyfVKQrkxGOQA,https://open.spotify.com/track/2LpH2dzp4qyfVKQrkxGOQA,reflective contemplative serene
Serenity Zen (Quiet Instrumental),Morning Routine Music,"Slow Morning Music – Quiet Instrumental Background Music with Nature Sounds for Relaxation, Piano, Harp, Flute for Daily Routine",2019-08-14,6xxhC4cDytsCHQUXvsoCZo,https://open.spotify.com/track/6xxhC4cDytsCHQUXvsoCZo,reflective contemplative serene
Tranquil Rainfall Serenity: Serenade of Piano Reflections for Restful Slumber,Sleepy Rainy Ambience ASMR,Harmonious Rainy Night Serenade: Gentle Rainfall and Soothing Piano Melodies for Kids' Sleepy Bliss,2023-05-21,2K1ukxqzG5IoopRNSIJ40x,https://open.spotify.com/track/2K1ukxqzG5IoopRNSIJ40x,reflective contemplative serene
Quiet Jazz Reflections,Instrumental Jazz Música Ambiental,Happy Jazz Lounge Lofi (Instrumental),2025-07-11,183AwwnG8lLVJCvAHF0hxH,https://open.spotify.com/track/183AwwnG8lLVJCvAHF0hxH,reflective contemplative serene
Ambient Serenity,Soothing Strings,Finger Painted Melodies: Instrumental Guitar Music,2024-09-27,3hwTLUtZPdWMqKzTDJK43m,https://open.spotify.com/track/3hwTLUtZPdWMqKzTDJK43m,reflective contemplative serene
Reflection,Chill Musik Maestro,"Chillout Instrumental Music 2020, Relax with Chill & Nature Sounds",2020-02-21,6C0zRDXDnK7BOttfjUZlkU,https://open.spotify.com/track/6C0zRDXDnK7BOttfjUZlkU,reflective contemplative serene
Serenity Spa Ambient,Sound of Nature Library,"Music for Happiness, Success & Peacefulness 30 – Enjoy the Journey to Find Something Positive, Your Personal Destiny",2018-01-11,6ELEyEM4BLe6X13htNKfN0,https://open.spotify.com/track/6ELEyEM4BLe6X13htNKfN0,reflective contemplative serene
Reflections,Calm Music for Studying,"Calm Music For Studying - Study Music With Nature Sounds, River Stream Sounds, Ocean Waves and Sounds of Nature",2010-09-15,01AWSOy2a6VK0KnqoZC9rD,https://open.spotify.com/track/01AWSOy2a6VK0KnqoZC9rD,reflective contemplative serene
Serene Fjord Reflections,Relaxing Piano Crew,FIKA: Cozy Scandinavian Cafe Jazz,2024-04-15,26nUxNl1GyHIdi0mtyGgoy,https://open.spotify.com/track/26nUxNl1GyHIdi0mtyGgoy,reflective contemplative serene
Reflection,Liquid Memoirs,Ambient Essentials,2019-06-20,75XfDMjCPD8eh0OLJfHtRq,https://open.spotify.com/track/75XfDMjCPD8eh0OLJfHtRq,reflective contemplative serene
Reflective,Magnus Murel,Reflective,2020-05-15,2YkGU3JpjW3O1huLaGO3mu,https://open.spotify.com/track/2YkGU3JpjW3O1huLaGO3mu,reflective contemplative serene
Serenity,The Deep Sleep Scientists,Serenity,2020-09-16,5piCtANzkMZ9Kou6VOdw1F,https://open.spotify.com/track/5piCtANzkMZ9Kou6VOdw1F,reflective contemplative serene
Serene Depths of Focus,Relaxing Guitar Crew,Calm Jazz for Focus and Flow,2025-10-29,6jnrXvgKvFgR084Cn0i11J,https://open.spotify.com/track/6jnrXvgKvFgR084Cn0i11J,reflective contemplative serene
Deep Reflections,Restaurant Background Music Academy,"Great Classical Piano Jazz - Calm Evening, Romantic Time, In the Perfect Mood, Cafe Restaurant Background Music",2018-07-03,5n9oKz00jBzltaq1EgBkIh,https://open.spotify.com/track/5n9oKz00jBzltaq1EgBkIh,reflective contemplative serene
Natural Serenity,Emotional Healing Intrumental Academy,"Buddhist Instrumental Songs for Inner Healing – Tibetan Singing Bowls, Bells. Gongs & Flute, Ambient Nature Sounds",2017-04-24,63X54qdAK8kEv92isHR1QV,https://open.spotify.com/track/63X54qdAK8kEv92isHR1QV,reflective contemplative serene
Soft Sunrise,Quiet Piano Reflections,"Music for Meditation, Vol. 2: Awakening",2012-04-23,4qJeXwDIwY3MAjuBWFZvuU,https://open.spotify.com/track/4qJeXwDIwY3MAjuBWFZvuU,reflective contemplative serene
Reflection,Ambient Space,Atmospheric Piano,2021-05-06,0nJfkKYqgbDpbVVTfSQx75,https://open.spotify.com/track/0nJfkKYqgbDpbVVTfSQx75,reflective contemplative serene
Reflective Resonance,Serenity Spa Music Relaxation,The Art of Calm,2025-02-12,6RxGxEp49ZCKypEVCb2uJ5,https://open.spotify.com/track/6RxGxEp49ZCKypEVCb2uJ5,reflective contemplative serene
Contemplative Meditative Gentle,Meditation Ambience,Serene Melodic Waves,2024-06-11,1HUMqmmFVTXz0lDrOUog4V,https://open.spotify.com/track/1HUMqmmFVTXz0lDrOUog4V,reflective contemplative serene
Serene Reflections,Piano Music Oasis,Serene Drift: Piano Study Playlist,2025-06-27,6JvKWpjg6nWsAiiO5MkBm9,https://open.spotify.com/track/6JvKWpjg6nWsAiiO5MkBm9,reflective contemplative serene
Serene Rainfall Harmony: Tender Piano Reflections for Restful Slumber,Sleepy Rainy Ambience ASMR,Harmonious Rainy Night Serenade: Gentle Rainfall and Soothing Piano Melodies for Kids' Sleepy Bliss,2023-05-21,0NjGiyJfjKJgJdrUJMO90p,https://open.spotify.com/track/0NjGiyJfjKJgJdrUJMO90p,reflective contemplative serene
Peaceful Reflections - Relaxing Ambient Music,Reading Music Company,Chakra Balance,2024-04-05,0gQmfPuy5O84Vlo02JHSNY,https://open.spotify.com/track/0gQmfPuy5O84Vlo02JHSNY,reflective contemplative serene
Reflections and Echoes,Arielle Reve,Meditations in the Natural World: Calm Music for Relaxation and Focus,2020-04-25,4NpBdqXyKnrMmd3EWRlHq7,https://open.spotify.com/track/4NpBdqXyKnrMmd3EWRlHq7,reflective contemplative serene
Reflections,Jazz Instrumental Relax Center,"Jewish Jazz Relax - Instrumental Music, Jazz Background, Beautiful Music for Easy Listening, Smooth Lounge Jazz",2018-02-08,0FdTsuD1LyuhAOBKoTwb0r,https://open.spotify.com/track/0FdTsuD1LyuhAOBKoTwb0r,reflective contemplative serene
Reflections - Ambient Mix,Winslow,Ambient Mixes 1,2018-12-28,3YFZQPnR7FJFw05azstG3E,https://open.spotify.com/track/3YFZQPnR7FJFw05azstG3E,reflective contemplative serene
Serene Jazz Melodies,Fun Instrumental Jazz Music,"Fun Instrumental Jazz Music, Vol. 2",2023-05-31,05Bm59dkOmwOtqE6QGfvU5,https://open.spotify.com/track/05Bm59dkOmwOtqE6QGfvU5,reflective contemplative serene
Calm Reflections,Ethereal Drifters,Lunar Lullabies: Peaceful Sleep Meditation,2023-10-16,2QeCEcbh9JeR40PCUA40zD,https://open.spotify.com/track/2QeCEcbh9JeR40PCUA40zD,reflective contemplative serene
Serenity (Piano Music),Sleep & Dream Music Academy,"Quieten the Mind – Peaceful Music to Deep Sleep, Cure for Insomnia, Healing Sounds for Relaxation",2016-03-03,70alF9IzumnnGd4W8b8I7N,https://open.spotify.com/track/70alF9IzumnnGd4W8b8I7N,reflective contemplative serene
Serene Reflections in Puddles,Hugo Focus,Let’s Spend a Rainy Day Listening to Jazz,2025-09-26,44IgHRwm2vG2i89YWJzz58,https://open.spotify.com/track/44IgHRwm2vG2i89YWJzz58,reflective contemplative serene
Serene Sunset,Relaxing Piano Music,Moonlit Notes: Calm Piano Instrumentals,2025-06-20,7L50qaSV1r3pQF5U3RQeam,https://open.spotify.com/track/7L50qaSV1r3pQF5U3RQeam,reflective contemplative serene
Reflection,The O'Neill Brothers Group,Instrumental Birthday Party Songs for Little Girls,2013-06-11,6i7cYiGGh2ShPcunMmdlCj,https://open.spotify.com/track/6i7cYiGGh2ShPcunMmdlCj,reflective contemplative serene
Introspection,Quiet Piano Reflections,"Music for Meditation, Vol. 3: Peace",2013-05-08,2W19xqnT0u5aTFmNr4o73t,https://open.spotify.com/track/2W19xqnT0u5aTFmNr4o73t,reflective contemplative serene
Reflections 4,Peter Godfrey,"Peter Godfrey, Vol. 4",2018-07-04,7lTmG7PUzuZuCEpaAXF9ZD,https://open.spotify.com/track/7lTmG7PUzuZuCEpaAXF9ZD,reflective contemplative serene
Serene,Quiet Quest,Relaxing Ambient Music for Deep Focus & Work,2025-07-04,4er7KfLXVhvmf71iumx0Xf,https://open.spotify.com/track/4er7KfLXVhvmf71iumx0Xf,reflective contemplative serene
reflect,Oceanic Voices,reflect,2023-12-01,1h8dnUDCwn0lytvqsoZys8,https://open.spotify.com/track/1h8dnUDCwn0lytvqsoZys8,reflective contemplative serene
Serenflow,Yoga Music,10 Contemplations: Notes from the Unfolding,2025-06-29,5SCTTYqk61n0xSk8qF0FPF,https://open.spotify.com/track/5SCTTYqk61n0xSk8qF0FPF,reflective contemplative serene
Serene Reflections,Harmony Ensemble,Calm Contemplation,2024-08-09,59v7JRHWUaCV0bXUUXYa2m,https://open.spotify.com/track/59v7JRHWUaCV0bXUUXYa2m,reflective contemplative serene
Ambient Music for Meditation,Meditasyon Enstrümental,Meditation Music Collection 50 - Meditation Music and Relaxing Meditation Songs,2015-08-24,6idzPFAWQjuXxxaEP7y5uc,https://open.spotify.com/track/6idzPFAWQjuXxxaEP7y5uc,reflective contemplative serene
Serene Mist,Heaven on Earth Instrumental Universe,"Angelic Realm - Deeply Soothing Songs for Mindfulness Meditation, Reiki, Spiritual Healing, Yoga, Deep Sleep",2018-07-23,565OvdkEup1vdf9Tq04TCw,https://open.spotify.com/track/565OvdkEup1vdf9Tq04TCw,reflective contemplative serene
Serene Forecast,Miguel d'Oliveira,Reflective Atmospheric Scoring,2022-11-09,2YZ9D39qXuwcSxoHatewRN,https://open.spotify.com/track/2YZ9D39qXuwcSxoHatewRN,reflective contemplative serene
Serene Ambient,Healing Rain Sound Academy,"Rainfall: Soothing Music, Sleep & Relaxation",2019-10-11,0iEFsEshY1aastCICJc8Le,https://open.spotify.com/track/0iEFsEshY1aastCICJc8Le,reflective contemplative serene
Reflections,Tomasz Mreńca,Echo,2021-04-12,295vto1sg5rNReMbH1vm3I,https://open.spotify.com/track/295vto1sg5rNReMbH1vm3I,reflective contemplative serene
Daily Reflections,Oriental Music Zone,"Indian Meditation Music Collection – Instrumental for Pure Positive Vibes, Chinese Healing Flute & Oriental Traditional Sounds",2017-08-21,4BiESi9Kit07dMGWuawDcd,https://open.spotify.com/track/4BiESi9Kit07dMGWuawDcd,reflective contemplative serene
Peaceful Reflections,Reiki Music to Sleep,Tranquil Serenity (Relaxing meditation music),2024-01-24,3ORtDBo0Gf3hmO2g4XX4Uc,https://open.spotify.com/track/3ORtDBo0Gf3hmO2g4XX4Uc,reflective contemplative serene
Reflection,Sad Piano and Violin,Powerful Emotive Instrumental Music,2021-12-14,5CRm5bUXRjpU4T1BOv5AM1,https://open.spotify.com/track/5CRm5bUXRjpU4T1BOv5AM1,reflective contemplative serene
Serene Ocean Sounds,Silent Meditation Zone,"Stress & Anxiety Clinic: Nature Music for Better Relaxation, Meditation & Sleep",2019-06-27,0xh1LyzlJ98HUbqcKk5B7A,https://open.spotify.com/track/0xh1LyzlJ98HUbqcKk5B7A,reflective contemplative serene
Ambient Nature Motivations,Calming Music Ensemble,"111 Zen Power Tracks: Music for Yoga, Pilates and Tai-Chi (Nature Sounds, Ocean Waves, Birds in Garden and Forest, Water Ambient, Oriental Flute, Calming New Age)",2016-12-30,3yOjV0LtrEm8aZP3bM7KNc,https://open.spotify.com/track/3yOjV0LtrEm8aZP3bM7KNc,reflective contemplative serene
Dreaming Reflections Space & Pad Atmosphere,Yoga Music Zone,Healing Nature Sounds: 50 Tracks for Release of Tension - Earth Meditation and Relaxing Music for Peaceful Mind,2016-12-02,44PmCW08UZzgHibSRQ0rfG,https://open.spotify.com/track/44PmCW08UZzgHibSRQ0rfG,reflective contemplative serene
Reflecting Pool,New Classical Instrumental,Piano Music,2011-03-08,6HO8hpTrDC23cAYoDrH7T4,https://open.spotify.com/track/6HO8hpTrDC23cAYoDrH7T4,reflective contemplative serene
Serene - Instrumental,Clyde Lewis,The Eden Project (Instrumental),2023-01-06,5VEmeKjLO1bpQ0bqpPdcdy,https://open.spotify.com/track/5VEmeKjLO1bpQ0bqpPdcdy,reflective contemplative serene
Cascading Reflections,Rain Fruits Sounds,10 Hours Gentle Night Rain,2023-08-29,4goNUAw3IGm952w61yl3VX,https://open.spotify.com/track/4goNUAw3IGm952w61yl3VX,reflective contemplative serene
Chill Instrumental,Miami Chill Music Ensemble,Ambient Relaxation Chill Music Cool Instrumental Songs for Chilling Out,2020-11-11,1VTB33dnY01cLxItKfMYr4,https://open.spotify.com/track/1VTB33dnY01cLxItKfMYr4,reflective contemplative serene
Flowing Dreamscape,Ambientalism,Blissful Serenades,2021-07-07,3mNC8sICPOthtjWZ13uxzE,https://open.spotify.com/track/3mNC8sICPOthtjWZ13uxzE,reflective contemplative serene
Serene Rolling,Happy Instrumental Piano,Uplifting Instrumental Piano,2025-01-13,5fyS5m5lcwgmhdmve1auz5,https://open.spotify.com/track/5fyS5m5lcwgmhdmve1auz5,reflective contemplative serene
Reflecting - Deep Space Mix,Richard Bonnée,Reflecting Soundscapes,2016-08-19,0r08TcRMyW7SFkDSAKLH1a,https://open.spotify.com/track/0r08TcRMyW7SFkDSAKLH1a,reflective contemplative serene
Serene,SleepTherapy,Serene,2021-08-18,48qdJl2URXo5G1o0s0tItW,https://open.spotify.com/track/48qdJl2URXo5G1o0s0tItW,reflective contemplative serene
Serene Reflection,Solara Dawn,! ! ! ! ! ! ! ! A Natural Spa: Calming Atmospheres ! ! ! ! ! ! ! !,2021-08-17,1pYBypiwZIsHA30Cq4A4pV,https://open.spotify.com/track/1pYBypiwZIsHA30Cq4A4pV,reflective contemplative serene
Today's Reflection,Spa Music Hour,1 Hour of Calming Zen Soundscape,2020-12-07,41BOFvGcno6accPyvLhL3z,https://open.spotify.com/track/41BOFvGcno6accPyvLhL3z,reflective contemplative serene
Serene Celtic Ambient,Greatest Kids Lullabies Land,"Fairytale Music for Kids: Background to Read Fairy Bales, Play with Children, Lullabies to Sleep",2020-07-11,3biWWOPElgIHd7doySv1oC,https://open.spotify.com/track/3biWWOPElgIHd7doySv1oC,reflective contemplative serene
Reflective Peace,Piano University,Piano Serenity,2024-07-05,2TeofkPyCCz7hJYBEhv5Uz,https://open.spotify.com/track/2TeofkPyCCz7hJYBEhv5Uz,reflective contemplative serene
Peaceful Instrumental Background Music,Academy of Increasing Power of Brain,"Serenity Spa Music Relaxation, Zen Meditation – 50 Healing Nature Sounds for Wellness Center, Mindfulness & Brain Stimulation, Sleep Therapy, Massage, Beauty, Yoga, Deep Sleep Inducing & Well Being",2015-10-08,6z9fBydXddqtnVqGptAsJi,https://open.spotify.com/track/6z9fBydXddqtnVqGptAsJi,reflective contemplative serene
Serene Reflections,Moments,Enchanted,2024-08-16,5esqEegcW16JpMuZSbGaz5,https://open.spotify.com/track/5esqEegcW16JpMuZSbGaz5,reflective contemplative serene
Dreamy Raindrops Reverie: Serenade of Piano Reflections for Restful Sleep,Sleepy Rainy Ambience ASMR,Harmonious Rainy Night Serenade: Gentle Rainfall and Soothing Piano Melodies for Kids' Sleepy Bliss,2023-05-21,1ktSQgbOmkvS5vrXsJ9lW0,https://open.spotify.com/track/1ktSQgbOmkvS5vrXsJ9lW0,reflective contemplative serene
Reflection of Time,Earth Essence,Guitar Music: Easy Listening New Age Instrumental Guitar Background Music,2014-11-30,3VInTEtRFfuiO9sadtItKU,https://open.spotify.com/track/3VInTEtRFfuiO9sadtItKU,reflective contemplative serene
Reflection (Instrumental Version),Kids Party Music Players,Disney Songs for Party and Playtime - Guitar,2018-07-26,1iCCdDqP2ANRIRuRiV2r7d,https://open.spotify.com/track/1iCCdDqP2ANRIRuRiV2r7d,reflective contemplative serene
Ambient Dreaming,"Positive Thinking: Music To Develop A Complete Meditation Mindset For Yoga, Deep Sleep",Positive Thinking with Yoga Music,2015-12-30,6sZfQ77EEYdPiwSZAySpJ9,https://open.spotify.com/track/6sZfQ77EEYdPiwSZAySpJ9,reflective contemplative serene
Evening Reflections (with Canyon Sound),Nature Sounds & Music Library,Wake Up Gentle - Morning Awakening,2021-04-10,3YNNutylZtETOYlGSNARv9,https://open.spotify.com/track/3YNNutylZtETOYlGSNARv9,reflective contemplative serene
Serenity Soundscape: Ambient Music for Mindfulness - Relaxing Ambient Music,Oriental Meditation Music Academy,Reflections of Stillness,2024-04-05,74zyegqAtBavrqrtKenqrf,https://open.spotify.com/track/74zyegqAtBavrqrtKenqrf,reflective contemplative serene
Serene Arrival,Piano Calm,Serene Awakening,2024-02-12,1EmaSphy7XcYJKwUFnTHXJ,https://open.spotify.com/track/1EmaSphy7XcYJKwUFnTHXJ,reflective contemplative serene
Serene,Zaid Al-Nayazi,Behind These Eyes,2020-10-28,3jkhAOmvWBX1pRiMugdXjg,https://open.spotify.com/track/3jkhAOmvWBX1pRiMugdXjg,reflective contemplative serene
Reflective Meditation,Relaxing Sounds,Reflective Meditation,2024-06-20,5aq1nGAgRAOmDcBPSxYySU,https://open.spotify.com/track/5aq1nGAgRAOmDcBPSxYySU,reflective contemplative serene
Ambient Background Music For Concentration,Powerthoughts Meditation Club,"Spa Meditation: Soothing Music For Spa, Massage, Meditation, Yoga, Focus, Concentration, Mindfulness, Stress Relief, Anxiety, Deep Sleep Aid, Healing and Wellness",2020-03-05,0mM8OcTTaqjyHP39kFFn02,https://open.spotify.com/track/0mM8OcTTaqjyHP39kFFn02,reflective contemplative serene
Serene Reflections,H.1,Tales from the Mystic Woods,2025-04-03,3pEoWZMA7rAR84Xwe6nG4c,https://open.spotify.com/track/3pEoWZMA7rAR84Xwe6nG4c,reflective contemplative serene
Calming Serenade,Relaxing Therapy Sounds,Sleepy Harp,2022-06-05,62YK4zBupdW5s3xm8SULYR,https://open.spotify.com/track/62YK4zBupdW5s3xm8SULYR,reflective contemplative serene
Reflection,Motohiro Nakashima,Reflection,2021-11-05,5AkzIgFdM03XS2ySkisYTJ,https://open.spotify.com/track/5AkzIgFdM03XS2ySkisYTJ,reflective contemplative serene
Quiet Reflections,Relaxing Piano Music,Moonlit Notes: Calm Piano Instrumentals,2025-06-20,077Z3qP65SQNTTv1WBPMcq,https://open.spotify.com/track/077Z3qP65SQNTTv1WBPMcq,reflective contemplative serene
Reflection,Peaceful Ambient,Calm Concentration,2022-10-30,5ZkVqVwQAuGMMGczyMFzIg,https://open.spotify.com/track/5ZkVqVwQAuGMMGczyMFzIg,reflective contemplative serene
Meditate (Soft Instrumental Music),Meditation Relax Club,Ambient Music Therapy: Healing Music Sound Therapy for Relax and Chakra,2013-11-11,4b4WaXxQ8KN79JuaU3yCEb,https://open.spotify.com/track/4b4WaXxQ8KN79JuaU3yCEb,reflective contemplative serene
Serenity Soundscapes for Peaceful Meditation and Reflection,Baltic Nature Sounds,963Hz: Transcendence Through Sound,2025-03-14,6Pe3IMAhCAYR6SV6GCHWJO,https://open.spotify.com/track/6Pe3IMAhCAYR6SV6GCHWJO,reflective contemplative serene
Serene Reflections,Smooth Jazz Band,Azure Smooth: Smooth Jazz Collection,2025-06-27,3ZZbhVlVjvtGgsuFO2AekM,https://open.spotify.com/track/3ZZbhVlVjvtGgsuFO2AekM,reflective contemplative serene
Serenity's Serenade: Ambient Music for Stress Relief - Relaxing Ambient Music,Oriental Meditation Music Academy,Reflections of Stillness,2024-04-05,5MQ5gZCZWKk3cI2Mp4aRFg,https://open.spotify.com/track/5MQ5gZCZWKk3cI2Mp4aRFg,reflective contemplative serene
Instrumental (Meditation Music),Instrumental,"Instrumental Music: Calm Guitar Music for Relaxation, Spa, Studying, Sleeping, Yoga, Meditation and Sleeping",2017-05-26,3la16q9TUcDro5EyRxMOTZ,https://open.spotify.com/track/3la16q9TUcDro5EyRxMOTZ,reflective contemplative serene
Reflections On a Cloudy Day,Relaxing Piano Music Consort,"Relaxation Time (Relaxing, Calming, Classical Music to Relieve Stress and Heal Pain)",2013-03-19,2YG6BujwNuXqmUF6bI8Re3,https://open.spotify.com/track/2YG6BujwNuXqmUF6bI8Re3,reflective contemplative serene
Reflections,Alan Young,Paradise - Cafe Style Instrumentals - Relaxing & Uplifting,2009-09-16,2AdWIACvJwP0FUxRLjAtPu,https://open.spotify.com/track/2AdWIACvJwP0FUxRLjAtPu,reflective contemplative serene
Serenade,Piano Jane,Reflections,2021-02-17,1ydbm2MaLl4Br8YkXgaL7j,https://open.spotify.com/track/1ydbm2MaLl4Br8YkXgaL7j,reflective contemplative serene
Serenity,Peace Music,Peace,2022-06-10,4LtugaKazbvHU82Pk5yPZ6,https://open.spotify.com/track/4LtugaKazbvHU82Pk5yPZ6,reflective contemplative serene
Evening Reflections,Native Classical Sounds,"Native American Flute & Nature Sounds – Rain, Ocean Waves, Mountains Wind, Campfire, Gentle Birds, Forest, Stream Tribal Drums",2017-08-29,0EKlnoDGsGfPalEN102osP,https://open.spotify.com/track/0EKlnoDGsGfPalEN102osP,reflective contemplative serene
Serenity (Sleep Sounds),Mental Detox Series,"Relaxation: Relaxing Guitar Nature Sounds Relaxation, Ambient Meditation Music",2012-05-31,5sUMHrz9tSeuH7shEhBvor,https://open.spotify.com/track/5sUMHrz9tSeuH7shEhBvor,reflective contemplative serene
Serenity Bath,Ambient Sol,Postcards,2022-03-18,3sh7jDscZzya6FPoVNV8Eq,https://open.spotify.com/track/3sh7jDscZzya6FPoVNV8Eq,reflective contemplative serene
Reflective Rainwave Musings,Sleep Fruits Music,Broken Sleep and Rain,2023-09-13,0zOhcVtcr9fbPr0n6tqWLo,https://open.spotify.com/track/0zOhcVtcr9fbPr0n6tqWLo,reflective contemplative serene
Serene Soundscapes,Massage Therapy Music,Floating Serenity: Massage Sounds,2024-11-06,0qNqaot56swgWZI4cOGzvu,https://open.spotify.com/track/0qNqaot56swgWZI4cOGzvu,reflective contemplative serene
Reflective,Piano Peace,Piano for Sleeping Babies,2018-03-13,5y5y44qsKw3HmVkLaSfMr8,https://open.spotify.com/track/5y5y44qsKw3HmVkLaSfMr8,reflective contemplative serene
Serene Mind,Deep Breathing Meditation,"Deep Breathing Meditation – Calm Background Music with Nature Sounds for Yoga, Tai-Chi, Reiki Healing Stress Relief, Asian Zen",2018-01-19,1hNsBHT7Lve5XNFIDCiqOJ,https://open.spotify.com/track/1hNsBHT7Lve5XNFIDCiqOJ,reflective contemplative serene
Ambient Noise,Zenith Sky,Elusive Serenade,2020-09-30,7DGddzYlSkdrI6mLeHe0aL,https://open.spotify.com/track/7DGddzYlSkdrI6mLeHe0aL,reflective contemplative serene
Serene Sounds,Sleeping Music Relaxing Sleep Music,Sleeping Music,2020-06-22,6NMed2NyNt8lQhKRBhx50V,https://open.spotify.com/track/6NMed2NyNt8lQhKRBhx50V,reflective contemplative serene
Serene Soundscape,Emilio Turner,Tranquil Night Melodies,2023-12-31,1Tt6BUoXMCaRZaQA6fiSip,https://open.spotify.com/track/1Tt6BUoXMCaRZaQA6fiSip,reflective contemplative serene
Serene Oceanic Reflections,Solara Enigma,Crystals of Time: Melodies of the Ethereal Universe,2019-03-11,0GD6JxYbeYkfVMG8aJavRl,https://open.spotify.com/track/0GD6JxYbeYkfVMG8aJavRl,reflective contemplative serene
Reflection,Peaceful Ambient,Calm Concentration,2022-10-30,5ZkVqVwQAuGMMGczyMFzIg,https://open.spotify.com/track/5ZkVqVwQAuGMMGczyMFzIg,reflective contemplative serene
Meditate (Soft Instrumental Music),Meditation Relax Club,Ambient Music Therapy: Healing Music Sound Therapy for Relax and Chakra,2013-11-11,4b4WaXxQ8KN79JuaU3yCEb,https://open.spotify.com/track/4b4WaXxQ8KN79JuaU3yCEb,reflective contemplative serene
Serenity Soundscapes for Peaceful Meditation and Reflection,Baltic Nature Sounds,963Hz: Transcendence Through Sound,2025-03-14,6Pe3IMAhCAYR6SV6GCHWJO,https://open.spotify.com/track/6Pe3IMAhCAYR6SV6GCHWJO,reflective contemplative serene
Serene Reflections,Smooth Jazz Band,Azure Smooth: Smooth Jazz Collection,2025-06-27,3ZZbhVlVjvtGgsuFO2AekM,https://open.spotify.com/track/3ZZbhVlVjvtGgsuFO2AekM,reflective contemplative serene
Instrumental (Meditation Music),Instrumental,"Instrumental Music: Calm Guitar Music for Relaxation, Spa, Studying, Sleeping, Yoga, Meditation and Sleeping",2017-05-26,3la16q9TUcDro5EyRxMOTZ,https://open.spotify.com/track/3la16q9TUcDro5EyRxMOTZ,reflective contemplative serene
Reflections On a Cloudy Day,Relaxing Piano Music Consort,"Relaxation Time (Relaxing, Calming, Classical Music to Relieve Stress and Heal Pain)",2013-03-19,2YG6BujwNuXqmUF6bI8Re3,https://open.spotify.com/track/2YG6BujwNuXqmUF6bI8Re3,reflective contemplative serene
Reflections,Alan Young,Paradise - Cafe Style Instrumentals - Relaxing & Uplifting,2009-09-16,2AdWIACvJwP0FUxRLjAtPu,https://open.spotify.com/track/2AdWIACvJwP0FUxRLjAtPu,reflective contemplative serene
Serenade,Piano Jane,Reflections,2021-02-17,1ydbm2MaLl4Br8YkXgaL7j,https://open.spotify.com/track/1ydbm2MaLl4Br8YkXgaL7j,reflective contemplative serene
Serenity,Peace Music,Peace,2022-06-10,4LtugaKazbvHU82Pk5yPZ6,https://open.spotify.com/track/4LtugaKazbvHU82Pk5yPZ6,reflective contemplative serene
Serene Echoes,ZenithEcho,Serene Echoes,2024-02-16,01iPo1rCoJiTGr2D6i1ZjN,https://open.spotify.com/track/01iPo1rCoJiTGr2D6i1ZjN,reflective contemplative serene
Serenity (Sleep Sounds),Mental Detox Series,"Relaxation: Relaxing Guitar Nature Sounds Relaxation, Ambient Meditation Music",2012-05-31,5sUMHrz9tSeuH7shEhBvor,https://open.spotify.com/track/5sUMHrz9tSeuH7shEhBvor,reflective contemplative serene
Ambient Zen Garden and Piano Music,Massage Music,"Massage Playlist: 1 Hour Massage Music for Spa, Yoga Music, Meditation Music, Sleep Music, Healing, Wellness, Mindfulness and Sleeping Music",2021-05-14,48cvcONXvlHszT6i9NvtU0,https://open.spotify.com/track/48cvcONXvlHszT6i9NvtU0,reflective contemplative serene
Serenity Bath,Ambient Sol,Postcards,2022-03-18,3sh7jDscZzya6FPoVNV8Eq,https://open.spotify.com/track/3sh7jDscZzya6FPoVNV8Eq,reflective contemplative serene
Serene and at Peace,Smooth Relaxing Instrumental Group,Sleepy Harp - Lullaby Music,2014-06-17,4sz4L2cBdRtYKXbLPZhbWa,https://open.spotify.com/track/4sz4L2cBdRtYKXbLPZhbWa,reflective contemplative serene
Serene Soundscapes,Massage Therapy Music,Floating Serenity: Massage Sounds,2024-11-06,0qNqaot56swgWZI4cOGzvu,https://open.spotify.com/track/0qNqaot56swgWZI4cOGzvu,reflective contemplative serene
Serene Mind,Deep Breathing Meditation,"Deep Breathing Meditation – Calm Background Music with Nature Sounds for Yoga, Tai-Chi, Reiki Healing Stress Relief, Asian Zen",2018-01-19,1hNsBHT7Lve5XNFIDCiqOJ,https://open.spotify.com/track/1hNsBHT7Lve5XNFIDCiqOJ,reflective contemplative serene
Ambient Noise,Zenith Sky,Elusive Serenade,2020-09-30,7DGddzYlSkdrI6mLeHe0aL,https://open.spotify.com/track/7DGddzYlSkdrI6mLeHe0aL,reflective contemplative serene
Serene Sounds,Sleeping Music Relaxing Sleep Music,Sleeping Music,2020-06-22,6NMed2NyNt8lQhKRBhx50V,https://open.spotify.com/track/6NMed2NyNt8lQhKRBhx50V,reflective contemplative serene
Reflection,Classical Music For Studying,Wisdom in the Sun,2022-08-22,2PcOkS3OkR4UDeB7tSukuW,https://open.spotify.com/track/2PcOkS3OkR4UDeB7tSukuW,reflective contemplative serene
Serene Reflections,Spa Music Relaxation Therapy,Mystic Calm: Soothing Massage Therapy,2024-11-06,2uIECXyyDWgANMmRgtT7KW,https://open.spotify.com/track/2uIECXyyDWgANMmRgtT7KW,reflective contemplative serene
Serene Thoughtful Reflection,Meditation Music,Meditation Times,2023-07-30,0LcWz8LJ3NSJx3agp4Pubv,https://open.spotify.com/track/0LcWz8LJ3NSJx3agp4Pubv,reflective contemplative serene
Peaceful Calm Serenade,Meditation Ambience,Serene Melodic Waves,2024-06-11,6FqAyIYSkd09JnIMgr8maf,https://open.spotify.com/track/6FqAyIYSkd09JnIMgr8maf,reflective contemplative serene
Spa Reflection Music,Spa Music Relaxation,"Relaxing Music for Deep Sleep: Music For Concentration, Yoga, Meditation",2021-07-13,6ZInMK4yIfDrnrhRWCYf7o,https://open.spotify.com/track/6ZInMK4yIfDrnrhRWCYf7o,reflective contemplative serene
Ambient Instrumental Piano,Forest Hills Music Universe,"Calm Piano with Fall Woods (Relaxing Music & Nature Sounds, Healing Water, Birds Atmosphere, Thunderstorm and Wind, Rest Afternoon)",2017-09-13,0viIPTFOdObQ8anWokZpCr,https://open.spotify.com/track/0viIPTFOdObQ8anWokZpCr,reflective contemplative serene
Ambient Music For Meditation,Instrumental,"Meditation Music: Calming Piano Music for Spa, Relaxation, Sleep, Healing and Stress Relief",2025-06-06,0eHXnVms4R6oMxcwbE7syq,https://open.spotify.com/track/0eHXnVms4R6oMxcwbE7syq,reflective contemplative serene
Serene Reflections,Healing Oriental Spa Collection,The Ultimate Retreat for Your Mind,2025-06-26,0yzDqbT97cC4DkNJC3OHmC,https://open.spotify.com/track/0yzDqbT97cC4DkNJC3OHmC,reflective contemplative serene
Piano Ambient Serenade,Calming Piano Feelings,Peaceful Melodic Retreat,2024-08-02,5W2EfS8M6mswJnbFiyQ6QB,https://open.spotify.com/track/5W2EfS8M6mswJnbFiyQ6QB,reflective contemplative serene
Reflective,Streaming Waves,Sea Sounds for Meditation,2022-08-03,1VmvgZWLULZjmoRG2J0SCF,https://open.spotify.com/track/1VmvgZWLULZjmoRG2J0SCF,reflective contemplative serene
Serene Lofi Melodies for Concentration and Stress Relief,Soundcore,Ambient Lofi Beats for Deep Thinking and Serenity,2023-12-01,4413Yox2daZatIt8ubnZFF,https://open.spotify.com/track/4413Yox2daZatIt8ubnZFF,reflective contemplative serene
Tranquil Raindrops Reverie: Ethereal Piano Reflections for Serene Sleep,Sleepy Rainy Ambience ASMR,Harmonious Rainy Night Serenade: Gentle Rainfall and Soothing Piano Melodies for Kids' Sleepy Bliss,2023-05-21,6d4g7A9ziCWjSKsesII8Qq,https://open.spotify.com/track/6d4g7A9ziCWjSKsesII8Qq,reflective contemplative serene
Forest Ambience Serene Natural Soundscape,Sleeping Sounds Of Nature,Natural White Noise Serene Sleep Sounds,2021-02-18,3RLNaXLniiGPuIr4inH7Es,https://open.spotify.com/track/3RLNaXLniiGPuIr4inH7Es,reflective contemplative serene
Serene Ambient Nature Relaxation,Nature Sounds for Sleep and Relaxation,Nature Relax,2024-05-12,0Fk6KjlrQ5eYgmTumqYh9f,https://open.spotify.com/track/0Fk6KjlrQ5eYgmTumqYh9f,reflective contemplative serene
Focus,Peaceful Ambient,Ambient Focus,2022-04-16,1bvrhSolaqVfWOnavN8Ci4,https://open.spotify.com/track/1bvrhSolaqVfWOnavN8Ci4,reflective contemplative serene
Reflection,Joseph William Morgan,Magical Lullabies,2020-04-24,0YxxvsZ32f3cJbZnQOr33i,https://open.spotify.com/track/0YxxvsZ32f3cJbZnQOr33i,reflective contemplative serene
Serene Cocktails after Dinner,Cafe de Musica Instrumental,Chill Jazz Music for a Relaxing Evening,2023-04-14,2HoxIdewt9OsMf289QeFAW,https://open.spotify.com/track/2HoxIdewt9OsMf289QeFAW,reflective contemplative serene
Reflections,Aromatherapy Synthesis,50 Chinese Meditation Music - Asian Zen Meditation Music Relaxing Sounds,2015-08-02,4xADYyrlgR0HcOViylHOAD,https://open.spotify.com/track/4xADYyrlgR0HcOViylHOAD,reflective contemplative serene
Zen Garden Sonata: Serene Music for Inner Reflection - Relaxing Ambient Music,Oriental Meditation Music Academy,Reflections of Stillness,2024-04-05,7sDxlsaNDGIdnlcpKAs3Ms,https://open.spotify.com/track/7sDxlsaNDGIdnlcpKAs3Ms,reflective contemplative serene
Ambient (Background Music),Meditation Relax Club,Spa Music 101 Wellness – Ultimate Soothing Relaxing Sounds for Spas & Hammam,2016-01-22,46vyV45qGLlUz3QOLQjvM1,https://open.spotify.com/track/46vyV45qGLlUz3QOLQjvM1,reflective contemplative serene
Serenity,Inspirational Piano Music,Inspirational Piano Music,2011-03-08,1CyRuwu0tHnUnnYpUXFQjm,https://open.spotify.com/track/1CyRuwu0tHnUnnYpUXFQjm,reflective contemplative serene
Ambient Reflections,Relaxing Spa Music,Harmonious Flow: Calm Spa Music,2024-10-08,2L5pQhczUkPRMsQqzEJuNq,https://open.spotify.com/track/2L5pQhczUkPRMsQqzEJuNq,reflective contemplative serene
Quiet Reflections Atmosphere,Peaceful Mind Music Consort,"Time to Log Off (Natural Mental Detox, Refrains Using Digitals, Yoga Retreats, Thai Hypnotic Meditation, Calm Sounds, Silence Your Mind)",2017-10-03,3SUP6XGukI3JGJwNIpAahG,https://open.spotify.com/track/3SUP6XGukI3JGJwNIpAahG,reflective contemplative serene
Serene Reflections,Ms.Emmel,Sense of Translucence,2024-04-26,3yof9qijzTHo3tLJW8BnPQ,https://open.spotify.com/track/3yof9qijzTHo3tLJW8BnPQ,reflective contemplative serene
Serenity & Tranquility Piano Ambient,Direction Piano,"Peaceful Sleep: Powerful Deep Sleep Music, Vibes for Serenity and Stress Relief",2021-11-05,79vZORssTnye34XMH7ZAZS,https://open.spotify.com/track/79vZORssTnye34XMH7ZAZS,reflective contemplative serene
Peaceful Serene Drift,Meditation Ambience,Serene Melodic Waves,2024-06-11,3Vk0juc3XXDfQQ4wLGiLFa,https://open.spotify.com/track/3Vk0juc3XXDfQQ4wLGiLFa,reflective contemplative serene
Serenade Melody Piano,Meditation Ambience,Serene Melodic Waves,2024-06-11,6DUIkqPVslsLsr71MX67l8,https://open.spotify.com/track/6DUIkqPVslsLsr71MX67l8,reflective contemplative serene
Dreamy Reflections of Serene Bliss,Serene Mozart Melodies,Serene Nocturnes Mozart's Musical Haven,2023-08-05,1FituPukNyW2NlH44Xg9WG,https://open.spotify.com/track/1FituPukNyW2NlH44Xg9WG,reflective contemplative serene
Instrumental Background Ambient,Zen Buddhist Art,"Zen Buddhist Mantras - Relaxing Chants, Om Shanti",2018-12-31,487Zg4wpZ1ZdBLzbm0CWqC,https://open.spotify.com/track/487Zg4wpZ1ZdBLzbm0CWqC,reflective contemplative serene
Serene Reflections - Slowed and Reverb,Roy Martin,Serene Reflections (Slowed and Reverb),2024-09-30,1rlw9vgz4JlKdc0cH9c1SK,https://open.spotify.com/track/1rlw9vgz4JlKdc0cH9c1SK,reflective contemplative serene
Serene Starry Reflections,Animal Piano Lab,Relaxing Music for a Twinkling Starry Night,2023-07-23,1sjhDX0oUfymvVxjzXH3sZ,https://open.spotify.com/track/1sjhDX0oUfymvVxjzXH3sZ,reflective contemplative serene
Reflections,Jordan Jessep,Ambient Worlds III: Reflections,2015-03-17,1AhDLRBNjtKXewkcShl6ln,https://open.spotify.com/track/1AhDLRBNjtKXewkcShl6ln,reflective contemplative serene
"Awakening Serenity, Pt. 2",Peaceful Echoes,Meditative Whispers,2023-05-18,4UVJt2MXZLFQK2gojccDQW,https://open.spotify.com/track/4UVJt2MXZLFQK2gojccDQW,reflective contemplative serene
Refreshing Serenity,Sound of Nature Library,"Music for Happiness, Success & Peacefulness 30 – Enjoy the Journey to Find Something Positive, Your Personal Destiny",2018-01-11,1VEeKn20o4FjPJxBRcK7yt,https://open.spotify.com/track/1VEeKn20o4FjPJxBRcK7yt,reflective contemplative serene
Ambient Music for Relaxation,Savasana,Ambient Spa Music,2017-04-16,5c7NClaAuWZKVztyEWQZ07,https://open.spotify.com/track/5c7NClaAuWZKVztyEWQZ07,reflective contemplative serene
Serenity Meditation,Meditation Music Experience,"Meditation: Relaxing Music for Meditation, Stress Relief, Yoga and Relaxation",2017-05-14,5lgp3YevyLcmANPYtfPDDw,https://open.spotify.com/track/5lgp3YevyLcmANPYtfPDDw,reflective contemplative serene
Reflection,Alan Roubik,Serenity,2018-03-25,1o7aKdGv2orMmNBe6ANHRJ,https://open.spotify.com/track/1o7aKdGv2orMmNBe6ANHRJ,reflective contemplative serene
Reflection Meditation Ambient,Chinese Relaxation and Meditation,Relaxing Spiritual Zen Yoga Nidra Medtation Music 2025,2025-04-04,5ZwHYdwXvVVZF4VAJAcQeG,https://open.spotify.com/track/5ZwHYdwXvVVZF4VAJAcQeG,reflective contemplative serene
Serene Atmosphere,Sound Therapy Masters,"Breathwork (30 Relaxing Tracks & Hz Tones, Way to Awareness, Mindfulness of Breathing & Visualization)",2019-01-24,1nd73HNhQ3A2yOvbgifJUD,https://open.spotify.com/track/1nd73HNhQ3A2yOvbgifJUD,reflective contemplative serene
Ambient,Liquid Spirit Out,Working: Soothing Instrumental Songs for Your Office and Work Place,2022-07-08,7KywHd9CjFymOOH2hHH1dW,https://open.spotify.com/track/7KywHd9CjFymOOH2hHH1dW,reflective contemplative serene
Serenity's Embrace: Gentle Melodies for Tranquility - Relaxing Ambient Music,Oriental Meditation Music Academy,Reflections of Stillness,2024-04-05,2oSew5FmEGyB5J9Yra7Iqt,https://open.spotify.com/track/2oSew5FmEGyB5J9Yra7Iqt,reflective contemplative serene
Serene Reflection,Kate - Caroline Peace,Abhyanga Flow of Touch,2023-08-05,0trFoxkneisWKOIg5YKN59,https://open.spotify.com/track/0trFoxkneisWKOIg5YKN59,reflective contemplative serene
Rainy Reflections: Reflective Violin Serenade in the Rainfall,Rain David Sleep Dragon,Serene Strings of Rain: Embarking on a Melodic Journey with the Resonating Violin,2023-07-03,1NbNjRAdAoRnBAn41fv6nK,https://open.spotify.com/track/1NbNjRAdAoRnBAn41fv6nK,reflective contemplative serene
Serene Reflection Nights,Lo-fi Piano Crew,Lo-fi Bookworm Beats Vol.6,2025-11-10,54cgo2lc0tbcCfDt1Wugu3,https://open.spotify.com/track/54cgo2lc0tbcCfDt1Wugu3,reflective contemplative serene
Serene Reflection,YOCI,Meditation Beats,2023-10-09,6RvRUKBqDfbosXGC67uef7,https://open.spotify.com/track/6RvRUKBqDfbosXGC67uef7,reflective contemplative serene
Serene,Green Music BGM channel,Sound Sleep 3,2022-06-10,4nDsi3evA5PrlMrFjI9OP4,https://open.spotify.com/track/4nDsi3evA5PrlMrFjI9OP4,reflective contemplative serene
Reflective Piano and Strings,Zac Nelson,Easy Listening Playlist No. 45,2021-02-24,30RaHdmnMno5wtVs0wxCmk,https://open.spotify.com/track/30RaHdmnMno5wtVs0wxCmk,reflective contemplative serene
Serene Reflections,Lo Fi Hip Hop,Quiet Corners,2025-05-27,5VgYWbFmWLNpBl8KlCVjJq,https://open.spotify.com/track/5VgYWbFmWLNpBl8KlCVjJq,reflective contemplative serene
Reflections,Mellow Melodies,Pure Imagination: The Best of Disney,2021-05-27,5WEXPqiwmrDoj3jXx0GTHN,https://open.spotify.com/track/5WEXPqiwmrDoj3jXx0GTHN,reflective contemplative serene
Restful and Serene Sleep,Japanese Garden,"No Stress - Nature Sounds Collection, Instrumental Background Relaxing Music for Stress Relief",2017-11-02,5tOYayxEigFiQJ714Rt3IE,https://open.spotify.com/track/5tOYayxEigFiQJ714Rt3IE,reflective contemplative serene
Relaxing Serenity,Destress School,20 Quick Ways to De-Stress - Relaxing Music,2021-07-03,4bWhCeHNo5yWwJzFq405dU,https://open.spotify.com/track/4bWhCeHNo5yWwJzFq405dU,reflective contemplative serene
Soft Raindrops Reverie: Tender Piano Reflections for Serene Slumber,Sleepy Rainy Ambience ASMR,Harmonious Rainy Night Serenade: Gentle Rainfall and Soothing Piano Melodies for Kids' Sleepy Bliss,2023-05-21,1MWcPEMKVADvjlfaQUVCEv,https://open.spotify.com/track/1MWcPEMKVADvjlfaQUVCEv,reflective contemplative serene
Serenity,Meditation Music,Meditation Music,2013-04-22,6fJB52r6bwGH5oyt6kI71S,https://open.spotify.com/track/6fJB52r6bwGH5oyt6kI71S,reflective contemplative serene
Guitar Reflections,Sergei Shell,"Relaxation Spa & Massage, Set 17",2021-11-09,0Tef8WVOoeEh9BHXohbTNC,https://open.spotify.com/track/0Tef8WVOoeEh9BHXohbTNC,reflective contemplative serene
432 Hz Serendipity,Spiritual Reflection,432 Hz Serendipity,2023-09-22,038G1wReJw0lz1las4N0Ti,https://open.spotify.com/track/038G1wReJw0lz1las4N0Ti,reflective contemplative serene
Ambient Lofi Beats for Deep Thinking and Serenity,Soundcore,Ambient Lofi Beats for Deep Thinking and Serenity,2023-12-01,7vkBHnsg2GWgv9wIHKJrxg,https://open.spotify.com/track/7vkBHnsg2GWgv9wIHKJrxg,reflective contemplative serene
Peaceful Night,Serene Sounds,Piano for Sleep & Relaxation,2015-10-17,1vmtWDeN8VwQXJggRUIPIv,https://open.spotify.com/track/1vmtWDeN8VwQXJggRUIPIv,reflective contemplative serene
Reflections,Kevin Webster,Instrumental Piano Music,2015-01-21,6JT8k6949wUxSQjRQtbs51,https://open.spotify.com/track/6JT8k6949wUxSQjRQtbs51,reflective contemplative serene
Reflections of a Tranquil Paradise,Unforgettable Paradise SPA Music Academy,"The Bali Best Spa Music (50 Tracks: Tranquil Paradise Sounds, Massage, Meditation, De-Stress and Relaxation)",2017-04-26,33zWN8rLPDMJKhg6iuvYY6,https://open.spotify.com/track/33zWN8rLPDMJKhg6iuvYY6,reflective contemplative serene
Serenity,Deep Ambient Music,Serenity,2023-03-05,5xVjhOA6oPP78FNOqLWZ1V,https://open.spotify.com/track/5xVjhOA6oPP78FNOqLWZ1V,reflective contemplative serene
Dreamy,Peaceful Ambient,Peaceful Journey,2022-04-07,08GtDfhgSPZCraphyi4MkL,https://open.spotify.com/track/08GtDfhgSPZCraphyi4MkL,reflective contemplative serene
Rainy Reflections: Reflective Violin Serenade in the Rain,Rain David Sleep Dragon,Serene Strings of Rain: Embarking on a Melodic Journey with the Resonating Violin,2023-07-03,1gXzFJPsCxRHDltr1Be6lf,https://open.spotify.com/track/1gXzFJPsCxRHDltr1Be6lf,reflective contemplative serene
Serenity Instrumental Music,Soothing Chill Out for Insomnia,"Relaxing Melodies for Children - Favorites Instrumental Piano Music for Sleep, Lullabies, Baby Music, Nursery Rhymes, Baby Sleep Training, Baby Relax",2015-05-26,2O8aUPJbF30ModbimV9z6Y,https://open.spotify.com/track/2O8aUPJbF30ModbimV9z6Y,reflective contemplative serene
Serene Ambient Sounds,Dreaming Drone,Rest a While and Listen,2022-06-11,0oc8dojOy8VfDLSj3FCIG0,https://open.spotify.com/track/0oc8dojOy8VfDLSj3FCIG0,reflective contemplative serene
Meditation And Deep Sleep Ambience,Instrumental Sleep Relax Music,Meditation And Deep Sleep Ambience,2020-02-13,7kIDs1TP2uGxtIHy8DzrOD,https://open.spotify.com/track/7kIDs1TP2uGxtIHy8DzrOD,reflective contemplative serene
Balm Repose Reflection,Meditation Ambience,Serene Melodic Waves,2024-06-11,2RexWwJdysmxT3e9TqTjgc,https://open.spotify.com/track/2RexWwJdysmxT3e9TqTjgc,reflective contemplative serene
Serene Reflections,LO FI BEATS,Blue Rain: Smooth Lofi,2024-12-18,0aeHyfufU6eG2hl3jdOsGy,https://open.spotify.com/track/0aeHyfufU6eG2hl3jdOsGy,reflective contemplative serene
Serene Sunset,Musica Reiki,Instrumental Piano for Deep Relaxation,2018-10-15,7wwAC7jtOaRLAHMC5hwqeb,https://open.spotify.com/track/7wwAC7jtOaRLAHMC5hwqeb,reflective contemplative serene
Instrumental Music,Meditation Relax Club,Ambient Music Therapy: Healing Music Sound Therapy for Relax and Chakra,2013-11-11,7dMnJVIyocl52RnhAjIbkq,https://open.spotify.com/track/7dMnJVIyocl52RnhAjIbkq,reflective contemplative serene
Reflections Serene,Piano Lounge Smooth Jazz,Smooth Piano Lounge,2025-01-13,0oWMK34iJnj6M1ACe2BCRH,https://open.spotify.com/track/0oWMK34iJnj6M1ACe2BCRH,reflective contemplative serene
Serene Reflections,Peter Ries,Capturing Moments,2023-03-20,2hTLHVFFwRs3RpU3AElvK2,https://open.spotify.com/track/2hTLHVFFwRs3RpU3AElvK2,reflective contemplative serene
Classic Spa Ambience,Spa Music Hour,2 Hours of Serene Piano Sleep,2020-12-05,4tWVg5KOvtgWmrl4B5aWjd,https://open.spotify.com/track/4tWVg5KOvtgWmrl4B5aWjd,reflective contemplative serene
Serene Ambience for Every Selection,Easy Jazz Listening,When the Sun Shines on the Park,2023-04-09,4fWONa46GFimavq91rH9zx,https://open.spotify.com/track/4fWONa46GFimavq91rH9zx,reflective contemplative serene
Quiet Reflections,Innerspace Trio,Serenity's Song,2023-12-07,6dD92qv7SsLGC52wufaEJC,https://open.spotify.com/track/6dD92qv7SsLGC52wufaEJC,reflective contemplative serene
Ambient Music Therapy for Meditation,Relaxation Music Guru,"111 Serenity Music Relaxation: Sound Therapy for Meditation and Yoga, New Age & Natural Ambiences for SPA, Massage & Deep Sleep",2016-05-20,41WJPMshdg7GzmSQaiZ8l7,https://open.spotify.com/track/41WJPMshdg7GzmSQaiZ8l7,reflective contemplative serene
Reflections,Music for Quiet Moments,Moments in Jazz,2016-06-03,7eQOXupQjagifogKbzaJuW,https://open.spotify.com/track/7eQOXupQjagifogKbzaJuW,reflective contemplative serene
Quietude - Instrumental,Prayerscapes,Quietude (Instrumental),2016-09-26,1ki7y8RcjWWZo1AfIa5oLQ,https://open.spotify.com/track/1ki7y8RcjWWZo1AfIa5oLQ,reflective contemplative serene
Ambient Background Instrumental Piano,Piano for Studying,Background Music Piano (Instrumentals),2021-11-05,3Udatv7WhDOPc26HVtsBi7,https://open.spotify.com/track/3Udatv7WhDOPc26HVtsBi7,reflective contemplative serene
"Soothing Ambient Sounds for Blissful Sleep, Pt. 19",Calm Music For Sleeping,Thinking Before Sleep on My Favourite Pillow,2022-11-04,0mtBvYxKW5j9uWLIKr4o2g,https://open.spotify.com/track/0mtBvYxKW5j9uWLIKr4o2g,reflective contemplative serene
Acceptance,Peaceful Ambient,Ambient Focus,2022-04-16,4QC6DDl5pWJHeTt55LYy94,https://open.spotify.com/track/4QC6DDl5pWJHeTt55LYy94,reflective contemplative serene
Serene Rain Shower Serenade: Ethereal Piano Melodies for Tranquil Sleep,Sleepy Rainy Ambience ASMR,Harmonious Rainy Night Serenade: Gentle Rainfall and Soothing Piano Melodies for Kids' Sleepy Bliss,2023-05-21,0ntxHg0I3FHGndLvqr1rfy,https://open.spotify.com/track/0ntxHg0I3FHGndLvqr1rfy,reflective contemplative serene
Serene Ambience,Wellness N Wellness,Tranquil Meditation: Serene Sounds for Deep Mindfulness Meditation,2023-05-11,4oc8M3zf2A2Wr8EzFQdrqb,https://open.spotify.com/track/4oc8M3zf2A2Wr8EzFQdrqb,reflective contemplative serene
Serenity Nature,Instrumental,"Spiritual New Age – Sleep, Dreams, Relaxation, Meditation, Yoga, Spa, Massage",2016-12-03,31E7wMqjlnyLJ0VV7BA4sS,https://open.spotify.com/track/31E7wMqjlnyLJ0VV7BA4sS,reflective contemplative serene
Serenity Instrumental Music,Wellness Spa Oasis,"Spa Music - 50 Tracks Wellness Center Songs, Healing Nature Sounds, Total Relaxation, Reiki and Massage Music",2015-10-06,7cUQcFePwVrisjHEDFJWkX,https://open.spotify.com/track/7cUQcFePwVrisjHEDFJWkX,reflective contemplative serene
Ethereal Balm Contemplative,Meditation Ambience,Serene Melodic Waves,2024-06-11,5xp0eVwn8Tg2hC3i6yIxp3,https://open.spotify.com/track/5xp0eVwn8Tg2hC3i6yIxp3,reflective contemplative serene
Reflective Pause,Sleeping Relaxing Soundification,"Ambient Nature Sounds: Nature Streamside (1 Hour Ambience Sounds for Sleep, Study and Relaxation)",2023-07-23,08Xy3hhtFWXUlC7Xea5R0U,https://open.spotify.com/track/08Xy3hhtFWXUlC7Xea5R0U,reflective contemplative serene
Ethereal Graceful Drift,Meditation Ambience,Serene Melodic Waves,2024-06-11,0uOadannWYw2zOsj5PgbNT,https://open.spotify.com/track/0uOadannWYw2zOsj5PgbNT,reflective contemplative serene
Reflection,Jane Groud,Oriental Instrumental Music,2015-08-04,1PBZwEJcn7RerSMldYiY6u,https://open.spotify.com/track/1PBZwEJcn7RerSMldYiY6u,reflective contemplative serene
Celestial Serenade,Quiet Quest,Ambient Study Music II,2024-03-07,1oWRSb58HhCAUHh48njont,https://open.spotify.com/track/1oWRSb58HhCAUHh48njont,reflective contemplative serene
Reflection Seaweed,Chrome Avenue,Ocean Waves Ambience,2025-05-05,6KTf1qE1zrM4lZhzu6NHvY,https://open.spotify.com/track/6KTf1qE1zrM4lZhzu6NHvY,reflective contemplative serene
Serene Beaches,Deep Focus,50 Gentle Sounds for Relaxation and Meditation,2022-08-13,3Vr7YmhOKcA8cbqTT6qgkp,https://open.spotify.com/track/3Vr7YmhOKcA8cbqTT6qgkp,reflective contemplative serene
Serene Music,Relaxing Music by Terry Woodbead,"! ! ! ! Relaxing Music to Calm Down, for Sleeping, Reading, to Release Dopamine",2022-12-28,5izbF0VmMCbjSOobu6i4p7,https://open.spotify.com/track/5izbF0VmMCbjSOobu6i4p7,reflective contemplative serene
Quiet Reflections,Wellness Spa Music Oasis,Echoing Calm: Spa Instrumental Music,2025-07-04,39bp8mBZ9QLZ3cev66Pim8,https://open.spotify.com/track/39bp8mBZ9QLZ3cev66Pim8,reflective contemplative serene
Serene Idea Synthesis,Simply Piano,Calming Sounds for Fireside Serenades,2024-11-09,0iOy8ZcJkvN3OIY7V2Ac0j,https://open.spotify.com/track/0iOy8ZcJkvN3OIY7V2Ac0j,reflective contemplative serene
Reflection - Instrumental Lullaby Version,Lullabies For Butterflies,Disney,2022-05-18,78GXCv7HoPJiUvZnTLqVpV,https://open.spotify.com/track/78GXCv7HoPJiUvZnTLqVpV,reflective contemplative serene
Ambient Serenity Oasis,Spa Music Relaxation Music,Quiet Harmony Relaxing Meditation Melodies,2024-08-13,1C0BwGHa75T7svCT6abMPI,https://open.spotify.com/track/1C0BwGHa75T7svCT6abMPI,reflective contemplative serene
Serene Ocean Jazz,Relaxing Jazz Music Instrumental,Positive Jazz Instrumentals for Studying,2025-08-08,04asaKayl641hyhAOD4Rvq,https://open.spotify.com/track/04asaKayl641hyhAOD4Rvq,reflective contemplative serene
Serene Focus Atmosphere,Music for Concentration Nature Sounds Forest,Focus in Nature: Relaxing Background Music,2025-03-28,7gB44c1modKY6i3YsKqH5W,https://open.spotify.com/track/7gB44c1modKY6i3YsKqH5W,reflective contemplative serene
Meditation Instrumental Music,Relax Yoga Music Meditation,"Mindfulness Yoga and Meditation to Fall Asleep: Relax Sleep Meditation, Calm Breathing Exercises",2021-10-05,66UXuRD1M6DCgyvzGY3kr9,https://open.spotify.com/track/66UXuRD1M6DCgyvzGY3kr9,reflective contemplative serene
Meditation: Background Calm,Beauty Scene,Sounds of Tibet - 50 Relaxing Instrumental Songs with Japanese and Oriental,2016-03-31,09rupuDwSN6xnP4vvw8jKe,https://open.spotify.com/track/09rupuDwSN6xnP4vvw8jKe,reflective contemplative serene
Serene Raindrops Reverie: Tranquil Piano and Rain Sounds for Restful Slumber,Sleepy Rainy Ambience ASMR,Harmonious Rainy Night Serenade: Gentle Rainfall and Soothing Piano Melodies for Kids' Sleepy Bliss,2023-05-21,3kUu7rxGq3TQ7g9gwZ65zv,https://open.spotify.com/track/3kUu7rxGq3TQ7g9gwZ65zv,reflective contemplative serene
Serene Reflections Soothe,Eximo Blue,"Deluxe Jazz: With a Taste of Wine and Cheese, Vol. 2",2024-01-18,3nDZFmbP8w65ixC6WsGnbN,https://open.spotify.com/track/3nDZFmbP8w65ixC6WsGnbN,reflective contemplative serene
Ambient Instrumental Song,Zen Zone Academy,50 Zen Amazing Songs – Find Your Balance Meditating with this Emotional Music...and Pray,2017-06-28,7DHJdlXsHQPiLc9patYbRM,https://open.spotify.com/track/7DHJdlXsHQPiLc9patYbRM,reflective contemplative serene
Reflections,Wellness Pur,"Relaxing Violin 2, Atmospheric Melodies Played on the Violin",2020-01-15,04suyuINDCgURto4rxkJUC,https://open.spotify.com/track/04suyuINDCgURto4rxkJUC,reflective contemplative serene
Rainfall Reverie: Reflective Violin Serenade Amidst the Rain,Rain David Sleep Dragon,Serene Strings of Rain: Embarking on a Melodic Journey with the Resonating Violin,2023-07-03,5JFvGqlWhKwIR39bIPpwMg,https://open.spotify.com/track/5JFvGqlWhKwIR39bIPpwMg,reflective contemplative serene
Reflections,Patricia Spero,Voice of the Harp,1995-01-01,2ecSJ2LwVl3fBGYIrGqH9o,https://open.spotify.com/track/2ecSJ2LwVl3fBGYIrGqH9o,reflective contemplative serene
Serene Atmosphere,Hypnotic Therapy Music Consort,"Natural Remedies for Soul & Body: Relaxing Nature Music, Meditation, Spa & Deep Sleep",2020-01-31,3UvO2XugbshhtQMTkZZTOH,https://open.spotify.com/track/3UvO2XugbshhtQMTkZZTOH,reflective contemplative serene
Relaxing Instrumental Music,Meditation Relax Club,Ambient Music Therapy: Healing Music Sound Therapy for Relax and Chakra,2013-11-11,0RazevtT5Oa0PzqnD6hWqf,https://open.spotify.com/track/0RazevtT5Oa0PzqnD6hWqf,reflective contemplative serene
Glistening Reflection,Sleeping Relaxing Soundification,"Ambient Nature Sounds: Light Rain and Birds (1 Hour Ambience Sounds for Sleep, Study and Relaxation)",2023-04-09,1dnpwxbk7G66IXvsTnFpzp,https://open.spotify.com/track/1dnpwxbk7G66IXvsTnFpzp,reflective contemplative serene
Spa Reflection,Spa Music Relaxation Therapy,zZz Symphonic Journey for Inner Peace zZz,2022-09-30,7hx8xJHxlDWOkgyTO0aATA,https://open.spotify.com/track/7hx8xJHxlDWOkgyTO0aATA,reflective contemplative serene
Relaxing Instrumental Music for Background,Every Night Alder,"Deep Sleep Hypnosis 101 - Relaxing Music to Help You Sleep at Night, Lucid Dreaming Songs",2016-08-13,10Ie1svcc0TypVbmuGEYUd,https://open.spotify.com/track/10Ie1svcc0TypVbmuGEYUd,reflective contemplative serene
Serene Sound Journey,Lounge Café,Serene Lounge: Relaxing Instrumental Music for Tranquil Moments,2024-12-16,1gJVGC37UeFBnx2S3ZQlE7,https://open.spotify.com/track/1gJVGC37UeFBnx2S3ZQlE7,reflective contemplative serene
State of Serenity - Meditation,Reflecting Light,State of Serenity,2023-04-21,4qz1iU73b47SMZBux3jcrk,https://open.spotify.com/track/4qz1iU73b47SMZBux3jcrk,reflective contemplative serene
Serenity's Serenade Meditation,Healing Ambience Divine Soul Healing Spiritual Meditation Sounds,Meditation Mix,2023-08-10,69Ma5aKvxoZTtCQQcMye9a,https://open.spotify.com/track/69Ma5aKvxoZTtCQQcMye9a,reflective contemplative serene
"Awakening Serenity, Pt. 4",Peaceful Echoes,Meditative Whispers,2023-05-18,6fXV4eLXgk6a8kAZRjrAOI,https://open.spotify.com/track/6fXV4eLXgk6a8kAZRjrAOI,reflective contemplative serene
Reflecting on the Mind,Pacífico Viaje,"Musica Relajante - La Mas Suave Música Relajante, Instrumental, New Age, Relax",2010-09-15,7yfi3fooKMgUbz9nPckTlL,https://open.spotify.com/track/7yfi3fooKMgUbz9nPckTlL,reflective contemplative serene
Melody Serenade Tranquil,Meditation Ambience,Serene Melodic Waves,2024-06-11,3IfgfTCQw3DD3aIFpfasd9,https://open.spotify.com/track/3IfgfTCQw3DD3aIFpfasd9,reflective contemplative serene
Reflections,Jeffrey Michael,Reflections,2000-01-01,3aLo32XjnLuLtP9oFpGHW6,https://open.spotify.com/track/3aLo32XjnLuLtP9oFpGHW6,reflective contemplative serene
Calm Reflections for a Quiet Night,Alpha Vectoriam,Nature at Night,2025-01-30,6SGsj5F5zeOd85uil9tp8N,https://open.spotify.com/track/6SGsj5F5zeOd85uil9tp8N,reflective contemplative serene
Relaxing Meditation Background,Spa Music Hour,2 Hour Piano Soundscape for Mindfulness,2020-12-09,44oQfcQCv7kQj6NvgjLVey,https://open.spotify.com/track/44oQfcQCv7kQj6NvgjLVey,reflective contemplative serene
Serenity,Musica Reiki,Instrumental Piano for Deep Relaxation,2018-10-15,6GU0fp21yfL89AaqXsg0XP,https://open.spotify.com/track/6GU0fp21yfL89AaqXsg0XP,reflective contemplative serene
Serene Mindful Reflections,Relax α Wave,Body & Soul Healing,2024-02-05,5oZavSq2Hj5RZAkYk373NY,https://open.spotify.com/track/5oZavSq2Hj5RZAkYk373NY,reflective contemplative serene
Serene Reflections Under Stars,Relaxing Piano Crew,Midnight Romantic Jazz,2023-12-04,0FlabgMgUJhWERHcKEnzkX,https://open.spotify.com/track/0FlabgMgUJhWERHcKEnzkX,reflective contemplative serene
Reflective Piano Mood 4 - Instrumental,Relaxing Piano Man,Soundtrack Your Flick (Instrumental),2014-12-15,5H6zH230HgP1HPzLSS65r1,https://open.spotify.com/track/5H6zH230HgP1HPzLSS65r1,reflective contemplative serene
Serenity of Soul,Zen Meditation Garden,Strings and Winds,2020-02-26,1skVE74mylABYRQ8dzZuQE,https://open.spotify.com/track/1skVE74mylABYRQ8dzZuQE,reflective contemplative serene
Quiet Thoughts,Deep Sleep Music Academy,"Serene Dreams - Instrumental New Age Music for Sleep, Deep Relaxation",2020-05-28,7mBnTeIu3mIxYH8P4WyIsX,https://open.spotify.com/track/7mBnTeIu3mIxYH8P4WyIsX,reflective contemplative serene
Calm Music Instrumental,Ambient Arena,"Relax Body Mind Soft Relaxing Music 50 - Gentle Songs for Deep Relaxation, Meditation & Spa",2017-06-07,2sFQFAGZBNPmAItvEWfg24,https://open.spotify.com/track/2sFQFAGZBNPmAItvEWfg24,reflective contemplative serene
Calming Reflection by the Sea,Emiliano Branda,Deep Serenity,2023-04-21,2jmcl4OItPjj9E9q3YpPsF,https://open.spotify.com/track/2jmcl4OItPjj9E9q3YpPsF,reflective contemplative serene
Today's Reflection,Spa Music Hour,2 Hours of Relaxing Piano for Sleep,2020-07-09,2BOGkCUdP5nWIIrfQOzgVP,https://open.spotify.com/track/2BOGkCUdP5nWIIrfQOzgVP,reflective contemplative serene
Reflect Music for Massage Therapy - Ambient Music,Melissa Melbourne,"Relaxation Meditation Yoga Music - Music for Yoga, Relaxation Meditation",2010-09-15,30MAwrX8kSpCIk6dPN5d9F,https://open.spotify.com/track/30MAwrX8kSpCIk6dPN5d9F,reflective contemplative serene
Ambient Reflections,Serene Serene,Midnight Coding Flow,2025-04-25,0pmDcmHHYLvQRJpZHJUIi3,https://open.spotify.com/track/0pmDcmHHYLvQRJpZHJUIi3,reflective contemplative serene
Serenity (Ambience Version),Olexandr Ignatov,Messages (Deluxe Edition),2020-10-16,1PjpYLvnpQDL9ZsVm4iqxh,https://open.spotify.com/track/1PjpYLvnpQDL9ZsVm4iqxh,reflective contemplative serene
Flow Contemplative Calm,Meditation Ambience,Serene Melodic Waves,2024-06-11,3Ov1qk41GaefQzNIIZQ8yW,https://open.spotify.com/track/3Ov1qk41GaefQzNIIZQ8yW,reflective contemplative serene
Ambient Dreaming,Relax Music for Positive Thinking,Relax Music for Positive Thinking,2015-10-14,2IxFgcdDMOkBYAl2E7Tt62,https://open.spotify.com/track/2IxFgcdDMOkBYAl2E7Tt62,reflective contemplative serene
Reflection,Muun,Autumn,2018-10-01,0HxQucXI98uidTnRbA4o5F,https://open.spotify.com/track/0HxQucXI98uidTnRbA4o5F,reflective contemplative serene
Resonance Tranquil Reflection,Meditation Ambience,Serene Melodic Waves,2024-06-11,6CaxMo56ocYiNT0DMUw3cG,https://open.spotify.com/track/6CaxMo56ocYiNT0DMUw3cG,reflective contemplative serene
Ambient Nature Music,Relaxing Flute Music Zone,"Nature's Spa - Ocean Meditation, Classical Indian Flute, Healing Massage, Relaxation in Peaceful Ambient Music",2021-04-28,5A0ekhVy1uF34X8iH374LN,https://open.spotify.com/track/5A0ekhVy1uF34X8iH374LN,reflective contemplative serene
Serene Strums,Smooth Guitar Lounge,Whispering Reflections: Peaceful Guitar Melodies,2024-07-19,4HE1GnEzk9jkJ52DIa1AiN,https://open.spotify.com/track/4HE1GnEzk9jkJ52DIa1AiN,reflective contemplative serene
Serene Melody Gentle,Meditation Ambience,Serene Melodic Waves,2024-06-11,2jKDmmLVvWPdurs4RGXhnA,https://open.spotify.com/track/2jKDmmLVvWPdurs4RGXhnA,reflective contemplative serene
Serene Seaside,Work Music,Quiet Focus,2025-05-30,0zNRxGvr7BMo2CuG2RYJLf,https://open.spotify.com/track/0zNRxGvr7BMo2CuG2RYJLf,reflective contemplative serene
Calmness & Serenity,Instrumental Piano Music Zone,"Spa (Relaxing Jazz Piano, Tranquil Time, Pure Massage, Calmness & Serenity)",2017-11-16,4dYpMyV9pAF68A27RHM1UF,https://open.spotify.com/track/4dYpMyV9pAF68A27RHM1UF,reflective contemplative serene
Serenity Nature Sounds,Relax Baby Music Collection,"Relaxing Melodies for Children - Favorites Instrumental Piano Music for Sleep, Lullabies, Baby Music, Nursery Rhymes, Baby Sleep Training, Baby Relax",2015-05-26,63jFOH2S1crzMKB8M6PaKD,https://open.spotify.com/track/63jFOH2S1crzMKB8M6PaKD,reflective contemplative serene
Embracing Serenity - Piano Instrumental,Healing Melodies,Soothe Your Soul,2020-03-09,3CiNjttEfwIWD1efbKrg1h,https://open.spotify.com/track/3CiNjttEfwIWD1efbKrg1h,reflective contemplative serene
Ambient Serenity,Reading Concentration Zone,Mindfulness Chill Music: Chillout Lounge Beats for Mindful Moments of Peace,2023-11-13,1CHMO3RSenmibkR2I0DL1V,https://open.spotify.com/track/1CHMO3RSenmibkR2I0DL1V,reflective contemplative serene
Serene,Peaceful Ambient,Woodland Peace,2023-06-23,3oZrqD9Y41xAxraarXjO5s,https://open.spotify.com/track/3oZrqD9Y41xAxraarXjO5s,reflective contemplative serene
Ambient Meditaton,Bali Spa Project,60 Min Session Relaxing Massage: Peaceful Instrumental Zen Music,2021-12-02,5bmhBfWocgzLllMAMvdlf1,https://open.spotify.com/track/5bmhBfWocgzLllMAMvdlf1,reflective contemplative serene
Reflections,Sound Healing Center,"The Healing Harp: Harp Music (for Therapy, Deep Sleep, Meditation, Spa, Healing & Relaxation)",2015-11-23,4F8wxZt36MCZkmX61FfLbl,https://open.spotify.com/track/4F8wxZt36MCZkmX61FfLbl,reflective contemplative serene
Serenity,Woodland Friends,Spinning Reflections,2019-01-08,6b0c9bTikfv7lTte2V8qRj,https://open.spotify.com/track/6b0c9bTikfv7lTte2V8qRj,reflective contemplative serene
Serene Atmosphere,Meditation Music Zone,"Zen Meditation (Kundalini, Yoga, Chakra, Feng Shui, Tai-chi, Relaxation, Deep Spiritual Trance)",2018-06-25,3yvNf5YUFTIbC06OTA6e7q,https://open.spotify.com/track/3yvNf5YUFTIbC06OTA6e7q,reflective contemplative serene
Serene Cityscape,Pilates Studio,Urban Lounge Pilates Music: Mellow Guitar Sounds for Peaceful Workout & Pilates Lesson,2023-10-06,55QUpX2YPdnEaEy4ZnEC1E,https://open.spotify.com/track/55QUpX2YPdnEaEy4ZnEC1E,reflective contemplative serene
Serene,Meditation House,The Spiritual Piano,2019-05-24,2tDjErYDM9092tFBIYdzM1,https://open.spotify.com/track/2tDjErYDM9092tFBIYdzM1,reflective contemplative serene
Serene Reflections,Best Relaxing SPA Music,Temple of Rest,2025-02-12,40mnTgzecAVVp4Loew3hLY,https://open.spotify.com/track/40mnTgzecAVVp4Loew3hLY,reflective contemplative serene
Serene Memory,Galactic Corners,Ethereal Petals of Sorrow,2019-08-20,4PLlbscjdfVolCRrvvU8H9,https://open.spotify.com/track/4PLlbscjdfVolCRrvvU8H9,reflective contemplative serene
Serene Dream,Han Peace,Deep Sleep Peace: Instrumental Ambient Relaxation Music,2023-05-31,3rv50mSJSh2GId7xq3mArt,https://open.spotify.com/track/3rv50mSJSh2GId7xq3mArt,reflective contemplative serene
Blissful Reflections,Spa Music Relaxation,Ambience for Spa Relaxation,2024-11-22,5NgxgWDntXwjCZ4h3Nf6wJ,https://open.spotify.com/track/5NgxgWDntXwjCZ4h3Nf6wJ,reflective contemplative serene
Reflection,Muun,Autumn,2018-10-01,0HxQucXI98uidTnRbA4o5F,https://open.spotify.com/track/0HxQucXI98uidTnRbA4o5F,reflective contemplative serene
Mellow Reflections,Reading Concentration Zone,Mindfulness Chill Music: Chillout Lounge Beats for Mindful Moments of Peace,2023-11-13,4aIoLq3k8FuYGAEMLB8yOT,https://open.spotify.com/track/4aIoLq3k8FuYGAEMLB8yOT,reflective contemplative serene
Serene Ocean Depths,Serenity Spa Music Relaxation,The Art of Calm,2025-02-12,0fH7AHfXFva4ZXqpSSCfxE,https://open.spotify.com/track/0fH7AHfXFva4ZXqpSSCfxE,reflective contemplative serene
Mellow Reflections,Piano Softly,Mellow Mirage,2023-08-10,5fpG5NJISeanxSqUEH5rqO,https://open.spotify.com/track/5fpG5NJISeanxSqUEH5rqO,reflective contemplative serene
Calm and Serene,Deep Sleep,Ambient Music for Relaxation and Deep Sleep,2020-02-12,3cnPGFAz22YhUVUV9cvTMd,https://open.spotify.com/track/3cnPGFAz22YhUVUV9cvTMd,reflective contemplative serene
Quiet Reflections Time,Relax α Wave,Calming Piano in a Clinic Waiting Room,2024-06-18,3JtmlBVkXOHNViTcL1pnsd,https://open.spotify.com/track/3JtmlBVkXOHNViTcL1pnsd,reflective contemplative serene
Instrumental Music for Serenity in Life,Entsp Meister,Gelassenheit,2011-02-16,5evAC4awRG51xlrbJOf10d,https://open.spotify.com/track/5evAC4awRG51xlrbJOf10d,reflective contemplative serene
Reflections,Calming Waves Consort,"Waves and Piano (Peaceful Atmospheres for Meditation, Sleep and Rest)",2022-10-04,0jndDEnfBTO02uT1ZyM8EF,https://open.spotify.com/track/0jndDEnfBTO02uT1ZyM8EF,reflective contemplative serene
Reflections,Every Night Alder,"Deep Sleep Hypnosis 101 - Relaxing Music to Help You Sleep at Night, Lucid Dreaming Songs",2016-08-13,6OClNGHYLEoVKvzArToqF9,https://open.spotify.com/track/6OClNGHYLEoVKvzArToqF9,reflective contemplative serene
Quiet Reflections,Deep Relaxation Ensemble,Elevator to the Moon,2015-02-09,6evvAXfBhCj8xEWnW7Vix6,https://open.spotify.com/track/6evvAXfBhCj8xEWnW7Vix6,reflective contemplative serene
Quiet Ambiance for Mellow Journeys,Café Vintage,Lovely Jazz Piano Duo - Ambiance for Pure Moments,2022-10-03,3aJ5pygApmxAYAatEiFf4e,https://open.spotify.com/track/3aJ5pygApmxAYAatEiFf4e,reflective contemplative serene
Softening,Spa,50 Ambient Sounds for Powerful Sleep,2022-12-28,6XHCdlEXyzPvYY176aNOCq,https://open.spotify.com/track/6XHCdlEXyzPvYY176aNOCq,reflective contemplative serene
Serene Soundscape Sojourn,Relax α Wave,Beautiful Piano Tunes for Deep Relaxation,2023-09-11,02KfCvo7WaF5sdw4eZPJ5q,https://open.spotify.com/track/02KfCvo7WaF5sdw4eZPJ5q,reflective contemplative serene
Reflection,The Gnome,Pleasant Sounds for Unpleasant Times,2020-03-18,2Y413FVRKcH128OuC3SCUf,https://open.spotify.com/track/2Y413FVRKcH128OuC3SCUf,reflective contemplative serene
Ambient Music,Chill Out Relax,"Healing Instrumental Music for Meditation, Relaxation, Health, Spa, Chakras, Spiritually & Anti-Stress",2015-11-06,5jiDLUiucJztEaOS9IYaWS,https://open.spotify.com/track/5jiDLUiucJztEaOS9IYaWS,reflective contemplative serene
Serenity Spa Reflections,Spiritual Moment,Spa Music Zone - Calm Piano for Universal Connection and Stress Relief,2025-08-14,6aVcFyr5o86Ydko14S8rB7,https://open.spotify.com/track/6aVcFyr5o86Ydko14S8rB7,reflective contemplative serene
Peaceful Reflections,The Inner Harmony Collective,Riverside Serenity,2023-10-20,3fQJ7lZ4k0MW4AH74zp7P6,https://open.spotify.com/track/3fQJ7lZ4k0MW4AH74zp7P6,reflective contemplative serene
Ambient Soundscape,Fuerza Positiva,Musicoterapia,2011-03-21,4CkjCzUjfjPf1IyEnVvjyD,https://open.spotify.com/track/4CkjCzUjfjPf1IyEnVvjyD,reflective contemplative serene
Serenity,Piano Concentration,"Study, Focus, Sleep, Relaxation, Zen, Chill",2018-08-25,5hhupzNOQ9Eji0Pu2uaBto,https://open.spotify.com/track/5hhupzNOQ9Eji0Pu2uaBto,reflective contemplative serene
Escape from Reality,Deep Sleep Music Academy,"Serene Dreams - Instrumental New Age Music for Sleep, Deep Relaxation",2020-05-28,3UAudPGOXvUjcZcbiuduZw,https://open.spotify.com/track/3UAudPGOXvUjcZcbiuduZw,reflective contemplative serene
Namaste Revisited and Retuned - An Echo of an Intrinsic Reflection,Easy Listening Instrumentals,Najgłębsze kanały naszego umysłu (Wczorajszy deszcz),2016-03-09,2PJiojp8M9HmFHYBB5GMEJ,https://open.spotify.com/track/2PJiojp8M9HmFHYBB5GMEJ,reflective contemplative serene
Serene Echoes,Meditation Music Squad,Nature Meditation,2023-08-10,6PHtZsxe36vjisUuqmPEVi,https://open.spotify.com/track/6PHtZsxe36vjisUuqmPEVi,reflective contemplative serene
Namaste Revisited and Retuned - An Echo of an Intrinsic Reflection,Easy Listening Instrumentals,The Deepest Channels of our Mind (Yesterday's Rain),2015-08-05,32bExti5MJmxXxNGzwNoAc,https://open.spotify.com/track/32bExti5MJmxXxNGzwNoAc,reflective contemplative serene
Thoughtfulness,Peaceful Ambient,Calm Concentration,2022-10-30,1uyUc6YqrlX0ebMdelHXwy,https://open.spotify.com/track/1uyUc6YqrlX0ebMdelHXwy,reflective contemplative serene
Serene,Comet 1993,Namaste by Nature,2025-09-19,6opbXcKrQGEzxePidXZ3E5,https://open.spotify.com/track/6opbXcKrQGEzxePidXZ3E5,reflective contemplative serene
Dreamy Reflections of Harmonious Bliss,Serene Mozart Melodies,Whispers of Peace Serene Mozart's Gift,2023-08-05,5cV999SJd0UvqTNULz78sU,https://open.spotify.com/track/5cV999SJd0UvqTNULz78sU,reflective contemplative serene
Reflexion,Sergi Vicente,Guitarra Chill Out Vol. 2,2011-01-15,16X6boAdKJasgNITeZqCJc,https://open.spotify.com/track/16X6boAdKJasgNITeZqCJc,reflective contemplative serene
Raindrop Serenade: Poignant Violin Reflections with Rain,Rain David Sleep Dragon,Serene Strings of Rain: Embarking on a Melodic Journey with the Resonating Violin,2023-07-03,582UieeifVtennnHGHiUmp,https://open.spotify.com/track/582UieeifVtennnHGHiUmp,reflective contemplative serene
Serene Shades,Spa Music Relaxation,Ambience for Spa Relaxation,2024-11-22,7Aan5Cae1a1djMn6H33Zc1,https://open.spotify.com/track/7Aan5Cae1a1djMn6H33Zc1,reflective contemplative serene
