track_name,artist_name,album_name,release_date,track_id,spotify_url,mood_keywords
Emotional Ambient Piano,OlexandrMusic,Emotional Ambient Piano,2022-07-08,1F7dGf03Hpf7qkfjQINjSS,https://open.spotify.com/track/1F7dGf03Hpf7qkfjQINjSS,introspective poignant somber
Nostalgic Synthwave (Sleep Music),Silent Rhythm,Space Ambient (Sleep Music),2022-08-15,73aA37o4yNP390HLuxnpGh,https://open.spotify.com/track/73aA37o4yNP390HLuxnpGh,introspective poignant somber
Introspection,Estas Tonne,"Anthology, Vol. I & Vol. II (Live)",2021-06-18,5IZvAmEfPNaVOTkubNVr84,https://open.spotify.com/track/5IZvAmEfPNaVOTkubNVr84,introspective poignant somber
Ambient Introspection Leading to Inner Peace,Ricky Trye,"Ambient Piano Meditations: Calm Music for Introspection, Rest and Relaxation",2021-01-21,1atX1iRvRhevSiuUUDnze2,https://open.spotify.com/track/1atX1iRvRhevSiuUUDnze2,introspective poignant somber
Introspection,Yan Springett,Introspection,2022-11-04,7CQoXp03YJAgvkhQZA7nxq,https://open.spotify.com/track/7CQoXp03YJAgvkhQZA7nxq,introspective poignant somber
Ambient Sad Piano,DS Productions,Ambient Sad Piano,2020-06-24,5EmcZaEDX7da0wWxklX71m,https://open.spotify.com/track/5EmcZaEDX7da0wWxklX71m,introspective poignant somber
Ambient Emotional Piano,DS Productions,Ambient Emotional Piano,2021-01-02,053kba2hsZW5OuCxSpP3XI,https://open.spotify.com/track/053kba2hsZW5OuCxSpP3XI,introspective poignant somber
Introspection - Edit,Laraaji,Introspection (Edit),2017-07-19,4SqfCU4jNDOqP8qKcSpMU9,https://open.spotify.com/track/4SqfCU4jNDOqP8qKcSpMU9,introspective poignant somber
Introspection,Avith Ortega,Sinergy,2017-03-11,47Q5CABpsFCRfFFGfnNwiP,https://open.spotify.com/track/47Q5CABpsFCRfFFGfnNwiP,introspective poignant somber
Introspect,Joe Bongiorno,Somewhere Within - Solo Piano,2007-07-16,1hLPWOkehw3e2GtqKShTeG,https://open.spotify.com/track/1hLPWOkehw3e2GtqKShTeG,introspective poignant somber
introspection,tomcbumpz,Melodic Nostalgic,2021-01-22,1yd3FIob1WtM7fRbqwFLaw,https://open.spotify.com/track/1yd3FIob1WtM7fRbqwFLaw,introspective poignant somber
Melancholic Moment - Strings Version,Slow Rising Hope,Two Trios (Strings Version),2022-01-08,3tApqv72ZIdIItTnXT5woL,https://open.spotify.com/track/3tApqv72ZIdIItTnXT5woL,introspective poignant somber
A Morning of Introspection,Anaamaly,Geometric Moods (432 Hz),2021-09-12,3WdzCs9Tnht8FMx7nDcylI,https://open.spotify.com/track/3WdzCs9Tnht8FMx7nDcylI,introspective poignant somber
Introspection,Hoenix,Introspection,2019-02-01,1NfwcxpcT9c4AA09KtabBb,https://open.spotify.com/track/1NfwcxpcT9c4AA09KtabBb,introspective poignant somber
Introspective Illusions,Cooper Sams,Enchanted Eden & Introspective Illusions,2023-05-03,2UqBobvn89LVzQeUdAInpZ,https://open.spotify.com/track/2UqBobvn89LVzQeUdAInpZ,introspective poignant somber
Instrumental,The Microphones,"The Glow, Pt. 2",2001-09-11,4b9pSvIz68kJOxE7dBccRJ,https://open.spotify.com/track/4b9pSvIz68kJOxE7dBccRJ,introspective poignant somber
Introspection,Ron Well,Introspection,2023-01-19,2cZJIUh0N1GkzZr3YjL5zN,https://open.spotify.com/track/2cZJIUh0N1GkzZr3YjL5zN,introspective poignant somber
Interlude,Flatsound,"Somewhere in the Distance, Somewhere Toward the Mountains",2019-02-21,2pRuK9xKrAqXHWe30LFe2F,https://open.spotify.com/track/2pRuK9xKrAqXHWe30LFe2F,introspective poignant somber
A Further Look at Loss,Andrew Wasylyk,Fugitive Light and Themes of Consolation,2020-09-04,3aEsKfhk4cNr4XN3N1u8fa,https://open.spotify.com/track/3aEsKfhk4cNr4XN3N1u8fa,introspective poignant somber
Intro,Mk.gee,A Museum Of Contradiction,2020-05-22,6J1JidsS8EP1JLSKueyVCl,https://open.spotify.com/track/6J1JidsS8EP1JLSKueyVCl,introspective poignant somber
A Slow Lesson In Introspection,36,Music For Isolation (Suite),2021-03-17,54mdLDu9YUPyTOdKnjnKga,https://open.spotify.com/track/54mdLDu9YUPyTOdKnjnKga,introspective poignant somber
Poignant (Emotional Piano Instrumental),Moesync,Melting (Emotional Piano Instrumentals),2024-10-06,0Jx0cXXr3CM9zv8zrFmy7n,https://open.spotify.com/track/0Jx0cXXr3CM9zv8zrFmy7n,introspective poignant somber
Nocturnal Reflections in Moonlight,Ambientalism,Blissful Serenades,2021-07-07,0UZHuO5tKxx3CHM42JMG8S,https://open.spotify.com/track/0UZHuO5tKxx3CHM42JMG8S,introspective poignant somber
Introspection,Dream Sounds,"Dream Sounds, Vol. 4",2022-03-28,1jbISX828xDJQSVf4MrAps,https://open.spotify.com/track/1jbISX828xDJQSVf4MrAps,introspective poignant somber
Introspective,Peaceful Violin,"Beautiful Violin & Ocean Waves, Instrumental Piano",2022-02-03,3XaepDF58dbArJKV2VGa7Y,https://open.spotify.com/track/3XaepDF58dbArJKV2VGa7Y,introspective poignant somber
Somnescence,Instrumental,"Instrumental Music: Relaxing Background Piano Music for Relaxation, Spa, Yoga, Meditation, Studying, Sleeping, Massage, Reading, Focus and Concentration",2017-06-15,02qGPX6OqASUXUn4untyoD,https://open.spotify.com/track/02qGPX6OqASUXUn4untyoD,introspective poignant somber
Interlude,Evocativ,Awakening,2016-11-25,7c7RGFR6Z5wsqfQLNAEUMr,https://open.spotify.com/track/7c7RGFR6Z5wsqfQLNAEUMr,introspective poignant somber
Ambient Emotional Cinematic,Romansenykmusic,Soft Cinematic Soundtracks,2020-03-19,3iRW391RwTm8QN9jSqjwmQ,https://open.spotify.com/track/3iRW391RwTm8QN9jSqjwmQ,introspective poignant somber
Interlude,Otonomi,Interlude,2022-12-05,183BaoA1EBVA6UMQgS2HbY,https://open.spotify.com/track/183BaoA1EBVA6UMQgS2HbY,introspective poignant somber
Intro,hubris.,Apocryphal Gravity,2017-04-07,7d8OpyZtJ27AfNuQ47loVf,https://open.spotify.com/track/7d8OpyZtJ27AfNuQ47loVf,introspective poignant somber
Mélancolie,Endless Melancholy,Music for Quiet Mornings,2012-03-12,7i9JxjOzYk7y1dFgCdUPoG,https://open.spotify.com/track/7i9JxjOzYk7y1dFgCdUPoG,introspective poignant somber
Somber Memory,Melodrama,Wounded Heart,2021-09-24,0VF08d0FxmM9LqAIXunATf,https://open.spotify.com/track/0VF08d0FxmM9LqAIXunATf,introspective poignant somber
Atmospheric Interludes,Thomas Bradshaw,Thoughtworks,2021-07-22,1zmclIhxSlCfc2S1c22yLk,https://open.spotify.com/track/1zmclIhxSlCfc2S1c22yLk,introspective poignant somber
Intersect,Interiors,Blur,2018-04-20,36ncvxUSmtsg5y7kizXMFV,https://open.spotify.com/track/36ncvxUSmtsg5y7kizXMFV,introspective poignant somber
Introspection Section,Tommy Guerrero,Loose Grooves and Bastard Blues,1997-03-01,1r9YvCbmUUKXuwIY5lIEMe,https://open.spotify.com/track/1r9YvCbmUUKXuwIY5lIEMe,introspective poignant somber
Cinematic Piano Ambient,AShamaluevMusic,Cinematic Inspirational Music,2017-01-01,4BVhvnWYe8H6RtcMYI2ZnL,https://open.spotify.com/track/4BVhvnWYe8H6RtcMYI2ZnL,introspective poignant somber
Reflections,Sensitize,Reflections,2018-10-17,5MQdzPYTkrPLji233fKKn4,https://open.spotify.com/track/5MQdzPYTkrPLji233fKKn4,introspective poignant somber
Deep Cinematic Emotional Ambient,Romansenykmusic,Soft Cinematic Soundtracks,2020-03-19,3jRNm8EjtoBlmtG2yzVwlL,https://open.spotify.com/track/3jRNm8EjtoBlmtG2yzVwlL,introspective poignant somber
Melancholy,Sangam,Distance Amongst Us,2017-02-27,5psD8O8glBTB27afIoS5bK,https://open.spotify.com/track/5psD8O8glBTB27afIoS5bK,introspective poignant somber
Isolation,Martin Czerny,Sad Piano & Cello Rainy Mood VI,2021-07-09,28m0euX0zr49G4QngRw7hr,https://open.spotify.com/track/28m0euX0zr49G4QngRw7hr,introspective poignant somber
Introspective,Atmospheric Lights,Introspective,2021-10-15,1zc6pqR9LH7K2oztW3pEUR,https://open.spotify.com/track/1zc6pqR9LH7K2oztW3pEUR,introspective poignant somber
Intrinsic Ambient,Calm Music for Studying,Exam Tomorrow,2022-09-23,4jEMJUoDKbXdtv1V0jtQ19,https://open.spotify.com/track/4jEMJUoDKbXdtv1V0jtQ19,introspective poignant somber
Introspection,Vetle Nærø,Introspection,2021-04-16,38MPF3rvMwS0ko9ppwO0xf,https://open.spotify.com/track/38MPF3rvMwS0ko9ppwO0xf,introspective poignant somber
Introspection (Solo Rework),Richard LaBrooy,Introspection (Solo Rework),2019-05-31,55pyHLsxKonDCpT4lpgVBd,https://open.spotify.com/track/55pyHLsxKonDCpT4lpgVBd,introspective poignant somber
Introspective,Quiet Quest,Ambient Study Music,2023-08-13,4LA7drvhn21ciWBYP1kPKC,https://open.spotify.com/track/4LA7drvhn21ciWBYP1kPKC,introspective poignant somber
Self-Reflection - Soothing Sounds for Introspection,Self-Isolation Coffeehouse,Smooth Jazz for Self-Isolation,2020-04-17,2L7kwgJmK8yvn419yZtkSw,https://open.spotify.com/track/2L7kwgJmK8yvn419yZtkSw,introspective poignant somber
Instrumental Sadness,Rosa Aldrovandi,Seductive Piano Jazz Session,2019-07-06,21VHOh0BB1WWMvWDKSD99j,https://open.spotify.com/track/21VHOh0BB1WWMvWDKSD99j,introspective poignant somber
Introspection,Franco Robert,Piano Spells III,2020-07-24,4JLvlBPNW8XgZaylk2zETV,https://open.spotify.com/track/4JLvlBPNW8XgZaylk2zETV,introspective poignant somber
Introspection,Spa,"Relaxing Music with Thunderstorms for Spa Music, Massage Therapy, Yoga Music, Sleeping Music, Meditation Music, Studying Music and the Best Guitar Music for Sleeping and Nature Sounds Music for Spa",2017-03-28,0Dkfelm9RGpXDtEqxCaS4D,https://open.spotify.com/track/0Dkfelm9RGpXDtEqxCaS4D,introspective poignant somber
Memories - Ambient Piano Instrumental,Cozy Koala,Memories - Ambient Piano Instrumental,2022-09-30,7wI5U0nKjIk5FIeyf2Q3Y2,https://open.spotify.com/track/7wI5U0nKjIk5FIeyf2Q3Y2,introspective poignant somber
Moon Valley (Ambient Introspection),Suzanne Doucet,Moon Valley (Ambient Introspection),2014-04-11,0AuC6j66fjBzcNjWViIlfr,https://open.spotify.com/track/0AuC6j66fjBzcNjWViIlfr,introspective poignant somber
Introspection #3,Eric Legnini,Hummingthiiird,2017-10-25,0gGRJaXLnFzB1kZnObpWKu,https://open.spotify.com/track/0gGRJaXLnFzB1kZnObpWKu,introspective poignant somber
Intro(spective) - Solo Piano Version,Fabio Gangi,Intro(spective),2022-10-28,7uEW1qbMIsSNUacdPfi64B,https://open.spotify.com/track/7uEW1qbMIsSNUacdPfi64B,introspective poignant somber
Interlude,Cinematic Adventures,Fragments of Romance,2022-12-09,72JEgtuGMjOrEPZgOKt7eY,https://open.spotify.com/track/72JEgtuGMjOrEPZgOKt7eY,introspective poignant somber
Sad Sadness (Piano & Orchestra) - Melancholic Music Sentimental Emotional Instrumental Love Song,Sad Piano Music Instrumental Collective Australia,Sad Piano Music 2: Emotional Sentimental Dramatic Melancholy Instrumental Love Songs,2016-12-06,2UHv6ccJEtPQOlDVRMoHj2,https://open.spotify.com/track/2UHv6ccJEtPQOlDVRMoHj2,introspective poignant somber
Prelude,Arctic Lake,Closer,2017,5YD2qNHfC58SskuaC88sQm,https://open.spotify.com/track/5YD2qNHfC58SskuaC88sQm,introspective poignant somber
Instrospection,Jedi Dreams,Ambient Fragments V,2023-05-05,4b5SLU8xM8wHjkicykafGc,https://open.spotify.com/track/4b5SLU8xM8wHjkicykafGc,introspective poignant somber
Sad Cinematic Ambient,Max-Music,Sad Cinematic Ambient,2021-01-29,5UhMhfwFokBMwwBhlwRDYu,https://open.spotify.com/track/5UhMhfwFokBMwwBhlwRDYu,introspective poignant somber
Serene Awakening,Ambientalism,Blissful Serenades,2021-07-07,68xLHUVQwyMAeo68Rqk0cy,https://open.spotify.com/track/68xLHUVQwyMAeo68Rqk0cy,introspective poignant somber
INTRO,Gargutti,INTRO,2021-05-13,3barqsr9sb3DsIrWK8vDsb,https://open.spotify.com/track/3barqsr9sb3DsIrWK8vDsb,introspective poignant somber
Introspection,Emotive Grey,Grey Unknown - EP,2021-04-30,2p4PtLOcOdSC7RNuvUYm2R,https://open.spotify.com/track/2p4PtLOcOdSC7RNuvUYm2R,introspective poignant somber
"Introspection Music for a Deep Meditative State, Pt. 40",Deep Meditation Lullabies,Relax Love,2022-12-10,2uGdikKgdqeUKTuzoQb5PP,https://open.spotify.com/track/2uGdikKgdqeUKTuzoQb5PP,introspective poignant somber
Intro,Sorrow,Carpe Noctem,2019-12-02,3qYgK5tblnQYkzyG79a3qD,https://open.spotify.com/track/3qYgK5tblnQYkzyG79a3qD,introspective poignant somber
Atmospheric Inspiring Piano,DS Productions,Atmospheric Inspiring Piano,2020-11-02,606lhKCyXEYsHgdoutrLxv,https://open.spotify.com/track/606lhKCyXEYsHgdoutrLxv,introspective poignant somber
Introspección,Oscar Castaño Chavez,Introspección,2020-03-09,6uz6QvfgOShLvLFIx39ZSo,https://open.spotify.com/track/6uz6QvfgOShLvLFIx39ZSo,introspective poignant somber
Introspection,Soothe My Soul,Introspection,2024-05-15,4ElMnakrBImtuLAYs32hQg,https://open.spotify.com/track/4ElMnakrBImtuLAYs32hQg,introspective poignant somber
Impressions,Ambient Endeavors,Impressions,2020-05-30,44Y021wfHO8PmefskFmhBR,https://open.spotify.com/track/44Y021wfHO8PmefskFmhBR,introspective poignant somber
Inspirational Touching Emotional Piano,DepasRec,Inspirational Touching Emotional Piano,2019-05-13,6fqkJV6IRwhfXmbB61Pf3g,https://open.spotify.com/track/6fqkJV6IRwhfXmbB61Pf3g,introspective poignant somber
Intro,Yaroslav Molochnyk,Intro,2021-11-05,5MtO7IFN3mmGpU8bRhQJMl,https://open.spotify.com/track/5MtO7IFN3mmGpU8bRhQJMl,introspective poignant somber
Ambient Piano,DS Productions,Ambient Piano,2020-06-24,0as5qJbcWkVOEQXVRMawFl,https://open.spotify.com/track/0as5qJbcWkVOEQXVRMawFl,introspective poignant somber
Intro Ambient Calming (Remastered),OK Beats,Intro Ambient Calming (Remastered),2024-04-10,6d4WQAFa1w57cw7xFZKHjz,https://open.spotify.com/track/6d4WQAFa1w57cw7xFZKHjz,introspective poignant somber
Introspection #2,Eric Legnini,Hummingthiiird,2017-10-25,4pxGGQJua6A8eeZj0kVEuk,https://open.spotify.com/track/4pxGGQJua6A8eeZj0kVEuk,introspective poignant somber
Schlicht (Emotional Piano Instrumentals),Moesync,Silent Reflections (Emotional Piano Instrumentals),2024-12-23,4IRh0nxFly1ijOAe9FjkEx,https://open.spotify.com/track/4IRh0nxFly1ijOAe9FjkEx,introspective poignant somber
Melancholy (Instrumental),Shadow of Intent,Melancholy (Instrumentals),2019-11-22,6UpQn51S5CjOZiv0ui3oeg,https://open.spotify.com/track/6UpQn51S5CjOZiv0ui3oeg,introspective poignant somber
Réflexions - Reworked 2007,Ophelia's Dream,All Beauty Is Sad (Reworked 2007),2015-11-20,5h1IW7XRII7yeofES28PMf,https://open.spotify.com/track/5h1IW7XRII7yeofES28PMf,introspective poignant somber
Interlude No 1,Peter Sandberg,String Works,2017-02-10,6rGO1lhhN9J7QZIm55w7o3,https://open.spotify.com/track/6rGO1lhhN9J7QZIm55w7o3,introspective poignant somber
Introvert - Original Mix,Aether,Introvert,2016-03-25,3g5KnMiStkc34AhYVvlRrD,https://open.spotify.com/track/3g5KnMiStkc34AhYVvlRrD,introspective poignant somber
Mourning,Somnium Music,Mourning,2020-10-02,0AyiQSHOUBji8ItBudLnpz,https://open.spotify.com/track/0AyiQSHOUBji8ItBudLnpz,introspective poignant somber
Emotional Inspiring Piano & Strings,Morninglightmusic,"Awesome Songs, Vol. 2",2017-10-02,0QBvtyhuenUjB4rLgqQ1SE,https://open.spotify.com/track/0QBvtyhuenUjB4rLgqQ1SE,introspective poignant somber
Noctilucent,Loneward,Ambient Sleeping Pill 5,2021-07-30,23FaYP6wmQ71qj0FKw7a8z,https://open.spotify.com/track/23FaYP6wmQ71qj0FKw7a8z,introspective poignant somber
Ambient Instrumental Theme,Ambient Sound Center,"Dramatic Ambient - Gothic Dark Fantasy Ambient, Sad & Somber Background",2019-06-11,6jX3ZxbLz7mHzY7GMVa6LG,https://open.spotify.com/track/6jX3ZxbLz7mHzY7GMVa6LG,introspective poignant somber
Inspirational Piano Ambient,AShamaluevMusic,Inspirational Piano Ambient,2019-06-20,2R1LD6Yd6Cra8qC7fAqD0U,https://open.spotify.com/track/2R1LD6Yd6Cra8qC7fAqD0U,introspective poignant somber
Introspection,Ivy Ravenwood,Instrumental Harp Originals for Relaxing,2020-02-27,1WPupEboTnMQUODWBazvwl,https://open.spotify.com/track/1WPupEboTnMQUODWBazvwl,introspective poignant somber
Intruder Alert,Sabled Sun,2149,2021-01-12,0LNlEapIUw0WZXJ67qWNqs,https://open.spotify.com/track/0LNlEapIUw0WZXJ67qWNqs,introspective poignant somber
Introspection,Alex Haas,Incidents,2021-09-20,1cvhJasVoNQ2580VxAYLKC,https://open.spotify.com/track/1cvhJasVoNQ2580VxAYLKC,introspective poignant somber
Intro,Kwoon,Tales And Dreams,2006-03-31,3GqoSwOYAHt83rx4FYP7e2,https://open.spotify.com/track/3GqoSwOYAHt83rx4FYP7e2,introspective poignant somber
Spiegelung (Emotional Piano Instrumentals),Moesync,Silent Reflections (Emotional Piano Instrumentals),2024-12-23,0pRhtwV5peMO6yVZZ4rNHp,https://open.spotify.com/track/0pRhtwV5peMO6yVZZ4rNHp,introspective poignant somber
Solemn Repose (Instrumental),Nordicwinter,Beneath the Fleeting Light,2022-10-30,23At6LjabS7nHllfBDSqbX,https://open.spotify.com/track/23At6LjabS7nHllfBDSqbX,introspective poignant somber
Intrinsic,Homeomorphic,Intrinsic,2020-03-15,5abvwab4pm3CIKw3wf8jXe,https://open.spotify.com/track/5abvwab4pm3CIKw3wf8jXe,introspective poignant somber
Cinematic Ambient Corporate Inspiring Emotional,Romansenykmusic,Soft Cinematic Soundtracks,2020-03-19,009zm4nS6Bl2GtHt2iitDA,https://open.spotify.com/track/009zm4nS6Bl2GtHt2iitDA,introspective poignant somber
Ambient,Peaceful Piano Keys,Dreamy Piano,2022-07-14,2q2Rdqs3Seh0dkZUtrPKcW,https://open.spotify.com/track/2q2Rdqs3Seh0dkZUtrPKcW,introspective poignant somber
Introspective Echoes,Saint Of Sin,Divine Opera,2024-11-29,3LIY9ZWBIuatHyBORGeL5n,https://open.spotify.com/track/3LIY9ZWBIuatHyBORGeL5n,introspective poignant somber
Introspection,Amadeo Rossi,Introspection,2020-12-05,2009vxkuztUlRIwJBHnDB3,https://open.spotify.com/track/2009vxkuztUlRIwJBHnDB3,introspective poignant somber
Melancholic Reflection,Magnus Ludvigsson,Melancholic Reflection,2023-03-17,6pdHYfFTRDHf8VBBnUT9rB,https://open.spotify.com/track/6pdHYfFTRDHf8VBBnUT9rB,introspective poignant somber
Melancholic Sunrise,Ivory Light,"Harp Mornings, Vol. 2",2022-02-05,0u4WmIFLcqwDyXdjeVQXOl,https://open.spotify.com/track/0u4WmIFLcqwDyXdjeVQXOl,introspective poignant somber
Introspection,Steven C,"The Ultimate Zen, Meditation & Spa Music",2020-03-05,4PqmySEyGYdgP0Vl3FmSFn,https://open.spotify.com/track/4PqmySEyGYdgP0Vl3FmSFn,introspective poignant somber
Intro,Shed,Shedding the Past,2016-10-21,7kAFVYcYGrwgZ93MFRKMLZ,https://open.spotify.com/track/7kAFVYcYGrwgZ93MFRKMLZ,introspective poignant somber
Retrospectacular,Domaine Blanc,Retrospectacular,2020-06-01,58Z8R4KZPbfTc6KVYZLwTb,https://open.spotify.com/track/58Z8R4KZPbfTc6KVYZLwTb,introspective poignant somber
Sad Garden Tape,SymphoCat,Imental Music Tape,2016-08-17,53QsinMgoVoKSn2CeovBtu,https://open.spotify.com/track/53QsinMgoVoKSn2CeovBtu,introspective poignant somber
Intertidal,LUVT,Intertidal,2021-06-18,5GfE4dsqiv5z7m86i0oB6K,https://open.spotify.com/track/5GfE4dsqiv5z7m86i0oB6K,introspective poignant somber
Introspective Travels,Hiemal,Introspective Travels,2019-05-18,1ZiHWEV5v6XWd8sNZIDZUd,https://open.spotify.com/track/1ZiHWEV5v6XWd8sNZIDZUd,introspective poignant somber
Introspective,Violins,"Relaxing String Quartet for Sleep, Insomnia, Meditation, Study",2021-12-16,56R6WDlmcbHQiWPOybZVqj,https://open.spotify.com/track/56R6WDlmcbHQiWPOybZVqj,introspective poignant somber
Melancholie (Emotional Piano Instrumentals),Moesync,Silent Reflections (Emotional Piano Instrumentals),2024-12-23,1DMcKA8343sZ4iogdrGXSK,https://open.spotify.com/track/1DMcKA8343sZ4iogdrGXSK,introspective poignant somber
Intro,Sabled Sun,2145,2014-12-19,5xxUaMSqPT0G85CSAn4Z30,https://open.spotify.com/track/5xxUaMSqPT0G85CSAn4Z30,introspective poignant somber
Emotional Ambient,AShamaluevMusic,Emotional Ambient,2019-07-18,3jgl9nSnstp1bIsdpvd8AS,https://open.spotify.com/track/3jgl9nSnstp1bIsdpvd8AS,introspective poignant somber
Introspection,Peaceful Piano Keys,Piano Peace,2022-05-30,38E4WCni3ZORpMJWPdHDtA,https://open.spotify.com/track/38E4WCni3ZORpMJWPdHDtA,introspective poignant somber
Instrumental,Southpacific,Constance,2000-03-13,7AKxaVrWudOw0FmoF1YPIX,https://open.spotify.com/track/7AKxaVrWudOw0FmoF1YPIX,introspective poignant somber
Reflection I,Intrusion,Intrusion / Reflection,2008-07-09,2rD1f87nJi5m4Ui86mSmZp,https://open.spotify.com/track/2rD1f87nJi5m4Ui86mSmZp,introspective poignant somber
Intrinsic,Adrian Disch,The Promise of Finding,2021-03-03,3MSyd67rtVXWre2fJ5Ioq2,https://open.spotify.com/track/3MSyd67rtVXWre2fJ5Ioq2,introspective poignant somber
Reflection,Intrusion,The Seduction of Silence,2010-11-22,6v0kHTMbjh3z5V9CjzgU7U,https://open.spotify.com/track/6v0kHTMbjh3z5V9CjzgU7U,introspective poignant somber
Somber & Melancholy Music,Sad Violin Music,Somber & Melancholy Music,2022-03-17,2I5XCy8qTJdnyd3QG3Yo2j,https://open.spotify.com/track/2I5XCy8qTJdnyd3QG3Yo2j,introspective poignant somber
Introspection,Dane Forrest,Building Castles,2014-08-19,5XJwudndjbaBuVo0qEEQof,https://open.spotify.com/track/5XJwudndjbaBuVo0qEEQof,introspective poignant somber
Nostalgic Piano,Vernon,Have Deep Affection,2018-04-21,66eUTTQQYSJlJaYblH4GsY,https://open.spotify.com/track/66eUTTQQYSJlJaYblH4GsY,introspective poignant somber
Sad Sadness (Instrumental Piano & Orchestral Strings) - Emotional Sentimental Melancholy Music,Sad Piano Music Instrumental Collective Australia,Sad Sadness (Instrumental Piano & Orchestral Strings) - Emotional Sentimental Melancholy Music,2016-11-15,2A1pVQTRhYP9EOCC2qcefu,https://open.spotify.com/track/2A1pVQTRhYP9EOCC2qcefu,introspective poignant somber
Piano Sighs Under Ambient Skies,Float State,Piano Sighs Under Ambient Skies,2020-06-05,3p2IsjBwdezxK6s1SbmjZb,https://open.spotify.com/track/3p2IsjBwdezxK6s1SbmjZb,introspective poignant somber
Atmospheric Background,Space Radiance,Ambient Space Music,2019-11-03,7yvgHgfDy9kp9aeon8SdsW,https://open.spotify.com/track/7yvgHgfDy9kp9aeon8SdsW,introspective poignant somber
Somber Minds,Somnium Music,Mourning,2020-10-02,0eXgXBE7Jh5SxNlooqSUuu,https://open.spotify.com/track/0eXgXBE7Jh5SxNlooqSUuu,introspective poignant somber
Sad Grass (Piano Version),Lullatone,Music for Museum Gift Shops,2019-03-21,4soIK37wpX5WcsTkc1Redb,https://open.spotify.com/track/4soIK37wpX5WcsTkc1Redb,introspective poignant somber
Reversing Existence,Innesti,Apperception,2020-08-10,6BZjUJmyn7wu3NeYvDZrBI,https://open.spotify.com/track/6BZjUJmyn7wu3NeYvDZrBI,introspective poignant somber
Intermission,Quiet Quest,Relaxing Ambient Music,2021-12-27,6Lop9NhDiJ4U2D45QtwThn,https://open.spotify.com/track/6Lop9NhDiJ4U2D45QtwThn,introspective poignant somber
"Introspection Music for a Deep Meditative State, Pt. 39",Meditation Guru,Relaxing Ambient Playlist,2022-11-07,5qn5DxMSTAwGuLxM880uLg,https://open.spotify.com/track/5qn5DxMSTAwGuLxM880uLg,introspective poignant somber
Introspection,Children Of The Atlas,Introspection,2020-12-11,5j7p6RM8Im080q6gnm0M8e,https://open.spotify.com/track/5j7p6RM8Im080q6gnm0M8e,introspective poignant somber
Introspection,Estas Tonne,Introspection,2018-01-23,5VkWIsZfQ68O7tOhgbPgeT,https://open.spotify.com/track/5VkWIsZfQ68O7tOhgbPgeT,introspective poignant somber
Introspection Light,Piano for Studying,Mellow Café Grand Piano Album,2020-07-23,18yH3Pp1nycMlD4y7QAssp,https://open.spotify.com/track/18yH3Pp1nycMlD4y7QAssp,introspective poignant somber
Introspeccion (Instrumental),Elevate,Dharma (Instrumental),2019-01-25,788MjBtpqJlPnKeAeVRpNJ,https://open.spotify.com/track/788MjBtpqJlPnKeAeVRpNJ,introspective poignant somber
Ambient Inspiring Piano,DS Productions,Ambient Inspiring Piano,2020-07-25,3vSkSMQqe5CzQZQLHtkbIE,https://open.spotify.com/track/3vSkSMQqe5CzQZQLHtkbIE,introspective poignant somber
Photograph - Ambient Piano Instrumental,Cozy Koala,Photograph - Ambient Piano Instrumental,2022-09-23,3R8BhP8zHh6zqmbSOADf7G,https://open.spotify.com/track/3R8BhP8zHh6zqmbSOADf7G,introspective poignant somber
Inspirational Piano Background,makesound music,Cinematic Emotional Piano,2022-10-18,2rRSRgHXd0OsSQVoeXrvW7,https://open.spotify.com/track/2rRSRgHXd0OsSQVoeXrvW7,introspective poignant somber
Introspective,Alex Banks,Projections,2022-08-05,0yw2rvusd6F2sat0X2ig8k,https://open.spotify.com/track/0yw2rvusd6F2sat0X2ig8k,introspective poignant somber
Instrumental Interlude II,GUDSFORLADT,"Friendship, Love and War",2022-09-03,0peV1GXjxR6qqaAOrt2jpG,https://open.spotify.com/track/0peV1GXjxR6qqaAOrt2jpG,introspective poignant somber
Sad to Inspiring,e-soundtrax,"Cinematic Illusion, Vol. 2",2021-10-06,5I5No62ijDDShtOLiYc6fJ,https://open.spotify.com/track/5I5No62ijDDShtOLiYc6fJ,introspective poignant somber
Introspection,Phaeleh,Soma,2021-10-22,32186gtuop11hFbUa3PRxM,https://open.spotify.com/track/32186gtuop11hFbUa3PRxM,introspective poignant somber
Introspection #3,Eric Legnini Trio,Ballads,2017-10-26,4hWgdd42lEbh4ncklBvXbc,https://open.spotify.com/track/4hWgdd42lEbh4ncklBvXbc,introspective poignant somber
Introspection,Mircea & Raul Vrajitoru,Inner Vision,2011-05-01,1D2ss2nyCowGbbYdSZuS1j,https://open.spotify.com/track/1D2ss2nyCowGbbYdSZuS1j,introspective poignant somber
Intrusions,Tim Hecker,Instrumental Tourist,2014-05-27,6ZwwjYix8hHuMXJj6BAYlm,https://open.spotify.com/track/6ZwwjYix8hHuMXJj6BAYlm,introspective poignant somber
Instrumental,Xasthur,Leviathan Split (Ominous Fates),2004-01-01,7yn5cTgxe3G8mdnZPFAngX,https://open.spotify.com/track/7yn5cTgxe3G8mdnZPFAngX,introspective poignant somber
Ambient Piano Sleep Music,Study Power,"Piano and Ocean Waves: Relaxing Instrumental Music and Nature Sounds For Spa Music, Massage Music, Studying Music and Sleep Music, Vol. 2",2019-04-30,4Ko3GCiwF6MHGARk2zU18M,https://open.spotify.com/track/4Ko3GCiwF6MHGARk2zU18M,introspective poignant somber
Introspective,Tejal Yann,Reflections,2020-08-08,27lXXY12S083d2J9j1NnL6,https://open.spotify.com/track/27lXXY12S083d2J9j1NnL6,introspective poignant somber
Ruhe (Emotional Piano Instrumentals),Moesync,Silent Reflections (Emotional Piano Instrumentals),2024-12-23,4u5YyqhNrA5Qv8JKioy9tg,https://open.spotify.com/track/4u5YyqhNrA5Qv8JKioy9tg,introspective poignant somber
Intro,Patrik Pietschmann,Feelings & Melodies,2008-12-29,1YG99G1gfic0QEfcuL0yka,https://open.spotify.com/track/1YG99G1gfic0QEfcuL0yka,introspective poignant somber
Instrumental Atmosphere,Sleep Rain Memories,Deep Sleep Soothing Loopable Rain Sounds for a Perfect Sleep,2022-03-12,0zISyAdLrFI81PtixmCVW2,https://open.spotify.com/track/0zISyAdLrFI81PtixmCVW2,introspective poignant somber
Introspection,Modern Headspace,"Lofi Instrumentals, Vol. 1",2022-02-18,5HyRhCOYcnctGYBDkh4OFE,https://open.spotify.com/track/5HyRhCOYcnctGYBDkh4OFE,introspective poignant somber
Introspection,Avyo,Introspection,2021-11-05,146Om2FJqXArzGSOdJhjLf,https://open.spotify.com/track/146Om2FJqXArzGSOdJhjLf,introspective poignant somber
Introspect - Instrumental,Johari,Yūrei (Instrumental),2022-03-23,4iBjYSykzCxjj4FidrgKkI,https://open.spotify.com/track/4iBjYSykzCxjj4FidrgKkI,introspective poignant somber
Introspection,Kjell Sønksen,Introspection,2022-08-12,5qs5uXjfinS9a2uDDzZ2aO,https://open.spotify.com/track/5qs5uXjfinS9a2uDDzZ2aO,introspective poignant somber
Somber Incantation,dungeontroll,Into the Castle of the Forbidden Twilight,2020-04-03,2zRaLfK9wyhATk1enlH7LU,https://open.spotify.com/track/2zRaLfK9wyhATk1enlH7LU,introspective poignant somber
Introspection of an Introvert,Marc Rizzo,Colossal Myopia,2005-08-02,7uc3tUBS4PMWifZt9xBajC,https://open.spotify.com/track/7uc3tUBS4PMWifZt9xBajC,introspective poignant somber
Apocryphos Grief,Apocryphos,Tomb of Wights,2021-02-16,2QiqPSzHydl7TfUlIvqBZ3,https://open.spotify.com/track/2QiqPSzHydl7TfUlIvqBZ3,introspective poignant somber
Piano Dramatic Intro,makesound music,Cinematic Emotional Piano,2022-10-18,6eifOObdz1kArrFMfinnI9,https://open.spotify.com/track/6eifOObdz1kArrFMfinnI9,introspective poignant somber
"Piano Sonata No.14 in C-Sharp Minor, Op. 27 No. 2 ""Moonlight Sonata"": III. Presto agitato (C♯ minor)",Ambient Music Collective,Sad Piano Songs and Melancholy Music (Seaside Instrumental Songs),2021-09-24,2JCionTjNWVMTua0F0TULT,https://open.spotify.com/track/2JCionTjNWVMTua0F0TULT,introspective poignant somber
Introspection,Mythos,Mythos,1998-02-08,5VieCvY4S3xVrhZ1f3UmTB,https://open.spotify.com/track/5VieCvY4S3xVrhZ1f3UmTB,introspective poignant somber
Introspection #2,Eric Legnini Trio,Ballads,2017-10-26,7IREh9fsTQoO6QM2uBe0sg,https://open.spotify.com/track/7IREh9fsTQoO6QM2uBe0sg,introspective poignant somber
Ambient Piano Solo,Study Motivation,Upbeat Study Instrumentals For Focus,2022-07-11,4hjJllkp7hREJjhbIBNwnh,https://open.spotify.com/track/4hjJllkp7hREJjhbIBNwnh,introspective poignant somber
Remembrance (Emotional Piano Instrumentals),Moesync,Time Lost (Emotional Piano Instrumentals),2024-10-08,56YEoCRHcoiEk3ibSIM3gZ,https://open.spotify.com/track/56YEoCRHcoiEk3ibSIM3gZ,introspective poignant somber
Interludia,Dark Sanctuary,De Lumiere Et D'Obscurite,2007-10-08,78jNrBrta9QqmPiTjILiNz,https://open.spotify.com/track/78jNrBrta9QqmPiTjILiNz,introspective poignant somber
Sad Song for You,Ambient Palmer,"Brain Power Study Music: ""Solo Piano"" Music for Concentration",2013-05-17,1sNmDvoxM0n0HjqPKmhRqc,https://open.spotify.com/track/1sNmDvoxM0n0HjqPKmhRqc,introspective poignant somber
Introspective (from Home),Dirk Maassen,Introspective (from Home),2020-12-18,61OyOYDOVetHeR8UnqI2Ld,https://open.spotify.com/track/61OyOYDOVetHeR8UnqI2Ld,introspective poignant somber
Fade,Heinali,Fade,2011-03-04,1j7Pue4WqXsLDaiCsCcUvD,https://open.spotify.com/track/1j7Pue4WqXsLDaiCsCcUvD,introspective poignant somber
Overthinking,Beyond the Moving Lights,Empty Corridor,2021-05-13,02BjXuTfMd2lNJDzwtbX0o,https://open.spotify.com/track/02BjXuTfMd2lNJDzwtbX0o,introspective poignant somber
Introspection,Falco Skye,The Winding Stream,2016-05-26,24XgKzfA71fFKU6lWV5i5r,https://open.spotify.com/track/24XgKzfA71fFKU6lWV5i5r,introspective poignant somber
Introspection,Ambient Space,Atmospheric Piano,2021-05-06,4HasWZiXRZPx500JvI7nfS,https://open.spotify.com/track/4HasWZiXRZPx500JvI7nfS,introspective poignant somber
Introspection,Quiet Piano Reflections,"Music for Meditation, Vol. 3: Peace",2013-05-08,2W19xqnT0u5aTFmNr4o73t,https://open.spotify.com/track/2W19xqnT0u5aTFmNr4o73t,introspective poignant somber
Introspective Oceans,Alio Die,The Utopian Blossom,2020-03-20,5rvEV6dp6LBoG0z6JyMGwQ,https://open.spotify.com/track/5rvEV6dp6LBoG0z6JyMGwQ,introspective poignant somber
Introspect,Peaceful Pianos,Peaceful Piano,2008-01-05,4pHczqd3z6XrFphFiRJOmN,https://open.spotify.com/track/4pHczqd3z6XrFphFiRJOmN,introspective poignant somber
Introspection,GLVM,Introspection,2021-12-24,6l9uRlTiDiMWBFVl79DCB0,https://open.spotify.com/track/6l9uRlTiDiMWBFVl79DCB0,introspective poignant somber
Cinematic Ambient Piano (bonus track),Dmitriy Sevostyanov,Inspiring Piano,2022-08-17,1Jdxraw1lSH7zq04N6SxS1,https://open.spotify.com/track/1Jdxraw1lSH7zq04N6SxS1,introspective poignant somber
Ambient Piano Sleep,Piano Peace,"Instrumental Piano For Studying Music, Music For Reading, Focus and Concentration",2020-11-27,75RGFOS74dNP6nHkh1tsVk,https://open.spotify.com/track/75RGFOS74dNP6nHkh1tsVk,introspective poignant somber
Ambient Delusion,Les Cieu,Ambient Delusion,2017-11-10,0U4IPLole7Et879mX4sTR1,https://open.spotify.com/track/0U4IPLole7Et879mX4sTR1,introspective poignant somber
Inspiring Ambient,Dmitriy Sevostyanov,Inspiring Piano,2022-08-17,4q1GqVtnIngCMG149zduup,https://open.spotify.com/track/4q1GqVtnIngCMG149zduup,introspective poignant somber
Lullaby for Soleda (Instrumental Piano Solo) - Sad Music Melancholic Love Song,Sad Piano Music Instrumental Collective Australia,Sad Piano Music 1: Instrumental Love Songs Sentimental Emotional Dramatic Melancholic,2016-12-19,1aaQtWQ2fCqBS8QRsSIA9C,https://open.spotify.com/track/1aaQtWQ2fCqBS8QRsSIA9C,introspective poignant somber
Ambient Suspenseful Background (Original Motion Picture Soundtrack),Acoustic Instrumental Vibes,Ambient Suspenseful Background (Original Motion Picture Soundtrack),2022-10-18,1M6GOFvY9YviLMRlTUZm1V,https://open.spotify.com/track/1M6GOFvY9YviLMRlTUZm1V,introspective poignant somber
A Flowing Somberness,Laurence Ipsum,Night,2019-03-15,3Th5TGfFNpFp8uVgvwHxPQ,https://open.spotify.com/track/3Th5TGfFNpFp8uVgvwHxPQ,introspective poignant somber
Beautiful Ambient Cinematic Emotional,Romansenykmusic,Soft Cinematic Soundtracks,2020-03-19,0fA7ULakndESrgGw7QYHY4,https://open.spotify.com/track/0fA7ULakndESrgGw7QYHY4,introspective poignant somber
Introspection,Sol Rising,The Lofi Sessions,2022-01-07,1XKvMGVBjfHuDFp6eO3tf5,https://open.spotify.com/track/1XKvMGVBjfHuDFp6eO3tf5,introspective poignant somber
Intro,Spaceouters,Reflections,2021-01-10,01SgpqgesXp782WXNvOVny,https://open.spotify.com/track/01SgpqgesXp782WXNvOVny,introspective poignant somber
Emotional Inspiring Piano and Orchestra,Romansenykmusic,Unreleased,2022-10-26,3e3WNDE2KOPRz9CiMwyX8N,https://open.spotify.com/track/3e3WNDE2KOPRz9CiMwyX8N,introspective poignant somber
Intro,Desolate Tapes,Where All Life Fades Away​.​.​.,2018-08-05,3CZKDuyGMfA5vx2BJnPwVz,https://open.spotify.com/track/3CZKDuyGMfA5vx2BJnPwVz,introspective poignant somber
Mourners Walk,Sad Piano and Violin,Powerful Emotive Instrumental Music,2021-12-14,2enM2BGINfebxbEyv9GnRt,https://open.spotify.com/track/2enM2BGINfebxbEyv9GnRt,introspective poignant somber
Intrusion Dub,Intrusion,The Seduction of Silence,2010-11-22,79tojdfICWxFqaHnlwUibo,https://open.spotify.com/track/79tojdfICWxFqaHnlwUibo,introspective poignant somber
Solitude,Evocativ,Fragmented,2014-03-03,1o8VBINYCPyu1KXM9FG3vq,https://open.spotify.com/track/1o8VBINYCPyu1KXM9FG3vq,introspective poignant somber
Introspection,Richard LaBrooy,Introspection,2019-04-12,5NWClykeGxcZLjH4fJfA1q,https://open.spotify.com/track/5NWClykeGxcZLjH4fJfA1q,introspective poignant somber
Insight (Introspection),Biosphere: Nature Sounds & Music,Infinity,2006-08-29,6h0Qziyf8RUTK9qAMSBS8o,https://open.spotify.com/track/6h0Qziyf8RUTK9qAMSBS8o,introspective poignant somber
Introspection,Music Therapy Center of Creve Couer,"Music for Music Therapy, Step 1: Healing Piano Music",2010-03-08,4plr213eQ1ZJlho8SrzpSs,https://open.spotify.com/track/4plr213eQ1ZJlho8SrzpSs,introspective poignant somber
Introspection,Spa Soundscapes,Perceptions,2021-10-29,4SN2e5g4nkrZCmJgUNrWzq,https://open.spotify.com/track/4SN2e5g4nkrZCmJgUNrWzq,introspective poignant somber
Introspection,Niclas Lundqvist,Explorations,2023-11-10,25N1WHqbdRxoeMf6PdD6nc,https://open.spotify.com/track/25N1WHqbdRxoeMf6PdD6nc,introspective poignant somber
"Impressive Piano Sounds, Pt. 9",Dark Piano,Impressive Piano Sounds,2022-09-07,2oncaRHpYvUckFMtLYCJgr,https://open.spotify.com/track/2oncaRHpYvUckFMtLYCJgr,introspective poignant somber
Introspection Section,Tommy Guerrero,Loose Grooves & Bastard Blues,1998,1a3YcI7W9tqdghq4V1ITde,https://open.spotify.com/track/1a3YcI7W9tqdghq4V1ITde,introspective poignant somber
Instrumental,Xasthur,Xasthur (Deluxe),2006,3CwrLoFyJXfIDIpfqWoJcQ,https://open.spotify.com/track/3CwrLoFyJXfIDIpfqWoJcQ,introspective poignant somber
Introspective Therapy,Study Radiance,Relaxing Music,2020-06-05,5rIBIHoccsokcNor7MQb2I,https://open.spotify.com/track/5rIBIHoccsokcNor7MQb2I,introspective poignant somber
Inspirational Emotional Piano,makesound music,Cinematic Emotional Piano,2022-10-18,3PwPeSEgmwH9eGAuOsjfXO,https://open.spotify.com/track/3PwPeSEgmwH9eGAuOsjfXO,introspective poignant somber
Entrance,Ambient Avenue,"Ambient Avenue, Vol. 2",2021-05-14,2LYjdlaHVN8yvvtkBFageP,https://open.spotify.com/track/2LYjdlaHVN8yvvtkBFageP,introspective poignant somber
Introspection,Tibetan Bowls,Tibetan Bowls Meditation,2021-03-18,3X0oHly7mmtfQmET9nrVTp,https://open.spotify.com/track/3X0oHly7mmtfQmET9nrVTp,introspective poignant somber
Introspection,Witchlight Reverie,The Hermit,2024-08-05,16zXk6uDjno73v2EiWzXCt,https://open.spotify.com/track/16zXk6uDjno73v2EiWzXCt,introspective poignant somber
Introspection,DipOmè,To The Moon & Back,2021-02-05,1Knr5qHIgbpiHqvKw83WIv,https://open.spotify.com/track/1Knr5qHIgbpiHqvKw83WIv,introspective poignant somber
Floating (Emotional Piano Instrumental),Moesync,Melting (Emotional Piano Instrumentals),2024-10-06,0Msr3sh0kAPxGpaujmatZj,https://open.spotify.com/track/0Msr3sh0kAPxGpaujmatZj,introspective poignant somber
Quiet Inspiration,Limelight Glow,Nocturnal,2020-04-16,4gSugauXOKbZmD8hoNezuV,https://open.spotify.com/track/4gSugauXOKbZmD8hoNezuV,introspective poignant somber
Dark Ambient,Background Music Attention,"Gothic, Atmospheric, Dark Ambient",2020-01-13,7k4XRuYWSKR9aNVbV9dCh4,https://open.spotify.com/track/7k4XRuYWSKR9aNVbV9dCh4,introspective poignant somber
Ambient Dreaming,Sleep Music,Sleep Playlist,2015-10-21,0g6iXtyUpQRmSuCohnpMwv,https://open.spotify.com/track/0g6iXtyUpQRmSuCohnpMwv,introspective poignant somber
Embarking,Somniscape,"Calm, Vol. 1",2018-06-14,4pwX0XhbeNUng99hS7Gmnw,https://open.spotify.com/track/4pwX0XhbeNUng99hS7Gmnw,introspective poignant somber
A Night to Remember,Intrusion,The Seduction of Silence,2010-11-22,3K02Y7S9sMzV1JbGh27aBS,https://open.spotify.com/track/3K02Y7S9sMzV1JbGh27aBS,introspective poignant somber
Introspection,Richard LaBrooy,Introspection,2019-04-12,5NWClykeGxcZLjH4fJfA1q,https://open.spotify.com/track/5NWClykeGxcZLjH4fJfA1q,introspective poignant somber
Insight (Introspection),Biosphere: Nature Sounds & Music,Infinity,2006-08-29,6h0Qziyf8RUTK9qAMSBS8o,https://open.spotify.com/track/6h0Qziyf8RUTK9qAMSBS8o,introspective poignant somber
Introspection,Bedtime Instrumental Piano Music Academy,Dreamland Tranquillity,2024-09-23,14poIukuYCcvjc0jeosJxs,https://open.spotify.com/track/14poIukuYCcvjc0jeosJxs,introspective poignant somber
Introspection,Music Therapy Center of Creve Couer,"Music for Music Therapy, Step 1: Healing Piano Music",2010-03-08,4plr213eQ1ZJlho8SrzpSs,https://open.spotify.com/track/4plr213eQ1ZJlho8SrzpSs,introspective poignant somber
Sombre Moments,Ambience Mastery,Foggy Day Ambience,2022-04-08,4mJPwhISoeYRsvCBe2Brp8,https://open.spotify.com/track/4mJPwhISoeYRsvCBe2Brp8,introspective poignant somber
Invite Stillness Within,Ambientalism,Blissful Serenades,2021-07-07,3ITPT8nSHIhifZPZSPgiY2,https://open.spotify.com/track/3ITPT8nSHIhifZPZSPgiY2,introspective poignant somber
Introspection,Spa Soundscapes,Perceptions,2021-10-29,4SN2e5g4nkrZCmJgUNrWzq,https://open.spotify.com/track/4SN2e5g4nkrZCmJgUNrWzq,introspective poignant somber
Introspection,Niclas Lundqvist,Explorations,2023-11-10,25N1WHqbdRxoeMf6PdD6nc,https://open.spotify.com/track/25N1WHqbdRxoeMf6PdD6nc,introspective poignant somber
Intimate Sad Piano,DS Productions,Intimate Sad Piano,2020-06-24,1dkBfejYg06r5Bicio3MNC,https://open.spotify.com/track/1dkBfejYg06r5Bicio3MNC,introspective poignant somber
Instrumental #2,Windy & Carl,Southeast of Saturn,2020-11-20,7lmTIYIRAOxuFd3wxXpEhB,https://open.spotify.com/track/7lmTIYIRAOxuFd3wxXpEhB,introspective poignant somber
Inspirational Emotional Piano,makesound music,Cinematic Emotional Piano,2022-10-18,3PwPeSEgmwH9eGAuOsjfXO,https://open.spotify.com/track/3PwPeSEgmwH9eGAuOsjfXO,introspective poignant somber
Introspective,Melodiesinfonie,We Gonna Be Ok,2022-06-24,5VZjewApZLk6JgC3YL31lj,https://open.spotify.com/track/5VZjewApZLk6JgC3YL31lj,introspective poignant somber
Intonation,Environments,Environments 7,1974-01-04,7uGcMobUS6CqEky8E3y0zZ,https://open.spotify.com/track/7uGcMobUS6CqEky8E3y0zZ,introspective poignant somber
Inspiring and Emotional Piano,makesound music,Cinematic Emotional Piano,2022-10-18,75hq6NXrOvwMzrfEr2Y0yA,https://open.spotify.com/track/75hq6NXrOvwMzrfEr2Y0yA,introspective poignant somber
Introspection,Tibetan Bowls,Tibetan Bowls Meditation,2021-03-18,3X0oHly7mmtfQmET9nrVTp,https://open.spotify.com/track/3X0oHly7mmtfQmET9nrVTp,introspective poignant somber
Piano with Inspiring Strings,makesound music,Cinematic Emotional Piano,2022-10-18,2LAJGza2zk4YcFvztnozC9,https://open.spotify.com/track/2LAJGza2zk4YcFvztnozC9,introspective poignant somber
Somnolence,Emotive Grey,Somnolence,2018-08-20,6gGXjOBHi7Fca7zY4yu6RM,https://open.spotify.com/track/6gGXjOBHi7Fca7zY4yu6RM,introspective poignant somber
Dark Ambient,Background Music Attention,"Gothic, Atmospheric, Dark Ambient",2020-01-13,7k4XRuYWSKR9aNVbV9dCh4,https://open.spotify.com/track/7k4XRuYWSKR9aNVbV9dCh4,introspective poignant somber
Pensive,Joe Volpe,Introspection,2010-07-12,0vUjIssUGjkO3rtk8CD7Et,https://open.spotify.com/track/0vUjIssUGjkO3rtk8CD7Et,introspective poignant somber
Jaded Introspection,Palm Analogue,Calm Bedtime Grand Piano Solos,2020-10-21,7icIwCpnNTAd1WyeIMLIyK,https://open.spotify.com/track/7icIwCpnNTAd1WyeIMLIyK,introspective poignant somber
Introspection,Nature Sounds,Relaxing Music with Nature Sounds,2015-12-21,3tT2DlFipGOvQqpa3K0Nw4,https://open.spotify.com/track/3tT2DlFipGOvQqpa3K0Nw4,introspective poignant somber
Introspection,Adam Salkeld,Deep Cinematic,2018-08-22,43vYsVxepdWknkSSvuUPrO,https://open.spotify.com/track/43vYsVxepdWknkSSvuUPrO,introspective poignant somber
Introspection,The Lay-Backs,Introspection,2022-11-18,3AjIW7YdxQ6Q1xK3FUCpQv,https://open.spotify.com/track/3AjIW7YdxQ6Q1xK3FUCpQv,introspective poignant somber
Ambient Piano Deep Sleep,Piano Peace,"Instrumental Piano For Studying Music, Music For Reading, Focus and Concentration",2020-11-27,0WEgM06tOIqGLnkCUPTQRw,https://open.spotify.com/track/0WEgM06tOIqGLnkCUPTQRw,introspective poignant somber
"Introspection Music for a Deep Meditative State, Pt. 19",Meditation Music Therapy,Calming Playlist,2022-10-31,7617fZ0HLA6Q91KKBvMkJE,https://open.spotify.com/track/7617fZ0HLA6Q91KKBvMkJE,introspective poignant somber
"Introspection Music for a Deep Meditative State, Pt. 20",Meditation Music Therapy,Calming Playlist,2022-10-31,4nT5LBQEUt99Bh8XmTHPo9,https://open.spotify.com/track/4nT5LBQEUt99Bh8XmTHPo9,introspective poignant somber
"Introspection Music for a Deep Meditative State, Pt. 29",Meditation Music Therapy,Calming Playlist,2022-10-31,72Tj1vobD4AN9tkaLanhA9,https://open.spotify.com/track/72Tj1vobD4AN9tkaLanhA9,introspective poignant somber
Introspection,White Sounds,High Andes Wind: Focus And Introspection,2023-01-23,1sU2UQypYXP4F0ZDhsBrHQ,https://open.spotify.com/track/1sU2UQypYXP4F0ZDhsBrHQ,introspective poignant somber
Introspective Therapy,Piano Sleep Music,Piano Sleep Music,2020-06-08,5xa290xyEql0PAUNqvy1NF,https://open.spotify.com/track/5xa290xyEql0PAUNqvy1NF,introspective poignant somber
Intro,Afraid of Destiny,Agony,2017-04-21,2xnUTjxVr8VxdNbOsDDJ4n,https://open.spotify.com/track/2xnUTjxVr8VxdNbOsDDJ4n,introspective poignant somber
Sadness (Part 1),The Intimate Orchestra,101 Instrumental Moods,2013-07-31,6C0ori8PRjH5GsI7qYIgPS,https://open.spotify.com/track/6C0ori8PRjH5GsI7qYIgPS,introspective poignant somber
Inspirational Cinematic Ambient,AShamaluevMusic,Inspirational Cinematic Ambient,2018-07-16,0o07y13oIyB17Ipdp6KTVs,https://open.spotify.com/track/0o07y13oIyB17Ipdp6KTVs,introspective poignant somber
Introspection,The Last Days of Our Past,Introspection,2023-03-31,2XXqht1cOOSObFYAeWyhZs,https://open.spotify.com/track/2XXqht1cOOSObFYAeWyhZs,introspective poignant somber
Piano Inspirational,makesound music,Cinematic Emotional Piano,2022-10-18,7hGUGe7xZZtorvC0KfPebQ,https://open.spotify.com/track/7hGUGe7xZZtorvC0KfPebQ,introspective poignant somber
Instrumental - #2,Mount Eerie,Ocean Roar,2012-08-29,1ABwJQJ0E5e2Cl2STTqonK,https://open.spotify.com/track/1ABwJQJ0E5e2Cl2STTqonK,introspective poignant somber
Introspective (from Home),Dirk Maassen,Echoes,2021-03-05,379cy15zAiLG1V75ZdrnPV,https://open.spotify.com/track/379cy15zAiLG1V75ZdrnPV,introspective poignant somber
Intrinsic,Paul Haslinger,Intrinsic,2019-10-10,38mLpbSRinX6ZSuFrZuJJE,https://open.spotify.com/track/38mLpbSRinX6ZSuFrZuJJE,introspective poignant somber
Emotional Piano,Piano Dreams,Piano Sleep: Deep Sleep Music for Rest Relaxation and Meditation,2018-12-04,5k9LftwCi06aF8QIZESRbB,https://open.spotify.com/track/5k9LftwCi06aF8QIZESRbB,introspective poignant somber
Intro,Phoria,Intro,2020-06-23,3wPOIbGOxg3mvh1Be5TeBL,https://open.spotify.com/track/3wPOIbGOxg3mvh1Be5TeBL,introspective poignant somber
Enter,Somniscape,"Calm, Vol. 3",2020-04-16,5UNAhvMeV26UqfA1SrQoGs,https://open.spotify.com/track/5UNAhvMeV26UqfA1SrQoGs,introspective poignant somber
Introspection,David Henderson,Soothing My Soul,2010-10-18,1oZ50oGkT8ZH4qPRD3BDLz,https://open.spotify.com/track/1oZ50oGkT8ZH4qPRD3BDLz,introspective poignant somber
Slow Dramatic Reflective Piano,Stephan Lindsjo,"Mood Introspective, Set 35",2022-04-17,3TzRU5rfmmMIsOMTfuSHxc,https://open.spotify.com/track/3TzRU5rfmmMIsOMTfuSHxc,introspective poignant somber
Introspection,Dreamcloud Haze,Introspection,2021-11-19,2LtqIM5phob3KZwNwihRo1,https://open.spotify.com/track/2LtqIM5phob3KZwNwihRo1,introspective poignant somber
Into a Portal,Sad Music,Piano & Sentimental Moments,2023-05-07,0CB607UzrxLbJinvgHOIkb,https://open.spotify.com/track/0CB607UzrxLbJinvgHOIkb,introspective poignant somber
"Introspection Music for a Deep Meditative State, Pt. 27",Meditation Music Therapy,Calming Playlist,2022-10-31,72tZIJqkUfREb9hW20wz8O,https://open.spotify.com/track/72tZIJqkUfREb9hW20wz8O,introspective poignant somber
Introspection,Haengelik Deville,Introspection,2020-11-18,1W98c90eXRv1PtixuFzVqR,https://open.spotify.com/track/1W98c90eXRv1PtixuFzVqR,introspective poignant somber
"Introspection Music for a Deep Meditative State, Pt. 30",Meditation Music Therapy,Calming Playlist,2022-10-31,7010OyextVZanbBGXv5bYM,https://open.spotify.com/track/7010OyextVZanbBGXv5bYM,introspective poignant somber
"Introspection Music for a Deep Meditative State, Pt. 22",Meditation Music Therapy,Calming Playlist,2022-10-31,2YGUL0rQzILG6650jufBvX,https://open.spotify.com/track/2YGUL0rQzILG6650jufBvX,introspective poignant somber
Introspective - Rain,Atmospheric Lights,Introspective,2021-10-15,4qwdjZPcs6XrOxpr34Gs9m,https://open.spotify.com/track/4qwdjZPcs6XrOxpr34Gs9m,introspective poignant somber
"Introspection Music for a Deep Meditative State, Pt. 28",Meditation Music Therapy,Calming Playlist,2022-10-31,2EkmiYOSuJFHWF5Bw8oVSI,https://open.spotify.com/track/2EkmiYOSuJFHWF5Bw8oVSI,introspective poignant somber
Ambient Piano,Piano Mood,"Easy Listening Piano Songs: Peaceful and Relaxing Intrumental Music for Stress Relief, Positive Thinking and Healing Meditation",2015-12-09,1XiWsAtm5yaRiDAaALh8cw,https://open.spotify.com/track/1XiWsAtm5yaRiDAaALh8cw,introspective poignant somber
Dreamy Ambient Piano,The Deep Sleep Scientists,Sleeping Music: Music to Sleep to. Gentle Calm Piano and Relaxing Soothing Sounds for a Relaxing Sleep.,2020-07-17,23ClN9Xd1xsAmVoNQysa3B,https://open.spotify.com/track/23ClN9Xd1xsAmVoNQysa3B,introspective poignant somber
Sad Ambient Piano,Rafael Krux,Sad Ambient Piano,2023-03-03,49XtuQTo7xFqGVnpEbL3fZ,https://open.spotify.com/track/49XtuQTo7xFqGVnpEbL3fZ,introspective poignant somber
Reflection - Instrumental,Massive Attack,Inertia Creeps,1998-10-19,2UyppwonAi8ckkW0m8QdBm,https://open.spotify.com/track/2UyppwonAi8ckkW0m8QdBm,introspective poignant somber
instrumental1,Oldstar,rerun,2022-06-15,6exIie7hKwnVpUXrzEsTUZ,https://open.spotify.com/track/6exIie7hKwnVpUXrzEsTUZ,introspective poignant somber
Intro,Spotlights,Tidals,2016-05-13,1hsq2fk4mJ8alGwoh3tJDd,https://open.spotify.com/track/1hsq2fk4mJ8alGwoh3tJDd,introspective poignant somber
Intonation Interlude,Relaxing BGM Project,Relaxing Effect BGM ~Change in Motion~,2019-09-05,7GZygYH7cMZrr8cBU0BP4M,https://open.spotify.com/track/7GZygYH7cMZrr8cBU0BP4M,introspective poignant somber
Ambient Piano Music,Sleeping Music,"Deep Sleep Music: Soothing Piano Music for Sleeping, Calm Music Sleep Aid, Ambient Relaxation Music and Relaxing Sleeping Music",2017-08-13,6gBKP1gvlQQnHqihxPpvt6,https://open.spotify.com/track/6gBKP1gvlQQnHqihxPpvt6,introspective poignant somber
Abandonment (Instrumental Piano & Orchestra) Sad Music Dramatic Emotional Love Song,Sad Piano Music Instrumental Collective Australia,Abandonment (Instrumental Piano & Orchestra) Sad Music Dramatic Emotional Love Song,2016-12-09,2nqMoLA4yPSPPKnX0JzBRH,https://open.spotify.com/track/2nqMoLA4yPSPPKnX0JzBRH,introspective poignant somber
Focus,Interiors,Conduit Vista,2021-02-26,2IVPEeIcgjUJMl2Vsg1JKj,https://open.spotify.com/track/2IVPEeIcgjUJMl2Vsg1JKj,introspective poignant somber
Introspective,Incidental Music,"Tv Series Music, Vol. 4",2019-05-03,0dE6re0HcKrPqUM1DmOX0R,https://open.spotify.com/track/0dE6re0HcKrPqUM1DmOX0R,introspective poignant somber
Introspection,Aural Float,Introspectives,2008-02-29,28QnR1pOmXT5I2BUkG3Q2v,https://open.spotify.com/track/28QnR1pOmXT5I2BUkG3Q2v,introspective poignant somber
Introspection,Aleks Michalski,Existence,2018-04-16,5bPpSxC6hRtwdqTLh5eStz,https://open.spotify.com/track/5bPpSxC6hRtwdqTLh5eStz,introspective poignant somber
Introspection I,We Are The City,Violent (Original Motion Picture Soundtrack),2017-11-24,3BixzEfsCE0LSbuLMnDRp5,https://open.spotify.com/track/3BixzEfsCE0LSbuLMnDRp5,introspective poignant somber
Introspection,Haquin,Introspection,2021-11-22,73dAt5Mu39EnwgUT8JU3Ef,https://open.spotify.com/track/73dAt5Mu39EnwgUT8JU3Ef,introspective poignant somber
Intrinsic,ambinate,Cycles EP,2011-11-21,4e2bn4H7DDphUFnk4mOVhJ,https://open.spotify.com/track/4e2bn4H7DDphUFnk4mOVhJ,introspective poignant somber
Interlude (Nostalgia),Illuminine,#2,2017-03-17,2tS6ivTLT2cTFdqfCgCfvc,https://open.spotify.com/track/2tS6ivTLT2cTFdqfCgCfvc,introspective poignant somber
Introspective,Harper Zen,Meditation Dream: Relaxing Music for Meditation,2015-02-26,3RHczSj9lK3tjsE5vUw4Nu,https://open.spotify.com/track/3RHczSj9lK3tjsE5vUw4Nu,introspective poignant somber
Interlude - Instrumental,Sonar Lights,Babelonia,2017-01-02,0THzGBrCVxasjIfg7s8zT3,https://open.spotify.com/track/0THzGBrCVxasjIfg7s8zT3,introspective poignant somber
Intro,Alphaxone,Absence of Motion,2015-08-25,2qc8gnZD171s1fNM65hNmC,https://open.spotify.com/track/2qc8gnZD171s1fNM65hNmC,introspective poignant somber
"Introspection Music for a Deep Meditative State, Pt. 14",Meditation Music Therapy,Calming Playlist,2022-10-31,18a0GXZC4flTC3ZXx3Ealv,https://open.spotify.com/track/18a0GXZC4flTC3ZXx3Ealv,introspective poignant somber
"Introspection Music for a Deep Meditative State, Pt. 16",Meditation Music Therapy,Calming Playlist,2022-10-31,4uZEYf33fjEWyRt9mlq8jg,https://open.spotify.com/track/4uZEYf33fjEWyRt9mlq8jg,introspective poignant somber
"Introspection Music for a Deep Meditative State, Pt. 21",Meditation Music Therapy,Calming Playlist,2022-10-31,7xKkcxRZS9zlaIJRTLHCeq,https://open.spotify.com/track/7xKkcxRZS9zlaIJRTLHCeq,introspective poignant somber
Intro,Nocturnal Depression,Reflections of a Sad Soul,2022-10-04,7xZqVVEdwf1r1CTjPKB9XR,https://open.spotify.com/track/7xZqVVEdwf1r1CTjPKB9XR,introspective poignant somber
Reflection II - Unreleased Extended Mix,Intrusion,Intrusion / Reflection,2008-07-09,2YHAzXi3sOQ8ydlVhutKhX,https://open.spotify.com/track/2YHAzXi3sOQ8ydlVhutKhX,introspective poignant somber
Atmospheric Piano,Ambient Space,Ambient Relaxation,2021-05-06,0Z21V50CjznFQQPdBn6jDI,https://open.spotify.com/track/0Z21V50CjznFQQPdBn6jDI,introspective poignant somber
Ambient Cinematic Adventure,DS Productions,Ambient Cinematic Adventure,2020-06-24,6z7z8Lqs42D90ET21mmSOm,https://open.spotify.com/track/6z7z8Lqs42D90ET21mmSOm,introspective poignant somber
Intrinsic,Paul Haslinger,Exit Ghost,2020-02-07,0SENO2r1dnT3m6MwdYyhUJ,https://open.spotify.com/track/0SENO2r1dnT3m6MwdYyhUJ,introspective poignant somber
Interlude,Howard Hello,EP,2007-06-19,3m8LcbowrhDHomS4LBP5Oe,https://open.spotify.com/track/3m8LcbowrhDHomS4LBP5Oe,introspective poignant somber
Air,Thijs van Leer,Introspection,2015-04-14,4NoQEllswkjDiNVH7g31W6,https://open.spotify.com/track/4NoQEllswkjDiNVH7g31W6,introspective poignant somber
Instrumental Emotions,Levon Oran Wind,2 Hours Sleep Music - Deep Relaxing Songs,2018-01-29,0r5oLl63a3z5O6mBD6V7rq,https://open.spotify.com/track/0r5oLl63a3z5O6mBD6V7rq,introspective poignant somber
Depression Ambient,Library Of The Human Soul,Sadness (Ambient Edition),2016-01-10,4Au7SD2N5oWEyT5dwXyAKZ,https://open.spotify.com/track/4Au7SD2N5oWEyT5dwXyAKZ,introspective poignant somber
Introspection,Alicia Enstrom,Ruminations,2021-05-19,0HNj2xs3qHO7pYUlqnIL48,https://open.spotify.com/track/0HNj2xs3qHO7pYUlqnIL48,introspective poignant somber
introspection,pakkokon,夢で,2022-11-17,7E5UEuNhQRpLD2Q6beFm40,https://open.spotify.com/track/7E5UEuNhQRpLD2Q6beFm40,introspective poignant somber
Instrumental 1,Wes Swing,Through a Fogged Glass,2011-01-05,3dhKUBi1gCFCuNtoNTAUWS,https://open.spotify.com/track/3dhKUBi1gCFCuNtoNTAUWS,introspective poignant somber
"Introspection Music for a Deep Meditative State, Pt. 24",Meditation Music Therapy,Calming Playlist,2022-10-31,0NX9pd407JsVQOMc9be8IS,https://open.spotify.com/track/0NX9pd407JsVQOMc9be8IS,introspective poignant somber
Inspiration Ambient,Alan Al,Instrumental,2017-01-07,1us4L9XcHORhuYGJ5BYV1N,https://open.spotify.com/track/1us4L9XcHORhuYGJ5BYV1N,introspective poignant somber
432 Hz Introspection - Session Theme,432 Hz Sound Therapy,"Deep Meditation & Binaural Beats, Vol. 6",2022-11-15,5iEIYqSEthx47a4HZhOuBN,https://open.spotify.com/track/5iEIYqSEthx47a4HZhOuBN,introspective poignant somber
"Introspection Music for a Deep Meditative State, Pt. 17",Meditation Music Therapy,Calming Playlist,2022-10-31,4yjTGOjrmRFqbc1oT2YNjK,https://open.spotify.com/track/4yjTGOjrmRFqbc1oT2YNjK,introspective poignant somber
"Introspection Music for a Deep Meditative State, Pt. 33",Meditation Music Therapy,Calming Playlist,2022-10-31,2j0J8WJqHjVmt01lkBiMjB,https://open.spotify.com/track/2j0J8WJqHjVmt01lkBiMjB,introspective poignant somber
Intro,Arctic Lake,See Inside,2020-02-07,6yDYpB6PC1HSfJ9NhJaNK8,https://open.spotify.com/track/6yDYpB6PC1HSfJ9NhJaNK8,introspective poignant somber
Cinematic Ambient Piano,Dmitriy Sevostyanov,Inspiring Piano,2022-08-17,2bFrilsMXQgtORwD5nAks4,https://open.spotify.com/track/2bFrilsMXQgtORwD5nAks4,introspective poignant somber
Emotional Piano Soundscape,Allen Grey,Soundscape Collection,2020-12-09,1qjdcyIybpzRxKBGfy6nND,https://open.spotify.com/track/1qjdcyIybpzRxKBGfy6nND,introspective poignant somber
Ambient Piano Nights,The Deep Sleep Scientists,Sleeping Music: Music to Sleep to. Gentle Calm Piano and Relaxing Soothing Sounds for a Relaxing Sleep.,2020-07-17,4TpvucSpeqHtAH7QzuOjoW,https://open.spotify.com/track/4TpvucSpeqHtAH7QzuOjoW,introspective poignant somber
Time (Instrumental Piano & Orchestra) - Sad Music Emotional Melancholic Love Song,Sad Piano Music Instrumental Collective Australia,Sad Piano Music 1: Instrumental Love Songs Sentimental Emotional Dramatic Melancholic,2016-12-19,1Cbwd8zK5WgZhik3Z5B1Iw,https://open.spotify.com/track/1Cbwd8zK5WgZhik3Z5B1Iw,introspective poignant somber
Introduction,Songs for Cinema,To Those Nights,2013-05-12,0USsS51RZOmV8fbgt9aeUj,https://open.spotify.com/track/0USsS51RZOmV8fbgt9aeUj,introspective poignant somber
Introspective,Patrick Kelly,Essential Meditation,2010-10-25,7mpaGhB66K87PgIE5S0aYi,https://open.spotify.com/track/7mpaGhB66K87PgIE5S0aYi,introspective poignant somber
Introspection,Astral Wonder,Introspection,2023-01-27,3fXYIxI6vlozGWuXaGITUZ,https://open.spotify.com/track/3fXYIxI6vlozGWuXaGITUZ,introspective poignant somber
Introspection,Liu Li-Chin,Embrace,2011-09-12,50ytLGIUZrxoELYf6JWm6j,https://open.spotify.com/track/50ytLGIUZrxoELYf6JWm6j,introspective poignant somber
Intrinsic Peace,Nayantara,Intrinsic Peace,2020-10-09,7xcOyjOaKe8jTnjVKCczeu,https://open.spotify.com/track/7xcOyjOaKe8jTnjVKCczeu,introspective poignant somber
Introspective,Jordane Tumarinson,Nuit Blanche,2020-10-02,1XfNhxF4eAhE9k4lwiZ6Kt,https://open.spotify.com/track/1XfNhxF4eAhE9k4lwiZ6Kt,introspective poignant somber
Depression Ambient,Library Of The Human Soul,Sadness (Ambient Edition),2016-01-10,4Au7SD2N5oWEyT5dwXyAKZ,https://open.spotify.com/track/4Au7SD2N5oWEyT5dwXyAKZ,introspective poignant somber
Introspection,Alicia Enstrom,Ruminations,2021-05-19,0HNj2xs3qHO7pYUlqnIL48,https://open.spotify.com/track/0HNj2xs3qHO7pYUlqnIL48,introspective poignant somber
Melancholic Saxophone,Jazz Instrumental Relax Center,Calming Jazz for Reading: Soothing Evening with Cozy Instrumental Background,2022-02-02,0AYqXFsYx9feWW3GhpIZDx,https://open.spotify.com/track/0AYqXFsYx9feWW3GhpIZDx,introspective poignant somber
Thoughtful Introspection,David Kates,"Spa and Spirit: Music for Deep Thought, Focus and Relaxation",2019-08-12,2HIS0Sx5IJaIO725nMOM2z,https://open.spotify.com/track/2HIS0Sx5IJaIO725nMOM2z,introspective poignant somber
Intro,dapurr,1,2017-10-14,6KXMWTTvu0T5Z2r42GTC3n,https://open.spotify.com/track/6KXMWTTvu0T5Z2r42GTC3n,introspective poignant somber
Dramatic Ambient Piano,cleanmindsounds,Dramatic Ambient Piano,2023-02-28,0MsqXbvUW0XXoUuIkwVSlS,https://open.spotify.com/track/0MsqXbvUW0XXoUuIkwVSlS,introspective poignant somber
Inspiration Ambient,Alan Al,Instrumental,2017-01-07,1us4L9XcHORhuYGJ5BYV1N,https://open.spotify.com/track/1us4L9XcHORhuYGJ5BYV1N,introspective poignant somber
432 Hz Introspection - Session Theme,432 Hz Sound Therapy,"Deep Meditation & Binaural Beats, Vol. 6",2022-11-15,5iEIYqSEthx47a4HZhOuBN,https://open.spotify.com/track/5iEIYqSEthx47a4HZhOuBN,introspective poignant somber
"Introspection Music for a Deep Meditative State, Pt. 17",Meditation Music Therapy,Calming Playlist,2022-10-31,4yjTGOjrmRFqbc1oT2YNjK,https://open.spotify.com/track/4yjTGOjrmRFqbc1oT2YNjK,introspective poignant somber
Divine Intervention,Ambient,Ambient Reflection,2016-01-13,2sb1GdQG4qRrgy0XpOAqlU,https://open.spotify.com/track/2sb1GdQG4qRrgy0XpOAqlU,introspective poignant somber
"Introspection Music for a Deep Meditative State, Pt. 15",Meditation Music Therapy,Calming Playlist,2022-10-31,7IvsLmr2xf84tWNyrFxMxm,https://open.spotify.com/track/7IvsLmr2xf84tWNyrFxMxm,introspective poignant somber
Quiet,Endless Melancholy,Music for Quiet Mornings,2012-03-12,3hQnuZyKtu4C9h2CFF7Vki,https://open.spotify.com/track/3hQnuZyKtu4C9h2CFF7Vki,introspective poignant somber
"Introspection Music for a Deep Meditative State, Pt. 33",Meditation Music Therapy,Calming Playlist,2022-10-31,2j0J8WJqHjVmt01lkBiMjB,https://open.spotify.com/track/2j0J8WJqHjVmt01lkBiMjB,introspective poignant somber
Intro,Arctic Lake,See Inside,2020-02-07,6yDYpB6PC1HSfJ9NhJaNK8,https://open.spotify.com/track/6yDYpB6PC1HSfJ9NhJaNK8,introspective poignant somber
Intrinsic Light,RHHS Music,Intrinsic Light,2020-04-09,5OfEJGhnS8GkwjX1LggopA,https://open.spotify.com/track/5OfEJGhnS8GkwjX1LggopA,introspective poignant somber
Time (Instrumental Piano & Orchestra) - Sad Music Emotional Melancholic Love Song,Sad Piano Music Instrumental Collective Australia,Sad Piano Music 1: Instrumental Love Songs Sentimental Emotional Dramatic Melancholic,2016-12-19,1Cbwd8zK5WgZhik3Z5B1Iw,https://open.spotify.com/track/1Cbwd8zK5WgZhik3Z5B1Iw,introspective poignant somber
Ambient Cinematic Piano,DS Productions,Ambient Cinematic Piano,2020-06-24,0kr4V1nVLhZbNTYHxu7aof,https://open.spotify.com/track/0kr4V1nVLhZbNTYHxu7aof,introspective poignant somber
Introspective,Patrick Kelly,Essential Meditation,2010-10-25,7mpaGhB66K87PgIE5S0aYi,https://open.spotify.com/track/7mpaGhB66K87PgIE5S0aYi,introspective poignant somber
Introspection,Astral Wonder,Introspection,2023-01-27,3fXYIxI6vlozGWuXaGITUZ,https://open.spotify.com/track/3fXYIxI6vlozGWuXaGITUZ,introspective poignant somber
Evening Introspection,Spa Relaxation & Spa,Transcendental Prayer Pieces,2020-06-27,3YupPCbF5tnoMvb3LtHBt5,https://open.spotify.com/track/3YupPCbF5tnoMvb3LtHBt5,introspective poignant somber
Intrinsic (Alt Version),Adrian Disch,The Promise of Finding,2021-03-03,04pgsDasxQSSgYCw64xoWe,https://open.spotify.com/track/04pgsDasxQSSgYCw64xoWe,introspective poignant somber
Introspection,The Spiritual Voyager,Healing Music Mantras for Well Being: Rhythmic Music for Yoga Practice and the Healing Spa,2019-08-12,5tlqeMrzZyIoJiuxenf6CD,https://open.spotify.com/track/5tlqeMrzZyIoJiuxenf6CD,introspective poignant somber
Sombre Reflection,John Altman,John Altman: Silent Screen,2016-12-23,4cqBAbmgjoqRwBwy3FdRN7,https://open.spotify.com/track/4cqBAbmgjoqRwBwy3FdRN7,introspective poignant somber
Introspect,Oliver Barnacle,Dragon Skies (Original Game Soundtrack),2021-04-13,40kCjNupncQU3vj3Khs8qf,https://open.spotify.com/track/40kCjNupncQU3vj3Khs8qf,introspective poignant somber
Ambient Awakening,Jai Lainbachs,60 Introspection Nights,2018-04-24,4PkXT1egyuc3xpqmtdXFGc,https://open.spotify.com/track/4PkXT1egyuc3xpqmtdXFGc,introspective poignant somber
Introspection #76,Adeline Hotel,Good Timing,2021-02-19,5ywLdF7z3bnNetT82x8gB5,https://open.spotify.com/track/5ywLdF7z3bnNetT82x8gB5,introspective poignant somber
"Introspection Music for a Deep Meditative State, Pt. 25",Meditation Music Therapy,Calming Playlist,2022-10-31,1eC59JPZYmOZ0KtLagqJbR,https://open.spotify.com/track/1eC59JPZYmOZ0KtLagqJbR,introspective poignant somber
"Introspection Music for a Deep Meditative State, Pt. 18",Meditation Music Therapy,Calming Playlist,2022-10-31,3xTNaAFOl4UcNvpjeG9gpL,https://open.spotify.com/track/3xTNaAFOl4UcNvpjeG9gpL,introspective poignant somber
"Introspection Music for a Deep Meditative State, Pt. 23",Meditation Music Therapy,Calming Playlist,2022-10-31,4qQTjcOaRd0UASdRNitVoU,https://open.spotify.com/track/4qQTjcOaRd0UASdRNitVoU,introspective poignant somber
"Introspection Music for a Deep Meditative State, Pt. 26",Meditation Music Therapy,Calming Playlist,2022-10-31,62ZdPtizhYQaNX2pYRKcl9,https://open.spotify.com/track/62ZdPtizhYQaNX2pYRKcl9,introspective poignant somber
"Introspection Music for a Deep Meditative State, Pt. 38",Meditation Music Therapy,Calming Playlist,2022-10-31,5RAMajv6h5DU5Ulko0Jfhj,https://open.spotify.com/track/5RAMajv6h5DU5Ulko0Jfhj,introspective poignant somber
Introspection,Jprsn,Introspection,2018-03-10,6PPnTGfTUPNgA2ZJC0lNw7,https://open.spotify.com/track/6PPnTGfTUPNgA2ZJC0lNw7,introspective poignant somber
Introspection,Eskadet,Introspection,2012-03-30,5TQyYzNn3sj5a8uoM9uFf4,https://open.spotify.com/track/5TQyYzNn3sj5a8uoM9uFf4,introspective poignant somber
Introspection,Handpan Mystic Flow,Inner Journeys - Solo Handpan 2019,2020-02-21,6jeoEVciJQ4GgXJSeTLFGS,https://open.spotify.com/track/6jeoEVciJQ4GgXJSeTLFGS,introspective poignant somber
Submerged,Introspecter,Falling Window,2015-05-09,6BhYZTQvRTHncevWFl6IWY,https://open.spotify.com/track/6BhYZTQvRTHncevWFl6IWY,introspective poignant somber
Ambiences From Afar,Sad Music,Piano & Sentimental Moments,2023-05-07,0q8qGdccAxjyNpt03z4oD5,https://open.spotify.com/track/0q8qGdccAxjyNpt03z4oD5,introspective poignant somber
Nostalgia,Peter Garland,Study of the Invisible,2022-03-25,4xKwWMgwO6mHf8IRwvj3Tr,https://open.spotify.com/track/4xKwWMgwO6mHf8IRwvj3Tr,introspective poignant somber
Interlude 1,Orange Crush,Autumn Reflections,2016-04-30,5ZqA0RrVwn4wFDo7yvPHbE,https://open.spotify.com/track/5ZqA0RrVwn4wFDo7yvPHbE,introspective poignant somber
Nocturnal,Ambiosynthesis,Dusk // Dawn,2022-03-17,4uDPM2ArVWoPPxCb61fBHC,https://open.spotify.com/track/4uDPM2ArVWoPPxCb61fBHC,introspective poignant somber
Introspective Dream,Eric Harry,"Away Melancholy, Away",2009-01-08,7AARwdKycaUJAxdfwnDivb,https://open.spotify.com/track/7AARwdKycaUJAxdfwnDivb,introspective poignant somber
"Introspection Music for a Deep Meditative State, Pt. 39",Meditation Guru,Saturday Morning,2022-10-08,2OxgQPgn3EYsQU4vYywGtv,https://open.spotify.com/track/2OxgQPgn3EYsQU4vYywGtv,introspective poignant somber
Ambient Dissolution Into Nostalgic Dreams,hanging moss,Autumn Journeys & Reflections,2013-11-07,4B6wQc2k9MwS7MVSaTBPqH,https://open.spotify.com/track/4B6wQc2k9MwS7MVSaTBPqH,introspective poignant somber
Melancholic Jazz,Sentimental Piano Music Oasis,"Relaxation Piano Moods - Soft Instrumental Piano Jazz, Well Being, Good Mood, Relaxing Lounge Music, Chill Out & Sleep",2017-02-02,1J52NTLsrqjj2aPOYvcAbd,https://open.spotify.com/track/1J52NTLsrqjj2aPOYvcAbd,introspective poignant somber
Dark Ambient,Robbins Island Music Group,"Ambient Mood Music: Ambient Instrumental Music for Deep Sleep, Stress Relief, Bedtime Music, Meditation & Spa Treatments",2014-06-04,7F5K9zhilOy0jNEhPEHEJt,https://open.spotify.com/track/7F5K9zhilOy0jNEhPEHEJt,introspective poignant somber
Introspect,David Parsons,Parsons: In Retrospect (1980-2003),2004-01-01,1gmDdhnPSCQRt6cORxyLS6,https://open.spotify.com/track/1gmDdhnPSCQRt6cORxyLS6,introspective poignant somber
Introspection,UVB,Life,2015-11-23,6W5AdvZh79xkuqxNMdkm9g,https://open.spotify.com/track/6W5AdvZh79xkuqxNMdkm9g,introspective poignant somber
Inspirational Ambient,Mapa,Ambient,2021-12-24,6rk6VGnE7bMKtQbWR9PZ5J,https://open.spotify.com/track/6rk6VGnE7bMKtQbWR9PZ5J,introspective poignant somber
Introspection,Jakub Tirco,Introspection,2016-07-29,7mvgJf0lUhOMQslIhVOTpa,https://open.spotify.com/track/7mvgJf0lUhOMQslIhVOTpa,introspective poignant somber
Introspection - Dntel Remix,Laraaji,Sun Transformations,2018-06-01,5lmFChTRdDKvZZs8hHVGzz,https://open.spotify.com/track/5lmFChTRdDKvZZs8hHVGzz,introspective poignant somber
"Introspection Music for a Deep Meditative State, Pt. 31",Meditation Music Therapy,Calming Playlist,2022-10-31,6ATzhJGyiaYTT7UZIJpHqO,https://open.spotify.com/track/6ATzhJGyiaYTT7UZIJpHqO,introspective poignant somber
"Introspection Music for a Deep Meditative State, Pt. 37",Meditation Music Therapy,Calming Playlist,2022-10-31,4nWJdjtn6Q8y8mk80Sn1go,https://open.spotify.com/track/4nWJdjtn6Q8y8mk80Sn1go,introspective poignant somber
"Introspection Music for a Deep Meditative State, Pt. 36",Meditation Music Therapy,Calming Playlist,2022-10-31,2MB8bPYFKsZjlbN11kNkAc,https://open.spotify.com/track/2MB8bPYFKsZjlbN11kNkAc,introspective poignant somber
"Introspection Music for a Deep Meditative State, Pt. 32",Meditation Music Therapy,Calming Playlist,2022-10-31,1aA7jmHJO2SJhUJdRxCT72,https://open.spotify.com/track/1aA7jmHJO2SJhUJdRxCT72,introspective poignant somber
Intro,The American Dollar,Music for Focus and Creativity,2013-12-10,5Tsn8AEuLaDiI5K0scptWZ,https://open.spotify.com/track/5Tsn8AEuLaDiI5K0scptWZ,introspective poignant somber
"Introspection Music for a Deep Meditative State, Pt. 34",Meditation Music Therapy,Calming Playlist,2022-10-31,1PjHAqEcZ6VhEalBaXEeD0,https://open.spotify.com/track/1PjHAqEcZ6VhEalBaXEeD0,introspective poignant somber
Into,X.Y.R.,Reflections,2017-06-30,0kyyxJlwMh7lErYuSETTPR,https://open.spotify.com/track/0kyyxJlwMh7lErYuSETTPR,introspective poignant somber
Introspection,Michael Mildrum and Focal Point,Observations,2009-03-11,2XcXP2yKUDBPChWBxzhsBX,https://open.spotify.com/track/2XcXP2yKUDBPChWBxzhsBX,introspective poignant somber
Innocence Lost (Emotional Piano Instrumentals),Moesync,Time Lost (Emotional Piano Instrumentals),2024-10-08,4aN4F00OyqwRfNpsHwS6Vl,https://open.spotify.com/track/4aN4F00OyqwRfNpsHwS6Vl,introspective poignant somber
Forbidden Land (Instrumental Piano Solo) - Sad Music Emotional Melancholic Love Song,Sad Piano Music Instrumental Collective Australia,Sad Piano Music 1: Instrumental Love Songs Sentimental Emotional Dramatic Melancholic,2016-12-19,4r0n15lKN4nrHrzH534e72,https://open.spotify.com/track/4r0n15lKN4nrHrzH534e72,introspective poignant somber
Introspection,Sapphire Skies,Nostalgia,2021-01-23,0grG6Z3HJbrQsNU2N7Wq1i,https://open.spotify.com/track/0grG6Z3HJbrQsNU2N7Wq1i,introspective poignant somber
Introspective Indigo,Dreaming Fairy,Darker Colors of Emotions,2022-11-30,6nhMZOd1XAttYu7WaFx2bV,https://open.spotify.com/track/6nhMZOd1XAttYu7WaFx2bV,introspective poignant somber
Introspection,J.H. Guraj,Introspection / Migration,2020-07-31,4ZVnDkAHKGg0sLbIgHgQvq,https://open.spotify.com/track/4ZVnDkAHKGg0sLbIgHgQvq,introspective poignant somber
Introspect,monoscape,Halcyon Bloom,2020-07-26,2vGzGksRggvQ8eEZyyTW1K,https://open.spotify.com/track/2vGzGksRggvQ8eEZyyTW1K,introspective poignant somber
"Introspection04, Pt. 1",Peter Ries,Ambient Library - Introspection04,2024-02-02,4wZeYTx2I7xeQhn8X0OIpd,https://open.spotify.com/track/4wZeYTx2I7xeQhn8X0OIpd,introspective poignant somber
Sadness,Piano Melodies Jazz Specialist,"Melancholic Piano Music for a Quiet Evening: Time for Dreams and Memories, Instrumental Piano Lounge",2021-03-05,3mMbCXK79dB086whDgHPGF,https://open.spotify.com/track/3mMbCXK79dB086whDgHPGF,introspective poignant somber
Introspection,Minddigger,Introspection,2022-09-01,73hPqBf3a0CcAecSEtAg79,https://open.spotify.com/track/73hPqBf3a0CcAecSEtAg79,introspective poignant somber
Introspective Reflection,Brittney Pilarcik,Gentle Piano,2023-05-04,00fDxF5uYIKbMt5ma68qPt,https://open.spotify.com/track/00fDxF5uYIKbMt5ma68qPt,introspective poignant somber
Introspection,Deep Wave,Lo-Fi Study Beats,2020-04-17,2fwUr9RZC1SZgq8PH2E2Na,https://open.spotify.com/track/2fwUr9RZC1SZgq8PH2E2Na,introspective poignant somber
Introspection,Jocelyn Pook,The Staircase (Original Soundtrack),2018-09-24,6nUPtcf0gzBJYu0qfnO1r1,https://open.spotify.com/track/6nUPtcf0gzBJYu0qfnO1r1,introspective poignant somber
Intrusion Dub,Intrusion,Intrusion / Reflection,2008-07-09,57M4bv721v6BTPhAENbLWr,https://open.spotify.com/track/57M4bv721v6BTPhAENbLWr,introspective poignant somber
Melancholic Notes,Peter Moslener,Mellow Moods,2012-04-05,2m8LQ9BSnaBl4NP0nJKUZw,https://open.spotify.com/track/2m8LQ9BSnaBl4NP0nJKUZw,introspective poignant somber
"Introspection Music for a Deep Meditative State, Pt. 35",Meditation Music Therapy,Calming Playlist,2022-10-31,3xB9yeOUVmvmzhnZKszfM9,https://open.spotify.com/track/3xB9yeOUVmvmzhnZKszfM9,introspective poignant somber
Melancholic Ambient Cinematic,cleanmindsounds,Melancholic Ambient Cinematic,2022-12-30,4yb5atua5uahIwODVz7tXH,https://open.spotify.com/track/4yb5atua5uahIwODVz7tXH,introspective poignant somber
Ambient Puzzle,Side Liner,"Missing Pieces of a Puzzle, Vol. 5",2021-12-29,2BCDTnReG278E4QpvDpSUq,https://open.spotify.com/track/2BCDTnReG278E4QpvDpSUq,introspective poignant somber
Haunting Melodies (Emotional Piano Instrumentals),Moesync,Time Lost (Emotional Piano Instrumentals),2024-10-08,4yz1kAtsSmuY8QVO2Jm3Mc,https://open.spotify.com/track/4yz1kAtsSmuY8QVO2Jm3Mc,introspective poignant somber
Introspection,Peace Music,Introspection,2023-10-06,0LFh0oXr1N9EIOZkrR8YQ6,https://open.spotify.com/track/0LFh0oXr1N9EIOZkrR8YQ6,introspective poignant somber
Syzygy,Innesti,Apperception,2020-08-10,5lM2Q4uI2w9KlXWKoFGMsx,https://open.spotify.com/track/5lM2Q4uI2w9KlXWKoFGMsx,introspective poignant somber
Enough for Biographies,Innesti,In Letters,2021-08-25,0Hdk1tn7Q6iVjSG2gGjIJg,https://open.spotify.com/track/0Hdk1tn7Q6iVjSG2gGjIJg,introspective poignant somber
Nocturne,Swept,Nocturne,2017-02-01,7EsQZvzd6tae0RfD7BRvE8,https://open.spotify.com/track/7EsQZvzd6tae0RfD7BRvE8,introspective poignant somber
Subtle Introspection,AMBIENT RADIO,Relax And Sleep,2022-05-12,39jJAsxFk0PECndW9Q72Sw,https://open.spotify.com/track/39jJAsxFk0PECndW9Q72Sw,introspective poignant somber
Somber,Ambient Realms,"Massive Horror Ambience, Vol. 1",2018-10-11,0nxNs2cXI7R7WJ2TSahT23,https://open.spotify.com/track/0nxNs2cXI7R7WJ2TSahT23,introspective poignant somber
Introspection,Relaxing Music,Meditation Music,2020-11-19,2tKjVrd957GWAj06iETXTh,https://open.spotify.com/track/2tKjVrd957GWAj06iETXTh,introspective poignant somber
Nostalgic Dread - Instrumental,Desolate Blight,Nostalgic Dread (Instrumental),2021-01-01,7jc9eerUFY9YOPrrQdrlUX,https://open.spotify.com/track/7jc9eerUFY9YOPrrQdrlUX,introspective poignant somber
Intro,Trapcøde,Sleepwalking,2020-03-15,52jCD0metx9pziZmfuOATB,https://open.spotify.com/track/52jCD0metx9pziZmfuOATB,introspective poignant somber
"Introspection04, Pt. 3",Peter Ries,Ambient Library - Introspection04,2024-02-02,6wAvSfUqlosIZQ6vWtioKP,https://open.spotify.com/track/6wAvSfUqlosIZQ6vWtioKP,introspective poignant somber
Mjolnir - Instrumental,Intrøspect,Midnight Sun (Instrumentals),2021-11-05,2FbtSQzGVJYtJLwXh0jwgc,https://open.spotify.com/track/2FbtSQzGVJYtJLwXh0jwgc,introspective poignant somber
Introspective,Mikael Arvo,Introspective,2020-08-10,16BcSD3uFW9ovmdJ1EfFqI,https://open.spotify.com/track/16BcSD3uFW9ovmdJ1EfFqI,introspective poignant somber
Isolation (Sad touching piano),DepasRec,Isolation (Sad touching piano),2020-06-11,71orH5XVCNeusUqi5Blit3,https://open.spotify.com/track/71orH5XVCNeusUqi5Blit3,introspective poignant somber
Introcate - Intro,Sound Quelle,"Intricate Sessions, Vol. 4, Unmixed",2022-02-04,1JVMILmhG8TOP1cMbJSOv5,https://open.spotify.com/track/1JVMILmhG8TOP1cMbJSOv5,introspective poignant somber
Quiet Expectation,Quiet Piano Reflections,"Music for Meditation, Vol. 2: Awakening",2012-04-23,7LLdyzsjGRRz2V9nMj9Ri3,https://open.spotify.com/track/7LLdyzsjGRRz2V9nMj9Ri3,introspective poignant somber
Tranquility and Mindful Introspection,Ricky Trye,"Ambient Piano Meditations: Calm Music for Introspection, Rest and Relaxation",2021-01-21,31AyzX9mZp7NURvIki2o4a,https://open.spotify.com/track/31AyzX9mZp7NURvIki2o4a,introspective poignant somber
Introspection,Emmanuel Songsore,Introspection,2023-03-17,2LK0bYcaXZ5fHpSsYA8Hs5,https://open.spotify.com/track/2LK0bYcaXZ5fHpSsYA8Hs5,introspective poignant somber
Translucence,Alicia Enstrom,Translucence,2021-01-27,5n7ZBmWDHGR1461UC50iRS,https://open.spotify.com/track/5n7ZBmWDHGR1461UC50iRS,introspective poignant somber
Intro,Toonorth,Melancholy,2015-10-01,5EoDOEJSc12UdNTRADyhfz,https://open.spotify.com/track/5EoDOEJSc12UdNTRADyhfz,introspective poignant somber
Ambience - Instrumental,4everfreebrony,Ambience (Ambient.White Original Soundtrack),2021-10-03,3Ay0iwbgeYFoy38oYhSWZj,https://open.spotify.com/track/3Ay0iwbgeYFoy38oYhSWZj,introspective poignant somber
Mass Transit,Introspecter,Falling Window,2015-05-09,2Ni62HWBf5zAyGKX2P0nmf,https://open.spotify.com/track/2Ni62HWBf5zAyGKX2P0nmf,introspective poignant somber
Hyperreal,Introspektro,Tears a Cocktail,2022-04-29,5cuk9Iw0iDEnacqRQ6vO1n,https://open.spotify.com/track/5cuk9Iw0iDEnacqRQ6vO1n,introspective poignant somber
Deep Suspence,Background Music Attention,"Gothic, Atmospheric, Dark Ambient",2020-01-13,54mTvoP1xsKruVs3FiMsIW,https://open.spotify.com/track/54mTvoP1xsKruVs3FiMsIW,introspective poignant somber
Intro,Arthrn,MUSTER,2020-10-16,4rHb3jvZCPAOcnMJh6wwMY,https://open.spotify.com/track/4rHb3jvZCPAOcnMJh6wwMY,introspective poignant somber
Intro - Instrumental,Whispering Gallery,Like a Dream of Never-Ending Beauty... Love Never Dies,2000-11-11,2pg0GQOjPu3rxCL8DDwfMk,https://open.spotify.com/track/2pg0GQOjPu3rxCL8DDwfMk,introspective poignant somber
Sad Ambient,Phil Larson,"Lost Songs of the Back Catalog Variety, Vol. 1",2021-11-05,2YetBdpK3WYxe5yQUwmqfR,https://open.spotify.com/track/2YetBdpK3WYxe5yQUwmqfR,introspective poignant somber
Instrumental Piano Ambience,Piano for Studying,Relaxing Piano Music For Work,2021-08-17,1xhiSfiuliA7pMifKzZpsj,https://open.spotify.com/track/1xhiSfiuliA7pMifKzZpsj,introspective poignant somber
Introspection,Catherine Marie Charlton,"Red Leaf, Grey Sky (Piano Improvisations)",2011-10-01,6XhjrVcfEj8wxVbfmx3h0t,https://open.spotify.com/track/6XhjrVcfEj8wxVbfmx3h0t,introspective poignant somber
Oppressive Ambiance,Punch Deck,Oppressive Ambiance,2019-02-25,4UuFB673sN7A6Nic1H9AnV,https://open.spotify.com/track/4UuFB673sN7A6Nic1H9AnV,introspective poignant somber
Emotional Inspiring Piano & Strings,Vadym Tsyhanko,Inspiring Emotional Background Piano Music,2022-10-11,2uHiL33cZlg0kKFRKKJvri,https://open.spotify.com/track/2uHiL33cZlg0kKFRKKJvri,introspective poignant somber
Intrinsic,Solaris,Aeon V,2017-03-21,7zs2HcXi2TqBsb3IGOg12A,https://open.spotify.com/track/7zs2HcXi2TqBsb3IGOg12A,introspective poignant somber
Quiet Ambient Space for Relaxation and Meditation,Ricky Trye,"Ambient Piano Meditations: Calm Music for Introspection, Rest and Relaxation",2021-01-21,6KMm1CPvwebE7F1zrdyweo,https://open.spotify.com/track/6KMm1CPvwebE7F1zrdyweo,introspective poignant somber
Sanft,Ambientalism,Blissful Serenades,2021-07-07,5lgcxvz1oCL8eDCHFJX99Q,https://open.spotify.com/track/5lgcxvz1oCL8eDCHFJX99Q,introspective poignant somber
Introspection,Frank van Essen,Sanctum,2018-10-25,1bm5hfV7EfRRBwjYuCRCsH,https://open.spotify.com/track/1bm5hfV7EfRRBwjYuCRCsH,introspective poignant somber
A Radiant Nothing,Soulwire,A Radiant Nothing,2008-04-14,65j4XrFTq8yDHsVKWOiUIN,https://open.spotify.com/track/65j4XrFTq8yDHsVKWOiUIN,introspective poignant somber
Prelude,Piano Melodies Jazz Specialist,"Melancholic Piano Music for a Quiet Evening: Time for Dreams and Memories, Instrumental Piano Lounge",2021-03-05,54WT6fzcKMYo5kXjRn80o2,https://open.spotify.com/track/54WT6fzcKMYo5kXjRn80o2,introspective poignant somber
Introspection,Trent Briden,Introspection,2016-11-01,1MKUhfRRbsoEzOHvP0Iajc,https://open.spotify.com/track/1MKUhfRRbsoEzOHvP0Iajc,introspective poignant somber
Loss Ambient,Library Of The Human Soul,Sadness (Ambient Edition),2016-01-10,4w1cnM9JtYC5kqP1BZ09sh,https://open.spotify.com/track/4w1cnM9JtYC5kqP1BZ09sh,introspective poignant somber
Melancholic Piano,Sad Pianist,"Sad Piano Music vol 1: Songs Instrumental, Emotional, Dramatic, Love",2019-11-20,7N04jHgd5yhmrSTaKF0gVD,https://open.spotify.com/track/7N04jHgd5yhmrSTaKF0gVD,introspective poignant somber
Introspective,Dirk Maassen,Echoes,2021-03-05,0xXLEjClfXLw7APkd0kEty,https://open.spotify.com/track/0xXLEjClfXLw7APkd0kEty,introspective poignant somber
Ambience,Synæsthesia,The Collection,2001,7qKcJFBy3RxbWXIYNJI9sp,https://open.spotify.com/track/7qKcJFBy3RxbWXIYNJI9sp,introspective poignant somber
"Windows, Pt. 1",Adrian Sood,"Inner Reflection Contemplative Music, Vol. 1",2014-11-19,1ZVEdMfIaGZy43HNw5o5Qu,https://open.spotify.com/track/1ZVEdMfIaGZy43HNw5o5Qu,introspective poignant somber
Interlude,ALLSEITS,Chimäre,2016-01-21,23b64D5EZB2L2SznGuu5MK,https://open.spotify.com/track/23b64D5EZB2L2SznGuu5MK,introspective poignant somber
(Interlude),Delta Spirit,Into the Wide (Deluxe Edition),2015-06-29,52ybumwumiWysFJU0Aaeup,https://open.spotify.com/track/52ybumwumiWysFJU0Aaeup,introspective poignant somber
Introspection,Red Dictionary,Hope Will Find Its Way,2013-01-18,41cc2hsndG53Mjqdk8EiW6,https://open.spotify.com/track/41cc2hsndG53Mjqdk8EiW6,introspective poignant somber
Ambient Background Instrumental Piano,Piano for Studying,Background Music Piano (Instrumentals),2021-11-05,3Udatv7WhDOPc26HVtsBi7,https://open.spotify.com/track/3Udatv7WhDOPc26HVtsBi7,introspective poignant somber
Ambient - Instrumental Music,Meditation Relax Club,Slow Calming Music for Your Peace – Relaxing Sounds Background Music for Yoga,2017-09-28,7Ieu8yPmLyrMqpd1X3iuUm,https://open.spotify.com/track/7Ieu8yPmLyrMqpd1X3iuUm,introspective poignant somber
"Emotional Piano Background Music (Hopeful, Inspirational, Mood, Melancholic)",Lesfm,"Emotional Piano Background Music (Hopeful, Inspirational, Mood, Melancholic)",2021-01-04,2bB8KIWfCBwh7iQo2lkz2W,https://open.spotify.com/track/2bB8KIWfCBwh7iQo2lkz2W,introspective poignant somber
Introspection,Mythos,The Best of Mythos Instrumentals,2014-09-02,0cl8xw4vpfqOIhYaOwj0Su,https://open.spotify.com/track/0cl8xw4vpfqOIhYaOwj0Su,introspective poignant somber
Introspection,Modern Headspace,Introspection,2020-10-16,1v4BZ4AenMxN3YvWiqG5gD,https://open.spotify.com/track/1v4BZ4AenMxN3YvWiqG5gD,introspective poignant somber
Introspective Whispers - Felt Piano,Raphael Beaudon,Introspective Whispers,2022-09-01,0sbDyNnrrkWON9aL9Esh2i,https://open.spotify.com/track/0sbDyNnrrkWON9aL9Esh2i,introspective poignant somber
Ambient Inspiration,DensoMusic,Ambient Soft Corporate Collection,2022-04-25,6d4Q9xiU7MsPzrFJiXBaBR,https://open.spotify.com/track/6d4Q9xiU7MsPzrFJiXBaBR,introspective poignant somber
Beginnings,Music That Will Make You Cry,Introspective Emotional Thoughtful,2015-09-25,0g6XFETdQR4hVNfq7gYoqs,https://open.spotify.com/track/0g6XFETdQR4hVNfq7gYoqs,introspective poignant somber
It Whispered Within,Ambientalism,Blissful Serenades,2021-07-07,3YcsDjYxJNiVIAuWJWwW7u,https://open.spotify.com/track/3YcsDjYxJNiVIAuWJWwW7u,introspective poignant somber
Inspiring Ambient,DensoMusic,Ambient Corporate Background,2021-03-21,7qUv81aCnBV7hbIhxqX7J0,https://open.spotify.com/track/7qUv81aCnBV7hbIhxqX7J0,introspective poignant somber
Introspective,LAAKE,PIAANO,2017-10-13,2NidR5LnYOiApQvoYyoazM,https://open.spotify.com/track/2NidR5LnYOiApQvoYyoazM,introspective poignant somber
Introspection,Justin Moses,Beyond Measure: The EP,2015-09-18,3OJWkGToh2bPKNlBW2y7ik,https://open.spotify.com/track/3OJWkGToh2bPKNlBW2y7ik,introspective poignant somber
Ambient Instrumental,Jazz Guitar Music Zone,"Jazz Music Relaxation – Easy Listening Smooth Jazz, After Work Relax, Ambient Instrumental Soft Jazz, Cool Modern Jazz",2017-04-04,5IVs7bFrvGa6lAdNlzbdcn,https://open.spotify.com/track/5IVs7bFrvGa6lAdNlzbdcn,introspective poignant somber
Ambience,Synæsthesia,The Collection,2001,7rpgIq5kPw6epRehAxZtse,https://open.spotify.com/track/7rpgIq5kPw6epRehAxZtse,introspective poignant somber
Sleep: Dreamy Ambient Music For Sleep 1,Ambient Music Therapy,Sleep: Ambient Sleep Therapy 9,2009-01-01,1nLa9VnbyTnSsFEfg1T6Lf,https://open.spotify.com/track/1nLa9VnbyTnSsFEfg1T6Lf,introspective poignant somber
Ambient Piano,Soft Relax Piano,"Easy Listening Piano - Chillout and Relax with Lounge Music, Healing Piano Ballads for Relaxation.",2016-01-20,5Q53A8D09bHeLzter4rgyB,https://open.spotify.com/track/5Q53A8D09bHeLzter4rgyB,introspective poignant somber
Interlude 1,Recondite,Dwell,2020-01-24,5FAxXMoxZf2EeAyIjPb4sE,https://open.spotify.com/track/5FAxXMoxZf2EeAyIjPb4sE,introspective poignant somber
The Epilogue - Instrumental,CHPTRS,Chapter One,2017-06-16,10azyIYUsEr6n2w816Mq6v,https://open.spotify.com/track/10azyIYUsEr6n2w816Mq6v,introspective poignant somber
introspect,Brxvs,introspect,2024-02-02,0iQID1j6gftI7hrcFQATNv,https://open.spotify.com/track/0iQID1j6gftI7hrcFQATNv,introspective poignant somber
Ambient Instrumental Piano,Forest Hills Music Universe,"Calm Piano with Fall Woods (Relaxing Music & Nature Sounds, Healing Water, Birds Atmosphere, Thunderstorm and Wind, Rest Afternoon)",2017-09-13,0viIPTFOdObQ8anWokZpCr,https://open.spotify.com/track/0viIPTFOdObQ8anWokZpCr,introspective poignant somber
Introspection,Yan Springett,"Aemeralds presents: Library Aesthetics, Vol. 1",2022-11-04,2KpgrLF2m63nrKuGEdiPVG,https://open.spotify.com/track/2KpgrLF2m63nrKuGEdiPVG,introspective poignant somber
Somber Sands,Harmonious Reflection,Reflective Strings,2023-06-08,01eOyXMbKQE2v65xwcIbvR,https://open.spotify.com/track/01eOyXMbKQE2v65xwcIbvR,introspective poignant somber
Introspection,NINJA TRACKS,Passage,2021-02-22,2zh582qEm8dhKSX7w3eYQ9,https://open.spotify.com/track/2zh582qEm8dhKSX7w3eYQ9,introspective poignant somber
Introspect,David Parsons,In Retrospect: 1980-2003,2004-01-01,4R6bV2SNR11MVmQ3jK9P0R,https://open.spotify.com/track/4R6bV2SNR11MVmQ3jK9P0R,introspective poignant somber
Introspection,Strings of Kin,"Garden of Relaxation: Music for Spa, Focus and Relaxation",2020-06-09,2uZdaZyZyNxZwQIgSdiIh8,https://open.spotify.com/track/2uZdaZyZyNxZwQIgSdiIh8,introspective poignant somber
Melancholic Melody for Rest,Wonderful Jazz Collection,"Variety of Jazz Instruments – Best Smooth Jazz Music, Instrumental Sounds of Piano, Guitar, Accordion, Clarinet, Trumpet, Harmonica & Trombone",2017-01-02,0Lobz6oukK73RFtFCXyHN3,https://open.spotify.com/track/0Lobz6oukK73RFtFCXyHN3,introspective poignant somber
Introspective Pt. 1,Michel Jean,Introspective Pt. 1,2022-02-11,3VKGXEiC61JRf8Q5FJPrwy,https://open.spotify.com/track/3VKGXEiC61JRf8Q5FJPrwy,introspective poignant somber
Introspective Therapy,Piano Music for Studying,Piano Music,2020-06-10,0ejj8jpr08eDxWQwkYaE8t,https://open.spotify.com/track/0ejj8jpr08eDxWQwkYaE8t,introspective poignant somber
Introspect,Auditory Canvas,Dawn Breaks EP,2011-07-25,1u7RtTFSTkHBehw820w2FE,https://open.spotify.com/track/1u7RtTFSTkHBehw820w2FE,introspective poignant somber
Ambient Piano Soundscape,Allen Grey,Soundscape Collection,2020-12-09,7BbHs9LSiiODXcnQLVKZJ2,https://open.spotify.com/track/7BbHs9LSiiODXcnQLVKZJ2,introspective poignant somber
Hypnotic Ambience for Creative Sky,Autumn Jazz Ambient,Ambiance for Morning Victory,2022-10-20,6NczuTvabl3u4JTCNjrUQt,https://open.spotify.com/track/6NczuTvabl3u4JTCNjrUQt,introspective poignant somber
Sunset Serenity Soiree,Ambientalism,Blissful Serenades,2021-07-07,5itFEMnyohkkXlAJ9FgCND,https://open.spotify.com/track/5itFEMnyohkkXlAJ9FgCND,introspective poignant somber
Interiors,Les Clouds,Interiors,2020-07-28,1mNVUy9a27AuhVjF58kP1A,https://open.spotify.com/track/1mNVUy9a27AuhVjF58kP1A,introspective poignant somber
Introspection,Neptune Project,A Question of Reality,2019-02-22,3uxTkx64aSHhNlzh4MKQIf,https://open.spotify.com/track/3uxTkx64aSHhNlzh4MKQIf,introspective poignant somber
Gentle Tranquil Reflection on Quiet Moonlight,Ricky Trye,"Ambient Piano Meditations: Calm Music for Introspection, Rest and Relaxation",2021-01-21,7GsHbwqe1TyVXXAOHCKWqI,https://open.spotify.com/track/7GsHbwqe1TyVXXAOHCKWqI,introspective poignant somber
Interlude 1,ITSU,Requiem,2020-07-03,2qGwS1ZZPpZkQutR6ZiplA,https://open.spotify.com/track/2qGwS1ZZPpZkQutR6ZiplA,introspective poignant somber
Upon Reflection,Ciaran Jeremiah,Emotive Piano Scores,2012-05-01,4H0WEnoLfcaTeB1cvk7XLh,https://open.spotify.com/track/4H0WEnoLfcaTeB1cvk7XLh,introspective poignant somber
Intro,Waking Aida,Eschaton,2014-06-02,5z6zbqBik9m1jRjP74ZmWk,https://open.spotify.com/track/5z6zbqBik9m1jRjP74ZmWk,introspective poignant somber
Unity Within,Ambientalism,Blissful Serenades,2021-07-07,5dXKs8uuQRIMWdnUYbF1kM,https://open.spotify.com/track/5dXKs8uuQRIMWdnUYbF1kM,introspective poignant somber
Ambient Piano Inspire Trailer (Intro),331Music,Uplifting Music,2022-03-25,289pmU2nL3o5569hzMCcNS,https://open.spotify.com/track/289pmU2nL3o5569hzMCcNS,introspective poignant somber
Emotional Piano Instrumental,Morning Mullins,Sad Piano Songs for Heartaches: Moving & Emotional Piano Instrumental Solo Music,2020-08-24,5HhNvGBRP47khTPMTrH1zY,https://open.spotify.com/track/5HhNvGBRP47khTPMTrH1zY,introspective poignant somber
Introspection,Alexander Markson,Spring Preludes,2020-03-04,4pHVEKWopKojkrGJdgLEeg,https://open.spotify.com/track/4pHVEKWopKojkrGJdgLEeg,introspective poignant somber
Introspection,Pure Colors,A Deeper Love,2018-03-09,0qbtVgJ0M6b0ObKOdtYmJr,https://open.spotify.com/track/0qbtVgJ0M6b0ObKOdtYmJr,introspective poignant somber
"Introspective, Inner Peace, Deeper Relaxation, Peaceful Mindful Sleep",Ricky Trye,"Ambient Piano Meditations: Calm Music for Introspection, Rest and Relaxation",2021-01-21,0xLk0bXNOmrEfJCerQDK21,https://open.spotify.com/track/0xLk0bXNOmrEfJCerQDK21,introspective poignant somber
Intro,Acoustic Labs,Reverential,2017-04-04,3dRrTZg2OIvpRsW1zVpYD4,https://open.spotify.com/track/3dRrTZg2OIvpRsW1zVpYD4,introspective poignant somber
Introspektiv,BGPONE,Pure Instrumental Music,2015-12-18,14Z0iLotjRvELJZmfSo28h,https://open.spotify.com/track/14Z0iLotjRvELJZmfSo28h,introspective poignant somber
Introspection (Reprise),Jocelyn Pook,The Staircase (Original Soundtrack),2018-09-24,5MdL9rQv1LYk31PBMeMLV3,https://open.spotify.com/track/5MdL9rQv1LYk31PBMeMLV3,introspective poignant somber
Melancholic mood,Background Piano studio,Melancholic music for piano,2017-08-16,3hDjzXB3IvygdvY3Ff7dwC,https://open.spotify.com/track/3hDjzXB3IvygdvY3Ff7dwC,introspective poignant somber
Sadness,Relaxation Zone,"Gothic Ambient Sounds: Instrumental Relaxation, Background Music for Fantasy & Dreams",2019-12-02,2gh1QBGD27t0DigPRTHK11,https://open.spotify.com/track/2gh1QBGD27t0DigPRTHK11,introspective poignant somber
Selenitic,Innesti,Formless,2019-02-25,5ok2M5Y0ZbFC6S3uLyNjYr,https://open.spotify.com/track/5ok2M5Y0ZbFC6S3uLyNjYr,introspective poignant somber
Introspection - Loopable Noise,Solace Moon,Sounds of Solace: White Noise to Fall Asleep to Vol. 1,2023-11-24,0gyoqEwNpV9nR3eStLRkDY,https://open.spotify.com/track/0gyoqEwNpV9nR3eStLRkDY,introspective poignant somber
Ambient,Drøme,Drøme,2022-04-08,0AcUrDzL8fb74CmLN8O9N1,https://open.spotify.com/track/0AcUrDzL8fb74CmLN8O9N1,introspective poignant somber
Reflections,Endless Melancholy,Deep as the Dark Blue Sea,2020-06-08,5uvD7eTUHstDdNUcm3lGhL,https://open.spotify.com/track/5uvD7eTUHstDdNUcm3lGhL,introspective poignant somber
Introspect,Zamar Music Ministries,Tranquil Piano,2019-01-01,7ej3zbFZ8OLZRWM0gYVG6f,https://open.spotify.com/track/7ej3zbFZ8OLZRWM0gYVG6f,introspective poignant somber
Studying Music (Introspective),Focus Study Music Academy,"Studying Music: Calm Piano Music for Studying, Reading, Concentration, Focus and Meditation",2017-05-17,22epbMeCSYVwvgGyIEdll6,https://open.spotify.com/track/22epbMeCSYVwvgGyIEdll6,introspective poignant somber
Introspection,Alexandre Pachabezian,Piano Peace,2020-12-07,6a6oPHIIIBAgt8Eg6gAhQG,https://open.spotify.com/track/6a6oPHIIIBAgt8Eg6gAhQG,introspective poignant somber
Soft Piano Ambience,Sad Music,Piano & Sentimental Moments,2023-05-07,7t7Hxh6NJ08m5lplUWz68g,https://open.spotify.com/track/7t7Hxh6NJ08m5lplUWz68g,introspective poignant somber
Intro,Aidan Baker,The Bit,2020-08-28,31U7hbiTPiwwjHmrcW5LE1,https://open.spotify.com/track/31U7hbiTPiwwjHmrcW5LE1,introspective poignant somber
Grieving (Piano & Orchestra) - Sad Music Sentimental Emotional Melancholy Instrumental Love Song,Sad Piano Music Instrumental Collective Australia,Sad Piano Music 2: Emotional Sentimental Dramatic Melancholy Instrumental Love Songs,2016-12-06,0gyufEctY6gGLhTRSz81qf,https://open.spotify.com/track/0gyufEctY6gGLhTRSz81qf,introspective poignant somber
Intense Melancholy,Pianobar Moods,"Intense Melancholy: Instrumental Piano, Soft Melodies for Sentimental Emotions",2019-04-24,3iSY7kDqA00XODvYW3EJMC,https://open.spotify.com/track/3iSY7kDqA00XODvYW3EJMC,introspective poignant somber
Instrumental,Aldaaron,Nous Reviendrons Immortels,2010-03-25,6v3WVyipsYB2ZJL7X9Kb56,https://open.spotify.com/track/6v3WVyipsYB2ZJL7X9Kb56,introspective poignant somber
Introspection,Frédéric Kooshmanian,Black Spot (Original TV Series Soundtrack),2017-01-04,40ZN79SsTH6l3HhQWwY3tG,https://open.spotify.com/track/40ZN79SsTH6l3HhQWwY3tG,introspective poignant somber
Einsamkeit (Emotional Piano Instrumentals),Moesync,Silent Reflections (Emotional Piano Instrumentals),2024-12-23,6MmqYV8K3z6SF083Ur2u6o,https://open.spotify.com/track/6MmqYV8K3z6SF083Ur2u6o,introspective poignant somber
Melancholic Swing,Reading Soundtrack Jazz,Quiet and Slow Jazz for Reading,2021-11-29,67Ig2nzI8crjnsAwHmj1Gf,https://open.spotify.com/track/67Ig2nzI8crjnsAwHmj1Gf,introspective poignant somber
Introspective (Acoustic),Jesse Barki,Introspective (Acoustic),2019-07-05,3RIe9G6WVkcvEpvB99Ahqu,https://open.spotify.com/track/3RIe9G6WVkcvEpvB99Ahqu,introspective poignant somber
"Introspection04, Pt. 6",Peter Ries,Ambient Library - Introspection04,2024-02-02,2IOmpV2dOwr0ixtot3Ozuh,https://open.spotify.com/track/2IOmpV2dOwr0ixtot3Ozuh,introspective poignant somber
"Introspection04, Pt. 5",Peter Ries,Ambient Library - Introspection04,2024-02-02,7LxTxVPPKtJDfUw6xiBZJB,https://open.spotify.com/track/7LxTxVPPKtJDfUw6xiBZJB,introspective poignant somber
Apparition,Innesti,In Currents,2018-12-13,2pXhXOmxJnhIz2CyXKlXwJ,https://open.spotify.com/track/2pXhXOmxJnhIz2CyXKlXwJ,introspective poignant somber
Ouverture,Spectrale,Arcanes,2020-11-20,2GogJMlEfeZKLeUQgZ9Me4,https://open.spotify.com/track/2GogJMlEfeZKLeUQgZ9Me4,introspective poignant somber
Ambience,Inside Your Soul,While Painting: Soft Inspirational Music to Listen to While Painting,2021-11-05,2g0RjElZOJe0lVP3RXLRIi,https://open.spotify.com/track/2g0RjElZOJe0lVP3RXLRIi,introspective poignant somber
Introspection,Jan Lenselink,Collection,1997,1uAQJu2hFgQdXUJUZWkIk9,https://open.spotify.com/track/1uAQJu2hFgQdXUJUZWkIk9,introspective poignant somber
Intro,Instant Lake,Dystodream,2020-05-02,0gdRILDDxvgIcKBIr566pf,https://open.spotify.com/track/0gdRILDDxvgIcKBIr566pf,introspective poignant somber
Introspective,Jason Savell,Latin & Spanish Guitar,2015-07-08,01pjmTE1Mo1uTj3lJA65Zq,https://open.spotify.com/track/01pjmTE1Mo1uTj3lJA65Zq,introspective poignant somber
Ambient Dreams,The Deep Sleep Scientists,Dreamtime,2020-10-22,18GilYoGfF9LUeDruW1f83,https://open.spotify.com/track/18GilYoGfF9LUeDruW1f83,introspective poignant somber
Ambient Guitar and Choir - Instrumental,Easy Listening Music Lounge,Ambient Guitar and Choir (Instrumental),2021-05-19,3KZybKg1sJTyIOmBFpjw7X,https://open.spotify.com/track/3KZybKg1sJTyIOmBFpjw7X,introspective poignant somber
Introspective Thoughts,Dariush,Quarantine Jointz,2021-01-29,4MOyNRyNmcQrif8lRexdAs,https://open.spotify.com/track/4MOyNRyNmcQrif8lRexdAs,introspective poignant somber
Mélancolie,Thom X.,Distance,2020-10-08,4uxMDsmZhxAZdISyWT4sOU,https://open.spotify.com/track/4uxMDsmZhxAZdISyWT4sOU,introspective poignant somber
Emotional Piano Music,Sentimental Piano Jazz Club,"Smooth Piano Jazz – Cool Modern Jazz, Relaxing Easy Piano Instrumentals, Late Night Jazz Collection, Smooth Piano Jazz, Sexy Piano",2017-04-04,39HQrmJgomf4mnLcyyfmwi,https://open.spotify.com/track/39HQrmJgomf4mnLcyyfmwi,introspective poignant somber
Intro,Delooze,Glass Army,2014-04-14,5wPGs0vKiMiHGGWoYlbXVX,https://open.spotify.com/track/5wPGs0vKiMiHGGWoYlbXVX,introspective poignant somber
Introspection,Stephen Root,Emotional Journeys,2015-04-27,0lEvFr92ROrZ4cFDmOoCM8,https://open.spotify.com/track/0lEvFr92ROrZ4cFDmOoCM8,introspective poignant somber
Introspection,Total Bryan,Piano Spa Music - Spa Massage Music & Soothing Relaxing Songs (Piano Music Collection),2015-10-01,2qn3Zc86IMgggDuFuCw1Kz,https://open.spotify.com/track/2qn3Zc86IMgggDuFuCw1Kz,introspective poignant somber
Inspirational Ambient,AShamaluevMusic,Inspirational Ambient,2019-09-30,34JnRqjUHjo1EPWWObtPz9,https://open.spotify.com/track/34JnRqjUHjo1EPWWObtPz9,introspective poignant somber
Introspective Therapy,Concentrating Music,Concentrating Music,2020-06-09,4u85krSiIzF7rp818AHu2c,https://open.spotify.com/track/4u85krSiIzF7rp818AHu2c,introspective poignant somber
Modern Reflective Instrumental,Gadget,Mood Swings Instrumentals,2017-01-24,20O1R5e4IWJJeDfQCerqdf,https://open.spotify.com/track/20O1R5e4IWJJeDfQCerqdf,introspective poignant somber
Cascading - Instrumental,Sentient,Salt + Light (Instrumental),2022-02-11,1SlDj5hALcfYBIThRT0uBO,https://open.spotify.com/track/1SlDj5hALcfYBIThRT0uBO,introspective poignant somber
"Introspection04, Pt. 2",Peter Ries,Ambient Library - Introspection04,2024-02-02,68ULvbwKX8RYSqcY3HyKBG,https://open.spotify.com/track/68ULvbwKX8RYSqcY3HyKBG,introspective poignant somber
"Introspection04, Pt. 7",Peter Ries,Ambient Library - Introspection04,2024-02-02,3Vppejk7eD93qdDeL6x1XH,https://open.spotify.com/track/3Vppejk7eD93qdDeL6x1XH,introspective poignant somber
"Ambient and Inspiring Power Background Music (Inspirational, Interstellar)",Lesfm,"Ambient and Inspiring Power Background Music (Inspirational, Interstellar)",2021-01-04,29ev392izTKG4zyYkgwRex,https://open.spotify.com/track/29ev392izTKG4zyYkgwRex,introspective poignant somber
Intrinsical,Colossal Trailer Music,Ununpentium,2015-11-04,3zrUwLyxy0MxwlAzMCZcWD,https://open.spotify.com/track/3zrUwLyxy0MxwlAzMCZcWD,introspective poignant somber
"Introspection04, Pt. 9",Peter Ries,Ambient Library - Introspection04,2024-02-02,6ulmyNbVsRR5LkCHn9n0Wg,https://open.spotify.com/track/6ulmyNbVsRR5LkCHn9n0Wg,introspective poignant somber
Impressionism Lullaby,Øyen,Piano in the Background,2018-09-20,7hYlGL6iQ1vnYkQImEauUc,https://open.spotify.com/track/7hYlGL6iQ1vnYkQImEauUc,introspective poignant somber
Introspect,Skekz,Introspect,2020-10-16,2qQDJJqvXiPOyuhkuelQMQ,https://open.spotify.com/track/2qQDJJqvXiPOyuhkuelQMQ,introspective poignant somber
Introspective Resonance,Albert Power,Adhd Focus Music with Binaural Beats,2023-05-21,4n80WI5bQNZIqEq5YEIzjQ,https://open.spotify.com/track/4n80WI5bQNZIqEq5YEIzjQ,introspective poignant somber
Introspection - Pulsarum Remix,Minddigger,Introspection,2022-09-01,4nXVSWM9FzSGDGJ4nbgUiS,https://open.spotify.com/track/4nXVSWM9FzSGDGJ4nbgUiS,introspective poignant somber
Flowing Dreamscape,Ambientalism,Blissful Serenades,2021-07-07,3mNC8sICPOthtjWZ13uxzE,https://open.spotify.com/track/3mNC8sICPOthtjWZ13uxzE,introspective poignant somber
Nostalgia,Darian Stavans,Interiores / Interiors,2009-01-01,6BL1gYMCMyo6F7ipDib4n9,https://open.spotify.com/track/6BL1gYMCMyo6F7ipDib4n9,introspective poignant somber
Enchanted Introspection,Solara Dawn,Relaxing Zen Spa Tones,2020-06-26,5Ao9WC9iR9q9uwRZrQN6lF,https://open.spotify.com/track/5Ao9WC9iR9q9uwRZrQN6lF,introspective poignant somber
Intrusive Thoughts,How to Disappear Completely,Ancora,2020-04-30,2wxwZwFP9yefzANj9bbLce,https://open.spotify.com/track/2wxwZwFP9yefzANj9bbLce,introspective poignant somber
Soft Sunrise,Quiet Piano Reflections,"Music for Meditation, Vol. 2: Awakening",2012-04-23,4qJeXwDIwY3MAjuBWFZvuU,https://open.spotify.com/track/4qJeXwDIwY3MAjuBWFZvuU,introspective poignant somber
Introspective - Meditation,Atmospheric Lights,Introspective,2021-10-15,4v9NST4Wxx83vXj4a29yqP,https://open.spotify.com/track/4v9NST4Wxx83vXj4a29yqP,introspective poignant somber
Introspection,6 Strings & Machines,Introspection,2022-06-28,0mnvSdwB5FQlOdcHlZqdwP,https://open.spotify.com/track/0mnvSdwB5FQlOdcHlZqdwP,introspective poignant somber
Introspective Inquiries,Margaret Dahlberg,Guided Harmonies: The Covid Series,2021-05-01,1TorAxy5rV0ypHASVh4TvL,https://open.spotify.com/track/1TorAxy5rV0ypHASVh4TvL,introspective poignant somber
Intro,Tomas Grut,Emotions: 10 Pieces for Piano,2011-11-09,6q7wFbxP5BbYHMKxt8CGFB,https://open.spotify.com/track/6q7wFbxP5BbYHMKxt8CGFB,introspective poignant somber
Música Introspectiva de Fondo,Serenvivo,Solos Suaves para Relajarse,2020-07-27,2SrZezSDurdNLLekCWdYi1,https://open.spotify.com/track/2SrZezSDurdNLLekCWdYi1,introspective poignant somber
"Introspection04, Pt. 10",Peter Ries,Ambient Library - Introspection04,2024-02-02,3l0VsLo27c0SVdMNj6eFVR,https://open.spotify.com/track/3l0VsLo27c0SVdMNj6eFVR,introspective poignant somber
Nebel (Emotional Piano Instrumentals),Moesync,Silent Reflections (Emotional Piano Instrumentals),2024-12-23,5wD5qwMoZ1Vjyq8pjHHJx5,https://open.spotify.com/track/5wD5qwMoZ1Vjyq8pjHHJx5,introspective poignant somber
Intro,Rhian Sheehan,Paradigm Shift,2001-07-03,54zTpRkiUnpirdhEJXpcUd,https://open.spotify.com/track/54zTpRkiUnpirdhEJXpcUd,introspective poignant somber
Piano Interlude Two,Daylight Dies,Idle (Special Edition),2011-10-25,0VYSDINp95sUwfcPvBlR2O,https://open.spotify.com/track/0VYSDINp95sUwfcPvBlR2O,introspective poignant somber
Inspiring Ambient,Soundbeaver,Inspirational Songs,2017-06-01,6ULvAnCiGJaor8E0ZkQGgF,https://open.spotify.com/track/6ULvAnCiGJaor8E0ZkQGgF,introspective poignant somber
Introspective Bullshit,Lawn Chairs,Avant-Garde Bathroom Art,2017-06-02,3SlE4LGLdXY8vKI4bUciCU,https://open.spotify.com/track/3SlE4LGLdXY8vKI4bUciCU,introspective poignant somber
Slow-Paced Soothing Piano,Instrumental Jazz Music Ambient,"Slow-Paced Soothing Piano: Very Calming Sounds for Stress and Anxiety Relief, Deep Relaxation",2019-05-22,7hX4OaWwDPRnZ4ojjYkRKB,https://open.spotify.com/track/7hX4OaWwDPRnZ4ojjYkRKB,introspective poignant somber
impression sunrise,Vetle Lyckander,LYCKE,2021-11-12,3MQLloExMKiAspsJb7R7UF,https://open.spotify.com/track/3MQLloExMKiAspsJb7R7UF,introspective poignant somber
Introspection,Solid Stone,Introspection,2016-06-27,67lMAEheYnwJcC87EmtM9O,https://open.spotify.com/track/67lMAEheYnwJcC87EmtM9O,introspective poignant somber
Searching,Piano Melodies Jazz Specialist,"Melancholic Piano Music for a Quiet Evening: Time for Dreams and Memories, Instrumental Piano Lounge",2021-03-05,076Vjp2AUajFvtSLoV6vWd,https://open.spotify.com/track/076Vjp2AUajFvtSLoV6vWd,introspective poignant somber
Inspiring Music,Ambience Fantasy,Instrumental Music for Reading Comics,2022-09-01,6Cbh4nIe0K9x9EIJSPkieZ,https://open.spotify.com/track/6Cbh4nIe0K9x9EIJSPkieZ,introspective poignant somber
Smooth Melodies,Jai Lainbachs,60 Introspection Nights,2018-04-24,26YostCmpAHlYnmGNMlAsn,https://open.spotify.com/track/26YostCmpAHlYnmGNMlAsn,introspective poignant somber
Piano Interlude,Ember Solace,Fleeting Winds Enchantment,2020-03-23,5eoQ2A8wK7vR4sLc1d4lwQ,https://open.spotify.com/track/5eoQ2A8wK7vR4sLc1d4lwQ,introspective poignant somber
Reflection,Yoga Instrumentals,Yoga Ambiance,2011-08-01,3DrNsEc3jtjGCrFXcDGQYL,https://open.spotify.com/track/3DrNsEc3jtjGCrFXcDGQYL,introspective poignant somber
Between Heartbeats,Ambientalism,Blissful Serenades,2021-07-07,37BM6VPNrSMgFHgHrOtNPW,https://open.spotify.com/track/37BM6VPNrSMgFHgHrOtNPW,introspective poignant somber
Introspective Indispensable,Relaxing Piano Crew,Night Café Jazz Piano,2018-02-09,4je6Qwn9OZR5QkIB0HGdMF,https://open.spotify.com/track/4je6Qwn9OZR5QkIB0HGdMF,introspective poignant somber
Intra,Aedur,Intra,2017-04-03,49vfr0OdbZVyIct95OCHA3,https://open.spotify.com/track/49vfr0OdbZVyIct95OCHA3,introspective poignant somber
Intro,Me:Mo,Acoustic View,2010-05-05,2PA8DOkpd8okb4kVVdlEwr,https://open.spotify.com/track/2PA8DOkpd8okb4kVVdlEwr,introspective poignant somber
Introspection - Spa,Solace Moon,Sounds of Solace: Songs to Relax to Vol. 1,2023-04-21,3xoykqFfxNlqRVX9iOmW4r,https://open.spotify.com/track/3xoykqFfxNlqRVX9iOmW4r,introspective poignant somber
Reflective Solitude,Harmonious Reflection,Reflective Strings,2023-06-08,25ujP5ZEgVZwlpe7uFr0gX,https://open.spotify.com/track/25ujP5ZEgVZwlpe7uFr0gX,introspective poignant somber
Interlude,Chihei Hatakeyama,Lunar Eclipse,2017-07-12,5GfZsE7LrNQXHoplMlxm1H,https://open.spotify.com/track/5GfZsE7LrNQXHoplMlxm1H,introspective poignant somber
Ambient Piano,Study Time,"Morning Relaxing Music, Piano, Positive, Study, Sleep, Focus, Concentration",2018-08-11,5MpgH5ljB1RkxCH67qpRQO,https://open.spotify.com/track/5MpgH5ljB1RkxCH67qpRQO,introspective poignant somber
Introspection,Louis Landon,Solo Piano Reverence,2019-10-14,21TDY16SBkX7E7ecWHSBdw,https://open.spotify.com/track/21TDY16SBkX7E7ecWHSBdw,introspective poignant somber
Cinematic Piano Ambient,AShamaluevMusic,Cinematic Piano Ambient,2017-10-15,3eSreCYlZ8pRg3fDkO2POI,https://open.spotify.com/track/3eSreCYlZ8pRg3fDkO2POI,introspective poignant somber
Ambient Piano Solo,Study Music Research,Upbeat Piano For Studying,2022-05-26,6gNnSBLpB1GVMPYDQMo4nT,https://open.spotify.com/track/6gNnSBLpB1GVMPYDQMo4nT,introspective poignant somber
An Impressionistic Interlude,Fred Lykes,Starbound,2005-01-01,1VqUIgBElQ6SEi2p2n7k46,https://open.spotify.com/track/1VqUIgBElQ6SEi2p2n7k46,introspective poignant somber
Ambient Study Music - Piano Piece,Ambient Piano Works,Silent Piano Grove Focus,2024-10-29,3OS2WPhcOXSmvrnklAyriq,https://open.spotify.com/track/3OS2WPhcOXSmvrnklAyriq,introspective poignant somber
Sad Ambient LoFi,LO-FI BEATS,"!!!"" Lofi Beats To Sleep To ""!!!",2022-09-21,0UP6jXBb9WvnM5TeYoZuaN,https://open.spotify.com/track/0UP6jXBb9WvnM5TeYoZuaN,introspective poignant somber
Introspect,Floris Boere,Introspect,2021-12-10,3JaGrCfKtg3PEno44yXU8h,https://open.spotify.com/track/3JaGrCfKtg3PEno44yXU8h,introspective poignant somber
Melancholic Piano Cinematic,cleanmindsounds,Melancholic Piano Cinematic,2022-10-29,63FAqDcs6BTWGAGIiyUSSO,https://open.spotify.com/track/63FAqDcs6BTWGAGIiyUSSO,introspective poignant somber
"Absence, Solitude, Mindful Rest",Ricky Trye,"Ambient Piano Meditations: Calm Music for Introspection, Rest and Relaxation",2021-01-21,0L7j6xemFDUFIGFLCNVgdN,https://open.spotify.com/track/0L7j6xemFDUFIGFLCNVgdN,introspective poignant somber
Introspection,Ohgod,The Great Silence,2017-12-20,7g0lRncm9TA9FR1PCb6cAq,https://open.spotify.com/track/7g0lRncm9TA9FR1PCb6cAq,introspective poignant somber
Melancholia,Roy Burns,Pianoforte,2020-02-04,4u4b9gCW5AocOYGxqSruVv,https://open.spotify.com/track/4u4b9gCW5AocOYGxqSruVv,introspective poignant somber
"Sleep to Rest, Rest to Reflect, Reflect to Find Peace",Ricky Trye,"Ambient Piano Meditations: Calm Music for Introspection, Rest and Relaxation",2021-01-21,2Vf65aNNAaUyhZTNyUo9e8,https://open.spotify.com/track/2Vf65aNNAaUyhZTNyUo9e8,introspective poignant somber
Interlude,Ed Carlsen,Morning Hour,2019-09-27,3zLtUdvkGOAlMqOtcVvaUI,https://open.spotify.com/track/3zLtUdvkGOAlMqOtcVvaUI,introspective poignant somber
Crime (Dramatic Instrumental Music),Introspectunes,Crime (Dramatic Instrumental Music),2021-05-14,6bhHisH4tQFf0ZC6ueqxTl,https://open.spotify.com/track/6bhHisH4tQFf0ZC6ueqxTl,introspective poignant somber
Introspective Ocean,Dreaming Fairy,Seasons of Emotion,2023-06-05,01knvNRkdGA1uN2su721qL,https://open.spotify.com/track/01knvNRkdGA1uN2su721qL,introspective poignant somber
Intrinsic,Adrian Disch,Intrinsic,2021-01-13,2FgNgmrj8sGGWbNYZuo8au,https://open.spotify.com/track/2FgNgmrj8sGGWbNYZuo8au,introspective poignant somber
Ambient Soundscapes,Piotr Janeczek,Relaxing Instrumental Meditation Music,2014-12-27,5e2ZsoNOCYQvx8F1Pa7GqH,https://open.spotify.com/track/5e2ZsoNOCYQvx8F1Pa7GqH,introspective poignant somber
Reflexives II,Arc Lab,The Goodbye Radio,2008-04-22,32Vs4KqTu0UEUhgiNl6rU1,https://open.spotify.com/track/32Vs4KqTu0UEUhgiNl6rU1,introspective poignant somber
Piano Dreams,Dark Ambient Creator,"Dark Ambient Drones for Relaxing, Dreaming, Chilling and Tripping, Vol. 1",2015-08-31,5g1MRVVIN7TM94jEjWsly3,https://open.spotify.com/track/5g1MRVVIN7TM94jEjWsly3,introspective poignant somber
Somber,SVLBRD,Somber,2022-05-02,07d8tNvS1BA4eXacrkXKFp,https://open.spotify.com/track/07d8tNvS1BA4eXacrkXKFp,introspective poignant somber
Sad Piano Lounge Music,Sad Instrumental Piano Music Zone,"Sad Piano Lounge Music (Melancholic Mood, Soft Instrumental Background, Songs that Make You Cry, Romantic Moments, Melody for Broken Heart)",2017-08-11,1kRNhnGUzBstZTAlu1EZr0,https://open.spotify.com/track/1kRNhnGUzBstZTAlu1EZr0,introspective poignant somber
Introspection,Alex Monfort Trio,Introspection,2018-05-18,7s3oVBpHv4wpd24f4lxDoZ,https://open.spotify.com/track/7s3oVBpHv4wpd24f4lxDoZ,introspective poignant somber
Interlude,Nahtram,An Ominous Journey,2018-03-17,5yiOAt00OmwRDLHm3fvONd,https://open.spotify.com/track/5yiOAt00OmwRDLHm3fvONd,introspective poignant somber
Instrumental Piano,Patrick Barber,Gloomy Piano Music,2019-10-23,2o8wZhYvz1kRzPsTgHHcKI,https://open.spotify.com/track/2o8wZhYvz1kRzPsTgHHcKI,introspective poignant somber
Introspection,The Lofi Office,Introspection,2022-04-15,6dEYdxgX7xbOxYfaskpLRp,https://open.spotify.com/track/6dEYdxgX7xbOxYfaskpLRp,introspective poignant somber
Prélude Ineffable,Meydän,Prélude Ineffable,2022-12-14,4diB6kfEAEhNc26nZuXmKQ,https://open.spotify.com/track/4diB6kfEAEhNc26nZuXmKQ,introspective poignant somber
Ambient Piano,Ben Dransfield,Slow Motion,2020-12-11,1QBexSt7JhZvTFdGh0TVwb,https://open.spotify.com/track/1QBexSt7JhZvTFdGh0TVwb,introspective poignant somber
Melancholia (Sad Instrumental Music),Waterlily Lake,Sad Music: Sad Instrumental Piano Songs (Sad Songs that Make you Cry),2012-03-10,3CeZ2bYxMdcrDPNj6D3itF,https://open.spotify.com/track/3CeZ2bYxMdcrDPNj6D3itF,introspective poignant somber
Insight,Morninglightmusic,Voice of the Sage,2022-11-04,2OmBVHq4RRpslWc406V2zX,https://open.spotify.com/track/2OmBVHq4RRpslWc406V2zX,introspective poignant somber
Reflection - Spa,Ambient Dreamer,Spa Volume 1,2022-05-20,1sKKk3WayX4W1H5OR3fQHd,https://open.spotify.com/track/1sKKk3WayX4W1H5OR3fQHd,introspective poignant somber
Dark Aftermath,Pianopassion,"The Scent of Sorrow: One Hour of Pianopassion, Vol. 2",2021-04-09,1UKuXZx7oF7ekEHDRPyTRf,https://open.spotify.com/track/1UKuXZx7oF7ekEHDRPyTRf,introspective poignant somber
Intro,Brock Hewitt: Stories in Sound,Absolute Self,2017-07-01,20IPvc0Ou1kyYayqKvLXvv,https://open.spotify.com/track/20IPvc0Ou1kyYayqKvLXvv,introspective poignant somber
Interlude,Park Avenue Music,For Your Home or Office,2012,1QxXE21wiY3RjY99jwWM4R,https://open.spotify.com/track/1QxXE21wiY3RjY99jwWM4R,introspective poignant somber
Intro Ambient Calming,OK Beats,Ambient Calming,2022-09-27,7jkUYtuQTCNtZfQcAc8JTG,https://open.spotify.com/track/7jkUYtuQTCNtZfQcAc8JTG,introspective poignant somber
Introspection,Anthony Sahyoun,Proof By Infinite Descent,2021-11-19,1M7AZDFMlOEpernbiGUgo5,https://open.spotify.com/track/1M7AZDFMlOEpernbiGUgo5,introspective poignant somber
Introspection,Kaleidoscope String Quartet,Reflections,2018-10-26,5lHycbDWo4DM6JkUSsu9fa,https://open.spotify.com/track/5lHycbDWo4DM6JkUSsu9fa,introspective poignant somber
Introspection - Komorebi Mix,Laraaji,Mindful Breathing,2020-12-11,5z8KSfQYVeFtJ4W5lBypD3,https://open.spotify.com/track/5z8KSfQYVeFtJ4W5lBypD3,introspective poignant somber
Sadness and Sorrow,Sad Instrumental Piano Music Zone,"Sad Piano Lounge Music (Melancholic Mood, Soft Instrumental Background, Songs that Make You Cry, Romantic Moments, Melody for Broken Heart)",2017-08-11,6xrAIgUAnbglMUuMxsoK76,https://open.spotify.com/track/6xrAIgUAnbglMUuMxsoK76,introspective poignant somber
"Piano Bar, Melancholy",Sad Instrumental Piano Music Zone,"Sad Piano Lounge Music (Melancholic Mood, Soft Instrumental Background, Songs that Make You Cry, Romantic Moments, Melody for Broken Heart)",2017-08-11,1HY16KSG00YBcClQePityg,https://open.spotify.com/track/1HY16KSG00YBcClQePityg,introspective poignant somber
Sensitive Emotional,Sad Instrumental Piano Music Zone,"Sad Piano Lounge Music (Melancholic Mood, Soft Instrumental Background, Songs that Make You Cry, Romantic Moments, Melody for Broken Heart)",2017-08-11,4PKxfkwynyd1jyCi559Ngb,https://open.spotify.com/track/4PKxfkwynyd1jyCi559Ngb,introspective poignant somber
Intro,Unworldly,Appeal,2016-12-28,7228ADqmgfKznKKthiiQuw,https://open.spotify.com/track/7228ADqmgfKznKKthiiQuw,introspective poignant somber
Ambient Piano - Solo,Jazz Music Lounge,Light Instrumental Jazz,2022-01-07,2hmGgusagBFwJ8dEPBfxMV,https://open.spotify.com/track/2hmGgusagBFwJ8dEPBfxMV,introspective poignant somber
Interlude I,Illuminine,#1,2015-02-16,0vvsVv1jPWzrYeGqNhNfJN,https://open.spotify.com/track/0vvsVv1jPWzrYeGqNhNfJN,introspective poignant somber
Intrinsic (instrumental),Zero Hour,A Fragile Mind,2005,0yq0V1QOVsPNyeYixNmZwQ,https://open.spotify.com/track/0yq0V1QOVsPNyeYixNmZwQ,introspective poignant somber
Instrumental,Without Grief,Absorbing The Ashes,1999-04-18,1jlgC7T11yhP7cyfBIGs78,https://open.spotify.com/track/1jlgC7T11yhP7cyfBIGs78,introspective poignant somber
Calm Ambient Piano,cleanmindsounds,Calm Ambient Piano,2022-08-30,3HkGOFMjhWi5uP5ZMgJL11,https://open.spotify.com/track/3HkGOFMjhWi5uP5ZMgJL11,introspective poignant somber
Ambient Piano Slow Motion,cleanmindsounds,Ambient Piano Slow Motion,2022-10-29,4e7g0JWWSyC8Dts4fijAmr,https://open.spotify.com/track/4e7g0JWWSyC8Dts4fijAmr,introspective poignant somber
Interlude,Fleur de Pays,Décembre 2003,2022-04-19,41gIY7W5BSBSvttoIgLg1h,https://open.spotify.com/track/41gIY7W5BSBSvttoIgLg1h,introspective poignant somber
Intro,Semidome,Last Voyage (Deluxe),2015-06-01,5BXh62f82SwSvQ5bgO9Iej,https://open.spotify.com/track/5BXh62f82SwSvQ5bgO9Iej,introspective poignant somber
Melancholia,by Gunnarsson,Emotions,2019-10-18,1in28dnidZipPOjSAx9vgH,https://open.spotify.com/track/1in28dnidZipPOjSAx9vgH,introspective poignant somber
Intro (Luminescence),BXDN,Luminescence,2018-02-05,3kfgOE1209QrlPNeB0UC50,https://open.spotify.com/track/3kfgOE1209QrlPNeB0UC50,introspective poignant somber
Intraverse,Eris Soundworks,Adrift in the Deep,2022-08-04,5x5jVwZdnvDizf9Jy1qZgM,https://open.spotify.com/track/5x5jVwZdnvDizf9Jy1qZgM,introspective poignant somber
L’aspiration,Gideon Matthew,L’aspiration,2021-06-09,7BBwA4BXVrtd0YooTAqQ2W,https://open.spotify.com/track/7BBwA4BXVrtd0YooTAqQ2W,introspective poignant somber
Introns,Melodium,99+bonus,2022-11-25,1klGGUbEg1t7tehnYQbJFX,https://open.spotify.com/track/1klGGUbEg1t7tehnYQbJFX,introspective poignant somber
Ambient Piano,Study Time,"Instrumental Piano, Relaxation, Study, Chill, Sleep, Meditation, Yoga, Zen, Babies, Soft, Calm",2018-10-11,48Ug5CETajWILH8mOrUOde,https://open.spotify.com/track/48Ug5CETajWILH8mOrUOde,introspective poignant somber
Ambient Relaxation,Instrumental Sleeping Music,Quietly,2022-11-25,13jm9pze7Jrvoq5fvE0Oy5,https://open.spotify.com/track/13jm9pze7Jrvoq5fvE0Oy5,introspective poignant somber
Introspect,Shreyas Murali,Introspect,2023-06-12,4HGT4CtJXDABsjqg1gDZQE,https://open.spotify.com/track/4HGT4CtJXDABsjqg1gDZQE,introspective poignant somber
Saddest Emotional Background,Panderer Mersu,12 Sad Piano Moods: Saddest Emotional Instrumental Background Ambience for Letting Go,2020-08-24,6P7QYnxm5tMvudtGgH0WYb,https://open.spotify.com/track/6P7QYnxm5tMvudtGgH0WYb,introspective poignant somber
Words - Instrumental,Nice Background,Musica Ambiental Vol.1,1995-01-01,11dgtCBITXYrnaj2UftYDE,https://open.spotify.com/track/11dgtCBITXYrnaj2UftYDE,introspective poignant somber
Emotional Cinematic Ambient,AShamaluevMusic,Emotional Cinematic Ambient,2018-12-31,7vBOdpZSovoUjFgtYKPzfE,https://open.spotify.com/track/7vBOdpZSovoUjFgtYKPzfE,introspective poignant somber
Ambient Piano,Study Time,Deep Study Piano Music,2018-09-03,6Mqv16xz23DkTmT33OKM7C,https://open.spotify.com/track/6Mqv16xz23DkTmT33OKM7C,introspective poignant somber
Sad Somber Theme (Cold Exchange),Aaron Walz,Aveyond 1: Rhen's Quest (Official Soundtrack),2021-05-08,0w6zqetDSQamzYJ20Irfpx,https://open.spotify.com/track/0w6zqetDSQamzYJ20Irfpx,introspective poignant somber
Atmo Piano Meditation,Tuscany Moods,Sad Instrumental Music - Instrumental Music Songs,2012-02-13,6jUcV3lLLdEJQroo01kDv1,https://open.spotify.com/track/6jUcV3lLLdEJQroo01kDv1,introspective poignant somber
Dark Ambient,Ambient Space Background,Dark Ambient 2019 - 3 Hours of Deep Space Relaxation,2019-06-29,3jaaHy1d1o8Ajmn05LogsY,https://open.spotify.com/track/3jaaHy1d1o8Ajmn05LogsY,introspective poignant somber
Introspection,Meditation Music Therapy,Afternoon Meditation,2022-02-24,5FpLMZ3IGa4J8HmfLa5nQx,https://open.spotify.com/track/5FpLMZ3IGa4J8HmfLa5nQx,introspective poignant somber
Mélancolique,Magnus Ludvigsson,Introspectif,2024-01-08,1u6ZG8MDDbMBYT6HvGTi4r,https://open.spotify.com/track/1u6ZG8MDDbMBYT6HvGTi4r,introspective poignant somber
Reflecting,Megan Wofford,Ambience,2021-03-05,5K7KcbVaUMsfzMdlRfCTSl,https://open.spotify.com/track/5K7KcbVaUMsfzMdlRfCTSl,introspective poignant somber
intro,Luca Nieri,Music for rainy days & solitary evenings,2022-10-24,17wBU2F22IOVXq1HKKnCk5,https://open.spotify.com/track/17wBU2F22IOVXq1HKKnCk5,introspective poignant somber
Intro,Herknungr,ÆngleTribe,2021-02-24,3Sr5wpjENpbYdv5Pd1r2Ui,https://open.spotify.com/track/3Sr5wpjENpbYdv5Pd1r2Ui,introspective poignant somber
Burnt Out - Instrumental,Colder,Heat,2005-07-04,04uS5ciqfTArjgHSCSjJtC,https://open.spotify.com/track/04uS5ciqfTArjgHSCSjJtC,introspective poignant somber
Introspect,RATAN,Drain,2020-07-30,1bxDDX9znHUwoDzZCzk6Nj,https://open.spotify.com/track/1bxDDX9znHUwoDzZCzk6Nj,introspective poignant somber
Interlude III,Yair Elazar Glotman,Emanate,2020-05-15,4um1b2OZYxew7lEx3A7lM6,https://open.spotify.com/track/4um1b2OZYxew7lEx3A7lM6,introspective poignant somber
Intro,Belle Chen,Departure,2019-02-01,5II6vqTny5Jn5BeQ3mS1k2,https://open.spotify.com/track/5II6vqTny5Jn5BeQ3mS1k2,introspective poignant somber
Introspective Kitchen,Max Loderbauer,ambiq 2,2015-11-13,2BdM03yLSSaiPvws2ObkfW,https://open.spotify.com/track/2BdM03yLSSaiPvws2ObkfW,introspective poignant somber
Introspection Light,Serenvivo,Elevating Deluxe Piano Ensemble,2020-12-07,6CQ0yRRFQkpoHOGRruPkji,https://open.spotify.com/track/6CQ0yRRFQkpoHOGRruPkji,introspective poignant somber
Subtle,Endless Melancholy,Subtle And Closer,2016-04-15,3CHYMguGT6xZn9iq5VEcBn,https://open.spotify.com/track/3CHYMguGT6xZn9iq5VEcBn,introspective poignant somber
Dreamless Sleep,Introvert,Dreamless Sleep,2022-03-02,6hbp2xkv6vEsEUxlKsWi5U,https://open.spotify.com/track/6hbp2xkv6vEsEUxlKsWi5U,introspective poignant somber
Instrumental - Remastered,Rema-Rema,Fond Reflections,2019-03-01,7Lj2zLtblXPHHN2Q0FIDNT,https://open.spotify.com/track/7Lj2zLtblXPHHN2Q0FIDNT,introspective poignant somber
Sad Instrumental Piano Music,Sad Instrumental Piano Music Zone,"Sad Piano Lounge Music (Melancholic Mood, Soft Instrumental Background, Songs that Make You Cry, Romantic Moments, Melody for Broken Heart)",2017-08-11,5n2jezgCGlmWKcZxsv0o0q,https://open.spotify.com/track/5n2jezgCGlmWKcZxsv0o0q,introspective poignant somber
Open,Dynamic Music,Ambient Electronic,2016-05-18,7hmbaeBTsB0A9kHPZXNmK8,https://open.spotify.com/track/7hmbaeBTsB0A9kHPZXNmK8,introspective poignant somber
Ambient Meditation Background,BlueTreeAudio,Meditation,2020-07-17,5SbEquwe66l0R7o5ZdFfhW,https://open.spotify.com/track/5SbEquwe66l0R7o5ZdFfhW,introspective poignant somber
Intro,Dark Affliction,Dark Affliction,2021-12-23,1sIsysIArd9G9pzfwEPf0h,https://open.spotify.com/track/1sIsysIArd9G9pzfwEPf0h,introspective poignant somber
Interlude IV,Illuminine,#1,2015-02-16,4DWz5ASihbZs8knlWxbDhl,https://open.spotify.com/track/4DWz5ASihbZs8knlWxbDhl,introspective poignant somber
Intertwined,Dinner Music Environments - Soft Piano,"Dinner Party Music: Soft Piano Ambient Background Mood for Your Relaxing Dinner, Restaurant & Successful Social Gatherings",2012-02-28,7jenKn7vKixojkBe4MDc9h,https://open.spotify.com/track/7jenKn7vKixojkBe4MDc9h,introspective poignant somber
Introspection,Nicolas Bras,Meditative Flutes,2020-04-20,6i0i58rFfTKEnOwTWtLZ2K,https://open.spotify.com/track/6i0i58rFfTKEnOwTWtLZ2K,introspective poignant somber
Inspiring Piano Epic Trailer,Kornev Music,Inspiring Emotional Adventure,2022-08-25,32Cv0YNGWEmR1vXETqAXvH,https://open.spotify.com/track/32Cv0YNGWEmR1vXETqAXvH,introspective poignant somber
Peaceful Piano Instrumental For Studying,Study Music Research,Ambient Piano For Studying,2022-11-07,2TdNqTy41icRllATeZFhtM,https://open.spotify.com/track/2TdNqTy41icRllATeZFhtM,introspective poignant somber
Introspect,Sapphire Skies,Dreaming 432,2022-11-25,4QIk61DA72HaRZsS4BbLke,https://open.spotify.com/track/4QIk61DA72HaRZsS4BbLke,introspective poignant somber
Intro,The 93,Time,2018-06-12,5tp8SmCczKMDpEqpgdqCfJ,https://open.spotify.com/track/5tp8SmCczKMDpEqpgdqCfJ,introspective poignant somber
Dreamy,Peaceful Ambient,Peaceful Journey,2022-04-07,08GtDfhgSPZCraphyi4MkL,https://open.spotify.com/track/08GtDfhgSPZCraphyi4MkL,introspective poignant somber
Intro,Roza,Orchids,2022-02-22,6g1j8U1yFW2favfBrESw1A,https://open.spotify.com/track/6g1j8U1yFW2favfBrESw1A,introspective poignant somber
Intro,Murcof,Lost in Time,2018-06-01,2AB3meoxeTokBa0YRN4RKS,https://open.spotify.com/track/2AB3meoxeTokBa0YRN4RKS,introspective poignant somber
Intro,The Ghost Orchid,The Ghost Orchid,2008-04-01,0Epq9JpzFA3rgUlgfMpWVc,https://open.spotify.com/track/0Epq9JpzFA3rgUlgfMpWVc,introspective poignant somber
Reflection,Ambient Space,Atmospheric Piano,2021-05-06,0nJfkKYqgbDpbVVTfSQx75,https://open.spotify.com/track/0nJfkKYqgbDpbVVTfSQx75,introspective poignant somber
Introspective,Francesco Fareri,Suspension | the New Sonic Design,2012-05-16,3CLzRS1Pjh3WSp26nR30FA,https://open.spotify.com/track/3CLzRS1Pjh3WSp26nR30FA,introspective poignant somber
Cybernetic Introspection,Intermundia,Cybernetic Introspection,2017-01-23,5yorDh3vkPAkgLPue80rxu,https://open.spotify.com/track/5yorDh3vkPAkgLPue80rxu,introspective poignant somber
Introspection,Imber Luminis,Nausea,2017-03-26,6WWgxf6PGYmgdZMzyXSWsv,https://open.spotify.com/track/6WWgxf6PGYmgdZMzyXSWsv,introspective poignant somber
Ambient Wonders,Instrumental Piano Universe,50 Calming Tracks to Relax the Soul,2022-07-22,744bNB2paT465iEFKYsIum,https://open.spotify.com/track/744bNB2paT465iEFKYsIum,introspective poignant somber
Intromersión,Oksana Linde,Aquatic and Other Worlds,2022-03-25,5eoR4PbjsTU3cjvoNpE9nI,https://open.spotify.com/track/5eoR4PbjsTU3cjvoNpE9nI,introspective poignant somber
Interlude,Shelter,Profondeur 4000,2018-07-25,1BN4hL4jSc93XmV2Gisx9B,https://open.spotify.com/track/1BN4hL4jSc93XmV2Gisx9B,introspective poignant somber
Quiet Night of Quiet Stars,Sad Music Zone,"Melancholy Chilled Jazz – Instrumental Jazz Music, Ambient Jazz Lounge, Autumn Full of Love, Melancholy Chill",2016-11-04,4j5CrhjDtG0FLT127Ttqy4,https://open.spotify.com/track/4j5CrhjDtG0FLT127Ttqy4,introspective poignant somber
"Piano Interlude, No. 3",Cédric Dind-Lavoie,88,2018-11-23,7pKNFqEKRKTl7hO7JxVMyH,https://open.spotify.com/track/7pKNFqEKRKTl7hO7JxVMyH,introspective poignant somber
Intrinsic,Prequel Tapes,Ruin,2020-07-03,4eUeQU7C4hsvth0ZTicfJy,https://open.spotify.com/track/4eUeQU7C4hsvth0ZTicfJy,introspective poignant somber
Introspection,Michael Silverman,"Lighter Than Air: Piano Improvisations, Vol. 1",2017-11-13,00hdwg12QWxoplH4lq46tl,https://open.spotify.com/track/00hdwg12QWxoplH4lq46tl,introspective poignant somber
Melancholy Jazz (Original Mix),The Music Bakery,Luxurious Jazz - Music for Hotel Lobbies and Receptions,2020-01-15,3E4GlCQGMqaIU5wPYT8GGB,https://open.spotify.com/track/3E4GlCQGMqaIU5wPYT8GGB,introspective poignant somber
Atmospheric Pads for Sleep,Instrumental Sleeping Music,Quietly,2022-11-25,4TiTm8lzbmqMlVOIWYx66B,https://open.spotify.com/track/4TiTm8lzbmqMlVOIWYx66B,introspective poignant somber
Relaxation (Sleep Music Interlude),Chillout Relaxation Dream Club,"Music for Dreaming: 50 Relaxing Instrumental Piano Songs, Piano Music Chillout for Tranquil Moments",2013-07-01,6CoosLthnIrbbnL8cg2JTW,https://open.spotify.com/track/6CoosLthnIrbbnL8cg2JTW,introspective poignant somber
Ambient Piano,Music for Reading,"Keep Calm and Concentration (music for studying, relaxing music, focus and study, easy listening, piano music for concentration)",2016-05-08,13ZOn2XiAueeAyEk3tkqPv,https://open.spotify.com/track/13ZOn2XiAueeAyEk3tkqPv,introspective poignant somber
Inspired Ambient,makesound music,Ambient Corporate,2022-10-17,39b7a18GZH0H9cttl84CNT,https://open.spotify.com/track/39b7a18GZH0H9cttl84CNT,introspective poignant somber
Expectation,Peaceful Ambient,Ambient Focus,2022-04-16,3ogwH6Ify4RbYwZVAxUqU7,https://open.spotify.com/track/3ogwH6Ify4RbYwZVAxUqU7,introspective poignant somber
Intro...,dynavision666,Solar System Thoughts,2017-12-18,5xrg0T8tBhV87Sijbhx21b,https://open.spotify.com/track/5xrg0T8tBhV87Sijbhx21b,introspective poignant somber
Intro,Omri Cohen,Cosmic Foundry,2019-01-20,2qiRYYy15zeO8xZOONQ9LP,https://open.spotify.com/track/2qiRYYy15zeO8xZOONQ9LP,introspective poignant somber
Trance,Peaceful Ambient,Ambient Focus,2022-04-16,1HTsoV82UhLztlviQ17ccY,https://open.spotify.com/track/1HTsoV82UhLztlviQ17ccY,introspective poignant somber
Introspect,Ella van der Woude,Instinct (Original Motion Picture Soundtrack),2019-10-15,7rKIUUEEK4bVVYNcph5Ht1,https://open.spotify.com/track/7rKIUUEEK4bVVYNcph5Ht1,introspective poignant somber
Introspection,Jonathan Belle,Meditation,2021-05-29,4FY5MFXE9D4Czq1EJiupyO,https://open.spotify.com/track/4FY5MFXE9D4Czq1EJiupyO,introspective poignant somber
Instrumental II,Orplid,Sterbender Satyr,2006-03-24,1C53Y85sWVcf4T7Ow9n3yB,https://open.spotify.com/track/1C53Y85sWVcf4T7Ow9n3yB,introspective poignant somber
Quiet Reflections Atmosphere,Peaceful Mind Music Consort,"Time to Log Off (Natural Mental Detox, Refrains Using Digitals, Yoga Retreats, Thai Hypnotic Meditation, Calm Sounds, Silence Your Mind)",2017-10-03,3SUP6XGukI3JGJwNIpAahG,https://open.spotify.com/track/3SUP6XGukI3JGJwNIpAahG,introspective poignant somber
Deep Introspection Chillout,Nature Sound Retreat,10 Minute Meditations - Music for Relaxation (Vol. 2),2022-04-01,04Mx3z3ZmjWgnfTDVjFBHi,https://open.spotify.com/track/04Mx3z3ZmjWgnfTDVjFBHi,introspective poignant somber
impression sunrise,Vetle Lyckander,impression sunrise,2021-10-29,2R4i5hQnET1wEx4Pr5ZoLr,https://open.spotify.com/track/2R4i5hQnET1wEx4Pr5ZoLr,introspective poignant somber
Introspective - By an Ion Remix,The New Division,Introspective - Remixes,2015-10-26,2TW1OiZxQUXCX6fF5rZlWm,https://open.spotify.com/track/2TW1OiZxQUXCX6fF5rZlWm,introspective poignant somber
Introspection,Gary Smith,Smile,2016-09-28,0Olza44hEpzOwWsYo5P7F1,https://open.spotify.com/track/0Olza44hEpzOwWsYo5P7F1,introspective poignant somber
Intrinsic,Hazed Horizon,Lucid,2020-10-09,6uUEMxDzc0MUfqH7whZmbI,https://open.spotify.com/track/6uUEMxDzc0MUfqH7whZmbI,introspective poignant somber
Einkehr (Emotional Piano Instrumentals),Moesync,Silent Reflections (Emotional Piano Instrumentals),2024-12-23,7ceaGfM9ymjyZIGazumFbI,https://open.spotify.com/track/7ceaGfM9ymjyZIGazumFbI,introspective poignant somber
Introductio,Hovert,Sol,2019-08-31,1Vz9Edb2v20pZZjC5Iryww,https://open.spotify.com/track/1Vz9Edb2v20pZZjC5Iryww,introspective poignant somber
Interlude,Christoph Berg,Paraphrases,2012-11-30,1FLh8InHAPrF9tErLT6i5R,https://open.spotify.com/track/1FLh8InHAPrF9tErLT6i5R,introspective poignant somber
Sentience,Ambient,Ambient Playlist,2015-10-21,4BdmScgZFwQOlLAkfDvGiA,https://open.spotify.com/track/4BdmScgZFwQOlLAkfDvGiA,introspective poignant somber
Ambient Music,State of Deep Focus,Focus Music for Work – Increase Focus and Creative Thinking with Sounds of Nature and Instrumental Background Music,2019-10-01,4blLOYqecrjwGXdt8nKT4E,https://open.spotify.com/track/4blLOYqecrjwGXdt8nKT4E,introspective poignant somber
Contemplation,David Schuster,"Mood Introspective, Set 17",2021-11-09,1485UIQJ1fGifkc6RC9ftb,https://open.spotify.com/track/1485UIQJ1fGifkc6RC9ftb,introspective poignant somber
Piano Atmosphere,Ambient Space,Piano Atmosphere,2021-05-06,7GYzscD1DAB5XW5ZfLx59V,https://open.spotify.com/track/7GYzscD1DAB5XW5ZfLx59V,introspective poignant somber
Intro,Kayobe,Hidden,2018-01-19,2jUTE818jtQseBMopgS7EW,https://open.spotify.com/track/2jUTE818jtQseBMopgS7EW,introspective poignant somber
Expecting,Peaceful Ambient,Peaceful Journey,2022-04-07,1v8g98jdaotWwfPke3aCPC,https://open.spotify.com/track/1v8g98jdaotWwfPke3aCPC,introspective poignant somber
Introspection (Instrumental),Alias Molombo,Introspection,2022-09-23,26OSI3UnmYyzZTrdLLvP2n,https://open.spotify.com/track/26OSI3UnmYyzZTrdLLvP2n,introspective poignant somber
Mysterious Intro Soundscapes (Alternative Ending),RF Soundtracks,Royalty Free Ambient Music for Personal YouTube Videos,2015-10-21,4ukBoHnQAp2DtXdgIqNY36,https://open.spotify.com/track/4ukBoHnQAp2DtXdgIqNY36,introspective poignant somber
Prelude I - Interior,Tomas Kærup,Tall Windows,2022-06-03,5AfzStc2pTbOtkuU5UNuzK,https://open.spotify.com/track/5AfzStc2pTbOtkuU5UNuzK,introspective poignant somber
Retrospection,Quiet Quest,"Ambient Music for Studying, Vol. 1",2022-11-11,2I5NgIadFTydfpOIZXH00H,https://open.spotify.com/track/2I5NgIadFTydfpOIZXH00H,introspective poignant somber
Introduction,Avalon Kane,Celestial Voyage,2021-06-05,5lbXfwd35UTVdOBlB0GMDX,https://open.spotify.com/track/5lbXfwd35UTVdOBlB0GMDX,introspective poignant somber
"Instrumental Sleeping Meditation Music, Pt. 8",Instrumental Sleeping Music,Quietly,2022-11-25,3KvujxNlYGLEoB1wSmEpJz,https://open.spotify.com/track/3KvujxNlYGLEoB1wSmEpJz,introspective poignant somber
Introspection,Beware the Blue Sky,Introspection,2017-10-30,3vx9FTQ2lNcLNRgA7HSV3Y,https://open.spotify.com/track/3vx9FTQ2lNcLNRgA7HSV3Y,introspective poignant somber
Sentimental Intermezzo,Mikhail Chekalin,Ecstatic Lullaby,2020-04-06,3ljE3aWnfxmBNMWfjZitS4,https://open.spotify.com/track/3ljE3aWnfxmBNMWfjZitS4,introspective poignant somber
Intrinsic,Michael Vignola,Delusions of Grandeur,2020-07-14,2huHvYnhPbD08KP8PHJsDB,https://open.spotify.com/track/2huHvYnhPbD08KP8PHJsDB,introspective poignant somber
Introspection - Original Mix,Mr. Moods,Before Midnight,2015-01-13,6OcbjH1glQusaBrOOHS01T,https://open.spotify.com/track/6OcbjH1glQusaBrOOHS01T,introspective poignant somber
Introspektion,Vanhelga,Ode & Elegy,2016-10-21,4QpeBiFGBuRjHDnnIRtXVw,https://open.spotify.com/track/4QpeBiFGBuRjHDnnIRtXVw,introspective poignant somber
Interlude 1,Plaitum,Constraint,2017-04-07,1PilUQeRXinCmvVelyXIX9,https://open.spotify.com/track/1PilUQeRXinCmvVelyXIX9,introspective poignant somber
Introduction,MeoplleX,Reminiscence,2020-01-10,2HplTZ1zPbDQxwxAhvXZ5S,https://open.spotify.com/track/2HplTZ1zPbDQxwxAhvXZ5S,introspective poignant somber
Introspective,Jason Savell,Spanish Guitar Party,2015-12-30,3jssMLL2U7hYZ9ZLrDmXcT,https://open.spotify.com/track/3jssMLL2U7hYZ9ZLrDmXcT,introspective poignant somber
Interrogation,Sheridan Tongue,Nordic Noir 2,2018-07-20,5r1ScTH0ycJmvrVNJCH5o8,https://open.spotify.com/track/5r1ScTH0ycJmvrVNJCH5o8,introspective poignant somber
Introverted Sensing (Hibiya),TOMC,Music for the Ninth Silence,2022-01-07,6H4anPCi9C4Sg9phU0K1B8,https://open.spotify.com/track/6H4anPCi9C4Sg9phU0K1B8,introspective poignant somber
Emotional Ambient Soundscape,Allen Grey,Soundscape Collection,2020-12-09,2XarRud2KKSBm4k7xDWREP,https://open.spotify.com/track/2XarRud2KKSBm4k7xDWREP,introspective poignant somber
Intro,Iketa,Fragments,2011-11-22,6Ql88eywpI4WzhBqoxxDPU,https://open.spotify.com/track/6Ql88eywpI4WzhBqoxxDPU,introspective poignant somber
Incessant,Sonja Tofik,Anomi,2020-10-30,1SC0e8WZHfd2MjNWik8qFn,https://open.spotify.com/track/1SC0e8WZHfd2MjNWik8qFn,introspective poignant somber
Insiding,Emotional Music,Beyond,2020-12-04,5keSSSbifZLrfUUgMsB0CG,https://open.spotify.com/track/5keSSSbifZLrfUUgMsB0CG,introspective poignant somber
INTRO II,Snts,SCENE I,2014-04-03,7ojRrtw7jjvdkE5Yw5L867,https://open.spotify.com/track/7ojRrtw7jjvdkE5Yw5L867,introspective poignant somber
Intro,Twins In Mind,Sad In Joy,2012,2NP3lAd2vKyX7DdyCAchdX,https://open.spotify.com/track/2NP3lAd2vKyX7DdyCAchdX,introspective poignant somber
Instrumental,Morten Myklebust,Break Up,2019-09-06,3TW2QcwZjDuMRyjRN1QtIT,https://open.spotify.com/track/3TW2QcwZjDuMRyjRN1QtIT,introspective poignant somber
Instrumental Background Ambience,Panderer Mersu,12 Sad Piano Moods: Saddest Emotional Instrumental Background Ambience for Letting Go,2020-08-24,458qVm52fVY7CZi29pPzRV,https://open.spotify.com/track/458qVm52fVY7CZi29pPzRV,introspective poignant somber
Introspective Spirit,Cloud 9 Tribe,The Tribe (Soundtrack from the TV Series) [Vol. 2],1998,6TY0gsPb2Np2VG6h1VULgu,https://open.spotify.com/track/6TY0gsPb2Np2VG6h1VULgu,introspective poignant somber
Introspection,Jacob Hall,Introspection,2024-03-01,0YR0dV40vhyOqew1yqMJ2P,https://open.spotify.com/track/0YR0dV40vhyOqew1yqMJ2P,introspective poignant somber
Intrinio,Amar,Intrinio,2021-10-22,3DjU0cUAehZEuV0w6FsHvh,https://open.spotify.com/track/3DjU0cUAehZEuV0w6FsHvh,introspective poignant somber
Introspection,Justin Clark,Permanent Transience,2014-08-29,5PD0N3mV6VXl65MQ8zFixP,https://open.spotify.com/track/5PD0N3mV6VXl65MQ8zFixP,introspective poignant somber
Introspección (Penumbra),Pablo Peláez,Gotas Del Tiempo (Time Drops),2007-09-01,6BQYWi2aJc84PaZsLbFNbB,https://open.spotify.com/track/6BQYWi2aJc84PaZsLbFNbB,introspective poignant somber
Sweetest Sorrow,Inspired,Intriguing Ensembles,2018-07-04,35NbbslKE2oLH2uUQyopDu,https://open.spotify.com/track/35NbbslKE2oLH2uUQyopDu,introspective poignant somber
Sad Ambient LoFi,LO-FI BEATS,"!!!"" Relaxing Cafe Beats ""!!!",2022-09-22,5RLXT12q80NaFq2uqmhLik,https://open.spotify.com/track/5RLXT12q80NaFq2uqmhLik,introspective poignant somber
Inspiring Emotional Piano,Mango Audio,Inspiring Emotional Piano,2022-03-05,0UyYuUk6ybpEGoISouE6oU,https://open.spotify.com/track/0UyYuUk6ybpEGoISouE6oU,introspective poignant somber
Introspective Therapy,ConcentrationMusic,Concentration Music,2020-06-14,4ffMBjAMeX7NFOxNHnEJto,https://open.spotify.com/track/4ffMBjAMeX7NFOxNHnEJto,introspective poignant somber
Consolation - Ambient Sleep Edit,Atmospheric Lights,Consolation,2022-07-29,7MU8T269RF6sUcHVdwx8lb,https://open.spotify.com/track/7MU8T269RF6sUcHVdwx8lb,introspective poignant somber
Introspective,Christopher J. Richardson,Introspective,2022-02-11,12KOPmEhKdXWwe8WSgwtBy,https://open.spotify.com/track/12KOPmEhKdXWwe8WSgwtBy,introspective poignant somber
Interlude 2,ITSU,Requiem,2020-07-03,0Wisw6SDHko42k7Qkc01uG,https://open.spotify.com/track/0Wisw6SDHko42k7Qkc01uG,introspective poignant somber
Interlude,Llimbs,Descending Void,2020-10-19,0QXHxTsuRwl07kriAc8q7W,https://open.spotify.com/track/0QXHxTsuRwl07kriAc8q7W,introspective poignant somber
Namaste - An Echo of an Intrinsic Reflection,Reading and Study Music,The Deepest Channels of our Mind (Yesterday's Rain),2015-08-05,1UPvpCTZwKCJuSqFSik9Zy,https://open.spotify.com/track/1UPvpCTZwKCJuSqFSik9Zy,introspective poignant somber
Into Spring,Jeff Pearce,Into Spring,2012-03-22,62BjVZjhEWyfoLA1techYY,https://open.spotify.com/track/62BjVZjhEWyfoLA1techYY,introspective poignant somber
Epic Background Cinematic,Kornev Music,Inspiring Emotional Adventure,2022-08-25,1FxnqWliciYxdQl40aVfuV,https://open.spotify.com/track/1FxnqWliciYxdQl40aVfuV,introspective poignant somber
Interlude,YORK,Traveller,2016-07-08,0sIDNHHDaQVRqgQAFEdMW0,https://open.spotify.com/track/0sIDNHHDaQVRqgQAFEdMW0,introspective poignant somber
Introspection (WYM448),sollos,Wake Your Mind Radio 448,2022-11-07,6d7fprEflmQcxMaueVZu5d,https://open.spotify.com/track/6d7fprEflmQcxMaueVZu5d,introspective poignant somber
Emotional Intimate,Library Of The Human Soul,Dramatic (Intimate Edition),2016-01-10,6ObASmeUVEQ8TdT8l2RvZp,https://open.spotify.com/track/6ObASmeUVEQ8TdT8l2RvZp,introspective poignant somber
Interlude pour dépressifs,Melodium,La tête qui flotte & Music for Invisible People,2022-11-14,6ICCEkk507hw0jhtxa722y,https://open.spotify.com/track/6ICCEkk507hw0jhtxa722y,introspective poignant somber
Atmospheric Piano,Ambient Space,Atmospheric Piano,2021-05-06,2cZh7UbhcLF7pADKRkd67a,https://open.spotify.com/track/2cZh7UbhcLF7pADKRkd67a,introspective poignant somber
Intro,NIEMI,Spiraalit / Spirals,2020-02-05,58tPLc6bY3dVho71KCOeTZ,https://open.spotify.com/track/58tPLc6bY3dVho71KCOeTZ,introspective poignant somber
Piano Stillness,Ambient Space,Atmospheric Piano,2021-05-06,0dYEIqJyGz7Jvq5oKcCKq4,https://open.spotify.com/track/0dYEIqJyGz7Jvq5oKcCKq4,introspective poignant somber
Sad Piano,Oceanic Piano,Sentimental Journey,2015-06-19,1FLJN4vsECt8k2G0TeZq5j,https://open.spotify.com/track/1FLJN4vsECt8k2G0TeZq5j,introspective poignant somber
Prélude - Instrumental,Magoyond,Necropolis,2022-10-28,0C9NjzDIViP4dldw3qjtsr,https://open.spotify.com/track/0C9NjzDIViP4dldw3qjtsr,introspective poignant somber
Ambient Dreaming,Relax Music for Positive Thinking,Relax Music for Positive Thinking,2015-10-14,2IxFgcdDMOkBYAl2E7Tt62,https://open.spotify.com/track/2IxFgcdDMOkBYAl2E7Tt62,introspective poignant somber
Intro,Thomas Almqvist,Rewind,1995-01-01,5z81CukyozyiYps9KrcCsv,https://open.spotify.com/track/5z81CukyozyiYps9KrcCsv,introspective poignant somber
Ephemeral Light,Inspired,Intriguing Ensembles,2018-07-04,4ZDsL1fm0ejA9OeYsKNqOy,https://open.spotify.com/track/4ZDsL1fm0ejA9OeYsKNqOy,introspective poignant somber
Peaceful Introspection,Solara Dawn,Gentle Eastern Drones,2020-06-26,7DqLPOsyAlWPIqwLJlWifz,https://open.spotify.com/track/7DqLPOsyAlWPIqwLJlWifz,introspective poignant somber
Place for Introspection,Piano Music for Work,Calming Piano Hits to Bring You Divine Relaxation,2023-07-30,1dvGx4nCbCK1iVmvWlTSHC,https://open.spotify.com/track/1dvGx4nCbCK1iVmvWlTSHC,introspective poignant somber
Introspection,Distorted Visions,Born Dead,2020-03-05,12nJcG5nYXLNOvjmSfjps0,https://open.spotify.com/track/12nJcG5nYXLNOvjmSfjps0,introspective poignant somber
Sad and Dramatic Emotional Piano,DOMANSED,Sad and Dramatic Emotional Piano,2022-10-14,6IdaZhBAjKsVmHgpY7IEAG,https://open.spotify.com/track/6IdaZhBAjKsVmHgpY7IEAG,introspective poignant somber
Reflexion Time,Incidental Music,"Tv Series Music, Vol. 4",2019-05-03,2uTUxy7xReD0KWmvKqJbei,https://open.spotify.com/track/2uTUxy7xReD0KWmvKqJbei,introspective poignant somber
Interlude,Geoffrey Le Goaziou,Somewhere Quiet,2022-04-22,6B37wi67w1AvIOHBB9wOTj,https://open.spotify.com/track/6B37wi67w1AvIOHBB9wOTj,introspective poignant somber
Sad Emotional Piano Instrumental In F Minor,Tom Bailey Backing Tracks,"Orchestral Strings Backing Tracks, Vol. 1",2018-01-01,7aA7Bl7z5UypRqm8bnekEg,https://open.spotify.com/track/7aA7Bl7z5UypRqm8bnekEg,introspective poignant somber
instrumental 4,casper's pishogue,2021,2021-12-31,1CPCBQOXFQOzQlrtgPEYur,https://open.spotify.com/track/1CPCBQOXFQOzQlrtgPEYur,introspective poignant somber
Piano Focus,Ambient Space,Focus Mode,2021-05-12,0RC4nWSwKj2aFg3GlhUrRh,https://open.spotify.com/track/0RC4nWSwKj2aFg3GlhUrRh,introspective poignant somber
Introspect - Ennja Remix,SINNF,Introspect / Ghoul,2018-06-04,1aw7fRw4iE9eCn2NOK7cOW,https://open.spotify.com/track/1aw7fRw4iE9eCn2NOK7cOW,introspective poignant somber
Tempestas - Instrumental,Solwein,Omnia Vincit Amor,2019-09-23,6yBOZbVvvNyeGk25CgFveN,https://open.spotify.com/track/6yBOZbVvvNyeGk25CgFveN,introspective poignant somber
Emotional Sad Background,makesound music,Emotional Romantic Wedding Piano,2022-10-04,2JV88AwTowc82ExlbeZicV,https://open.spotify.com/track/2JV88AwTowc82ExlbeZicV,introspective poignant somber
Deserting Melancholy,Spectral Sevenths,"Sunrise Immersions (A collection of New Age, Ambient, Easy Listening and Classical for Meditation and Relaxation)",2016-01-06,0dgz5YLLi2riiur0C2uIHN,https://open.spotify.com/track/0dgz5YLLi2riiur0C2uIHN,introspective poignant somber
Introspection,Gedeøn,Introspection (PCR006),2015-02-23,6Pk6wLDlBlxQks4ncWbHxV,https://open.spotify.com/track/6Pk6wLDlBlxQks4ncWbHxV,introspective poignant somber
Intro,SEMDÓ,Noir,2019,15ZMrrjJFsYldEKULw7XNz,https://open.spotify.com/track/15ZMrrjJFsYldEKULw7XNz,introspective poignant somber
Ephemeral Light,Inspired,Intriguing Ensembles,2018-07-04,4ZDsL1fm0ejA9OeYsKNqOy,https://open.spotify.com/track/4ZDsL1fm0ejA9OeYsKNqOy,introspective poignant somber
Introspection,Sleepy Guitars,A Sleepy Nylon Guitar,2022-07-22,4wQUTJhRcwKrupF3nJs6PG,https://open.spotify.com/track/4wQUTJhRcwKrupF3nJs6PG,introspective poignant somber
Ambient Sleep Sounds,RW Piano Lullabies,"Calm Piano Lullabies – Soothing Instrumental Background Music for Deep Sleep, Baby Bedtime Songs, Relaxing Ambience, Infant Massage, Flute, Guitar",2019-10-30,35iPENM9jp1sylKNfR1u9k,https://open.spotify.com/track/35iPENM9jp1sylKNfR1u9k,introspective poignant somber
Melancholic Piano Music,Panderer Mersu,12 Sad Piano Moods: Saddest Emotional Instrumental Background Ambience for Letting Go,2020-08-24,39GRaVk4tkhUrfVD1Tw8PL,https://open.spotify.com/track/39GRaVk4tkhUrfVD1Tw8PL,introspective poignant somber
Reflection,Ambient,Ambient Retreat,2015-12-27,7dNNWeeh0BrQqwqjLIADPL,https://open.spotify.com/track/7dNNWeeh0BrQqwqjLIADPL,introspective poignant somber
Sadness and Sorrow,Luminous North,Soundtracks for Stories Not Yet Written: Piano Music for Creative Writing and Reflection,2019-06-06,07av406IFnjwE2IBrNyjzZ,https://open.spotify.com/track/07av406IFnjwE2IBrNyjzZ,introspective poignant somber
Instrumental,Graumahd,Cheru,2006,7JDb3doW7pE5kFXNKiTKka,https://open.spotify.com/track/7JDb3doW7pE5kFXNKiTKka,introspective poignant somber
Melancholy,Sad Piano,Peaceful Sleep Bedtime Piano Music,2019-06-14,5Qkq4Qqq7Gye5bHJDyjd4r,https://open.spotify.com/track/5Qkq4Qqq7Gye5bHJDyjd4r,introspective poignant somber
Interlude,Tender Central,The Garden,2021-01-22,3KwhslILVmYsdSzcvb9ITy,https://open.spotify.com/track/3KwhslILVmYsdSzcvb9ITy,introspective poignant somber
Sleepwalk - Instrumental,Sentient,Salt + Light (Instrumental),2022-02-11,1GoToHybZ2yvEMYKZa2n83,https://open.spotify.com/track/1GoToHybZ2yvEMYKZa2n83,introspective poignant somber
Introduction,Jay-Jay Johanson,La Confusion Des Genres,2000-11-06,277WQiMbYRbOAtv1tI6GWC,https://open.spotify.com/track/277WQiMbYRbOAtv1tI6GWC,introspective poignant somber
Interlude,Dudal,Can you say it again,2021-08-13,2883of4XoB74ucwTurVdt0,https://open.spotify.com/track/2883of4XoB74ucwTurVdt0,introspective poignant somber
Interlude,Sage,Sage,2016-03-11,08LDzkQQV0cZf4XiquNVSj,https://open.spotify.com/track/08LDzkQQV0cZf4XiquNVSj,introspective poignant somber
Introduction,Tribe Of Circle,The Advent of Redemption,2001,036GywMSC3rSy4thtPdVbq,https://open.spotify.com/track/036GywMSC3rSy4thtPdVbq,introspective poignant somber
Instrumental Hollowcoast,Tristitia,The Last Grief,2022-10-07,6c3qfMgv0RrJALyeliBmg5,https://open.spotify.com/track/6c3qfMgv0RrJALyeliBmg5,introspective poignant somber
Introspection,Cosmaks,"Le café abstrait by Raphaël Marionneau, Vol. 14",2021-03-19,6y7uoZo2cqN7tf2HGjQUkc,https://open.spotify.com/track/6y7uoZo2cqN7tf2HGjQUkc,introspective poignant somber
Piano Ambient,Sound Gallery by Dmitry Taras,Piano Ambient,2021-05-13,1GZ6ee1tBPcSjryi5sYToP,https://open.spotify.com/track/1GZ6ee1tBPcSjryi5sYToP,introspective poignant somber
Piano Instrumental,Música de Fondo Colección,Piano Melancólico para Videos Tristes,2021-02-03,58JImX2KL8xNjs81qJkEsI,https://open.spotify.com/track/58JImX2KL8xNjs81qJkEsI,introspective poignant somber
Namaste - An Echo of an Intrinsic Reflection,Reading and Study Music,The Deepest Channels of our Mind (Yesterday's Rain),2015-08-05,3EvOn2yuTAT0Q6lxlw21HW,https://open.spotify.com/track/3EvOn2yuTAT0Q6lxlw21HW,introspective poignant somber
Introspective - Spa,Atmospheric Lights,Introspective,2021-10-15,0toLubTQ18k0KaZjr7mxnw,https://open.spotify.com/track/0toLubTQ18k0KaZjr7mxnw,introspective poignant somber
Introspection,Emiliano Branda,Gandalf,2009-08-29,3auMfNywPIV20Ezc31t8Pz,https://open.spotify.com/track/3auMfNywPIV20Ezc31t8Pz,introspective poignant somber
Intro,A Bit Member Of The World,Melancholic,2020-09-22,1ohQrIVzE1HntMlbP7tbiP,https://open.spotify.com/track/1ohQrIVzE1HntMlbP7tbiP,introspective poignant somber
"Piano Interlude, No. 2",Cédric Dind-Lavoie,88,2018-11-23,3DtJ38tg9ZpCguMzdIV4zG,https://open.spotify.com/track/3DtJ38tg9ZpCguMzdIV4zG,introspective poignant somber
Dreamy Piano,Ambient Space,Atmospheric Piano,2021-05-06,3B2EBrfVrE6MHaugsEqHfJ,https://open.spotify.com/track/3B2EBrfVrE6MHaugsEqHfJ,introspective poignant somber
Melancholia (Sad Instrumental Music),Ayurveda Gewürze,Traurige Musik: Traurige Lieder und Klaviermusik,2012-03-11,03FNmDhgEthpz5PXZO6JDd,https://open.spotify.com/track/03FNmDhgEthpz5PXZO6JDd,introspective poignant somber
Instruction,Vincent de Carsenti,Initiation Meditative Music the Piano,2018-04-22,4W1NCZMpVM0PpwP5OfVB5L,https://open.spotify.com/track/4W1NCZMpVM0PpwP5OfVB5L,introspective poignant somber
Ambient Chill,Soft Jazz,"Mellow Jazz Morning - Spring Jazz Music, Calm Jazz, Slow & Sentimental Jazz Music, Easy Listening Jazz, Coffee Time",2020-05-05,1yMc2jFNx5DPXvQdJ5tMw5,https://open.spotify.com/track/1yMc2jFNx5DPXvQdJ5tMw5,introspective poignant somber
Melancholic Sad Piano,Oleg Kirilkov,Sad Piano,2022-04-28,5u7J1Nh3Kwy0DeGiU2lYx8,https://open.spotify.com/track/5u7J1Nh3Kwy0DeGiU2lYx8,introspective poignant somber
Sleep Piano Ambience,Ambient Space,Atmospheric Piano,2021-05-06,55cp4rRDe08UlKvoyxpeU3,https://open.spotify.com/track/55cp4rRDe08UlKvoyxpeU3,introspective poignant somber
Interlude,audiodefectwave,Strings/Keys,2020-04-18,5u34HjMZPtOikwPbnF8qbZ,https://open.spotify.com/track/5u34HjMZPtOikwPbnF8qbZ,introspective poignant somber
Intro,Violoncheloops,Canciones para un Viaje Sin Regreso,2018-09-07,46Ae08bfWGvyKfUyNvgOf7,https://open.spotify.com/track/46Ae08bfWGvyKfUyNvgOf7,introspective poignant somber
Intro,Lisa Cuthbert,Elements I,2021-08-13,06Q858rDw3dgGVEHeF6QO6,https://open.spotify.com/track/06Q858rDw3dgGVEHeF6QO6,introspective poignant somber
Interlude,Count Niente,Time's Shadow Companion,2020-06-15,0CX7QqI5Q5kuC1EpWqkKTT,https://open.spotify.com/track/0CX7QqI5Q5kuC1EpWqkKTT,introspective poignant somber
Namaste - An Echo of an Intrinsic Reflection,Reading and Study Music,The Deepest Channels of our Mind (Yesterday's Rain),2015-08-05,2t7ueCAWm1pQ8ld3aZ7cFU,https://open.spotify.com/track/2t7ueCAWm1pQ8ld3aZ7cFU,introspective poignant somber
"An Introspective Sojourn, Pt. 1",Millivolt,Philosofiction,2017-11-20,0q3RXheSBFPvV3BGpHAa4A,https://open.spotify.com/track/0q3RXheSBFPvV3BGpHAa4A,introspective poignant somber
Introspective Therapy,Nice Music,Nice Music,2020-06-08,4bP4p2uEXOTDTFnOUwABDa,https://open.spotify.com/track/4bP4p2uEXOTDTFnOUwABDa,introspective poignant somber
Dramatic Epic Intro,makesound music,Epic Dramatic Adventure,2022-09-23,6sdZbPR7YYv6P8zDLGrbFN,https://open.spotify.com/track/6sdZbPR7YYv6P8zDLGrbFN,introspective poignant somber
Interlude n64,Linton,Dimension,2020-02-10,6HaKuvLBmrnHdWpFlYn8G2,https://open.spotify.com/track/6HaKuvLBmrnHdWpFlYn8G2,introspective poignant somber
Introspective Therapy,Alpha Music,Alpha Music,2020-06-11,0BwHWNoTiesEvaimKgKWcp,https://open.spotify.com/track/0BwHWNoTiesEvaimKgKWcp,introspective poignant somber
Melancólico Noturno para Dormir,Musica Instrumental Bonita,Musicas Melancólicas,2022-09-05,4Eu5XWGQtWazNi45wXDONB,https://open.spotify.com/track/4Eu5XWGQtWazNi45wXDONB,introspective poignant somber
Introspección,Ambassador,Insatisfacción,2022-04-11,7laJLugXAq2hVx6nvQ5RVM,https://open.spotify.com/track/7laJLugXAq2hVx6nvQ5RVM,introspective poignant somber
Piano Reflection,Elton Jerome Lodewyk,Piano Reflections: Cinematic Soulful Piano,2015-11-25,3xuptVh9w3bkUGWV2eyD5B,https://open.spotify.com/track/3xuptVh9w3bkUGWV2eyD5B,introspective poignant somber
Relaxing Ambient Music,Soothing Chill Out for Insomnia,"Relaxing Melodies for Children - Favorites Instrumental Piano Music for Sleep, Lullabies, Baby Music, Nursery Rhymes, Baby Sleep Training, Baby Relax",2015-05-26,7ihtXcj2LCfubq6Fz8M85s,https://open.spotify.com/track/7ihtXcj2LCfubq6Fz8M85s,introspective poignant somber
Introspección,Alejandro Ávila,Alas de Colibrí,2019-03-22,69OrBh0UHZ4mDLM232q5Lf,https://open.spotify.com/track/69OrBh0UHZ4mDLM232q5Lf,introspective poignant somber
Peaceful Quiet at Last,Piano Music for Work,50 Ambient Piano Classics for Sleep,2022-07-26,5KDIAcJPh2yTxPgHE3hnQs,https://open.spotify.com/track/5KDIAcJPh2yTxPgHE3hnQs,introspective poignant somber
Namaste - An Echo of an Intrinsic Reflection,Reading and Study Music,Najgłębsze kanały naszego umysłu (Wczorajszy deszcz),2016-03-09,1tLnrarl1qrjfx1U60jGcm,https://open.spotify.com/track/1tLnrarl1qrjfx1U60jGcm,introspective poignant somber
Sunset Piano,Ambient Space,Atmospheric Piano,2021-05-06,4ZC2pejTNlNullnOGUGiI2,https://open.spotify.com/track/4ZC2pejTNlNullnOGUGiI2,introspective poignant somber
Uncertain Memory,Inspired,Intriguing Ensembles,2018-07-04,7m9PAPLdZH4Yz5mSiYuxb1,https://open.spotify.com/track/7m9PAPLdZH4Yz5mSiYuxb1,introspective poignant somber
pianintro,negri,mi formante,2020-04-24,1tRK3C6Dhmqt8A4tuIktE3,https://open.spotify.com/track/1tRK3C6Dhmqt8A4tuIktE3,introspective poignant somber
Touch,Ambient Space,Atmospheric Piano,2021-05-06,6LhmbHkEJjyuudBgbTQjPY,https://open.spotify.com/track/6LhmbHkEJjyuudBgbTQjPY,introspective poignant somber
Interlude,Unstabile,Glimmers,2020-03-27,2B9kU4wtTOonKcSBCsH869,https://open.spotify.com/track/2B9kU4wtTOonKcSBCsH869,introspective poignant somber
Moody Pianoforte,Piano Shades,Piano Chillout – Best Chillout Relax Piano Songs Collection & Piano Lounge Music with Chill Sound,2014-03-13,7qnsPQpeDsljw6uRZvbLxg,https://open.spotify.com/track/7qnsPQpeDsljw6uRZvbLxg,introspective poignant somber
Melancholy,Daniel Liam Glyn,Changing Stations,2016-10-28,3pVHLnrctYsrrhYi2IZAbg,https://open.spotify.com/track/3pVHLnrctYsrrhYi2IZAbg,introspective poignant somber
Wandering,Ambient Space,Atmospheric Piano,2021-05-06,2WorTxE2plv9rrB7I6LVxO,https://open.spotify.com/track/2WorTxE2plv9rrB7I6LVxO,introspective poignant somber
Introspective Therapy,Alpha Music,Alpha Music,2020-06-11,0BwHWNoTiesEvaimKgKWcp,https://open.spotify.com/track/0BwHWNoTiesEvaimKgKWcp,introspective poignant somber
Sunset Piano,Ambient Space,Atmospheric Piano,2021-05-06,4ZC2pejTNlNullnOGUGiI2,https://open.spotify.com/track/4ZC2pejTNlNullnOGUGiI2,introspective poignant somber
