track_name,artist_name,album_name,release_date,track_id,spotify_url,mood_keywords
Emotional Ambient Sounds for Introspective Moments,Shiroishi,Quiet Piano Music for Introspective Evenings,2025-09-12,6Uib5vh2V6cDbl0c2YFgfz,https://open.spotify.com/track/6Uib5vh2V6cDbl0c2YFgfz,introspective pensive urban
"Urban Jazzscape, Pt. 24",Soft Jazz Background Music,"Background Jazz, Continuous",2024-03-28,4z2RlF6CG1uu9axxPN2aFC,https://open.spotify.com/track/4z2RlF6CG1uu9axxPN2aFC,introspective pensive urban
Introspection - Edit,Laraaji,Introspection (Edit),2017-07-19,4SqfCU4jNDOqP8qKcSpMU9,https://open.spotify.com/track/4SqfCU4jNDOqP8qKcSpMU9,introspective pensive urban
introspection,tomcbumpz,Melodic Nostalgic,2021-01-22,1yd3FIob1WtM7fRbqwFLaw,https://open.spotify.com/track/1yd3FIob1WtM7fRbqwFLaw,introspective pensive urban
Intersect,Interiors,Blur,2018-04-20,36ncvxUSmtsg5y7kizXMFV,https://open.spotify.com/track/36ncvxUSmtsg5y7kizXMFV,introspective pensive urban
Introspection,Estas Tonne,"Anthology, Vol. I & Vol. II (Live)",2021-06-18,5IZvAmEfPNaVOTkubNVr84,https://open.spotify.com/track/5IZvAmEfPNaVOTkubNVr84,introspective pensive urban
Introspective,Phlox Sage,Introspective,2023-05-02,7d1CXUTMlMxmBWz3Mwsdvk,https://open.spotify.com/track/7d1CXUTMlMxmBWz3Mwsdvk,introspective pensive urban
Urban Snow,Hiroshi Yoshimura,Music for Nine Post Cards,2017-11-03,2mlGIlO5XtCJu2eVT0142K,https://open.spotify.com/track/2mlGIlO5XtCJu2eVT0142K,introspective pensive urban
Introspection,Hoenix,Introspection,2019-02-01,1NfwcxpcT9c4AA09KtabBb,https://open.spotify.com/track/1NfwcxpcT9c4AA09KtabBb,introspective pensive urban
Urbanized,Jazz Fruits Music,Nomad,2022-11-11,6vDPSj2EggLUxIwV7VBcMU,https://open.spotify.com/track/6vDPSj2EggLUxIwV7VBcMU,introspective pensive urban
Introspection,Grisp,Living at the Window Seat,2024-04-30,7FcodCER1D5UO5QKAIoHfF,https://open.spotify.com/track/7FcodCER1D5UO5QKAIoHfF,introspective pensive urban
Introspection,Yan Springett,Introspection,2022-11-04,7CQoXp03YJAgvkhQZA7nxq,https://open.spotify.com/track/7CQoXp03YJAgvkhQZA7nxq,introspective pensive urban
Ambient Nightfall,Intrinsic Flow,Melodic Dreams,2024-03-02,3tUyyWap70ty7STmxtMUkX,https://open.spotify.com/track/3tUyyWap70ty7STmxtMUkX,introspective pensive urban
Intro,Spaze Windu,Escapism,2018-04-20,0P14gQszav1sOGYzVKoLO5,https://open.spotify.com/track/0P14gQszav1sOGYzVKoLO5,introspective pensive urban
Introspective,LAAKE,Introspective,2017-06-15,3LU41qIkh4lND6PM4W8jHw,https://open.spotify.com/track/3LU41qIkh4lND6PM4W8jHw,introspective pensive urban
A Morning of Introspection,Anaamaly,Geometric Moods (432 Hz),2021-09-12,3WdzCs9Tnht8FMx7nDcylI,https://open.spotify.com/track/3WdzCs9Tnht8FMx7nDcylI,introspective pensive urban
Introspect,squeeda,Golden Hour,2024-03-04,7JuPWoPuJPPXMJFdT8aOFt,https://open.spotify.com/track/7JuPWoPuJPPXMJFdT8aOFt,introspective pensive urban
Introspection,Josh Teed,The Journey East,2021-07-16,2WHojfp7UIs2UgoYsTcSJ8,https://open.spotify.com/track/2WHojfp7UIs2UgoYsTcSJ8,introspective pensive urban
Introspective,Gabriel Lewis,In the Old Country,2017-08-18,2XkGoCKEhC122xCz8Is8h5,https://open.spotify.com/track/2XkGoCKEhC122xCz8Is8h5,introspective pensive urban
Intro,Ishmael Ensemble,Visions of Light,2021-08-06,3MRqAJ39RNoTWANeMcLwwW,https://open.spotify.com/track/3MRqAJ39RNoTWANeMcLwwW,introspective pensive urban
Urbane Calm Tastes,Happy Instrumental Jazz,Echoes of Every Space,2022-11-12,3tABGmI6SfPamYv6BkdV91,https://open.spotify.com/track/3tABGmI6SfPamYv6BkdV91,introspective pensive urban
Introspection,Horror City,Supa Vill'n (Deluxe Edition),2019-05-03,4qSLpf1Qu8tPDz69hiNcqW,https://open.spotify.com/track/4qSLpf1Qu8tPDz69hiNcqW,introspective pensive urban
Urban Soundscapes,ricknoleon perez,Midnight LoFi Melodies Vol. 3,2024-07-31,6yN3pvbEPDlCReuDGTjkyh,https://open.spotify.com/track/6yN3pvbEPDlCReuDGTjkyh,introspective pensive urban
Introspective,Quiet Quest,Ambient Study Music,2023-08-13,4LA7drvhn21ciWBYP1kPKC,https://open.spotify.com/track/4LA7drvhn21ciWBYP1kPKC,introspective pensive urban
Introspection,Steven C,"The Ultimate Zen, Meditation & Spa Music",2020-03-05,4PqmySEyGYdgP0Vl3FmSFn,https://open.spotify.com/track/4PqmySEyGYdgP0Vl3FmSFn,introspective pensive urban
Introspection,One Decade,Introspection,2018-08-10,00UoA1HzNLg99txTVvVyen,https://open.spotify.com/track/00UoA1HzNLg99txTVvVyen,introspective pensive urban
Introspective,Laugabeats,Introspective,2023-03-24,66ndiBDpIkAFXuuddhBYIh,https://open.spotify.com/track/66ndiBDpIkAFXuuddhBYIh,introspective pensive urban
Intro,hubris.,Apocryphal Gravity,2017-04-07,7d8OpyZtJ27AfNuQ47loVf,https://open.spotify.com/track/7d8OpyZtJ27AfNuQ47loVf,introspective pensive urban
Introvert - Original Mix,Aether,Introvert,2016-03-25,3g5KnMiStkc34AhYVvlRrD,https://open.spotify.com/track/3g5KnMiStkc34AhYVvlRrD,introspective pensive urban
Urban Canopy,L'Indécis,Plethoria,2017-05-31,6vQDwevxEsyBu0o6bsgoR1,https://open.spotify.com/track/6vQDwevxEsyBu0o6bsgoR1,introspective pensive urban
Ambient Corporate Inspiration,DensoMusic,Ambient Soft Corporate Collection,2022-04-25,51c9dDzSD2xngyJfDGyVW1,https://open.spotify.com/track/51c9dDzSD2xngyJfDGyVW1,introspective pensive urban
Instrospection,Jedi Dreams,Ambient Fragments V,2023-05-05,4b5SLU8xM8wHjkicykafGc,https://open.spotify.com/track/4b5SLU8xM8wHjkicykafGc,introspective pensive urban
Urban Style Music - 2017 Remaster,Lemon D,Urban Style Music / This Is L.A. (Remasters),2021-05-27,6a71tEtbJ5jK3qo4DaTBkj,https://open.spotify.com/track/6a71tEtbJ5jK3qo4DaTBkj,introspective pensive urban
Intrdctn.,Dabrye,Instrmntl,2002-07-02,3nxYcGhhfUdIlOAE0TLywV,https://open.spotify.com/track/3nxYcGhhfUdIlOAE0TLywV,introspective pensive urban
introspection,drmycat,"Lofi Sounds of Nature: Rain, Vol. 3",2025-10-27,5cmHNeqsuDQQRTCUy0BltY,https://open.spotify.com/track/5cmHNeqsuDQQRTCUy0BltY,introspective pensive urban
Ambient Glow,Intrinsic Flow,Echoes of Silence,2024-03-11,7B6QWM3K9Mmwy0hbwKqiZn,https://open.spotify.com/track/7B6QWM3K9Mmwy0hbwKqiZn,introspective pensive urban
Reflections,Intrinsic Flow,Echoes of Silence,2024-03-11,2j3WvrnzMKyj6UBkOofuge,https://open.spotify.com/track/2j3WvrnzMKyj6UBkOofuge,introspective pensive urban
Interpreting The Space,Ambient Architects (UK),"Ambient Vistas, Vol. 11",2025-05-14,1nl2jWHpiFCSLIpZhNcSxX,https://open.spotify.com/track/1nl2jWHpiFCSLIpZhNcSxX,introspective pensive urban
Introspection,Laraaji,Bring On The Sun,2017-09-22,3gBpYsMtPOZnBBej7lkBhW,https://open.spotify.com/track/3gBpYsMtPOZnBBej7lkBhW,introspective pensive urban
Prelude,Aaron Marshall,Noir Ambiance,2007-01-23,5JDJv3Szs22nOTXE5YRRf5,https://open.spotify.com/track/5JDJv3Szs22nOTXE5YRRf5,introspective pensive urban
Introspection,Dane Forrest,Building Castles,2014-08-19,5XJwudndjbaBuVo0qEEQof,https://open.spotify.com/track/5XJwudndjbaBuVo0qEEQof,introspective pensive urban
"Introspection Music for a Deep Meditative State, Pt. 40",Deep Meditation Lullabies,Relax Love,2022-12-10,2uGdikKgdqeUKTuzoQb5PP,https://open.spotify.com/track/2uGdikKgdqeUKTuzoQb5PP,introspective pensive urban
Self-Reflection - Soothing Sounds for Introspection,Self-Isolation Coffeehouse,Smooth Jazz for Self-Isolation,2020-04-17,2L7kwgJmK8yvn419yZtkSw,https://open.spotify.com/track/2L7kwgJmK8yvn419yZtkSw,introspective pensive urban
Introspective,Peaceful Violin,"Beautiful Violin & Ocean Waves, Instrumental Piano",2022-02-03,3XaepDF58dbArJKV2VGa7Y,https://open.spotify.com/track/3XaepDF58dbArJKV2VGa7Y,introspective pensive urban
Urban View,Etsu,Urban View,2022-08-05,4AccXZozR5ery8vmmIvDI0,https://open.spotify.com/track/4AccXZozR5ery8vmmIvDI0,introspective pensive urban
Introspection,Spa,"Relaxing Music with Thunderstorms for Spa Music, Massage Therapy, Yoga Music, Sleeping Music, Meditation Music, Studying Music and the Best Guitar Music for Sleeping and Nature Sounds Music for Spa",2017-03-28,0Dkfelm9RGpXDtEqxCaS4D,https://open.spotify.com/track/0Dkfelm9RGpXDtEqxCaS4D,introspective pensive urban
Introspection,Dream Sounds,"Dream Sounds, Vol. 4",2022-03-28,1jbISX828xDJQSVf4MrAps,https://open.spotify.com/track/1jbISX828xDJQSVf4MrAps,introspective pensive urban
Urban Lullaby,Radio Lofi,Echoes of Silence,2023-12-21,5vtsR4HGahW0NuijRgivkR,https://open.spotify.com/track/5vtsR4HGahW0NuijRgivkR,introspective pensive urban
Depict,Interiors,Blur,2018-04-20,5TYGXokAy5e08zRI7qakd1,https://open.spotify.com/track/5TYGXokAy5e08zRI7qakd1,introspective pensive urban
Introspection #3,Eric Legnini,Hummingthiiird,2017-10-25,0gGRJaXLnFzB1kZnObpWKu,https://open.spotify.com/track/0gGRJaXLnFzB1kZnObpWKu,introspective pensive urban
Introspection,INFEKT,137 EP,2021-05-14,0hMwJkHvB3OaOtDau2KD5e,https://open.spotify.com/track/0hMwJkHvB3OaOtDau2KD5e,introspective pensive urban
Introspection #2,Eric Legnini,Hummingthiiird,2017-10-25,4pxGGQJua6A8eeZj0kVEuk,https://open.spotify.com/track/4pxGGQJua6A8eeZj0kVEuk,introspective pensive urban
Incipit - Nature Sounds Version,Infinite Reflections,Incipit,2023-04-07,3oYPFxZzS5054TZG5BZjvg,https://open.spotify.com/track/3oYPFxZzS5054TZG5BZjvg,introspective pensive urban
Introspection,Avith Ortega,Sinergy,2017-03-11,47Q5CABpsFCRfFFGfnNwiP,https://open.spotify.com/track/47Q5CABpsFCRfFFGfnNwiP,introspective pensive urban
Upbeat Background Ambient Chill,Maksym Tkhoryk,Chill Ambient,2022-06-07,3dFnkf5sEPqX57eMFWTKtV,https://open.spotify.com/track/3dFnkf5sEPqX57eMFWTKtV,introspective pensive urban
Motivational Ambient Corporate,Maksym Tkhoryk,Chill Ambient,2022-06-07,4Ve4Cowp8kHsLxkohNaDTL,https://open.spotify.com/track/4Ve4Cowp8kHsLxkohNaDTL,introspective pensive urban
Intro to Inspiration,Romansenykmusic,Intro to Inspiration,2023-05-10,0xspBcE8oHOzBhjTjkQ3NM,https://open.spotify.com/track/0xspBcE8oHOzBhjTjkQ3NM,introspective pensive urban
Introspection,Dan Gibson's Solitudes,Calm the Mind,2013-10-22,2s9XDRwPTUVFYUOPqNRAl5,https://open.spotify.com/track/2s9XDRwPTUVFYUOPqNRAl5,introspective pensive urban
Introspect,Joe Bongiorno,Somewhere Within - Solo Piano,2007-07-16,1hLPWOkehw3e2GtqKShTeG,https://open.spotify.com/track/1hLPWOkehw3e2GtqKShTeG,introspective pensive urban
Introspection,Le Promeneur,Errance,2024-09-25,0SqWdyi5pstTCWCvbEOFmj,https://open.spotify.com/track/0SqWdyi5pstTCWCvbEOFmj,introspective pensive urban
Introspection,Modern Headspace,"Lofi Instrumentals, Vol. 1",2022-02-18,5HyRhCOYcnctGYBDkh4OFE,https://open.spotify.com/track/5HyRhCOYcnctGYBDkh4OFE,introspective pensive urban
Intrinsic Ambient,Calm Music for Studying,Exam Tomorrow,2022-09-23,4jEMJUoDKbXdtv1V0jtQ19,https://open.spotify.com/track/4jEMJUoDKbXdtv1V0jtQ19,introspective pensive urban
Introspective Beats,Lo-Fi for Studying,Introspective Beats,2023-04-07,57gpvN4Piow9DKfX3a2Ort,https://open.spotify.com/track/57gpvN4Piow9DKfX3a2Ort,introspective pensive urban
Urban City Cafe,Instrumental Jazz Music Group,Quick Espresso (Jazz Music Cafe),2023-08-08,1XSzOVmuXp4mR7dCi2JWTl,https://open.spotify.com/track/1XSzOVmuXp4mR7dCi2JWTl,introspective pensive urban
Introspect (Bonus Beat),Dil Withers,DT002: Dil 'Blivers,2013-01-01,4gD39Yefp0BJ1PcI3iS4Un,https://open.spotify.com/track/4gD39Yefp0BJ1PcI3iS4Un,introspective pensive urban
Urban Sprawl,Louie Zong,Nod,2019-02-05,4tBqbJPVpjOBE1u00qkMmG,https://open.spotify.com/track/4tBqbJPVpjOBE1u00qkMmG,introspective pensive urban
Intrinsic,Homeomorphic,Intrinsic,2020-03-15,5abvwab4pm3CIKw3wf8jXe,https://open.spotify.com/track/5abvwab4pm3CIKw3wf8jXe,introspective pensive urban
Introspection (Solo Rework),Richard LaBrooy,Introspection (Solo Rework),2019-05-31,55pyHLsxKonDCpT4lpgVBd,https://open.spotify.com/track/55pyHLsxKonDCpT4lpgVBd,introspective pensive urban
Introspection,Soothe My Soul,Introspection,2024-05-15,4ElMnakrBImtuLAYs32hQg,https://open.spotify.com/track/4ElMnakrBImtuLAYs32hQg,introspective pensive urban
Introspection,Julián Aponte,Instrospective nights,2024-07-12,3xi8XhjZHCgxCZuRxA5dok,https://open.spotify.com/track/3xi8XhjZHCgxCZuRxA5dok,introspective pensive urban
Introspect,Michael Oakley,Introspect,2019-03-08,7oKUxSqOBSqzJwy4sRRS7o,https://open.spotify.com/track/7oKUxSqOBSqzJwy4sRRS7o,introspective pensive urban
Moon Valley (Ambient Introspection),Suzanne Doucet,Moon Valley (Ambient Introspection),2014-04-11,0AuC6j66fjBzcNjWViIlfr,https://open.spotify.com/track/0AuC6j66fjBzcNjWViIlfr,introspective pensive urban
Introspective Improvisations,Coffee Shop Vibes,Moonlight Confessions,2023-02-12,67jdX5GPgZkY7y2EYpewY4,https://open.spotify.com/track/67jdX5GPgZkY7y2EYpewY4,introspective pensive urban
Urban Density,Flitz&Suppe,"Expedition, Vol. 6 (Promenadologie)",2015-12-18,5LKpDmQyOx6FvlryZAky7W,https://open.spotify.com/track/5LKpDmQyOx6FvlryZAky7W,introspective pensive urban
Spiritual Introspection,The O'Neill Brothers Group,Meditation Music for Centering Yourself,2017-05-12,72O6WGsyBoVwWtQyQpEsOh,https://open.spotify.com/track/72O6WGsyBoVwWtQyQpEsOh,introspective pensive urban
IntroOooOo,Kidkanevil,Kidsuke,2012-11-02,1WkyffxXhh1oeOCFJLBX7y,https://open.spotify.com/track/1WkyffxXhh1oeOCFJLBX7y,introspective pensive urban
Ambient Minimal Corporate,DensoMusic,Ambient Corporate Background,2021-03-21,4J0Pf9H6mBoSjuAqN3y9Pl,https://open.spotify.com/track/4J0Pf9H6mBoSjuAqN3y9Pl,introspective pensive urban
Interlude,Evocativ,Awakening,2016-11-25,7c7RGFR6Z5wsqfQLNAEUMr,https://open.spotify.com/track/7c7RGFR6Z5wsqfQLNAEUMr,introspective pensive urban
Intro(spective) - Solo Piano Version,Fabio Gangi,Intro(spective),2022-10-28,7uEW1qbMIsSNUacdPfi64B,https://open.spotify.com/track/7uEW1qbMIsSNUacdPfi64B,introspective pensive urban
Ambient Emotional Cinematic,Romansenykmusic,Soft Cinematic Soundtracks,2020-03-19,3iRW391RwTm8QN9jSqjwmQ,https://open.spotify.com/track/3iRW391RwTm8QN9jSqjwmQ,introspective pensive urban
Expensive Urban,Instrumental Restaurant Jazz,Easy Instrumental Loungers,2025-02-10,5lqIVleG4OTCrNRb4rZxKr,https://open.spotify.com/track/5lqIVleG4OTCrNRb4rZxKr,introspective pensive urban
Intro 4.35 - Original Mix,Pensees,4.35,2016-02-07,7kUDkLFncHq98FBsaJ4tIm,https://open.spotify.com/track/7kUDkLFncHq98FBsaJ4tIm,introspective pensive urban
Urban Style,Hip Hop Beat Nation,Urban Style,2019-02-18,4TeOe15X4KLTel6VscMSjQ,https://open.spotify.com/track/4TeOe15X4KLTel6VscMSjQ,introspective pensive urban
Urban Skyline Flow,LO-FI BEATS,Lofi Hiphop Beats,2024-11-23,4763WVHKXfIiH8LjaDs0qh,https://open.spotify.com/track/4763WVHKXfIiH8LjaDs0qh,introspective pensive urban
Introspection,Ivy Ravenwood,Instrumental Harp Originals for Relaxing,2020-02-27,1WPupEboTnMQUODWBazvwl,https://open.spotify.com/track/1WPupEboTnMQUODWBazvwl,introspective pensive urban
Introspection,Mythos,Mythos,1998-02-08,5VieCvY4S3xVrhZ1f3UmTB,https://open.spotify.com/track/5VieCvY4S3xVrhZ1f3UmTB,introspective pensive urban
Reflection I,Intrusion,Intrusion / Reflection,2008-07-09,2rD1f87nJi5m4Ui86mSmZp,https://open.spotify.com/track/2rD1f87nJi5m4Ui86mSmZp,introspective pensive urban
Urban Solitude,Celeste Strawberry Jam,strawberry jams vol. 1,2023-02-17,5Bqa8Jg74RMNXliqJSY6t9,https://open.spotify.com/track/5Bqa8Jg74RMNXliqJSY6t9,introspective pensive urban
Urban Tales,Cafe Jazz Deluxe,Drip Melody: Cafe Jazz Background Music,2025-06-20,4YsSlCF6t3egfY8Tb088BI,https://open.spotify.com/track/4YsSlCF6t3egfY8Tb088BI,introspective pensive urban
Intrusion - Bonus Beat,Horror City,Supa Vill'n (Deluxe Edition),2019-05-03,4i433P0KifabVPpMYvUMVE,https://open.spotify.com/track/4i433P0KifabVPpMYvUMVE,introspective pensive urban
Introspection,Stan Forebee,Retrospection,2018-05-31,3WWEFCRdFADNs8FwwWiRKt,https://open.spotify.com/track/3WWEFCRdFADNs8FwwWiRKt,introspective pensive urban
Urban Beats,Dinner Jazz,Relaxing Reverie: Relaxing Jazz Mix,2025-06-27,0KTHYsAObcYjNIEVdNtx42,https://open.spotify.com/track/0KTHYsAObcYjNIEVdNtx42,introspective pensive urban
Soft Ambient Music for Thinking Alone,Shiroishi,Quiet Piano Music for Introspective Evenings,2025-09-12,5CTgj4xLBWMtg2MrBQFfQZ,https://open.spotify.com/track/5CTgj4xLBWMtg2MrBQFfQZ,introspective pensive urban
Intro - Instrumental,SonoTWS,Intro (Instrumental),2022-04-18,1kAF1izTwa0SgMNLSiGDpu,https://open.spotify.com/track/1kAF1izTwa0SgMNLSiGDpu,introspective pensive urban
Pensive,Quiet Quest,Ambient Study Music,2023-08-13,7nqLelPHIlT7tlO8OI4VDY,https://open.spotify.com/track/7nqLelPHIlT7tlO8OI4VDY,introspective pensive urban
Introspection,Franco Robert,Piano Spells III,2020-07-24,4JLvlBPNW8XgZaylk2zETV,https://open.spotify.com/track/4JLvlBPNW8XgZaylk2zETV,introspective pensive urban
Impressions,Ambient Endeavors,Impressions,2020-05-30,44Y021wfHO8PmefskFmhBR,https://open.spotify.com/track/44Y021wfHO8PmefskFmhBR,introspective pensive urban
Intrusiv - 2023 Remix,Intrusiv,Intrusiv (2023 Remix),2020-06-16,7Am12UEtOmvvvxnrcqmqKM,https://open.spotify.com/track/7Am12UEtOmvvvxnrcqmqKM,introspective pensive urban
Introspect,Jinsang,Transitions,2020-03-03,0n0t8HeaQKqyJEwtmu7Ulo,https://open.spotify.com/track/0n0t8HeaQKqyJEwtmu7Ulo,introspective pensive urban
Intro,Yaroslav Molochnyk,Intro,2021-11-05,5MtO7IFN3mmGpU8bRhQJMl,https://open.spotify.com/track/5MtO7IFN3mmGpU8bRhQJMl,introspective pensive urban
Urban Beats,Instrumental Jazz Music Ambient,Soulful Sips,2025-05-23,0Jrhia4WhPxMk8JbwyKIPp,https://open.spotify.com/track/0Jrhia4WhPxMk8JbwyKIPp,introspective pensive urban
Urban Jazz,Instrumental Jazz Music Ambient,Laid Back,2025-06-06,26ZENpuCRXIPiHXRIiyzmH,https://open.spotify.com/track/26ZENpuCRXIPiHXRIiyzmH,introspective pensive urban
Urban Lightshow,ERSATZ,In,2009-11-13,68nS2UHL8UutQ7wxljjaAR,https://open.spotify.com/track/68nS2UHL8UutQ7wxljjaAR,introspective pensive urban
Introspective,Atmospheric Lights,Introspective,2021-10-15,1zc6pqR9LH7K2oztW3pEUR,https://open.spotify.com/track/1zc6pqR9LH7K2oztW3pEUR,introspective pensive urban
Urbana,The American Dollar,Awake in the City,2012-03-24,1iEAcgL3VCSskydDs6lgxT,https://open.spotify.com/track/1iEAcgL3VCSskydDs6lgxT,introspective pensive urban
Urban Style,Hip Hop Beat Nation,Urban Style,2019-02-18,4TeOe15X4KLTel6VscMSjQ,https://open.spotify.com/track/4TeOe15X4KLTel6VscMSjQ,introspective pensive urban
Urban Skyline Flow,LO-FI BEATS,Lofi Hiphop Beats,2024-11-23,4763WVHKXfIiH8LjaDs0qh,https://open.spotify.com/track/4763WVHKXfIiH8LjaDs0qh,introspective pensive urban
Introspection,Mythos,Mythos,1998-02-08,5VieCvY4S3xVrhZ1f3UmTB,https://open.spotify.com/track/5VieCvY4S3xVrhZ1f3UmTB,introspective pensive urban
Urban Nightscapes,Nightmist Beats,Smooth Escape,2024-09-13,5vujUQ8peH2R7jig84HBg2,https://open.spotify.com/track/5vujUQ8peH2R7jig84HBg2,introspective pensive urban
Introspection,Mircea & Raul Vrajitoru,Inner Vision,2011-05-01,1D2ss2nyCowGbbYdSZuS1j,https://open.spotify.com/track/1D2ss2nyCowGbbYdSZuS1j,introspective pensive urban
urban living,Holland Patent Public Library,Songs to Fall Asleep At The Wheel To,2022-10-21,5S9xAGDqNTEwtzvYOhXJMP,https://open.spotify.com/track/5S9xAGDqNTEwtzvYOhXJMP,introspective pensive urban
Introspection #2,Eric Legnini Trio,Ballads,2017-10-26,7IREh9fsTQoO6QM2uBe0sg,https://open.spotify.com/track/7IREh9fsTQoO6QM2uBe0sg,introspective pensive urban
Intrusion - Bonus Beat,Horror City,Supa Vill'n (Deluxe Edition),2019-05-03,4i433P0KifabVPpMYvUMVE,https://open.spotify.com/track/4i433P0KifabVPpMYvUMVE,introspective pensive urban
Introspection,Stan Forebee,Retrospection,2018-05-31,3WWEFCRdFADNs8FwwWiRKt,https://open.spotify.com/track/3WWEFCRdFADNs8FwwWiRKt,introspective pensive urban
Interior Home by the Sea,Dean Hurley,Anthology Resource Vol. I: △△,2017-08-06,4f3v3w5Lksvrce2AIGBCh0,https://open.spotify.com/track/4f3v3w5Lksvrce2AIGBCh0,introspective pensive urban
Interlude - Instrumental,Math-Mic,100 Kg Guld Instrumentals,2020-06-25,74ObnCKKp2XrcESEVW1oal,https://open.spotify.com/track/74ObnCKKp2XrcESEVW1oal,introspective pensive urban
Urban Flow,Pjhasbeats,Urban Flow,2024-07-26,5dkSW777LKdN7uiTpqjwIW,https://open.spotify.com/track/5dkSW777LKdN7uiTpqjwIW,introspective pensive urban
Atmospheric Inspiring Piano,DS Productions,Atmospheric Inspiring Piano,2020-11-02,606lhKCyXEYsHgdoutrLxv,https://open.spotify.com/track/606lhKCyXEYsHgdoutrLxv,introspective pensive urban
Pensive,Quiet Quest,Ambient Study Music,2023-08-13,7nqLelPHIlT7tlO8OI4VDY,https://open.spotify.com/track/7nqLelPHIlT7tlO8OI4VDY,introspective pensive urban
Schlicht (Emotional Piano Instrumentals),Moesync,Silent Reflections (Emotional Piano Instrumentals),2024-12-23,4IRh0nxFly1ijOAe9FjkEx,https://open.spotify.com/track/4IRh0nxFly1ijOAe9FjkEx,introspective pensive urban
Urban Lounge,Instrumental Bossa Jazz Ambient,"Sweet Autumn Jazz: Morning Coffee Music & Bossa Nova Jazz, Calm Background Music for Relax, Study",2024-08-12,7rmuslQzyvsYVeqDvHJLeG,https://open.spotify.com/track/7rmuslQzyvsYVeqDvHJLeG,introspective pensive urban
Urban Nights,Instrumental Jazz Music Ambient,Laid Back,2025-06-06,7di3k18eWyL3wYRaFFgyyu,https://open.spotify.com/track/7di3k18eWyL3wYRaFFgyyu,introspective pensive urban
"Introspection Music for a Deep Meditative State, Pt. 39",Meditation Guru,Relaxing Ambient Playlist,2022-11-07,5qn5DxMSTAwGuLxM880uLg,https://open.spotify.com/track/5qn5DxMSTAwGuLxM880uLg,introspective pensive urban
Urbane Ambience for Chill Out Spheres,Soft Sounds,Fun Morning,2023-03-23,6wipIKAdNP1rEiwdWnbLK1,https://open.spotify.com/track/6wipIKAdNP1rEiwdWnbLK1,introspective pensive urban
Urban Pulse,GrindnFocus,Late Night City Focus Music – Deep Ambient Work for Productivity & Study Sessions,2025-10-21,4XUjrrb8aA8suUjbQLHs3C,https://open.spotify.com/track/4XUjrrb8aA8suUjbQLHs3C,introspective pensive urban
Urban Electronics,Kate Stone,Urban,2016-12-01,3J42DWQNLNQPac6W99od4H,https://open.spotify.com/track/3J42DWQNLNQPac6W99od4H,introspective pensive urban
Introspection #3,Eric Legnini Trio,Ballads,2017-10-26,4hWgdd42lEbh4ncklBvXbc,https://open.spotify.com/track/4hWgdd42lEbh4ncklBvXbc,introspective pensive urban
Urban Serenity,Artsaurus,Rhythmic Dreams,2023-11-10,3FMmBxdZPd1WDJLRq91Pf7,https://open.spotify.com/track/3FMmBxdZPd1WDJLRq91Pf7,introspective pensive urban
Introspection,Vetle Nærø,Introspection,2021-04-16,38MPF3rvMwS0ko9ppwO0xf,https://open.spotify.com/track/38MPF3rvMwS0ko9ppwO0xf,introspective pensive urban
URBAN LIFE,LAYERS CLASSIC,ONE DAY,2019-10-28,1VHTj1RTjMgH9cCKJLXhpo,https://open.spotify.com/track/1VHTj1RTjMgH9cCKJLXhpo,introspective pensive urban
Urban Landscape - First Edition: Original 1979 Release,Robert Fripp,Exposure,1979-04,0RtgeLugFcValO3oqnzGJx,https://open.spotify.com/track/0RtgeLugFcValO3oqnzGJx,introspective pensive urban
Intro (Instrumental),Slum Village,"Fantastic 2020, Vol. 1",2019-12-06,7piScuNRwXuCCNvnJPXBPJ,https://open.spotify.com/track/7piScuNRwXuCCNvnJPXBPJ,introspective pensive urban
Intrusions,Tim Hecker,Instrumental Tourist,2014-05-27,6ZwwjYix8hHuMXJj6BAYlm,https://open.spotify.com/track/6ZwwjYix8hHuMXJj6BAYlm,introspective pensive urban
Urban Sprawler - Future Mix,Chris Tilton,SimCity Cities of Tomorrow,2013-11-11,1iye0omEg2MfLRKa2uZv4Y,https://open.spotify.com/track/1iye0omEg2MfLRKa2uZv4Y,introspective pensive urban
Urban Forest,Hauschka,A Different Forest,2019-02-08,7dJ9bvWBvwBYevja1mI62v,https://open.spotify.com/track/7dJ9bvWBvwBYevja1mI62v,introspective pensive urban
Urban Sleep Sounds,New York City Sounds for Sleeping,City Ambience For Deep Rem Sleep,2022-12-07,0shBqYIZYPVQ9MleGmCHgp,https://open.spotify.com/track/0shBqYIZYPVQ9MleGmCHgp,introspective pensive urban
Introspective,Tejal Yann,Reflections,2020-08-08,27lXXY12S083d2J9j1NnL6,https://open.spotify.com/track/27lXXY12S083d2J9j1NnL6,introspective pensive urban
Jet Stream,Urban Meditation,Currents of Space,2019-01-19,23RUqLb2HSlz77vKedeYuj,https://open.spotify.com/track/23RUqLb2HSlz77vKedeYuj,introspective pensive urban
Urban Street Sounds,New York City Sounds for Sleeping,City Ambience For Deep Rem Sleep,2022-12-07,2NEeear6xpa3Vj8y71CQkG,https://open.spotify.com/track/2NEeear6xpa3Vj8y71CQkG,introspective pensive urban
Intro,Guts,Guts (Le Bienheureux),2007-06-01,0CuvcaOgT75UcK0MTjBU5T,https://open.spotify.com/track/0CuvcaOgT75UcK0MTjBU5T,introspective pensive urban
Urban Life,Soft Jazz Mood,Instrumental Funk Groove (Top Old School Rhythms from 70s),2018-08-09,0KrCPqFlmwbSb8QTDyl6Oz,https://open.spotify.com/track/0KrCPqFlmwbSb8QTDyl6Oz,introspective pensive urban
Urban Beats,Instrumental Jazz Music Ambient,Stillwater Keys,2025-05-30,0NJSrzKN1h2Pvm6dq6NwOT,https://open.spotify.com/track/0NJSrzKN1h2Pvm6dq6NwOT,introspective pensive urban
Introspective Travels,Hiemal,Introspective Travels,2019-05-18,1ZiHWEV5v6XWd8sNZIDZUd,https://open.spotify.com/track/1ZiHWEV5v6XWd8sNZIDZUd,introspective pensive urban
Introspection,Haquin,Introspection,2021-11-22,73dAt5Mu39EnwgUT8JU3Ef,https://open.spotify.com/track/73dAt5Mu39EnwgUT8JU3Ef,introspective pensive urban
Lo-Fi Urban I a nd scape,Lo-Fi Jazz,"Chillout Lofi Jazz, Instrumental #2",2020-08-17,2GtxsdhigUwigrJGl5VPXy,https://open.spotify.com/track/2GtxsdhigUwigrJGl5VPXy,introspective pensive urban
Introspeccion (Instrumental),Elevate,Dharma (Instrumental),2019-01-25,788MjBtpqJlPnKeAeVRpNJ,https://open.spotify.com/track/788MjBtpqJlPnKeAeVRpNJ,introspective pensive urban
Paris (Instrumental),Urban Sound Collective,Calming Instrumentals,2020-05-01,4fGj9dLOTRmWAKzdoMplDB,https://open.spotify.com/track/4fGj9dLOTRmWAKzdoMplDB,introspective pensive urban
Introspection,White Sounds,High Andes Wind: Focus And Introspection,2023-01-23,1sU2UQypYXP4F0ZDhsBrHQ,https://open.spotify.com/track/1sU2UQypYXP4F0ZDhsBrHQ,introspective pensive urban
Inspirational Piano Ambient,AShamaluevMusic,Inspirational Piano Ambient,2019-06-20,2R1LD6Yd6Cra8qC7fAqD0U,https://open.spotify.com/track/2R1LD6Yd6Cra8qC7fAqD0U,introspective pensive urban
Ink & Inspiration,Urban Waves Jazz,Smooth Jazz Hip-Hop for Focus,2025-09-19,5cUM2J3uWpScGoXHMmmP6o,https://open.spotify.com/track/5cUM2J3uWpScGoXHMmmP6o,introspective pensive urban
Urban Garden,Embien,Urban Garden,2020-12-04,0iHo3jNvdNTAuIdYhZm1c4,https://open.spotify.com/track/0iHo3jNvdNTAuIdYhZm1c4,introspective pensive urban
Urban Magic,Jazz Music Collection Zone,Instrumental Reverie: Instrumental Jazz Hits,2025-06-27,6Qf3AeTsMaj1kcJ3X3y8of,https://open.spotify.com/track/6Qf3AeTsMaj1kcJ3X3y8of,introspective pensive urban
Urban Echoes,Lo Fi Beats,Star Flow: Lofi Jazz,2024-12-18,4QECg6z1aeaXyK5KBzYuPE,https://open.spotify.com/track/4QECg6z1aeaXyK5KBzYuPE,introspective pensive urban
Introspection,Peaceful Piano Keys,Piano Peace,2022-05-30,38E4WCni3ZORpMJWPdHDtA,https://open.spotify.com/track/38E4WCni3ZORpMJWPdHDtA,introspective pensive urban
Urban Reverie - Instrumental Version,Liu Haonan,Midnight Cipher,2024-01-18,6n77bpTVCFvWsu1PuZFkLl,https://open.spotify.com/track/6n77bpTVCFvWsu1PuZFkLl,introspective pensive urban
Pensive,Joe Volpe,Introspection,2010-07-12,0vUjIssUGjkO3rtk8CD7Et,https://open.spotify.com/track/0vUjIssUGjkO3rtk8CD7Et,introspective pensive urban
Urban Lights,The Mango Quartet,Hungry Mangos,2019-07-26,5APRsRWMcRfd9Zl8nfDrtR,https://open.spotify.com/track/5APRsRWMcRfd9Zl8nfDrtR,introspective pensive urban
Urban,Sineg,Urban,2023-08-16,6CXfZElAPxAH9m40K7cj3U,https://open.spotify.com/track/6CXfZElAPxAH9m40K7cj3U,introspective pensive urban
Minimalismus (Emotional Piano Instrumentals),Moesync,Silent Reflections (Emotional Piano Instrumentals),2024-12-23,7DC1NgDUyIyEEEqmfNPpvP,https://open.spotify.com/track/7DC1NgDUyIyEEEqmfNPpvP,introspective pensive urban
Introspect,Janaway,Introspect,2021-03-30,7ayz8RQsgJCmAHvPy6EgVo,https://open.spotify.com/track/7ayz8RQsgJCmAHvPy6EgVo,introspective pensive urban
Insight (Introspection),Biosphere: Nature Sounds & Music,Infinity,2006-08-29,6h0Qziyf8RUTK9qAMSBS8o,https://open.spotify.com/track/6h0Qziyf8RUTK9qAMSBS8o,introspective pensive urban
Instrospective Hip Hop Instrumental Style,Hip Hop Instrumentals,Hip Hop Instrumentals: Platinum Freestyle Instrumentals,2011-04-04,2snbEScLmqeHrPexF9IQ2E,https://open.spotify.com/track/2snbEScLmqeHrPexF9IQ2E,introspective pensive urban
Ambient Jazz,Jazz Deluxe,Urban Lounge: Urban Jazz Vibes,2025-06-27,1FKPNYDULzzTsOuIgDKPCP,https://open.spotify.com/track/1FKPNYDULzzTsOuIgDKPCP,introspective pensive urban
Urban Rhythm Dreams,Hotel Lobby Music,Sultry Sax: Chill Jazz,2024-09-20,4kNuoi2dlnv7feRTeHgT3X,https://open.spotify.com/track/4kNuoi2dlnv7feRTeHgT3X,introspective pensive urban
Urban Moonlight,Pesca,Lake Of Thoughts,2021-06-26,188KWPWGm0eemTgQ2WvAPV,https://open.spotify.com/track/188KWPWGm0eemTgQ2WvAPV,introspective pensive urban
Urban Serenades,StudyMD,Urban Oasis,2023-09-07,6H7OiVaTbsjY2YJt9g3E7y,https://open.spotify.com/track/6H7OiVaTbsjY2YJt9g3E7y,introspective pensive urban
Introspective,Melodiesinfonie,We Gonna Be Ok,2022-06-24,5VZjewApZLk6JgC3YL31lj,https://open.spotify.com/track/5VZjewApZLk6JgC3YL31lj,introspective pensive urban
Introspection of an Introvert,Marc Rizzo,Colossal Myopia,2005-08-02,7uc3tUBS4PMWifZt9xBajC,https://open.spotify.com/track/7uc3tUBS4PMWifZt9xBajC,introspective pensive urban
Int Centre,Urban Flamingo,Urban Stories,2018-06-13,7gUpccgkre3v3GPTHOJoqk,https://open.spotify.com/track/7gUpccgkre3v3GPTHOJoqk,introspective pensive urban
Urban Fragments,MadiBeats,Grain Dust Flow,2025-01-21,0x9PKZgEuYgzCqlePlZYDp,https://open.spotify.com/track/0x9PKZgEuYgzCqlePlZYDp,introspective pensive urban
Urban Lullaby,Relaxing Jazz Music Instrumental,Soulful Jazz Cafe,2025-09-12,4N4VLdFmp8WDjuHmLT7UGR,https://open.spotify.com/track/4N4VLdFmp8WDjuHmLT7UGR,introspective pensive urban
Urban Sound,Morning Jazz Background Club,Mellow Lounge: Lounge Jazz Tracks,2025-06-27,7DOwKqcJEiyxatRQ5YX1Ct,https://open.spotify.com/track/7DOwKqcJEiyxatRQ5YX1Ct,introspective pensive urban
Urban Flow,Morning Jazz Background Club,Mellow Lounge: Lounge Jazz Tracks,2025-06-27,7MqoVPZbSzCpCnwgjncmIS,https://open.spotify.com/track/7MqoVPZbSzCpCnwgjncmIS,introspective pensive urban
Urban Sounds,Bellestar,Dip,2005-04-05,7yBMA3UwVl0k451u6wdj1V,https://open.spotify.com/track/7yBMA3UwVl0k451u6wdj1V,introspective pensive urban
Intruder Alert,Sabled Sun,2149,2021-01-12,0LNlEapIUw0WZXJ67qWNqs,https://open.spotify.com/track/0LNlEapIUw0WZXJ67qWNqs,introspective pensive urban
Cityscape Jazz Nights,Relaxing Instrumental Jazz Ensemble,Smooth Jazz Lounge Cafe Bar Land Uplifting Jazzy Beats To Study Focus & Work (Instrumental),2025-09-26,142KnTeDfob8jcyzKM2uxl,https://open.spotify.com/track/142KnTeDfob8jcyzKM2uxl,introspective pensive urban
Urban Vibes,Lofi Study Music,Notes from an Empty Room,2025-04-02,7gKp0hVfUggGiNQCHK11ID,https://open.spotify.com/track/7gKp0hVfUggGiNQCHK11ID,introspective pensive urban
Introspective Study Classical,Study Music,Cosmic Focus Unlock Your Mind's Universe,2025-10-24,1f9e6CwM1ksTq2Heoe9KAx,https://open.spotify.com/track/1f9e6CwM1ksTq2Heoe9KAx,introspective pensive urban
Urban Jazz,KLIM,Memory Image,2023-07-11,5eE4MtCFTBGVuIFrAlqIUY,https://open.spotify.com/track/5eE4MtCFTBGVuIFrAlqIUY,introspective pensive urban
"Musical Ambient Melodies for Peaceful Thoughts, Pt. 27",Quiet Meditation Music,Sweet Redemption,2022-07-22,7sZjqkQ50oMVqPGsASPsW9,https://open.spotify.com/track/7sZjqkQ50oMVqPGsASPsW9,introspective pensive urban
Instrumental Urban Jazz,Chillout Lounge From I’m In Records,Ambient Chillout Relaxing Music,2025-09-01,5evQoEZiAz1NvK4CS87J8F,https://open.spotify.com/track/5evQoEZiAz1NvK4CS87J8F,introspective pensive urban
Calm Modern Urban,makesound music,Chill Lounge Music,2022-10-15,2A2O8NPehQAIzPGig9NokP,https://open.spotify.com/track/2A2O8NPehQAIzPGig9NokP,introspective pensive urban
Urban Wanderlust,Hip Hop Trap Instrumental Beats,Atmospheric Road Trip: Trip Hop Aesthetic,2024-01-17,2cvKE6oKM9naayqzrvslvC,https://open.spotify.com/track/2cvKE6oKM9naayqzrvslvC,introspective pensive urban
Urban Echoes,Focus Lofi Beats,Whispered Wishes: Chill Lofi Music,2024-10-07,5feE6WbNbklRxP5HUMPu9C,https://open.spotify.com/track/5feE6WbNbklRxP5HUMPu9C,introspective pensive urban
Urban Piano Vibe,Chill Jazz Instrumentals,The Jazz Escape,2025-03-14,4e5XhBjAZVwyvE4dAzwWRZ,https://open.spotify.com/track/4e5XhBjAZVwyvE4dAzwWRZ,introspective pensive urban
Urban Reflections - Original Mix,Neo Soul Acid Jazz Collective,Soulful Paradise,2014-06-18,4d2Ib2UACPsC3Kuoandm4W,https://open.spotify.com/track/4d2Ib2UACPsC3Kuoandm4W,introspective pensive urban
Urban Blaze,Auditive Escape,Peripetia,2013-06-24,7aewj1WCetb67Rd7zjsmiK,https://open.spotify.com/track/7aewj1WCetb67Rd7zjsmiK,introspective pensive urban
Urbansmooth - Outro,Bob Baldwin,Newurbanjazz 3 / an Urbansmooth Suite (Full Length),2021-02-26,71TB7Kr8fNd2rb7H31fsch,https://open.spotify.com/track/71TB7Kr8fNd2rb7H31fsch,introspective pensive urban
Urban Design,Paul Leonard-Morgan,You Are Here 2,2002-11-18,1Io7NTnMyrYu2vrt6RMSb6,https://open.spotify.com/track/1Io7NTnMyrYu2vrt6RMSb6,introspective pensive urban
Introspection,Emotive Grey,Grey Unknown - EP,2021-04-30,2p4PtLOcOdSC7RNuvUYm2R,https://open.spotify.com/track/2p4PtLOcOdSC7RNuvUYm2R,introspective pensive urban
Urban Sunset,Softwaves Lofi,Urban Sunset,2024-09-13,2myaLAEYTcwxiN9iCqR4GC,https://open.spotify.com/track/2myaLAEYTcwxiN9iCqR4GC,introspective pensive urban
"Introspection Music for a Deep Meditative State, Pt. 22",Meditation Music Therapy,Calming Playlist,2022-10-31,2YGUL0rQzILG6650jufBvX,https://open.spotify.com/track/2YGUL0rQzILG6650jufBvX,introspective pensive urban
Introspection,Avyo,Introspection,2021-11-05,146Om2FJqXArzGSOdJhjLf,https://open.spotify.com/track/146Om2FJqXArzGSOdJhjLf,introspective pensive urban
Introspective,Patrick Kelly,Essential Meditation,2010-10-25,7mpaGhB66K87PgIE5S0aYi,https://open.spotify.com/track/7mpaGhB66K87PgIE5S0aYi,introspective pensive urban
Intro - Instrumental,Robert Glasper,Fuck Yo Feelings (Instrumentals),2020-05-01,3ebx2P5Stt6B6i9BwGOJix,https://open.spotify.com/track/3ebx2P5Stt6B6i9BwGOJix,introspective pensive urban
Urban Escapade,Laidback Lemur,Laid-back Moments,2023-11-10,5Hp8M5PiWm0mdzHJAl7oGT,https://open.spotify.com/track/5Hp8M5PiWm0mdzHJAl7oGT,introspective pensive urban
Urbane New Workflows,Upbeat Music Cafe,Music for Working and Chillout (Latin Piano Jazz),2022-11-18,5oC0SaLjnBHKxXi0yVTOVy,https://open.spotify.com/track/5oC0SaLjnBHKxXi0yVTOVy,introspective pensive urban
Urban Whisper,Hotel Lobby Jazz Music,Luminous Soft: Soft Jazz Melodies,2025-06-27,28s5AYwiToAq6eZl3ZRG4l,https://open.spotify.com/track/28s5AYwiToAq6eZl3ZRG4l,introspective pensive urban
Entrance,Ambient Avenue,"Ambient Avenue, Vol. 2",2021-05-14,2LYjdlaHVN8yvvtkBFageP,https://open.spotify.com/track/2LYjdlaHVN8yvvtkBFageP,introspective pensive urban
Intrinsic,Adrian Disch,The Promise of Finding,2021-03-03,3MSyd67rtVXWre2fJ5Ioq2,https://open.spotify.com/track/3MSyd67rtVXWre2fJ5Ioq2,introspective pensive urban
Calm Modern Urban,makesound music,Chill Lounge Music,2022-10-15,2A2O8NPehQAIzPGig9NokP,https://open.spotify.com/track/2A2O8NPehQAIzPGig9NokP,introspective pensive urban
Introspection,Existence Music,Lofi City Hip Hop For Driving 2023,2022-11-10,285LCYmHuboOkj3cta8kPd,https://open.spotify.com/track/285LCYmHuboOkj3cta8kPd,introspective pensive urban
Urban Piano Vibe,Chill Jazz Instrumentals,The Jazz Escape,2025-03-14,4e5XhBjAZVwyvE4dAzwWRZ,https://open.spotify.com/track/4e5XhBjAZVwyvE4dAzwWRZ,introspective pensive urban
Urbansmooth - Outro,Bob Baldwin,Newurbanjazz 3 / an Urbansmooth Suite (Full Length),2021-02-26,71TB7Kr8fNd2rb7H31fsch,https://open.spotify.com/track/71TB7Kr8fNd2rb7H31fsch,introspective pensive urban
Urban Reverie,Instrumental Music Songs,Chill Instrumentals,2025-02-03,6eOr9WBPKWtX7QpLIYh93F,https://open.spotify.com/track/6eOr9WBPKWtX7QpLIYh93F,introspective pensive urban
Urban Jazz (Smooth Jazz Piano Guitar Instrumental),Blue Claw Jazz,Jazz Music Playlist (Lounge Dinner Cafe Chillout Restaurant Cocktail Relaxing),2015-01-15,0h7MOWX8k85tXIsc1fhbVs,https://open.spotify.com/track/0h7MOWX8k85tXIsc1fhbVs,introspective pensive urban
"Introspection Music for a Deep Meditative State, Pt. 22",Meditation Music Therapy,Calming Playlist,2022-10-31,2YGUL0rQzILG6650jufBvX,https://open.spotify.com/track/2YGUL0rQzILG6650jufBvX,introspective pensive urban
"Introspection Music for a Deep Meditative State, Pt. 30",Meditation Music Therapy,Calming Playlist,2022-10-31,7010OyextVZanbBGXv5bYM,https://open.spotify.com/track/7010OyextVZanbBGXv5bYM,introspective pensive urban
Urban Undercurrents,Lo Fi Beats,Star Flow: Lofi Jazz,2024-12-18,5xoJ2TfmZtjNVmb4dVmwki,https://open.spotify.com/track/5xoJ2TfmZtjNVmb4dVmwki,introspective pensive urban
"Introspection Music for a Deep Meditative State, Pt. 27",Meditation Music Therapy,Calming Playlist,2022-10-31,72tZIJqkUfREb9hW20wz8O,https://open.spotify.com/track/72tZIJqkUfREb9hW20wz8O,introspective pensive urban
Urban Serenade,Urban Joy,"Urban Soul Vol.2 (Downtempo, R&B, Nu Soul, Jazz Hop, Acid Jazz, Soulful House)",2020-10-16,1gPQ3t307hUsNp73WAqJO7,https://open.spotify.com/track/1gPQ3t307hUsNp73WAqJO7,introspective pensive urban
Instrumental Song for Study and Reflection,Focus,Study Session: Instrumental Background Music for Study and Concentration,2021-11-17,58M0UY9wD4PG95aIgDGVIg,https://open.spotify.com/track/58M0UY9wD4PG95aIgDGVIg,introspective pensive urban
Urban Nocturne,Øystein Sevåg,Space for a Crowded World,2012-03-29,7A8Vw0lzHjhSRUDiNzzrBW,https://open.spotify.com/track/7A8Vw0lzHjhSRUDiNzzrBW,introspective pensive urban
Reflection II - Unreleased Extended Mix,Intrusion,Intrusion / Reflection,2008-07-09,2YHAzXi3sOQ8ydlVhutKhX,https://open.spotify.com/track/2YHAzXi3sOQ8ydlVhutKhX,introspective pensive urban
Introspective,Patrick Kelly,Essential Meditation,2010-10-25,7mpaGhB66K87PgIE5S0aYi,https://open.spotify.com/track/7mpaGhB66K87PgIE5S0aYi,introspective pensive urban
Introspective,Afternoon In Stereo,Introspective,2023-01-06,7mrKIMzzQs7bBZhK9pWh55,https://open.spotify.com/track/7mrKIMzzQs7bBZhK9pWh55,introspective pensive urban
Urban Escapade,Laidback Lemur,Laid-back Moments,2023-11-10,5Hp8M5PiWm0mdzHJAl7oGT,https://open.spotify.com/track/5Hp8M5PiWm0mdzHJAl7oGT,introspective pensive urban
Urbane New Workflows,Upbeat Music Cafe,Music for Working and Chillout (Latin Piano Jazz),2022-11-18,5oC0SaLjnBHKxXi0yVTOVy,https://open.spotify.com/track/5oC0SaLjnBHKxXi0yVTOVy,introspective pensive urban
Urban Whisper,Hotel Lobby Jazz Music,Luminous Soft: Soft Jazz Melodies,2025-06-27,28s5AYwiToAq6eZl3ZRG4l,https://open.spotify.com/track/28s5AYwiToAq6eZl3ZRG4l,introspective pensive urban
Urban Undertones,ChillHop Cafe,Summer Haze: Lofi Background Music,2024-10-07,31yYaaV1vtanYqmtZorPRn,https://open.spotify.com/track/31yYaaV1vtanYqmtZorPRn,introspective pensive urban
Urbane Backdrops for More Feelings,In Store Music,Playful Music for Classical Ambience - Jazz Guitar Solo,2022-05-22,6gWTg7BJa7zztEwii4NJAh,https://open.spotify.com/track/6gWTg7BJa7zztEwii4NJAh,introspective pensive urban
Urban Escape,Mellowdine,Urban Escape,2019-02-16,22CSGUG7rJ0qEqF1HIKb0L,https://open.spotify.com/track/22CSGUG7rJ0qEqF1HIKb0L,introspective pensive urban
Urbane Meal Enjoyments,Cafe de Musica Instrumental,Chill Jazz Music for a Relaxing Evening,2023-04-14,6gbAhVPisDzdKDisKcVRQW,https://open.spotify.com/track/6gbAhVPisDzdKDisKcVRQW,introspective pensive urban
Urban Flow,Smooth Jazz Deluxe,Dream Instrumental: Instrumental Jazz Collection,2025-06-27,0kG4aTzT45785dNc5JSta8,https://open.spotify.com/track/0kG4aTzT45785dNc5JSta8,introspective pensive urban
Urban Jungle Reverie,Interior Soundscapes,"Interior Soundscapes, Vol. 6",2023-06-30,562MxQGwEwyMKYIEKnrKMe,https://open.spotify.com/track/562MxQGwEwyMKYIEKnrKMe,introspective pensive urban
Introspection,Music Therapy Center of Creve Couer,"Music for Music Therapy, Step 1: Healing Piano Music",2010-03-08,4plr213eQ1ZJlho8SrzpSs,https://open.spotify.com/track/4plr213eQ1ZJlho8SrzpSs,introspective pensive urban
Urban Snare Cypher - Instrumental,Equiknoxx,Basic Tools Mixtape,2021-08-06,5Emy8aUnXfLiKGIIwuBIjt,https://open.spotify.com/track/5Emy8aUnXfLiKGIIwuBIjt,introspective pensive urban
Introspect,Peaceful Pianos,Peaceful Piano,2008-01-05,4pHczqd3z6XrFphFiRJOmN,https://open.spotify.com/track/4pHczqd3z6XrFphFiRJOmN,introspective pensive urban
"Introspection Music for a Deep Meditative State, Pt. 23",Meditation Music Therapy,Calming Playlist,2022-10-31,4qQTjcOaRd0UASdRNitVoU,https://open.spotify.com/track/4qQTjcOaRd0UASdRNitVoU,introspective pensive urban
"Introspection Music for a Deep Meditative State, Pt. 20",Meditation Music Therapy,Calming Playlist,2022-10-31,4nT5LBQEUt99Bh8XmTHPo9,https://open.spotify.com/track/4nT5LBQEUt99Bh8XmTHPo9,introspective pensive urban
"Introspection Music for a Deep Meditative State, Pt. 29",Meditation Music Therapy,Calming Playlist,2022-10-31,72Tj1vobD4AN9tkaLanhA9,https://open.spotify.com/track/72Tj1vobD4AN9tkaLanhA9,introspective pensive urban
"Introspection Music for a Deep Meditative State, Pt. 33",Meditation Music Therapy,Calming Playlist,2022-10-31,2j0J8WJqHjVmt01lkBiMjB,https://open.spotify.com/track/2j0J8WJqHjVmt01lkBiMjB,introspective pensive urban
Urban Beats,Background Instrumental Jazz,Scarlet Ember: Classic Jazz,2025-06-20,72jtdyVpyIzBgbBSIOn2xI,https://open.spotify.com/track/72jtdyVpyIzBgbBSIOn2xI,introspective pensive urban
"Introspection Music for a Deep Meditative State, Pt. 24",Meditation Music Therapy,Calming Playlist,2022-10-31,0NX9pd407JsVQOMc9be8IS,https://open.spotify.com/track/0NX9pd407JsVQOMc9be8IS,introspective pensive urban
Introspection Light,Piano for Studying,Mellow Café Grand Piano Album,2020-07-23,18yH3Pp1nycMlD4y7QAssp,https://open.spotify.com/track/18yH3Pp1nycMlD4y7QAssp,introspective pensive urban
Introspective,Jimpster,Domestic Science,2002-07-01,5aVrYhyKBmrZgH7iicctfw,https://open.spotify.com/track/5aVrYhyKBmrZgH7iicctfw,introspective pensive urban
Intro - Instrumental,Slowy,Dialog (Instrumentals),2014-08-18,1YQiCeJNd2PL6DcTFbvWJy,https://open.spotify.com/track/1YQiCeJNd2PL6DcTFbvWJy,introspective pensive urban
Introspective,Freestyle Fellowship,The Promise,2011-10-18,2YCmDlEglQPtAD9dNNBArv,https://open.spotify.com/track/2YCmDlEglQPtAD9dNNBArv,introspective pensive urban
Urban Nightscape,Morning Coffee Jazz,Steam Whispers: Relaxing Cafe Jazz,2025-06-27,0ROkr4mjEOk2mC3bgmzTqn,https://open.spotify.com/track/0ROkr4mjEOk2mC3bgmzTqn,introspective pensive urban
Urban Life,Vitanature,Big City Moods,2021-02-12,2sljC5oEXDjzIzjlGeREM9,https://open.spotify.com/track/2sljC5oEXDjzIzjlGeREM9,introspective pensive urban
Urbane Ambience for Great Lounges,Café Vintage,Summit Sunsets,2023-09-23,3AdYdLCZaoGupu9Lh9XxrO,https://open.spotify.com/track/3AdYdLCZaoGupu9Lh9XxrO,introspective pensive urban
Modern Reflective Instrumental,Gadget,Mood Swings Instrumentals,2017-01-24,20O1R5e4IWJJeDfQCerqdf,https://open.spotify.com/track/20O1R5e4IWJJeDfQCerqdf,introspective pensive urban
Introspection,Bedtime Instrumental Piano Music Academy,Dreamland Tranquillity,2024-09-23,14poIukuYCcvjc0jeosJxs,https://open.spotify.com/track/14poIukuYCcvjc0jeosJxs,introspective pensive urban
Aum-Inspired Urban Utopias,Best Relaxing Spa,The Surreal Serenade,2023-11-04,5k6RwMyAkz6fkRPKgnYge7,https://open.spotify.com/track/5k6RwMyAkz6fkRPKgnYge7,introspective pensive urban
Thoughtful Introspection,David Kates,"Spa and Spirit: Music for Deep Thought, Focus and Relaxation",2019-08-12,2HIS0Sx5IJaIO725nMOM2z,https://open.spotify.com/track/2HIS0Sx5IJaIO725nMOM2z,introspective pensive urban
"Music For Urban Meditation, Pt. III",Pete Namlook,Namlook XIX (Music For Urban Meditation),2004-02-12,1dkq1jaYS7vOyNO05NDvvV,https://open.spotify.com/track/1dkq1jaYS7vOyNO05NDvvV,introspective pensive urban
Music For Urban Exploring,LudoWic,Music for Urban Exploring,2018-04-23,4nNB6PjXyLoJqIyAGfCVto,https://open.spotify.com/track/4nNB6PjXyLoJqIyAGfCVto,introspective pensive urban
urban beatscape,Background Berry,lofi album 3,2023-11-07,5lhGyaECoMVBuyN4VUemd3,https://open.spotify.com/track/5lhGyaECoMVBuyN4VUemd3,introspective pensive urban
Urban Echoes,Amazing Chill Out Jazz Paradise,Deep Instrumental: Jazz Instrumentals,2025-06-27,1ALvdF5nW5If5pkqiWXaR0,https://open.spotify.com/track/1ALvdF5nW5If5pkqiWXaR0,introspective pensive urban
Urban Chill,Lofi Chill Beats,Thoughts & Rain: Lofi Background Music,2024-08-23,6im4AVcDT04Vh6WwkP4YDi,https://open.spotify.com/track/6im4AVcDT04Vh6WwkP4YDi,introspective pensive urban
Introspection,Estas Tonne,Introspection,2018-01-23,5VkWIsZfQ68O7tOhgbPgeT,https://open.spotify.com/track/5VkWIsZfQ68O7tOhgbPgeT,introspective pensive urban
"Introspection Music for a Deep Meditative State, Pt. 28",Meditation Music Therapy,Calming Playlist,2022-10-31,2EkmiYOSuJFHWF5Bw8oVSI,https://open.spotify.com/track/2EkmiYOSuJFHWF5Bw8oVSI,introspective pensive urban
Urban Tropic - Orginal,AKMusique,Lounge nordique,2009-12-24,3VQMNmuyuFp0SKCb49qhSU,https://open.spotify.com/track/3VQMNmuyuFp0SKCb49qhSU,introspective pensive urban
"Open Window, Pt. 1",Urban Sounds,Open Window: Enjoy a Typical New York Night in the Heart of Manhatten,2019-12-06,6douVFXogj2JEsjOdRGmvw,https://open.spotify.com/track/6douVFXogj2JEsjOdRGmvw,introspective pensive urban
Urban,The Cancel,Night Light,2017-06-16,4qJPqHL4Qi8jMGk3flpAqB,https://open.spotify.com/track/4qJPqHL4Qi8jMGk3flpAqB,introspective pensive urban
Urban Pasture,Jeff Greinke,Cities In Fog 1 & 2,1985-01-01,50L51OhxX5v62NNOt4yjtc,https://open.spotify.com/track/50L51OhxX5v62NNOt4yjtc,introspective pensive urban
Urban Jazz Odyssey,Chelsea's Swing,Urban Jazz Odyssey,2024-05-24,5VcKFvbuYgJBsiBI6X29zs,https://open.spotify.com/track/5VcKFvbuYgJBsiBI6X29zs,introspective pensive urban
Forest / Interior,Dean Hurley,Anthology Resource Vol. I: △△,2017-08-06,1xRr6Tc5WFa0EMCxqwXe5n,https://open.spotify.com/track/1xRr6Tc5WFa0EMCxqwXe5n,introspective pensive urban
Urban Serenade,MadiBeats,Dusty Days,2025-01-21,5y7yXhUXsozaRWz0ckZ0SN,https://open.spotify.com/track/5y7yXhUXsozaRWz0ckZ0SN,introspective pensive urban
Urban Life,Raouf Beats,Urban Life,2024-06-04,2SPFbsiHaE9MgS4xUT7dZl,https://open.spotify.com/track/2SPFbsiHaE9MgS4xUT7dZl,introspective pensive urban
Urban Underground,Soul Jazz Instrumental Cafe,Soul Jazz Instrumental Cafe,2024-12-16,2VX0oqdnRE8jHAyTJ8UcEi,https://open.spotify.com/track/2VX0oqdnRE8jHAyTJ8UcEi,introspective pensive urban
Urban Freak - Instrumental,Earthsick Astronaut,Sunset in Suburban (Instrumental),2020-11-13,3z8AS5m1j8Z0boTO7OxqXD,https://open.spotify.com/track/3z8AS5m1j8Z0boTO7OxqXD,introspective pensive urban
Introspective Thoughts,Dariush,Quarantine Jointz,2021-01-29,4MOyNRyNmcQrif8lRexdAs,https://open.spotify.com/track/4MOyNRyNmcQrif8lRexdAs,introspective pensive urban
Urbane Moods for Looking to the Future,Calm Elevator Music,Jugando con el gato bajo los copos de nieve,2023-07-04,0WW0gM2gKRlQrHqiOL5LE2,https://open.spotify.com/track/0WW0gM2gKRlQrHqiOL5LE2,introspective pensive urban
Introspection,GLVM,Introspection,2021-12-24,6l9uRlTiDiMWBFVl79DCB0,https://open.spotify.com/track/6l9uRlTiDiMWBFVl79DCB0,introspective pensive urban
Introspection (Dub Jam) Instrumental,Alias Molombo,Introspection (Dub Jam),2024-10-11,0hvMJeBYXpwiYxro6F5rpu,https://open.spotify.com/track/0hvMJeBYXpwiYxro6F5rpu,introspective pensive urban
Digital Urban,Instrumental Music Songs,Chill Instrumentals,2025-02-03,00x2vyPGNj7D08aIOHpmQ8,https://open.spotify.com/track/00x2vyPGNj7D08aIOHpmQ8,introspective pensive urban
"Introspection Music for a Deep Meditative State, Pt. 19",Meditation Music Therapy,Calming Playlist,2022-10-31,7617fZ0HLA6Q91KKBvMkJE,https://open.spotify.com/track/7617fZ0HLA6Q91KKBvMkJE,introspective pensive urban
"Introspection Music for a Deep Meditative State, Pt. 21",Meditation Music Therapy,Calming Playlist,2022-10-31,7xKkcxRZS9zlaIJRTLHCeq,https://open.spotify.com/track/7xKkcxRZS9zlaIJRTLHCeq,introspective pensive urban
Introspection,Children Of The Atlas,Introspection,2020-12-11,5j7p6RM8Im080q6gnm0M8e,https://open.spotify.com/track/5j7p6RM8Im080q6gnm0M8e,introspective pensive urban
Introspection,Haengelik Deville,Introspection,2020-11-18,1W98c90eXRv1PtixuFzVqR,https://open.spotify.com/track/1W98c90eXRv1PtixuFzVqR,introspective pensive urban
Urbane Moods for Spring Work Mode,Office Music Radio,Saxophone Bossa - Background Music for Resting Aprils,2022-04-28,3dlBpCiN22neXBivvJCHuW,https://open.spotify.com/track/3dlBpCiN22neXBivvJCHuW,introspective pensive urban
Urban Gently Weeps - Funky Chillout Mix,Nightview,City Lounge (A Finest Journey of Soulfully Nu Jazz Lounge & Chill out Tunes),2018-02-23,5n3EKgTsLgKTqLpdghXfYE,https://open.spotify.com/track/5n3EKgTsLgKTqLpdghXfYE,introspective pensive urban
REFLECTIONS - Instrumental,Homeomorphic,REFLECTIONS,2019-12-05,6KjFDTY7GevgCbeYt6KpgF,https://open.spotify.com/track/6KjFDTY7GevgCbeYt6KpgF,introspective pensive urban
Jazz Piano Urban Stride,Chill Jazz Playlist,Streetlight Bossa: Jazz Piano Tunes,2024-03-22,65BP7oM4eBHAX1xnnZbcvu,https://open.spotify.com/track/65BP7oM4eBHAX1xnnZbcvu,introspective pensive urban
Urban,Bruno Le Roux,Investigation TV,2016-07-05,2dCVrZNeoLxd7s9ZExaGpp,https://open.spotify.com/track/2dCVrZNeoLxd7s9ZExaGpp,introspective pensive urban
Introspective,Dario Crisman,Introspective,2023-03-03,4tNeJylBvFuqXcxw6gpIcq,https://open.spotify.com/track/4tNeJylBvFuqXcxw6gpIcq,introspective pensive urban
Urbane Backdrops for Reuvenating Summers,Easy Jazz Music,Chill Out With Some Jazz,2023-03-28,432u2YLjKN8EQGQuFtTiD5,https://open.spotify.com/track/432u2YLjKN8EQGQuFtTiD5,introspective pensive urban
Urban Fog,Gerhard Trede,Archive Selection 1,1998-01-01,4z51ZlYalNCbO4rtxiKBDf,https://open.spotify.com/track/4z51ZlYalNCbO4rtxiKBDf,introspective pensive urban
Introspecs,Gregg Karukas,Sound Of Emotion,1996-01-01,4LqqZZKnKU9rns5NYaWCV3,https://open.spotify.com/track/4LqqZZKnKU9rns5NYaWCV3,introspective pensive urban
Introspection,Ambient Space,Atmospheric Piano,2021-05-06,4HasWZiXRZPx500JvI7nfS,https://open.spotify.com/track/4HasWZiXRZPx500JvI7nfS,introspective pensive urban
Urban Wilderness (Reimagined) - Instrumental,Porcelain Moon,Urban Wilderness (Reimagined),2020-05-29,2mu5YAgJzlgooyWLanMFyM,https://open.spotify.com/track/2mu5YAgJzlgooyWLanMFyM,introspective pensive urban
Urban Vibes,Luxury Grooves,Chillout Lounge Ambient Vol. 1,2012-11-16,7dFctT4fEm50Efh3aUwx3p,https://open.spotify.com/track/7dFctT4fEm50Efh3aUwx3p,introspective pensive urban
Urban,Charles Ditto,Basso Continuo. Cyberdelic Ambient and Nootropic Soundscapes (1987​-​1994),2018-04-27,0IgGHo8C1APH6aTcpoOHDj,https://open.spotify.com/track/0IgGHo8C1APH6aTcpoOHDj,introspective pensive urban
Introspection,Mythos,The Best of Mythos Instrumentals,2014-09-02,0cl8xw4vpfqOIhYaOwj0Su,https://open.spotify.com/track/0cl8xw4vpfqOIhYaOwj0Su,introspective pensive urban
Urban Stories,Mathias Fritsche,Unending Journey,2016-03-25,2N2HQ6VMN3bymyO5aW3bQO,https://open.spotify.com/track/2N2HQ6VMN3bymyO5aW3bQO,introspective pensive urban
Urban Isolation,To Travel Without Any Certain Destination,To Travel Without Any Certain Destination,2011-06-19,7k8RSRA7taxjlF2ZYDNaat,https://open.spotify.com/track/7k8RSRA7taxjlF2ZYDNaat,introspective pensive urban
Introspection,UVB,Life,2015-11-23,6W5AdvZh79xkuqxNMdkm9g,https://open.spotify.com/track/6W5AdvZh79xkuqxNMdkm9g,introspective pensive urban
Urban Beats,Jazz Music Collection Zone,Instrumental Reverie: Instrumental Jazz Hits,2025-06-27,713CGZxSU2zo5F6pIvsBtF,https://open.spotify.com/track/713CGZxSU2zo5F6pIvsBtF,introspective pensive urban
Urban Jungle Beats,Morning Jazz Background Club,Whispers in the Wind,2025-02-27,4rTeFCC8sj9E7Cib7z8BEq,https://open.spotify.com/track/4rTeFCC8sj9E7Cib7z8BEq,introspective pensive urban
"Introspection Music for a Deep Meditative State, Pt. 14",Meditation Music Therapy,Calming Playlist,2022-10-31,18a0GXZC4flTC3ZXx3Ealv,https://open.spotify.com/track/18a0GXZC4flTC3ZXx3Ealv,introspective pensive urban
"Introspection Music for a Deep Meditative State, Pt. 25",Meditation Music Therapy,Calming Playlist,2022-10-31,1eC59JPZYmOZ0KtLagqJbR,https://open.spotify.com/track/1eC59JPZYmOZ0KtLagqJbR,introspective pensive urban
Urban Night Pulse,Relaxing Jazz Music Instrumental,An Evening of Jazz,2025-10-17,7s88e8ZcTfP62gsrQlPww3,https://open.spotify.com/track/7s88e8ZcTfP62gsrQlPww3,introspective pensive urban
"Introspection Music for a Deep Meditative State, Pt. 16",Meditation Music Therapy,Calming Playlist,2022-10-31,4uZEYf33fjEWyRt9mlq8jg,https://open.spotify.com/track/4uZEYf33fjEWyRt9mlq8jg,introspective pensive urban
"Introspection Music for a Deep Meditative State, Pt. 38",Meditation Music Therapy,Calming Playlist,2022-10-31,5RAMajv6h5DU5Ulko0Jfhj,https://open.spotify.com/track/5RAMajv6h5DU5Ulko0Jfhj,introspective pensive urban
Urban Tapestry,Jazz,Fireside Jazz Piano Harmony,2024-10-26,2q1ZEkW7FmQRL6tln0ygrq,https://open.spotify.com/track/2q1ZEkW7FmQRL6tln0ygrq,introspective pensive urban
Urbane Ambiance for Work Creativity,Lavoro da Casa Musica Di Sottofondo,Relaxing Morning Yoga Flow,2023-11-16,4dhZ65oqptBFNnOxhw3KFK,https://open.spotify.com/track/4dhZ65oqptBFNnOxhw3KFK,introspective pensive urban
Rhodes Reflection,Urban Waves Jazz,Smooth Jazz Hip-Hop for Focus,2025-09-19,7ckBOeDhR7OnecXOXAcIt7,https://open.spotify.com/track/7ckBOeDhR7OnecXOXAcIt7,introspective pensive urban
Urban Swing Affair,Chill Jazz,Background Jazz,2023-06-01,01yzU7oylGdNSLsavQZJ1C,https://open.spotify.com/track/01yzU7oylGdNSLsavQZJ1C,introspective pensive urban
Urban Lofi Beats,Drwn Lofi,Urban Lofi Beats,2025-01-04,5PkUYkDeelQ2lLzr0kjiDG,https://open.spotify.com/track/5PkUYkDeelQ2lLzr0kjiDG,introspective pensive urban
Urban Jazz Rhythms,Instrumental Jazz Music Ambient,Silhouettes and Sunsets,2025-02-26,5MzKnesoOwDYefFmrtk0ZH,https://open.spotify.com/track/5MzKnesoOwDYefFmrtk0ZH,introspective pensive urban
Urban Soul Magic,Instrumental Jazz Music Ambient,Evening Horizons,2025-01-24,3HUEHh80BPt5dWWfX4JmoP,https://open.spotify.com/track/3HUEHh80BPt5dWWfX4JmoP,introspective pensive urban
Urban Pulse,Smooth Jazz Deluxe,Dream Instrumental: Instrumental Jazz Collection,2025-06-27,5mRwI09e7dc91RqcYKCDLS,https://open.spotify.com/track/5mRwI09e7dc91RqcYKCDLS,introspective pensive urban
Urban Decay - Instrumental,Apophenia,The Rise of Digital Minds,2025-11-11,1UqTZOMsFSs4GZc2mihRuN,https://open.spotify.com/track/1UqTZOMsFSs4GZc2mihRuN,introspective pensive urban
Urban Nature,No.9,9-9-9-9-9,2009,3s1J4i4QrTytOxmUddcIVc,https://open.spotify.com/track/3s1J4i4QrTytOxmUddcIVc,introspective pensive urban
Urban Pulse,Lo Fi Beats,Urban Lullaby: Background Lofi,2024-11-10,01uvfoeXwMHNDV282tpzGA,https://open.spotify.com/track/01uvfoeXwMHNDV282tpzGA,introspective pensive urban
Urban Forest,Mirage Of Deep,Deep Flow,2010,4ktC3iW1SLkrBhAMqSKXaM,https://open.spotify.com/track/4ktC3iW1SLkrBhAMqSKXaM,introspective pensive urban
Urban Surfer,Audialist,Audialist Select,2020-01-17,4OyCLTVDie9lGI0c7XMCFH,https://open.spotify.com/track/4OyCLTVDie9lGI0c7XMCFH,introspective pensive urban
432 Hz Introspection - Session Theme,432 Hz Sound Therapy,"Deep Meditation & Binaural Beats, Vol. 6",2022-11-15,5iEIYqSEthx47a4HZhOuBN,https://open.spotify.com/track/5iEIYqSEthx47a4HZhOuBN,introspective pensive urban
Urban Drift,background music masters,Golden Smooth: Gold Smooth Jazz,2025-06-27,5eoMTEA2A6YxL0ZtjcI5xk,https://open.spotify.com/track/5eoMTEA2A6YxL0ZtjcI5xk,introspective pensive urban
Introspection,Spa Soundscapes,Perceptions,2021-10-29,4SN2e5g4nkrZCmJgUNrWzq,https://open.spotify.com/track/4SN2e5g4nkrZCmJgUNrWzq,introspective pensive urban
Introspection - Dntel Remix,Laraaji,Sun Transformations,2018-06-01,5lmFChTRdDKvZZs8hHVGzz,https://open.spotify.com/track/5lmFChTRdDKvZZs8hHVGzz,introspective pensive urban
Intro,The American Dollar,Music for Focus and Creativity,2013-12-10,5Tsn8AEuLaDiI5K0scptWZ,https://open.spotify.com/track/5Tsn8AEuLaDiI5K0scptWZ,introspective pensive urban
Introspection,Eskadet,Introspection,2012-03-30,5TQyYzNn3sj5a8uoM9uFf4,https://open.spotify.com/track/5TQyYzNn3sj5a8uoM9uFf4,introspective pensive urban
Urban Impressionism,Dardust,Urban Impressionism (Deluxe Edition),2025-03-07,4PKYYnrpU3KJHh1Z8GKy8i,https://open.spotify.com/track/4PKYYnrpU3KJHh1Z8GKy8i,introspective pensive urban
Dawn in a Futuristic City (Instrumental),Ambience Mastery,Cyberpunk Vibes (Electronic Instrumentals),2021-08-27,7zdY3FNQrnk9fVQHZLXONH,https://open.spotify.com/track/7zdY3FNQrnk9fVQHZLXONH,introspective pensive urban
Urban Bloom,Ambient Moment,CITY BEAT BLUE,2025-10-14,6zdIH1EoWb9aJpQRutyMNr,https://open.spotify.com/track/6zdIH1EoWb9aJpQRutyMNr,introspective pensive urban
Urban Shadows,Healgirl music,City Corner,2025-01-17,0nWIOYJY3NcJUeK51ijGka,https://open.spotify.com/track/0nWIOYJY3NcJUeK51ijGka,introspective pensive urban
Urbane Moment November,Chill Cafe Music,Dog Friendly,2023-03-26,6xNVEPlp09oedicSo9NzbP,https://open.spotify.com/track/6xNVEPlp09oedicSo9NzbP,introspective pensive urban
introspection,Halcyon,introspection,2024-11-08,4wlo7QP4DnkRR93yLMLFeu,https://open.spotify.com/track/4wlo7QP4DnkRR93yLMLFeu,introspective pensive urban
Urban Echoes,Relaxing Jazz Music Instrumental,Soft Jazz Swing Background Ambience,2025-08-22,0GRjMUWDPbIFv7HzUG9QDw,https://open.spotify.com/track/0GRjMUWDPbIFv7HzUG9QDw,introspective pensive urban
Urban Jazz Lounge,Instrumental Music From TraxLab,Instrumental Music for Working,2025-05-05,1y1lT72KyQ454aQ5HyKY2j,https://open.spotify.com/track/1y1lT72KyQ454aQ5HyKY2j,introspective pensive urban
Urbana,The American Dollar,Music for Workouts,2019-04-12,5WTbiH6VI5IdoQx3Ql7k4i,https://open.spotify.com/track/5WTbiH6VI5IdoQx3Ql7k4i,introspective pensive urban
Instrumental Ambient for Good Mood,Garden Party Music Ensemble,"Ultimate Garden House Dinner Jazz (Background Jazz Music Relaxation, Cocktail Party, BBQ till Night, Entertainment Moments)",2017-08-28,57E9FKwjJo3h7xgrQFeuNi,https://open.spotify.com/track/57E9FKwjJo3h7xgrQFeuNi,introspective pensive urban
Urban Maze Freestyle Hiphop Trap Rap Beat (Instrumental),Hiphop Instrumentalist,Hip Hop Rap & Trap Instrumental Beats Vol. 5,2016-02-21,1eDQDuRT5EWOHUgc8tyTD5,https://open.spotify.com/track/1eDQDuRT5EWOHUgc8tyTD5,introspective pensive urban
"Introspection04, Pt. 1",Peter Ries,Ambient Library - Introspection04,2024-02-02,4wZeYTx2I7xeQhn8X0OIpd,https://open.spotify.com/track/4wZeYTx2I7xeQhn8X0OIpd,introspective pensive urban
Introspect,David Parsons,Parsons: In Retrospect (1980-2003),2004-01-01,1gmDdhnPSCQRt6cORxyLS6,https://open.spotify.com/track/1gmDdhnPSCQRt6cORxyLS6,introspective pensive urban
Introspective Oceans,Alio Die,The Utopian Blossom,2020-03-20,5rvEV6dp6LBoG0z6JyMGwQ,https://open.spotify.com/track/5rvEV6dp6LBoG0z6JyMGwQ,introspective pensive urban
Introspective,Harper Zen,Meditation Dream: Relaxing Music for Meditation,2015-02-26,3RHczSj9lK3tjsE5vUw4Nu,https://open.spotify.com/track/3RHczSj9lK3tjsE5vUw4Nu,introspective pensive urban
Urban Sunset Lo-Fi Grooves,Jazzy Space,Chill HipHop BGM 〜Relax beats Instrumental〜,2025-09-12,68KV9iwI1n0JWfkElOP0za,https://open.spotify.com/track/68KV9iwI1n0JWfkElOP0za,introspective pensive urban
Urban Feast,Ambientia Music Lab,Contemporary | Savor the Day,2025-03-21,0ynowkJCyuO2HHduVki573,https://open.spotify.com/track/0ynowkJCyuO2HHduVki573,introspective pensive urban
Interlude #1,Urban Knights,Urban Knights II,1997-01-01,41K2CFJwR3uXPiL9RQy1mE,https://open.spotify.com/track/41K2CFJwR3uXPiL9RQy1mE,introspective pensive urban
Introspective,Violins,"Relaxing String Quartet for Sleep, Insomnia, Meditation, Study",2021-12-16,56R6WDlmcbHQiWPOybZVqj,https://open.spotify.com/track/56R6WDlmcbHQiWPOybZVqj,introspective pensive urban
"Introspection Music for a Deep Meditative State, Pt. 15",Meditation Music Therapy,Calming Playlist,2022-10-31,7IvsLmr2xf84tWNyrFxMxm,https://open.spotify.com/track/7IvsLmr2xf84tWNyrFxMxm,introspective pensive urban
"Introspection Music for a Deep Meditative State, Pt. 26",Meditation Music Therapy,Calming Playlist,2022-10-31,62ZdPtizhYQaNX2pYRKcl9,https://open.spotify.com/track/62ZdPtizhYQaNX2pYRKcl9,introspective pensive urban
"Introspection Music for a Deep Meditative State, Pt. 17",Meditation Music Therapy,Calming Playlist,2022-10-31,4yjTGOjrmRFqbc1oT2YNjK,https://open.spotify.com/track/4yjTGOjrmRFqbc1oT2YNjK,introspective pensive urban
"Introspection Music for a Deep Meditative State, Pt. 37",Meditation Music Therapy,Calming Playlist,2022-10-31,4nWJdjtn6Q8y8mk80Sn1go,https://open.spotify.com/track/4nWJdjtn6Q8y8mk80Sn1go,introspective pensive urban
"Introspection Music for a Deep Meditative State, Pt. 34",Meditation Music Therapy,Calming Playlist,2022-10-31,1PjHAqEcZ6VhEalBaXEeD0,https://open.spotify.com/track/1PjHAqEcZ6VhEalBaXEeD0,introspective pensive urban
"Introspection Music for a Deep Meditative State, Pt. 32",Meditation Music Therapy,Calming Playlist,2022-10-31,1aA7jmHJO2SJhUJdRxCT72,https://open.spotify.com/track/1aA7jmHJO2SJhUJdRxCT72,introspective pensive urban
Urban Joe,Relaxing Piano Crew,Sunny Street Views,2020-04-03,4SO4q5BRvEvTljALE8eHKX,https://open.spotify.com/track/4SO4q5BRvEvTljALE8eHKX,introspective pensive urban
Atmospheric Trap Beat,101 Dark Orchid Music,All Things Urban,2019-07-24,1PYEQZ6x0igvtNz8WE1r4T,https://open.spotify.com/track/1PYEQZ6x0igvtNz8WE1r4T,introspective pensive urban
Urbana (Awake in the City),The American Dollar,Five Album Set & Bonus Eps,2014-05-05,7i6vyOCRI2v56EXj4TcipR,https://open.spotify.com/track/7i6vyOCRI2v56EXj4TcipR,introspective pensive urban
Introspection,J.H. Guraj,Introspection / Migration,2020-07-31,4ZVnDkAHKGg0sLbIgHgQvq,https://open.spotify.com/track/4ZVnDkAHKGg0sLbIgHgQvq,introspective pensive urban
Introspection,Quiet Piano Reflections,"Music for Meditation, Vol. 3: Peace",2013-05-08,2W19xqnT0u5aTFmNr4o73t,https://open.spotify.com/track/2W19xqnT0u5aTFmNr4o73t,introspective pensive urban
Urban Euphoric,Afro-Mystik,Future Tropic,1999-10-19,09jfo74l9v47XSkaOnqXD1,https://open.spotify.com/track/09jfo74l9v47XSkaOnqXD1,introspective pensive urban
Urban Jazz Glow,Chill Jazz Instrumentals,Peaceful Jazz to Relax to,2025-05-16,6VUaFQTlS6zsaWyzNnW0sS,https://open.spotify.com/track/6VUaFQTlS6zsaWyzNnW0sS,introspective pensive urban
The Urban Smoothsmith,Bob Baldwin,Newurbanjazz 3 / an Urbansmooth Suite (Full Length),2021-02-26,46yfQiKmEAns4t3yPmZtMO,https://open.spotify.com/track/46yfQiKmEAns4t3yPmZtMO,introspective pensive urban
Urban Jungle Dreams,Hotel Lobby Music,Sultry Sax: Chill Jazz,2024-09-20,3TjCMyWxuoT8ItykqneT2Z,https://open.spotify.com/track/3TjCMyWxuoT8ItykqneT2Z,introspective pensive urban
Interlude #2,Urban Knights,Urban Knights II,1997-01-01,6WyDujnGDlsCL1uKNiltCC,https://open.spotify.com/track/6WyDujnGDlsCL1uKNiltCC,introspective pensive urban
Introspection,Deep Wave,Lo-Fi Study Beats,2020-04-17,2fwUr9RZC1SZgq8PH2E2Na,https://open.spotify.com/track/2fwUr9RZC1SZgq8PH2E2Na,introspective pensive urban
Urban Delusion,Motohiro Kawashima,Prepared Wave,2019-11-04,3rHJk9iZbf8JvjEmwc5dnQ,https://open.spotify.com/track/3rHJk9iZbf8JvjEmwc5dnQ,introspective pensive urban
Background Instrumental,Urban Project,Rain Calm Vibes,2024-10-09,4CgB7Hmpjm6kIHQ2TQBgTx,https://open.spotify.com/track/4CgB7Hmpjm6kIHQ2TQBgTx,introspective pensive urban
Introspect,WORDPLAY4U2HEAR,Introspect,2020-11-20,3KAp9VIyZUrUtxyK7zfkNK,https://open.spotify.com/track/3KAp9VIyZUrUtxyK7zfkNK,introspective pensive urban
Return to Me - Alternate Instrumental,CHPTRS,Chapter Three (Alternate Versions),2018-07-03,3nWqMfTkGp4BAiKMJ6YOHe,https://open.spotify.com/track/3nWqMfTkGp4BAiKMJ6YOHe,introspective pensive urban
Urban Dreamscape,Mellow Mood Station,"Jazz & Soul R&B – Cozy Groove Sessions | Warm Rhodes, Guitar Vibes & Smooth Sax Relaxation",2025-07-24,1bifLmq212Z6UZTRM4O0Eh,https://open.spotify.com/track/1bifLmq212Z6UZTRM4O0Eh,introspective pensive urban
Urban Pulse,Rooftop Lounge,Relaxing Chill Vibes,2024-04-19,4gjLkJyJcskXAiiTEP91Gx,https://open.spotify.com/track/4gjLkJyJcskXAiiTEP91Gx,introspective pensive urban
"Introspection Music for a Deep Meditative State, Pt. 31",Meditation Music Therapy,Calming Playlist,2022-10-31,6ATzhJGyiaYTT7UZIJpHqO,https://open.spotify.com/track/6ATzhJGyiaYTT7UZIJpHqO,introspective pensive urban
"Introspection Music for a Deep Meditative State, Pt. 36",Meditation Music Therapy,Calming Playlist,2022-10-31,2MB8bPYFKsZjlbN11kNkAc,https://open.spotify.com/track/2MB8bPYFKsZjlbN11kNkAc,introspective pensive urban
"Introspection Music for a Deep Meditative State, Pt. 35",Meditation Music Therapy,Calming Playlist,2022-10-31,3xB9yeOUVmvmzhnZKszfM9,https://open.spotify.com/track/3xB9yeOUVmvmzhnZKszfM9,introspective pensive urban
Happy Urban Blues,Relaxing Piano Crew,Blues Piano: Midnight Session,2022-04-28,4ea5tXwAPsnsPypzss7zFv,https://open.spotify.com/track/4ea5tXwAPsnsPypzss7zFv,introspective pensive urban
Introspection,Richard LaBrooy,Introspection,2019-04-12,5NWClykeGxcZLjH4fJfA1q,https://open.spotify.com/track/5NWClykeGxcZLjH4fJfA1q,introspective pensive urban
Mellow Jazz Reflections,Chill Jazz Instrumentals,Urban Melodies of Jazz,2025-05-09,1lMikPwCAwayI3OThoKG9S,https://open.spotify.com/track/1lMikPwCAwayI3OThoKG9S,introspective pensive urban
Urban Training,Thi Fisher,Urban Training,2021-08-06,0BszuDU1ZA7OvdD78vKuL5,https://open.spotify.com/track/0BszuDU1ZA7OvdD78vKuL5,introspective pensive urban
Us Urban (Hard Hip Hop Beat Mix) - Rap Instrumental,RedHookNoodles Beats,Rap Beats Vol. 1 (Hip Hop Instrumentals),2015-06-23,1e68HqsggnCeXmV6TWHPnb,https://open.spotify.com/track/1e68HqsggnCeXmV6TWHPnb,introspective pensive urban
Urban Overture,Peter Buffett,Spirit - The Seventh Fire,2004-01-01,3qZqEbED6jYhtYXzB2flEp,https://open.spotify.com/track/3qZqEbED6jYhtYXzB2flEp,introspective pensive urban
Urban Sunset Glow,Softwaves Lofi,Urban Sunset Glow,2024-10-11,5xx9JYEeusMMEKwe6uX9Hr,https://open.spotify.com/track/5xx9JYEeusMMEKwe6uX9Hr,introspective pensive urban
"Music For Urban Meditation, Pt. I",Pete Namlook,Namlook XIX (Music For Urban Meditation),2004-02-12,28fnXCG5Aj6TK0pO13pxBB,https://open.spotify.com/track/28fnXCG5Aj6TK0pO13pxBB,introspective pensive urban
An Urban Club,Ambience Mastery,Nightclub Ambience,2022-07-08,0a3QiGLmgLwUPfZlDfYrZb,https://open.spotify.com/track/0a3QiGLmgLwUPfZlDfYrZb,introspective pensive urban
Introspection,The Spiritual Voyager,Healing Music Mantras for Well Being: Rhythmic Music for Yoga Practice and the Healing Spa,2019-08-12,5tlqeMrzZyIoJiuxenf6CD,https://open.spotify.com/track/5tlqeMrzZyIoJiuxenf6CD,introspective pensive urban
Urban Code,John Foxx,Metamatic,2018-05-25,6SSoaoWQ0Poj2A49Jg5Gdv,https://open.spotify.com/track/6SSoaoWQ0Poj2A49Jg5Gdv,introspective pensive urban
Urban Solitude,Teatre,Metropolis,2022-11-30,7rs8mmoTzH7Cqh3nGiRQbl,https://open.spotify.com/track/7rs8mmoTzH7Cqh3nGiRQbl,introspective pensive urban
Urban Jazz,Zed,The Best of Genetic Stress,2020-03-08,05z1qlPmRWYUqrRE3BPDlp,https://open.spotify.com/track/05z1qlPmRWYUqrRE3BPDlp,introspective pensive urban
Urbane Backdrops for Divine Cuisine,Cocktail Jazz Deluxe,Ambiance for Top Restaurants,2022-03-25,2Iyk6Yq5DmDuHnZ5kh6sEq,https://open.spotify.com/track/2Iyk6Yq5DmDuHnZ5kh6sEq,introspective pensive urban
"Introspection Music for a Deep Meditative State, Pt. 18",Meditation Music Therapy,Calming Playlist,2022-10-31,3xTNaAFOl4UcNvpjeG9gpL,https://open.spotify.com/track/3xTNaAFOl4UcNvpjeG9gpL,introspective pensive urban
Introspection - Nature Sounds Version,Flute Music Meditation DEA Channel,Flute & Water,2023-08-07,4IEEu9FbtXvRxvsT9kaOdd,https://open.spotify.com/track/4IEEu9FbtXvRxvsT9kaOdd,introspective pensive urban
Urban Renewal,Funk Inc.,Urban Renewal,1995,6aikNpD4vHSGW0qwSp7lOd,https://open.spotify.com/track/6aikNpD4vHSGW0qwSp7lOd,introspective pensive urban
Urban Snow,Hiroshi Yoshimura,Music for Nine Post Cards,2017-11-03,2J4lTXYHET1uXa8N8OfyiP,https://open.spotify.com/track/2J4lTXYHET1uXa8N8OfyiP,introspective pensive urban
Urban Whispers,High Sampling,Alleyway Acoustics,2023-07-07,1p6sMQu5DAUQ65AcMAGB6J,https://open.spotify.com/track/1p6sMQu5DAUQ65AcMAGB6J,introspective pensive urban
Rhythmic Urban Jazz,Cafe Jazz,Morning Jazz: Smooth Coffee Shop Jazz,2024-08-09,6rQGz0mAyq7fhSyj5x1HYV,https://open.spotify.com/track/6rQGz0mAyq7fhSyj5x1HYV,introspective pensive urban
Opulent Backdrops for Daydreaming Moments,Instrumental Lobby Music,Summer Rhythms,2023-07-13,11kgaqkUXlPKX2CA1v75Aw,https://open.spotify.com/track/11kgaqkUXlPKX2CA1v75Aw,introspective pensive urban
Introspection,Aural Float,Introspectives,2008-02-29,28QnR1pOmXT5I2BUkG3Q2v,https://open.spotify.com/track/28QnR1pOmXT5I2BUkG3Q2v,introspective pensive urban
"Music For Urban Meditation, Pt. II",Pete Namlook,Namlook XIX (Music For Urban Meditation),2004-02-12,6g3Fpx8oQRDCdWMIKupBzE,https://open.spotify.com/track/6g3Fpx8oQRDCdWMIKupBzE,introspective pensive urban
Peaceful Urban Glow,Tune Pulse,Smooth Neo Soul Lounge for a Feel-Good Escape,2025-07-01,25jUe0P9igvwQkhgSKSNRh,https://open.spotify.com/track/25jUe0P9igvwQkhgSKSNRh,introspective pensive urban
Urban Pursuit,Joachim Rygg,Epic Hip-Hop,2010-06-23,4nZmB8dHRgaZzYwm32WeCO,https://open.spotify.com/track/4nZmB8dHRgaZzYwm32WeCO,introspective pensive urban
Urban Adventure,The American Dollar,Lofi Dimensions 2,2020-08-21,6WqRBGnpIsW3LVcsbNpIeK,https://open.spotify.com/track/6WqRBGnpIsW3LVcsbNpIeK,introspective pensive urban
Urbane Ambience for Sunny Solutions,Morning Coffee Classics,Fido's Funk,2023-07-21,5Yi0B3OtU7Own8KZ5Uqzrs,https://open.spotify.com/track/5Yi0B3OtU7Own8KZ5Uqzrs,introspective pensive urban
Urban,Reno Prjct,1.0,2008,23gHQGKIcNn3qhENMhePDt,https://open.spotify.com/track/23gHQGKIcNn3qhENMhePDt,introspective pensive urban
Urban Reflections,House Beats,Island Breeze: Deep Chill House,2024-10-06,3o9B0lBiod9nENwzO0OpfH,https://open.spotify.com/track/3o9B0lBiod9nENwzO0OpfH,introspective pensive urban
Urban Umbrella,Hop Lofi Cafe,Lofi Coffee Shop - Relaxing Morning Jazz,2023-11-14,1dw7gwsdEviBEQJPcuqLJz,https://open.spotify.com/track/1dw7gwsdEviBEQJPcuqLJz,introspective pensive urban
Introspect,Oliver Barnacle,Dragon Skies (Original Game Soundtrack),2021-04-13,40kCjNupncQU3vj3Khs8qf,https://open.spotify.com/track/40kCjNupncQU3vj3Khs8qf,introspective pensive urban
Urban Corridors,Audiokonstrukte,Angelssphere & Other Fantastic Obstacles,2014-10-09,6ifaO4vU7tYY68Eka5sWS3,https://open.spotify.com/track/6ifaO4vU7tYY68Eka5sWS3,introspective pensive urban
Urban Dreams,Cafe Jazz Deluxe,Drip Rhythm,2025-06-06,64hPq9ZT5XkODeyfr3ueoZ,https://open.spotify.com/track/64hPq9ZT5XkODeyfr3ueoZ,introspective pensive urban
Urban Drive,Preservation,1974,2022-10-07,2IQfX4Q40K7jYm6ZqJH4mE,https://open.spotify.com/track/2IQfX4Q40K7jYm6ZqJH4mE,introspective pensive urban
Urban Sounds,Bellestar,Prive,2009-11-17,5q7dUhYXZLUnN5N99QLSUY,https://open.spotify.com/track/5q7dUhYXZLUnN5N99QLSUY,introspective pensive urban
Urban Echoes,StudyMD,Urban Oasis,2023-09-07,6DlmHl5AfdOLq8VSMxYMmO,https://open.spotify.com/track/6DlmHl5AfdOLq8VSMxYMmO,introspective pensive urban
Intrusion Dub,Intrusion,Intrusion / Reflection,2008-07-09,57M4bv721v6BTPhAENbLWr,https://open.spotify.com/track/57M4bv721v6BTPhAENbLWr,introspective pensive urban
Inspirational Mood,Instrumental Jazz Music Ambient,"Jazz in the Background - Soft Relaxing Collection for Cafe, Restaurant, Museum, Waiting Room & Hotel Lobby",2018-05-23,1hmMosi7hkUvAf9FP53gk4,https://open.spotify.com/track/1hmMosi7hkUvAf9FP53gk4,introspective pensive urban
Urban Wave,Sandgrounder,Bistro Jazz,2025-02-03,66AcHSUbwLyCcsIX5102Zk,https://open.spotify.com/track/66AcHSUbwLyCcsIX5102Zk,introspective pensive urban
Intro,Twan AM,Ambient Club,2019-05-20,7oQgiMjNantzI2JbnirmR0,https://open.spotify.com/track/7oQgiMjNantzI2JbnirmR0,introspective pensive urban
Urban Nights (Dub Mix),Urban Knights,Ibiza Chillout Lounge,2012-05-09,5pje93cUkpF6f9ex2cQWlK,https://open.spotify.com/track/5pje93cUkpF6f9ex2cQWlK,introspective pensive urban
Introspective,Incidental Music,"Tv Series Music, Vol. 4",2019-05-03,0dE6re0HcKrPqUM1DmOX0R,https://open.spotify.com/track/0dE6re0HcKrPqUM1DmOX0R,introspective pensive urban
Atmospheric Instrumental Music for Unwinding,Seven Loves,Keep Walking,2016-11-07,4fGONwMp41nEculXtOStxA,https://open.spotify.com/track/4fGONwMp41nEculXtOStxA,introspective pensive urban
Urban Steps,Drew Milligan,Hip Hop Beats,2008-11-20,48Ae1yHF8bqGKgzOdz0dlG,https://open.spotify.com/track/48Ae1yHF8bqGKgzOdz0dlG,introspective pensive urban
Urban Rhythm Magic,The Hotel Vibe,Twilight Tunes: Jazz Background Music,2024-09-20,3lKl4frvNwE9UVzKYw0JqW,https://open.spotify.com/track/3lKl4frvNwE9UVzKYw0JqW,introspective pensive urban
"Introspection04, Pt. 3",Peter Ries,Ambient Library - Introspection04,2024-02-02,6wAvSfUqlosIZQ6vWtioKP,https://open.spotify.com/track/6wAvSfUqlosIZQ6vWtioKP,introspective pensive urban
Urbanism,Niklas Aman,Wings,2012-10-18,6cLvUHwqKbaBmqhA10mMQS,https://open.spotify.com/track/6cLvUHwqKbaBmqhA10mMQS,introspective pensive urban
Urban Style,Everyday Jazz Academy,"Bossa Nova Jazz Instrumentals – New Shades of Jazz Music, Background Instrumental Sounds, Chill Jazz Piano & Guitar, Brazilian Essence",2018-05-11,56STKcuR3AuQ2Orronghy4,https://open.spotify.com/track/56STKcuR3AuQ2Orronghy4,introspective pensive urban
Urban Silence - Original Chill Out Mix,S-Tune,Urban Silence,2006,6edu4UpPLRBm9t7ddEMadZ,https://open.spotify.com/track/6edu4UpPLRBm9t7ddEMadZ,introspective pensive urban
Urban Reggae Beat,Positive Reggae Vibrations,Reggae Vibrations - Best 2018 Hits (Positive Jamaican Instrumental Music),2018,7zf0yF25MiWMWRNRxl3uqE,https://open.spotify.com/track/7zf0yF25MiWMWRNRxl3uqE,introspective pensive urban
Introspective,LAAKE,PIAANO,2017-10-13,2NidR5LnYOiApQvoYyoazM,https://open.spotify.com/track/2NidR5LnYOiApQvoYyoazM,introspective pensive urban
Left Behind - Instrumental,Michael Oakley,Introspect (The Instrumentals),2019-03-29,2vYAP6e7xREQnkILDyQPXw,https://open.spotify.com/track/2vYAP6e7xREQnkILDyQPXw,introspective pensive urban
Intrinsic,ambinate,Cycles EP,2011-11-21,4e2bn4H7DDphUFnk4mOVhJ,https://open.spotify.com/track/4e2bn4H7DDphUFnk4mOVhJ,introspective pensive urban
Urban Retreat,Lofi Cassete Tunes,A Lofi Voyage,2023-06-09,3QudgixE9xsC8YghlPazd1,https://open.spotify.com/track/3QudgixE9xsC8YghlPazd1,introspective pensive urban
Urban Jungle,Blackbird,Perfect World,2022-06-24,0giQBhkOHKPNN3XfATygDO,https://open.spotify.com/track/0giQBhkOHKPNN3XfATygDO,introspective pensive urban
Intro,Tyris White,Urb Darzova,2019-11-16,2T12IJgNV6JQ9GUSXu6Cnj,https://open.spotify.com/track/2T12IJgNV6JQ9GUSXu6Cnj,introspective pensive urban
Urban Grooves,Amazing Chill Out Jazz Paradise,Deep Instrumental: Jazz Instrumentals,2025-06-27,23uoqwzAaZptV28dB1Q2VP,https://open.spotify.com/track/23uoqwzAaZptV28dB1Q2VP,introspective pensive urban
Melodic Hip Hop Instrumental,Rap Instrumentals,Rap Instrumentals: Freestyle Instrumentals and Hip Hop Beats,2011-12-19,5sNR1jFtgzy0uDdcgnRsAn,https://open.spotify.com/track/5sNR1jFtgzy0uDdcgnRsAn,introspective pensive urban
Lofi Inspiration,Music For A Workday,Relaxing Lo Fi Hip Hop Music For Workday,2022-12-23,2N6acdoieqLR5X4KljCNmw,https://open.spotify.com/track/2N6acdoieqLR5X4KljCNmw,introspective pensive urban
Intrinsic Light,RHHS Music,Intrinsic Light,2020-04-09,5OfEJGhnS8GkwjX1LggopA,https://open.spotify.com/track/5OfEJGhnS8GkwjX1LggopA,introspective pensive urban
Inspiring,AudioLounge,Happy Upbeat Background Music,2020-08-28,1Q5Ku8hqkITowamHJPUdB7,https://open.spotify.com/track/1Q5Ku8hqkITowamHJPUdB7,introspective pensive urban
Overture,The Urban Renewal Project,21st Century Ghost,2017-09-15,2cjiBs3aaX7uFipMLNhCTW,https://open.spotify.com/track/2cjiBs3aaX7uFipMLNhCTW,introspective pensive urban
Urban Mirage,Relaxing Jazz Music Instrumental,Dreamy Jazz for Relaxing,2025-09-19,29YWRp5uARm6aRnOAXrozL,https://open.spotify.com/track/29YWRp5uARm6aRnOAXrozL,introspective pensive urban
Urban Beats,Jazz Lounge Masters,Satin Sway: Jazz Meditation Music,2025-06-20,2oIiZqTfZfOgjKu7HxRkpM,https://open.spotify.com/track/2oIiZqTfZfOgjKu7HxRkpM,introspective pensive urban
Urban Tapes,Instrumental Rap Hip Hop,Grind Mode,2025-06-06,6whwhLpF6mY71JW6I70u1t,https://open.spotify.com/track/6whwhLpF6mY71JW6I70u1t,introspective pensive urban
Introspection,The Lofi Office,Introspection,2022-04-15,6dEYdxgX7xbOxYfaskpLRp,https://open.spotify.com/track/6dEYdxgX7xbOxYfaskpLRp,introspective pensive urban
Interstellar,Urban Nomad,Chillstep,2018-03-05,12Cb8h3pvu8gYZ46SCCTbs,https://open.spotify.com/track/12Cb8h3pvu8gYZ46SCCTbs,introspective pensive urban
Introspection,Modern Headspace,Introspection,2020-10-16,1v4BZ4AenMxN3YvWiqG5gD,https://open.spotify.com/track/1v4BZ4AenMxN3YvWiqG5gD,introspective pensive urban
"Introspection Music for a Deep Meditative State, Pt. 39",Meditation Guru,Saturday Morning,2022-10-08,2OxgQPgn3EYsQU4vYywGtv,https://open.spotify.com/track/2OxgQPgn3EYsQU4vYywGtv,introspective pensive urban
Introspective,Phlocalyst,This must be the place,2019-07-05,5G5wGJFn1pWN5oAXsWfdEu,https://open.spotify.com/track/5G5wGJFn1pWN5oAXsWfdEu,introspective pensive urban
Introspect,monoscape,Halcyon Bloom,2020-07-26,2vGzGksRggvQ8eEZyyTW1K,https://open.spotify.com/track/2vGzGksRggvQ8eEZyyTW1K,introspective pensive urban
Urban Exploration (Inspired by Mirror's Edge: Catalyst),Gamer Horizon,Urban Exploration (Inspired by Mirror's Edge: Catalyst),2016-07-14,0NgUQtZVdUHpWXdHNtBuzd,https://open.spotify.com/track/0NgUQtZVdUHpWXdHNtBuzd,introspective pensive urban
Inspiring Calm Optimistic,BlueTreeAudio,Corporate Ambient Sound,2020-07-17,0QejA12bHZZ1vsjBJ0yG0D,https://open.spotify.com/track/0QejA12bHZZ1vsjBJ0yG0D,introspective pensive urban
Slow Dramatic Reflective Piano,Stephan Lindsjo,"Mood Introspective, Set 35",2022-04-17,3TzRU5rfmmMIsOMTfuSHxc,https://open.spotify.com/track/3TzRU5rfmmMIsOMTfuSHxc,introspective pensive urban
Intro - Instrumental,Freddie Joachim,In With Time Instrumentals,2018-05-11,6DVppwmCVptK3QzhC7ADVK,https://open.spotify.com/track/6DVppwmCVptK3QzhC7ADVK,introspective pensive urban
Urban Trance,Hennie Bekker,Hennie Bekker's Tranquility - Awakenings,1994-10-01,7xqfzc40z3QuBf2f41OLr0,https://open.spotify.com/track/7xqfzc40z3QuBf2f41OLr0,introspective pensive urban
Urban Poetry,Donell Mase,Picture This,2015-11-27,6YAmWaqzEYmRdqdNDiBQFi,https://open.spotify.com/track/6YAmWaqzEYmRdqdNDiBQFi,introspective pensive urban
Inspirational Keys,Urban Waves Jazz,Work Vibes (Relaxing Jazz for Productivity),2024-11-11,1F3wiIBpEwywew7hde52Sa,https://open.spotify.com/track/1F3wiIBpEwywew7hde52Sa,introspective pensive urban
Urban Nights,Jazz Lounge Collection,Gentle Relaxing: Relaxing Jazz Instrumentals,2025-06-27,1ZGp5qjry09ZRujwcgLgdM,https://open.spotify.com/track/1ZGp5qjry09ZRujwcgLgdM,introspective pensive urban
Urbania,Tyris White,Urb Darzova,2019-11-16,3gW60PmVT9Apsf55kPwmsr,https://open.spotify.com/track/3gW60PmVT9Apsf55kPwmsr,introspective pensive urban
Inspiration,Music For A Workday,Relaxing Lo Fi Hip Hop Music For Workday,2022-12-23,61UPdGEvj0ykjURrmbJnEs,https://open.spotify.com/track/61UPdGEvj0ykjURrmbJnEs,introspective pensive urban
Introspective Dream,Eric Harry,"Away Melancholy, Away",2009-01-08,7AARwdKycaUJAxdfwnDivb,https://open.spotify.com/track/7AARwdKycaUJAxdfwnDivb,introspective pensive urban
Urban Serenity,Ekaterina Sterling,Música instrumental inspiradora (Piano),2024-07-17,1KsfhBgfndG6ZtAItSpYJk,https://open.spotify.com/track/1KsfhBgfndG6ZtAItSpYJk,introspective pensive urban
Introspection,6 Strings & Machines,Introspection,2022-06-28,0mnvSdwB5FQlOdcHlZqdwP,https://open.spotify.com/track/0mnvSdwB5FQlOdcHlZqdwP,introspective pensive urban
Introspection,Sapphire Skies,Nostalgia,2021-01-23,0grG6Z3HJbrQsNU2N7Wq1i,https://open.spotify.com/track/0grG6Z3HJbrQsNU2N7Wq1i,introspective pensive urban
Introspection (Instrumental),Alias Molombo,Introspection,2022-09-23,26OSI3UnmYyzZTrdLLvP2n,https://open.spotify.com/track/26OSI3UnmYyzZTrdLLvP2n,introspective pensive urban
"Introspection04, Pt. 2",Peter Ries,Ambient Library - Introspection04,2024-02-02,68ULvbwKX8RYSqcY3HyKBG,https://open.spotify.com/track/68ULvbwKX8RYSqcY3HyKBG,introspective pensive urban
Introspection,Strings of Kin,"Garden of Relaxation: Music for Spa, Focus and Relaxation",2020-06-09,2uZdaZyZyNxZwQIgSdiIh8,https://open.spotify.com/track/2uZdaZyZyNxZwQIgSdiIh8,introspective pensive urban
"Introspection04, Pt. 5",Peter Ries,Ambient Library - Introspection04,2024-02-02,7LxTxVPPKtJDfUw6xiBZJB,https://open.spotify.com/track/7LxTxVPPKtJDfUw6xiBZJB,introspective pensive urban
"Introspection04, Pt. 8",Peter Ries,Ambient Library - Introspection04,2024-02-02,0LnBp7n9RPsgYrR2SFyy93,https://open.spotify.com/track/0LnBp7n9RPsgYrR2SFyy93,introspective pensive urban
Urban Beats,Jazz Lounge Collection,Gentle Relaxing: Relaxing Jazz Instrumentals,2025-06-27,2govRlWHQwXDeggw8ESbut,https://open.spotify.com/track/2govRlWHQwXDeggw8ESbut,introspective pensive urban
Introspection,UZ,Layers,2017-06-30,5bFqZ2d0BcXIbsF8zeI6qi,https://open.spotify.com/track/5bFqZ2d0BcXIbsF8zeI6qi,introspective pensive urban
No Better Place - Instrumental,Urban Underground®,World Peace,2020-04-20,2c2WQa8w0fYqI5bPdqfOgp,https://open.spotify.com/track/2c2WQa8w0fYqI5bPdqfOgp,introspective pensive urban
Inspirational Thoughts,Waiting Room Background Music Ensemble,"Calm Waiting Room: Background Jazz, Smooth Instrumental Music, Reduce Stress & Relaxation, Uplifting Elevator Music",2017-01-26,5uaZcPZCuRQx9VHBokw5em,https://open.spotify.com/track/5uaZcPZCuRQx9VHBokw5em,introspective pensive urban
Urban,World Saxophone Quartet,Moving Right Along,1994-12-28,5oaJ7C0g7MwuPRy6uBJznS,https://open.spotify.com/track/5oaJ7C0g7MwuPRy6uBJznS,introspective pensive urban
Inspiring Ambient,DensoMusic,Ambient Corporate Background,2021-03-21,7qUv81aCnBV7hbIhxqX7J0,https://open.spotify.com/track/7qUv81aCnBV7hbIhxqX7J0,introspective pensive urban
Deepening Breathe - Day 26: Introspection Melody,The inner Harmonies,Mindful Flutes (For Busy Days - 30 Cuts),2015-04-10,0oPtlxQrB6c0m5ML3RacLG,https://open.spotify.com/track/0oPtlxQrB6c0m5ML3RacLG,introspective pensive urban
Introspection Frequency,Musica Ambiental,Oasis Del Jardín Zen,2025-01-20,2XNpHsxiNBcHYGWbxd3Dj9,https://open.spotify.com/track/2XNpHsxiNBcHYGWbxd3Dj9,introspective pensive urban
Urban Groove,Cafe Jazz Deluxe,Drip Rhythm,2025-06-06,2m5cTpNuHooiHxCW3bE9ju,https://open.spotify.com/track/2m5cTpNuHooiHxCW3bE9ju,introspective pensive urban
Lofi Inspiration Music Mix,Music For A Workday,Relaxing Lo Fi Hip Hop Music For Workday,2022-12-23,0GsrCC6pgYLjCrqtgvNelR,https://open.spotify.com/track/0GsrCC6pgYLjCrqtgvNelR,introspective pensive urban
Urbiank,K-DEF,BEATS FROM THE 90's,2008-06-24,5lFjHtIOd9TIO909QPAIdM,https://open.spotify.com/track/5lFjHtIOd9TIO909QPAIdM,introspective pensive urban
Ambient Piano Inspire Trailer (Intro),331Music,Uplifting Music,2022-03-25,289pmU2nL3o5569hzMCcNS,https://open.spotify.com/track/289pmU2nL3o5569hzMCcNS,introspective pensive urban
"Music For Urban Meditation, Pt. V",Pete Namlook,Namlook XIX (Music For Urban Meditation),2004-02-12,4GdZ4d3xBzGQHo2L06krJJ,https://open.spotify.com/track/4GdZ4d3xBzGQHo2L06krJJ,introspective pensive urban
Introspect,David Parsons,In Retrospect: 1980-2003,2004-01-01,4R6bV2SNR11MVmQ3jK9P0R,https://open.spotify.com/track/4R6bV2SNR11MVmQ3jK9P0R,introspective pensive urban
Urban Jungle Beats,Study Jazz,Stories from the Soul,2025-02-27,3KiGTFCFNOaYvShDmfMUje,https://open.spotify.com/track/3KiGTFCFNOaYvShDmfMUje,introspective pensive urban
Urban Landscape,Kazam,Cycles,2022-02-04,1mqEDaXP42kQJqROGSTleS,https://open.spotify.com/track/1mqEDaXP42kQJqROGSTleS,introspective pensive urban
Introspektiv,BGPONE,Pure Instrumental Music,2015-12-18,14Z0iLotjRvELJZmfSo28h,https://open.spotify.com/track/14Z0iLotjRvELJZmfSo28h,introspective pensive urban
Introspection,Aleks Michalski,Existence,2018-04-16,5bPpSxC6hRtwdqTLh5eStz,https://open.spotify.com/track/5bPpSxC6hRtwdqTLh5eStz,introspective pensive urban
Urban Life,Helios Jazz Club,Cityscapes,2024-04-12,4QYLRkgLtTxPKazxvWsyAc,https://open.spotify.com/track/4QYLRkgLtTxPKazxvWsyAc,introspective pensive urban
Urban Jazz Decay Reprise,Aandra,Jazz Lounge,2018-09-25,78Cu0LGfnfvNeTQHv49niH,https://open.spotify.com/track/78Cu0LGfnfvNeTQHv49niH,introspective pensive urban
Urban Country,Country Music,Instrumental Country Songs 2022,2022-02-11,6H3FFT3BeMdBWuvifn3NOD,https://open.spotify.com/track/6H3FFT3BeMdBWuvifn3NOD,introspective pensive urban
Ambient Energy,Urban Waves Jazz,Work Vibes (Relaxing Jazz for Productivity),2024-11-11,6O5cJW5av0d7taO5mwQptO,https://open.spotify.com/track/6O5cJW5av0d7taO5mwQptO,introspective pensive urban
Urban Swing Echoes,Cafe Jazz,Morning Jazz: Smooth Coffee Shop Jazz,2024-08-09,6aNcuz72mdVMiNb8EX75xc,https://open.spotify.com/track/6aNcuz72mdVMiNb8EX75xc,introspective pensive urban
Introspection,Minddigger,Introspection,2022-09-01,73hPqBf3a0CcAecSEtAg79,https://open.spotify.com/track/73hPqBf3a0CcAecSEtAg79,introspective pensive urban
introspection,pakkokon,夢で,2022-11-17,7E5UEuNhQRpLD2Q6beFm40,https://open.spotify.com/track/7E5UEuNhQRpLD2Q6beFm40,introspective pensive urban
Instrospection (Remix Instrumental),Alias Molombo,Introspection (Remix),2024-09-06,3cgFzyK2S05PFRdPb5aQN8,https://open.spotify.com/track/3cgFzyK2S05PFRdPb5aQN8,introspective pensive urban
Urban Whispers,Lofi Chillhop,Beats from Another Room,2025-04-02,75QR0RLf1LbOyBTZSDEAz2,https://open.spotify.com/track/75QR0RLf1LbOyBTZSDEAz2,introspective pensive urban
Urban Jazz Echo,Hotel Lobby Music,Sultry Sax: Chill Jazz,2024-09-20,55xIDnmS1gnqhE0EGBujn6,https://open.spotify.com/track/55xIDnmS1gnqhE0EGBujn6,introspective pensive urban
Inspirational Corporate Ambient,AShamaluevMusic,Inspirational Corporate Ambient,2019-03-11,2iTLUC9qHK6auBy45Ar4Eg,https://open.spotify.com/track/2iTLUC9qHK6auBy45Ar4Eg,introspective pensive urban
Introspect,Joachim Spieth,Luminophor,2018-10-15,1tL8xavfWRwCkft9PJ5Ymm,https://open.spotify.com/track/1tL8xavfWRwCkft9PJ5Ymm,introspective pensive urban
Lofi Interlude,Inteus,Voyager,2019-11-22,5M4DRkxhkgmxNVVHMsPCeE,https://open.spotify.com/track/5M4DRkxhkgmxNVVHMsPCeE,introspective pensive urban
Urban Jazz Reverie,Relaxing Jazz Music Instrumental,Positive Jazz Instrumentals for Studying,2025-08-08,5Dl91S0QRz88h1KgfqO7yn,https://open.spotify.com/track/5Dl91S0QRz88h1KgfqO7yn,introspective pensive urban
Urban Life,Jay Shanes,Chill Instrumental Sax Music,2019-10-31,1lQlPb5bLp4ykoZbKFSEK0,https://open.spotify.com/track/1lQlPb5bLp4ykoZbKFSEK0,introspective pensive urban
I Can Feel It - Instrumental,Urban Soul Project,I Can Feel It,2020-06-12,2ha4PxSd5qvYZdkOw6Ufzs,https://open.spotify.com/track/2ha4PxSd5qvYZdkOw6Ufzs,introspective pensive urban
Urban Atmos,Slumbertronica,Urban Atmos,2022-05-23,6N0LkBzNiFhvOziJl8Gxdq,https://open.spotify.com/track/6N0LkBzNiFhvOziJl8Gxdq,introspective pensive urban
Sesión Urbana,Instrumental Jazz Música Ambiental,Tarde de Jazz,2025-05-23,6AtziT1td7dLfe8A5k6wEp,https://open.spotify.com/track/6AtziT1td7dLfe8A5k6wEp,introspective pensive urban
"Introspection04, Pt. 6",Peter Ries,Ambient Library - Introspection04,2024-02-02,2IOmpV2dOwr0ixtot3Ozuh,https://open.spotify.com/track/2IOmpV2dOwr0ixtot3Ozuh,introspective pensive urban
Urban Jungle Beats,Melody Explorer,Harmonic Fusion Adventure,2023-11-02,2trl4fhPLxJJvDEP1Pxdwr,https://open.spotify.com/track/2trl4fhPLxJJvDEP1Pxdwr,introspective pensive urban
"Introspection04, Pt. 7",Peter Ries,Ambient Library - Introspection04,2024-02-02,3Vppejk7eD93qdDeL6x1XH,https://open.spotify.com/track/3Vppejk7eD93qdDeL6x1XH,introspective pensive urban
Introspection,Relaxing Music,Meditation Music,2020-11-19,2tKjVrd957GWAj06iETXTh,https://open.spotify.com/track/2tKjVrd957GWAj06iETXTh,introspective pensive urban
Introspection,David Henderson,Soothing My Soul,2010-10-18,1oZ50oGkT8ZH4qPRD3BDLz,https://open.spotify.com/track/1oZ50oGkT8ZH4qPRD3BDLz,introspective pensive urban
Intrusion - Instrumental,3FORCE,Curved Space (Official Game Soundtrack),2021-06-29,6OQcNpoId7umeyZ2dAwobR,https://open.spotify.com/track/6OQcNpoId7umeyZ2dAwobR,introspective pensive urban
Inspiring Ambiance for Summer Tones,Happy Instrumental Music,Music for Summer Keytones,2022-06-20,4aBccoALldraMl4Yc7BARI,https://open.spotify.com/track/4aBccoALldraMl4Yc7BARI,introspective pensive urban
Urban Frequency,David Sánchez,Street Scenes,1996-09-03,7pCg7a1HQaHHdYlywO3wJl,https://open.spotify.com/track/7pCg7a1HQaHHdYlywO3wJl,introspective pensive urban
"Introspection04, Pt. 9",Peter Ries,Ambient Library - Introspection04,2024-02-02,6ulmyNbVsRR5LkCHn9n0Wg,https://open.spotify.com/track/6ulmyNbVsRR5LkCHn9n0Wg,introspective pensive urban
Introspective Pt. 1,Michel Jean,Introspective Pt. 1,2022-02-11,3VKGXEiC61JRf8Q5FJPrwy,https://open.spotify.com/track/3VKGXEiC61JRf8Q5FJPrwy,introspective pensive urban
Urban Magic,Jazz Deluxe,Urban Lounge: Urban Jazz Vibes,2025-06-27,6xBTgcOf7BWzCO1IVyGQsP,https://open.spotify.com/track/6xBTgcOf7BWzCO1IVyGQsP,introspective pensive urban
Introspection,The Lay-Backs,Introspection,2022-11-18,3AjIW7YdxQ6Q1xK3FUCpQv,https://open.spotify.com/track/3AjIW7YdxQ6Q1xK3FUCpQv,introspective pensive urban
Introspection,Trent Briden,Introspection,2016-11-01,1MKUhfRRbsoEzOHvP0Iajc,https://open.spotify.com/track/1MKUhfRRbsoEzOHvP0Iajc,introspective pensive urban
Urban Rooftop Chill,Rooftop Lounge Beats,Cool Music,2024-05-17,6KdyVlF1K16Buif6JIja94,https://open.spotify.com/track/6KdyVlF1K16Buif6JIja94,introspective pensive urban
Introspection,Olivier Collette,Phi,2019-03-01,33yAKCUYGFpfZmMMoFWR5M,https://open.spotify.com/track/33yAKCUYGFpfZmMMoFWR5M,introspective pensive urban
Deep Introspection Chillout,Nature Sound Retreat,10 Minute Meditations - Music for Relaxation (Vol. 2),2022-04-01,04Mx3z3ZmjWgnfTDVjFBHi,https://open.spotify.com/track/04Mx3z3ZmjWgnfTDVjFBHi,introspective pensive urban
Urban Dreams (feat. Ron Brown),Urban Jazz Network,Urban Dreams,2010-05-15,0viSF1KhOH2aAU16slIsz6,https://open.spotify.com/track/0viSF1KhOH2aAU16slIsz6,introspective pensive urban
Urban Chords,Restaurant Lounge Background Music,Urban Sax Vibes: A Cosmopolitan Jazz Odyssey,2024-12-05,1FhqoJMPJrobpWlCCE0UUI,https://open.spotify.com/track/1FhqoJMPJrobpWlCCE0UUI,introspective pensive urban
"Music For Urban Meditation, Pt. VI",Pete Namlook,Namlook XIX (Music For Urban Meditation),2004-02-12,2a0JujdHMRxD8tOyDaTf7e,https://open.spotify.com/track/2a0JujdHMRxD8tOyDaTf7e,introspective pensive urban
Urban Daylight Flow,Tune Pulse,SMOOTH NEO SAX LOUNGE | Feel-Good Sax Grooves to Unwind in Style,2025-06-22,1eKtkSHE3OYrpe1c1w7Ypv,https://open.spotify.com/track/1eKtkSHE3OYrpe1c1w7Ypv,introspective pensive urban
Urban Soul Beats,The Hotel Vibe,Velvet Moments in Time,2025-02-25,02xco5ILxInUtqUNmS7rov,https://open.spotify.com/track/02xco5ILxInUtqUNmS7rov,introspective pensive urban
Urban Investigation,Sylvain Lux,Urban Investigation,2009-06-19,2XXDYbYstqvAM3ZbxYcE9j,https://open.spotify.com/track/2XXDYbYstqvAM3ZbxYcE9j,introspective pensive urban
Urban Lullaby,Childs,Realidal,2015-09-01,2GRoIrzYf3Z5sajazcdc00,https://open.spotify.com/track/2GRoIrzYf3Z5sajazcdc00,introspective pensive urban
Urban Night,Jazz Lounge Collection,Gentle Relaxing: Relaxing Jazz Instrumentals,2025-06-27,0YVsCp5ZbpL7TlGXxw1685,https://open.spotify.com/track/0YVsCp5ZbpL7TlGXxw1685,introspective pensive urban
"Open Window, Pt. 2",Urban Sounds,Open Window: Enjoy a Typical New York Night in the Heart of Manhatten,2019-12-06,3zIvtUZ3lnQPT02Dflm969,https://open.spotify.com/track/3zIvtUZ3lnQPT02Dflm969,introspective pensive urban
Intro,Perko,The City Rings,2020-02-07,6AkLVSw6bfd1qulKjVZ8A6,https://open.spotify.com/track/6AkLVSw6bfd1qulKjVZ8A6,introspective pensive urban
Urbanistic Ritual,9:25 am,Urbanistic Ritual,2021-06-13,59mis1UD2YrBCS7ybOJBse,https://open.spotify.com/track/59mis1UD2YrBCS7ybOJBse,introspective pensive urban
Introspective Bloom,Chill Sunset Vibes,BALEARIC SUNSET LOUNGE CHILL HOUSE SESSION,2025-08-05,6WoNC2Dgejb4dM8SFfwCRo,https://open.spotify.com/track/6WoNC2Dgejb4dM8SFfwCRo,introspective pensive urban
Uplifting Ambience,LO-FI BEATS,"!!!"" Lofi Beats To Sleep To ""!!!",2022-09-21,0QoKwyMU4yeIxUI3Rrxu0U,https://open.spotify.com/track/0QoKwyMU4yeIxUI3Rrxu0U,introspective pensive urban
Urban Rhythm,KLIM,Natural,2018-01-15,1cfZqySwoWaWe3NNdSRwUw,https://open.spotify.com/track/1cfZqySwoWaWe3NNdSRwUw,introspective pensive urban
Through Quiet Streets,Best Instrumental Background Music,Drum and Bass,2024-12-27,1vMscwai4h4NsG4xtf5d1s,https://open.spotify.com/track/1vMscwai4h4NsG4xtf5d1s,introspective pensive urban
Instrumental Music,Brain Stimulation Music Collective,"Binaural Ambient Music for Brainwaves Entertainment – Deep Instrumental Beats for Focus on Adhd, Attention, Concentration and Improve Memory for Study",2015-09-23,0nO1YMo1LXkug2BNBvJWUq,https://open.spotify.com/track/0nO1YMo1LXkug2BNBvJWUq,introspective pensive urban
Urban Groove,Pierre Perez-Vergara,Urban Voyage,1995-12-19,5q593nMNG5h95mj9rHh60n,https://open.spotify.com/track/5q593nMNG5h95mj9rHh60n,introspective pensive urban
Melancholic Saxophone,Jazz Instrumental Relax Center,Calming Jazz for Reading: Soothing Evening with Cozy Instrumental Background,2022-02-02,0AYqXFsYx9feWW3GhpIZDx,https://open.spotify.com/track/0AYqXFsYx9feWW3GhpIZDx,introspective pensive urban
Intro,Spectacle,Destination,2019-01-07,6omlnQk6UfYievx4vs3Y4k,https://open.spotify.com/track/6omlnQk6UfYievx4vs3Y4k,introspective pensive urban
Reflexives II,Arc Lab,The Goodbye Radio,2008-04-22,32Vs4KqTu0UEUhgiNl6rU1,https://open.spotify.com/track/32Vs4KqTu0UEUhgiNl6rU1,introspective pensive urban
Transparent,Urban Click,Grey Season,2014-11-30,7Kyx4L7Dzuzf1aWNCNbsCy,https://open.spotify.com/track/7Kyx4L7Dzuzf1aWNCNbsCy,introspective pensive urban
Urban Jazz Nightscape,The Hotel Vibe,Midnight Whispers,2025-01-24,4b8i8IB8uKQtJad7YGQ6y6,https://open.spotify.com/track/4b8i8IB8uKQtJad7YGQ6y6,introspective pensive urban
Introspection,Pure Colors,A Deeper Love,2018-03-09,0qbtVgJ0M6b0ObKOdtYmJr,https://open.spotify.com/track/0qbtVgJ0M6b0ObKOdtYmJr,introspective pensive urban
Urban Flow Part 2,Onix,URBS,2024-10-01,47Ab8jCUQJHnmd5p9mU1k4,https://open.spotify.com/track/47Ab8jCUQJHnmd5p9mU1k4,introspective pensive urban
Intro,Me:Mo,Acoustic View,2010-05-05,2PA8DOkpd8okb4kVVdlEwr,https://open.spotify.com/track/2PA8DOkpd8okb4kVVdlEwr,introspective pensive urban
"Introspection04, Pt. 10",Peter Ries,Ambient Library - Introspection04,2024-02-02,3l0VsLo27c0SVdMNj6eFVR,https://open.spotify.com/track/3l0VsLo27c0SVdMNj6eFVR,introspective pensive urban
"Open Window, Pt. 3",Urban Sounds,Open Window: Enjoy a Typical New York Night in the Heart of Manhatten,2019-12-06,0EIIRnfA21dtkynZelhWOz,https://open.spotify.com/track/0EIIRnfA21dtkynZelhWOz,introspective pensive urban
Urban Dreams,Relaxing Jazz Piano,Whisper Current,2025-05-30,1CKwqHO5PJq4Kq0t3iK10j,https://open.spotify.com/track/1CKwqHO5PJq4Kq0t3iK10j,introspective pensive urban
Urban Sounds,Bellestar,The Best of Trip Hop,2014-07-31,5tjwVf2ICLAQ6kQ4x7Pjr2,https://open.spotify.com/track/5tjwVf2ICLAQ6kQ4x7Pjr2,introspective pensive urban
Alone - Lofi Hip Hop Radio Mix,Sourze Music,Beats To Relax & Music To Study Instrumentals (Lofi Hip Hop Beats),2019-01-19,0BfJNkOCUnrRuCS9L6sUze,https://open.spotify.com/track/0BfJNkOCUnrRuCS9L6sUze,introspective pensive urban
Introspection 4,Rogier Van Otterloo,Dolce Vita,2014,4hiIUSD93ocYOE6t3Pv77k,https://open.spotify.com/track/4hiIUSD93ocYOE6t3Pv77k,introspective pensive urban
Urban Analogue Movements,David Busmer,Planet Chill 2017,2017-07-21,1dQiIms3oFKGyGuWA5Wbzj,https://open.spotify.com/track/1dQiIms3oFKGyGuWA5Wbzj,introspective pensive urban
Urban whistle,morrisda,Urban whistle,2022-09-02,70atQYciJIxfDEr7rLrzQt,https://open.spotify.com/track/70atQYciJIxfDEr7rLrzQt,introspective pensive urban
New Urban Center (UP-09),Takuro Okada,都市計画(Urban Planning),2020-05-20,3H1ufFMOIzQTmL9tJ6LpE3,https://open.spotify.com/track/3H1ufFMOIzQTmL9tJ6LpE3,introspective pensive urban
Urban Jazz Mirage,Relaxing Jazz Music Instrumental,Soulful Jazz Cafe,2025-09-12,4Uqlefxw6UvLDcqdMI9pkK,https://open.spotify.com/track/4Uqlefxw6UvLDcqdMI9pkK,introspective pensive urban
Introspection,Roni Ben-Hur,Introspection,2018-04-28,5MdQTVyO6qbmV077MfBcP8,https://open.spotify.com/track/5MdQTVyO6qbmV077MfBcP8,introspective pensive urban
Introspection,Spa Music & Meditation Collective,Amazing Spa Music,2021-10-27,23G5oxqHcQ1Bmo8ao0JURO,https://open.spotify.com/track/23G5oxqHcQ1Bmo8ao0JURO,introspective pensive urban
Intro,Lightwave,Cités Analogues,1988-01-01,6AUwVj5GdIRk1njcvvZbFP,https://open.spotify.com/track/6AUwVj5GdIRk1njcvvZbFP,introspective pensive urban
Corporate Interiors,Body-San,Corporate Interiors,2015-05-05,6wOKvyDz4xG5o9N7pQVlBV,https://open.spotify.com/track/6wOKvyDz4xG5o9N7pQVlBV,introspective pensive urban
Urban Relaxation,BeatClock,Cityscape,2024-05-21,5Bgnhbo2V7f3Y2u5CZo4K7,https://open.spotify.com/track/5Bgnhbo2V7f3Y2u5CZo4K7,introspective pensive urban
Introspection,Red Dictionary,Hope Will Find Its Way,2013-01-18,41cc2hsndG53Mjqdk8EiW6,https://open.spotify.com/track/41cc2hsndG53Mjqdk8EiW6,introspective pensive urban
Interlude,Art Aknid,Urban Lullabies,2021-05-10,0aO30fSbMVmoFqxoBDMNnP,https://open.spotify.com/track/0aO30fSbMVmoFqxoBDMNnP,introspective pensive urban
Introspection,Stephen Root,Emotional Journeys,2015-04-27,0lEvFr92ROrZ4cFDmOoCM8,https://open.spotify.com/track/0lEvFr92ROrZ4cFDmOoCM8,introspective pensive urban
Urban Nocturnal,Rinsethealgorithm,Locutions,2008-08-26,2HU2wKPukPKlhe75dzJWBt,https://open.spotify.com/track/2HU2wKPukPKlhe75dzJWBt,introspective pensive urban
Inspirational Ambient,AShamaluevMusic,Inspirational Ambient,2019-09-30,34JnRqjUHjo1EPWWObtPz9,https://open.spotify.com/track/34JnRqjUHjo1EPWWObtPz9,introspective pensive urban
Introspective Therapy,Concentrating Music,Concentrating Music,2020-06-09,4u85krSiIzF7rp818AHu2c,https://open.spotify.com/track/4u85krSiIzF7rp818AHu2c,introspective pensive urban
Artistic Ambience for Summer Keytones,Happy Instrumental Music,Music for Summer Keytones,2022-06-20,4lJYeSBdbgybKzzKfoYfd9,https://open.spotify.com/track/4lJYeSBdbgybKzzKfoYfd9,introspective pensive urban
Urban Nights,Bruce Riley,Smooth Jazz: 10 Greatest Hits,2014-11-22,1i3OYCG1NwNKf8qBzUFBiQ,https://open.spotify.com/track/1i3OYCG1NwNKf8qBzUFBiQ,introspective pensive urban
Public Open Space (UP-14),Takuro Okada,都市計画(Urban Planning),2020-05-20,3VB8MyzxA50nB1w6NbqlW5,https://open.spotify.com/track/3VB8MyzxA50nB1w6NbqlW5,introspective pensive urban
Introspection,Alex Monfort Trio,Introspection,2018-05-18,7s3oVBpHv4wpd24f4lxDoZ,https://open.spotify.com/track/7s3oVBpHv4wpd24f4lxDoZ,introspective pensive urban
Urban Echoes of Serendipity,Eximo Blue,Jazz to Transform the Work Space into a Stylish Area,2024-03-27,1YtaMozCb5N19gJzfl8eU4,https://open.spotify.com/track/1YtaMozCb5N19gJzfl8eU4,introspective pensive urban
Urban Nights Jazz,Chill Jazz Instrumentals,Relaxing Manhattan Jazz,2025-04-04,0bUBbFuAPfeyKSNo6Gi6hD,https://open.spotify.com/track/0bUBbFuAPfeyKSNo6Gi6hD,introspective pensive urban
Urban Space,Erik Wøllo,Images of Light,2015-02-03,4uDHe5Wzr2csSZcBqNAm2Z,https://open.spotify.com/track/4uDHe5Wzr2csSZcBqNAm2Z,introspective pensive urban
Urban Nightflow,Lofi Hip Hop,Chillhop Beats,2024-10-11,5QQHAY6qYtkOAFmQQDhTg4,https://open.spotify.com/track/5QQHAY6qYtkOAFmQQDhTg4,introspective pensive urban
Introspect,Skekz,Introspect,2020-10-16,2qQDJJqvXiPOyuhkuelQMQ,https://open.spotify.com/track/2qQDJJqvXiPOyuhkuelQMQ,introspective pensive urban
Cityscape Serenades,Silhouette Grove,Urban Reverie,2023-11-03,164Qw00pZYOwDmAjkuQIJH,https://open.spotify.com/track/164Qw00pZYOwDmAjkuQIJH,introspective pensive urban
Intro,Spaze Windu,Outta Spaze,2017-08-18,7aPgvYUT1uqs5rUrHJmb8y,https://open.spotify.com/track/7aPgvYUT1uqs5rUrHJmb8y,introspective pensive urban
Introspection,Pmx Soundz,Introspection,2022-12-05,4uynEm2B8uWgcv0yLOFQuG,https://open.spotify.com/track/4uynEm2B8uWgcv0yLOFQuG,introspective pensive urban
Introduction to the User Interface for Reality Itself - Instrumental,Akira The Don,Persuasive Beats,2020-07-10,1k3or6rIQKm6D60XSRmdNl,https://open.spotify.com/track/1k3or6rIQKm6D60XSRmdNl,introspective pensive urban
Urban Retreat (Pure Return),Martin Herzberg,Urban Retreat (Pure Return),2021-09-03,4OgH940J6sDh9yDw4bj64Q,https://open.spotify.com/track/4OgH940J6sDh9yDw4bj64Q,introspective pensive urban
Urban Beats,University Jazz Cafe,Serene Lounge: Jazz Lounge Background,2025-06-27,2wQfAGi938cWFWpnfVJ7Np,https://open.spotify.com/track/2wQfAGi938cWFWpnfVJ7Np,introspective pensive urban
Urban Reflections,Myour Music,Myour Music 1,2025-01-16,6eRIhhyKTMeR1lrtylFS3F,https://open.spotify.com/track/6eRIhhyKTMeR1lrtylFS3F,introspective pensive urban
Urban Serenade,3rd Wave Coffee,Jazz Piano at the Bar -Urban Jazz Lounge-,2023-02-01,4ZnGMg2TuxtfSbtA7dIvld,https://open.spotify.com/track/4ZnGMg2TuxtfSbtA7dIvld,introspective pensive urban
Introspection - Original Mix,Mr. Moods,Before Midnight,2015-01-13,6OcbjH1glQusaBrOOHS01T,https://open.spotify.com/track/6OcbjH1glQusaBrOOHS01T,introspective pensive urban
Inspirational and Optimistic,BlueTreeAudio,Corporate Ambient Sound,2020-07-17,78oCjdLknx2xdhQsskPxce,https://open.spotify.com/track/78oCjdLknx2xdhQsskPxce,introspective pensive urban
Urban Rhythm Dreams,Relaxing Jazz Piano,Productive Streams: Jazz for Work,2024-10-17,2qUC89tdxqquaPeoMghz5N,https://open.spotify.com/track/2qUC89tdxqquaPeoMghz5N,introspective pensive urban
Urban Nights (2.0 Min Version),Fabio Fortissimo,"Chillout, Set 11",2021-09-09,41UGYHCOCpahkNrfDDMvk7,https://open.spotify.com/track/41UGYHCOCpahkNrfDDMvk7,introspective pensive urban
Introspect,Gerry Mulligan,Watching & Waiting,1999-08-17,73RE1mqeMoYETpSthfuO46,https://open.spotify.com/track/73RE1mqeMoYETpSthfuO46,introspective pensive urban
"Open Window, Pt. 8",Urban Sounds,Open Window: Enjoy a Typical New York Night in the Heart of Manhatten,2019-12-06,3YDSGZZaDcbWuIfCIxGL7t,https://open.spotify.com/track/3YDSGZZaDcbWuIfCIxGL7t,introspective pensive urban
Intro,Acoustic Labs,Reverential,2017-04-04,3dRrTZg2OIvpRsW1zVpYD4,https://open.spotify.com/track/3dRrTZg2OIvpRsW1zVpYD4,introspective pensive urban
Perception,Urban Nomad,Chillstep,2018-03-05,7L4DlvIpHrpGUFCsnkgAu5,https://open.spotify.com/track/7L4DlvIpHrpGUFCsnkgAu5,introspective pensive urban
Urban Weightlessness,Yaroslav Kulikov,Urban Weightlessness,2023-10-06,4xpyDNabUXjnjefzxqnM0x,https://open.spotify.com/track/4xpyDNabUXjnjefzxqnM0x,introspective pensive urban
Urban Shadows,LoFi Tokyo,Lantern Reflections,2024-11-01,11FQbZR2ZZX6G30NdTM911,https://open.spotify.com/track/11FQbZR2ZZX6G30NdTM911,introspective pensive urban
Urban Serenity,Mellow Mood Station,Jazz & Soul R&B – Gentle Night Flow | Sultry Sax & Rhodes for Late-Night Chill,2025-06-07,7HxU726dYn3AAYPmBOTb5c,https://open.spotify.com/track/7HxU726dYn3AAYPmBOTb5c,introspective pensive urban
Intro - Instrumental,Remulak,Knockturnal (Instrumentals),2022-06-02,1oSpPQ6TGtDUdNPzQgZu2k,https://open.spotify.com/track/1oSpPQ6TGtDUdNPzQgZu2k,introspective pensive urban
Intrinsic,Mjuk,Intrinsic,2023-05-12,5r5fURCpCt1BRZbA7SIrHL,https://open.spotify.com/track/5r5fURCpCt1BRZbA7SIrHL,introspective pensive urban
Intrinsic Energies,Sun Ra,Pathways to Unknown Worlds,2019-02-22,2F2uDwD3AulgLwLDqzPM4C,https://open.spotify.com/track/2F2uDwD3AulgLwLDqzPM4C,introspective pensive urban
Introspection,Neptune Project,A Question of Reality,2019-02-22,3uxTkx64aSHhNlzh4MKQIf,https://open.spotify.com/track/3uxTkx64aSHhNlzh4MKQIf,introspective pensive urban
Soft,Hip Hop Instrumental Beats,Instrumental Chill Out Beats,2021-11-09,6utJVWXFg0bbweV0rZhFn1,https://open.spotify.com/track/6utJVWXFg0bbweV0rZhFn1,introspective pensive urban
Urban Nights,Hotel Lobby Music,Lunar Sway,2025-05-30,0CanGgC2qP7UKULr2biuQX,https://open.spotify.com/track/0CanGgC2qP7UKULr2biuQX,introspective pensive urban
Introspection - Komorebi Mix,Laraaji,Mindful Breathing,2020-12-11,5z8KSfQYVeFtJ4W5lBypD3,https://open.spotify.com/track/5z8KSfQYVeFtJ4W5lBypD3,introspective pensive urban
Urban Unwind,Korean Lo-Fi,City Lofi Zen,2023-11-02,5QGXBQfvJPYzhl61EdfdVP,https://open.spotify.com/track/5QGXBQfvJPYzhl61EdfdVP,introspective pensive urban
Introspection,Total Bryan,Piano Spa Music - Spa Massage Music & Soothing Relaxing Songs (Piano Music Collection),2015-10-01,2qn3Zc86IMgggDuFuCw1Kz,https://open.spotify.com/track/2qn3Zc86IMgggDuFuCw1Kz,introspective pensive urban
Lo-fi Intro - Instrumental,Lofi Hip-Hop Beats,Lo-Fi Beats,2020-07-20,07692raUxf2LNEHFvWe4cv,https://open.spotify.com/track/07692raUxf2LNEHFvWe4cv,introspective pensive urban
Introspection,BeBetter,Best Music to Chill after Hard Working Day,2022-01-02,1Pq46VanBfo3ckGhNJ3Xg9,https://open.spotify.com/track/1Pq46VanBfo3ckGhNJ3Xg9,introspective pensive urban
Introspection,Catherine Marie Charlton,"Red Leaf, Grey Sky (Piano Improvisations)",2011-10-01,6XhjrVcfEj8wxVbfmx3h0t,https://open.spotify.com/track/6XhjrVcfEj8wxVbfmx3h0t,introspective pensive urban
Urban Rhythms,Relaxing Jazz Piano,Steamy Sessions,2025-05-23,4J3Q9DJuh4NGPGBCypwajn,https://open.spotify.com/track/4J3Q9DJuh4NGPGBCypwajn,introspective pensive urban
"Open Window, Pt. 9",Urban Sounds,Open Window: Enjoy a Typical New York Night in the Heart of Manhatten,2019-12-06,4Q7xUHuQcGrrme4QHZf1Xc,https://open.spotify.com/track/4Q7xUHuQcGrrme4QHZf1Xc,introspective pensive urban
Introspective,Alio Die,Sit Tibi Terra Levis - Introspective,2008-12-21,7EmekvuOxhU1nDoaUTpp4o,https://open.spotify.com/track/7EmekvuOxhU1nDoaUTpp4o,introspective pensive urban
Introspection,Louis Landon,Solo Piano Reverence,2019-10-14,21TDY16SBkX7E7ecWHSBdw,https://open.spotify.com/track/21TDY16SBkX7E7ecWHSBdw,introspective pensive urban
Introspective journey,Puppy,Warming soup,2024-08-31,4nt7tZTBwlgzmH0Piuq4d3,https://open.spotify.com/track/4nt7tZTBwlgzmH0Piuq4d3,introspective pensive urban
Urban Soul Magic,Piano Jazz,Parisian Jazz: French Jazz,2024-09-21,5jaAzntzFBwnJfcw7IlDVg,https://open.spotify.com/track/5jaAzntzFBwnJfcw7IlDVg,introspective pensive urban
Gentle Beats,Jazz Deluxe,Urban Lounge: Urban Jazz Vibes,2025-06-27,75oQTcuWC27OME6eYVjCpQ,https://open.spotify.com/track/75oQTcuWC27OME6eYVjCpQ,introspective pensive urban
Urbanism,Pearldiver,Pearldiver Essentials,2018-09-21,14Y79M6FkmE3XSzdiXsrKe,https://open.spotify.com/track/14Y79M6FkmE3XSzdiXsrKe,introspective pensive urban
Urban Solitude,Steve Barakatt,Néoréalité,2021-07-07,1JzwQBbG3ywFPpQuqvSKzX,https://open.spotify.com/track/1JzwQBbG3ywFPpQuqvSKzX,introspective pensive urban
Introspection on Retrospection / The State of the World,David Alexander,Thorns,2019-05-17,7MKyVhYcP8AtX2Uphjg6fy,https://open.spotify.com/track/7MKyVhYcP8AtX2Uphjg6fy,introspective pensive urban
Interior Music 002 - Part I,Body Corp,Interior Music 002,2021-07-06,6cb51eL1SAQEeY4NRDUPyp,https://open.spotify.com/track/6cb51eL1SAQEeY4NRDUPyp,introspective pensive urban
"Introspective, Inner Peace, Deeper Relaxation, Peaceful Mindful Sleep",Ricky Trye,"Ambient Piano Meditations: Calm Music for Introspection, Rest and Relaxation",2021-01-21,0xLk0bXNOmrEfJCerQDK21,https://open.spotify.com/track/0xLk0bXNOmrEfJCerQDK21,introspective pensive urban
Insight,Morninglightmusic,Voice of the Sage,2022-11-04,2OmBVHq4RRpslWc406V2zX,https://open.spotify.com/track/2OmBVHq4RRpslWc406V2zX,introspective pensive urban
Introspective Spacewalk,Asher Fulero,"Four Healers, Vol. 1",2018-12-11,4Iuq7rsHsbWaEyOcc14eHX,https://open.spotify.com/track/4Iuq7rsHsbWaEyOcc14eHX,introspective pensive urban
Introspection,WAVELAB,Introspection,2022-06-22,5IfoSd5k6wJtGgxubAcrSD,https://open.spotify.com/track/5IfoSd5k6wJtGgxubAcrSD,introspective pensive urban
Introspection,Justin Clark,Permanent Transience,2014-08-29,5PD0N3mV6VXl65MQ8zFixP,https://open.spotify.com/track/5PD0N3mV6VXl65MQ8zFixP,introspective pensive urban
Introspection,Yan Springett,"Aemeralds presents: Library Aesthetics, Vol. 1",2022-11-04,2KpgrLF2m63nrKuGEdiPVG,https://open.spotify.com/track/2KpgrLF2m63nrKuGEdiPVG,introspective pensive urban
Introspective Inquiries,Margaret Dahlberg,Guided Harmonies: The Covid Series,2021-05-01,1TorAxy5rV0ypHASVh4TvL,https://open.spotify.com/track/1TorAxy5rV0ypHASVh4TvL,introspective pensive urban
Street Jazz Piano Player,Jazz Instrumental Chill,Smooth Jazz Instrumental,2022-10-08,1Bfyaixa8WFbfXefF0VpfE,https://open.spotify.com/track/1Bfyaixa8WFbfXefF0VpfE,introspective pensive urban
Introspection,Alexander Markson,Spring Preludes,2020-03-04,4pHVEKWopKojkrGJdgLEeg,https://open.spotify.com/track/4pHVEKWopKojkrGJdgLEeg,introspective pensive urban
Introspection - Calm's Outerspect Mix,Jazzanova,Computer Incarnations For World Peace III,2015-11-27,2JFyEHv3wXPyq0z4pZvOT8,https://open.spotify.com/track/2JFyEHv3wXPyq0z4pZvOT8,introspective pensive urban
Spacious Creative Inspirations,Hotel Lobby Jazz Music,The Sound of Silence,2023-03-10,5h5SFosDL2L03jLeYhS2JC,https://open.spotify.com/track/5h5SFosDL2L03jLeYhS2JC,introspective pensive urban
Inspiring Background (Instrumental),Guitar Lounge,Acoustic Beats Instrumentals Vol. 1,2019-03-03,51HrJa5PvqZs3lkJ3ujowC,https://open.spotify.com/track/51HrJa5PvqZs3lkJ3ujowC,introspective pensive urban
Gentle Memories Atmosphere,Instrumental Jazz Music Ambient,Breakfast & Morning Jazz BGM,2024-09-11,0z5KxUdzCabd9H5fTcEZkY,https://open.spotify.com/track/0z5KxUdzCabd9H5fTcEZkY,introspective pensive urban
Interlude I,Illuminine,#1,2015-02-16,0vvsVv1jPWzrYeGqNhNfJN,https://open.spotify.com/track/0vvsVv1jPWzrYeGqNhNfJN,introspective pensive urban
Our Intrepid Journey,HUNG,Serendipity,2018-06-24,2xOLaLPAdKfLZ29DyEm6xK,https://open.spotify.com/track/2xOLaLPAdKfLZ29DyEm6xK,introspective pensive urban
Immersion - Intro,Antent,Where I Won't Be Found,2018-10-07,3z9M6pYPEKi4L0gM8lzJNW,https://open.spotify.com/track/3z9M6pYPEKi4L0gM8lzJNW,introspective pensive urban
Urbanity,Manny Albam,The Jazz Workshop,1956-04-20,0KKeI3LRNZzCKfNzoTPyb7,https://open.spotify.com/track/0KKeI3LRNZzCKfNzoTPyb7,introspective pensive urban
Piano Reflections,Background Jazz Piano,Calm and Gentle Instrumental Piano Pieces,2022-11-27,1t7CVxp1tiRewRszihWF1S,https://open.spotify.com/track/1t7CVxp1tiRewRszihWF1S,introspective pensive urban
Leap of Faith - Instrumental,Intrøspect,Midnight Sun (Instrumentals),2021-11-05,3s25Dj9LiSkmwihaVFheHK,https://open.spotify.com/track/3s25Dj9LiSkmwihaVFheHK,introspective pensive urban
Intruder,Lofi Chill,10 AM First Floor Echo,2025-07-23,7i5QMsWZVrW0PVaaxFMBpZ,https://open.spotify.com/track/7i5QMsWZVrW0PVaaxFMBpZ,introspective pensive urban
Intro,Spaze Windu,Früher oder Später,2017-08-18,4rOMICPFDXCBBguaOGhwCy,https://open.spotify.com/track/4rOMICPFDXCBBguaOGhwCy,introspective pensive urban
Intro,Rhian Sheehan,Paradigm Shift,2001-07-03,54zTpRkiUnpirdhEJXpcUd,https://open.spotify.com/track/54zTpRkiUnpirdhEJXpcUd,introspective pensive urban
Introspective Kitchen,Max Loderbauer,ambiq 2,2015-11-13,2BdM03yLSSaiPvws2ObkfW,https://open.spotify.com/track/2BdM03yLSSaiPvws2ObkfW,introspective pensive urban
Introns,Melodium,99+bonus,2022-11-25,1klGGUbEg1t7tehnYQbJFX,https://open.spotify.com/track/1klGGUbEg1t7tehnYQbJFX,introspective pensive urban
Intro Ambient Calming,OK Beats,Ambient Calming,2022-09-27,7jkUYtuQTCNtZfQcAc8JTG,https://open.spotify.com/track/7jkUYtuQTCNtZfQcAc8JTG,introspective pensive urban
Introspection,Kaleidoscope String Quartet,Reflections,2018-10-26,5lHycbDWo4DM6JkUSsu9fa,https://open.spotify.com/track/5lHycbDWo4DM6JkUSsu9fa,introspective pensive urban
Introspection (Instrumental),Alias Molombo,Music Please,2024-06-14,5Ee6ubG7atGGxRCcOl6nMh,https://open.spotify.com/track/5Ee6ubG7atGGxRCcOl6nMh,introspective pensive urban
"Interlude 2, Introspection",Bobay Beats,Bobay Mixtape #1,2023-07-06,0d5GyYGm6xqQTARojmkLtB,https://open.spotify.com/track/0d5GyYGm6xqQTARojmkLtB,introspective pensive urban
Urban Ensemble,Glenn Underground,"Vega Records Instrumental, Vol. 1",2008-03-19,6VBoq0kaJW3GV6CPVCsXDA,https://open.spotify.com/track/6VBoq0kaJW3GV6CPVCsXDA,introspective pensive urban
Contemplation,Art Aknid,Urban Lullabies,2021-05-10,4o6Y01YTgPShr3pZd6ePDp,https://open.spotify.com/track/4o6Y01YTgPShr3pZd6ePDp,introspective pensive urban
Introspection,Glenn Zaleski,"Solo, Vol. 2",2022-05-20,4rJ42FOJnNHhZ9i0xDr5vS,https://open.spotify.com/track/4rJ42FOJnNHhZ9i0xDr5vS,introspective pensive urban
Ambient Inspiring Rock,SoulProdMusic,Ambient Inspiring Rock,2021-08-23,4KOCC7iCHB5IIxwe2jfxIr,https://open.spotify.com/track/4KOCC7iCHB5IIxwe2jfxIr,introspective pensive urban
Intrinsic,Prequel Tapes,Ruin,2020-07-03,4eUeQU7C4hsvth0ZTicfJy,https://open.spotify.com/track/4eUeQU7C4hsvth0ZTicfJy,introspective pensive urban
Inspiring Reiteration,Converted Specifications,Ambient Chillout Lounge Relaxing Music,2022-07-08,5kZ2K7tY1fv1BhBHqoQT7e,https://open.spotify.com/track/5kZ2K7tY1fv1BhBHqoQT7e,introspective pensive urban
Introverted Intuition (Tsukiji),TOMC,Music for the Ninth Silence,2022-01-07,0WvLDGGt6Wyqxr7S1uVw24,https://open.spotify.com/track/0WvLDGGt6Wyqxr7S1uVw24,introspective pensive urban
Urbanisation,Michael Hornek,Timelapse - Trip Hop & Drum N Bass,2018-07-15,0vH50dtWBH9TW43thvUD7P,https://open.spotify.com/track/0vH50dtWBH9TW43thvUD7P,introspective pensive urban
Zen Introspect,Anandha Samadhi,"Modern Transcendent, Vol. 1",2017,6yKb6zlibPcOyeqUEzWVmT,https://open.spotify.com/track/6yKb6zlibPcOyeqUEzWVmT,introspective pensive urban
Voyage - Instrumental,Chillout Lofi,Devastated - Instrumental,2021-10-21,34TK9kJ7Jah3EEZoJJvray,https://open.spotify.com/track/34TK9kJ7Jah3EEZoJJvray,introspective pensive urban
Dramatic Ambient,Ambient Sound Center,"Dramatic Ambient - Gothic Dark Fantasy Ambient, Sad & Somber Background",2019-06-11,75OxPGrERexNVSqos3hoN5,https://open.spotify.com/track/75OxPGrERexNVSqos3hoN5,introspective pensive urban
Urban Lullaby,Perfect Zounds,Pedestrian Polyphony,2023-06-16,22ad2YteYljfX3V7yIiNml,https://open.spotify.com/track/22ad2YteYljfX3V7yIiNml,introspective pensive urban
Introspecto,Jam Self,Introspecto,2022-01-27,3apBCq4wNlehRg3cuRDayL,https://open.spotify.com/track/3apBCq4wNlehRg3cuRDayL,introspective pensive urban
Intro Theme,Alpha,Lost in a Garden of Clouds,2004-01-01,5GfhztFvH8HMT8BoRmX7F0,https://open.spotify.com/track/5GfhztFvH8HMT8BoRmX7F0,introspective pensive urban
Introspira,PuzzleWaves,Melanchoria,2024-09-16,5GhWjH7pbrOhRFIDhphqCF,https://open.spotify.com/track/5GhWjH7pbrOhRFIDhphqCF,introspective pensive urban
Crime (Dramatic Instrumental Music),Introspectunes,Crime (Dramatic Instrumental Music),2021-05-14,6bhHisH4tQFf0ZC6ueqxTl,https://open.spotify.com/track/6bhHisH4tQFf0ZC6ueqxTl,introspective pensive urban
Place for Introspection,Piano Music for Work,Calming Piano Hits to Bring You Divine Relaxation,2023-07-30,1dvGx4nCbCK1iVmvWlTSHC,https://open.spotify.com/track/1dvGx4nCbCK1iVmvWlTSHC,introspective pensive urban
Jaded Introspection,Relaxing Chill Out Music,Smooth Lounge Piano Notes,2020-07-24,6TsTtxHvSF7io2sWIitV9d,https://open.spotify.com/track/6TsTtxHvSF7io2sWIitV9d,introspective pensive urban
Pensive,Relaxing Bossa Jazz,Brazilian Jazz Instrumental Music for Relaxation,2022-03-31,6LiIlNcdOOpnOT6APsBTFS,https://open.spotify.com/track/6LiIlNcdOOpnOT6APsBTFS,introspective pensive urban
Urban Flow,Smooth Background Jazz,Indigo Glow: Instrumental Jazz Music,2025-06-20,3QUOFWAHwgidyZWOe7ORz7,https://open.spotify.com/track/3QUOFWAHwgidyZWOe7ORz7,introspective pensive urban
Urban Memories (feat. Joel Thibault & Steve Barakatt),The Urbanizers,Urban Memories (feat. Joel Thibault & Steve Barakatt),2016-11-26,7JXgoggeaGgC7GZ4rejSU2,https://open.spotify.com/track/7JXgoggeaGgC7GZ4rejSU2,introspective pensive urban
Introspection,Jonathan Belle,Meditation,2021-05-29,4FY5MFXE9D4Czq1EJiupyO,https://open.spotify.com/track/4FY5MFXE9D4Czq1EJiupyO,introspective pensive urban
Introspective - Meditation,Atmospheric Lights,Introspective,2021-10-15,4v9NST4Wxx83vXj4a29yqP,https://open.spotify.com/track/4v9NST4Wxx83vXj4a29yqP,introspective pensive urban
Intense Melancholy,Pianobar Moods,"Intense Melancholy: Instrumental Piano, Soft Melodies for Sentimental Emotions",2019-04-24,3iSY7kDqA00XODvYW3EJMC,https://open.spotify.com/track/3iSY7kDqA00XODvYW3EJMC,introspective pensive urban
Intrinsic Inclination - Instrumental,VULNIFICUS,INEXTRICABLE,2023-11-03,1kP0k1qi7addko7DGM87S8,https://open.spotify.com/track/1kP0k1qi7addko7DGM87S8,introspective pensive urban
Introspection,Paul Motian and The Electric Bebopband,Europe,2015-05-01,2BQsq2ur76T0d3jL0HJ3wH,https://open.spotify.com/track/2BQsq2ur76T0d3jL0HJ3wH,introspective pensive urban
The Urban Jazz,Qumulus,Hi Vitality EP Vol. III,2013-12-20,5VSJztsMqiH1gn9pjicF74,https://open.spotify.com/track/5VSJztsMqiH1gn9pjicF74,introspective pensive urban
Introspection,Meditation Music Therapy,Afternoon Meditation,2022-02-24,5FpLMZ3IGa4J8HmfLa5nQx,https://open.spotify.com/track/5FpLMZ3IGa4J8HmfLa5nQx,introspective pensive urban
Inspiring Upbeat Piano,BlueTreeAudio,Corporate Ambient Sound,2020-07-17,6tgTXdLRUQy8aExk0npsB3,https://open.spotify.com/track/6tgTXdLRUQy8aExk0npsB3,introspective pensive urban
Golden Jazz Reflections,Instrumental Jazz Música Ambiental,Happy Jazz Lounge Lofi (Instrumental),2025-07-11,1zc34vGE3g7zE8PUKXHnNv,https://open.spotify.com/track/1zc34vGE3g7zE8PUKXHnNv,introspective pensive urban
Introspect,Sapphire Skies,Dreaming 432,2022-11-25,4QIk61DA72HaRZsS4BbLke,https://open.spotify.com/track/4QIk61DA72HaRZsS4BbLke,introspective pensive urban
Interlude III,Illuminine,#1,2015-02-16,4BbSIXD25OZVcDSe8ux64g,https://open.spotify.com/track/4BbSIXD25OZVcDSe8ux64g,introspective pensive urban
Intro,Ekin Fil,Far Within Reach,2021-04-09,2xdgQ2xkEi4aY0f8FdhmAb,https://open.spotify.com/track/2xdgQ2xkEi4aY0f8FdhmAb,introspective pensive urban
Intro,acro jazz laboratories,acro jazz one,2012-05-16,5corgLgvin9y7gHgRajVJY,https://open.spotify.com/track/5corgLgvin9y7gHgRajVJY,introspective pensive urban
Urban Sunset Groove,Relaxing Piano Crew,Chic Jazz at the Coffee Stand,2023-12-14,4Dk7zurQWb9o8sjKeA6TdA,https://open.spotify.com/track/4Dk7zurQWb9o8sjKeA6TdA,introspective pensive urban
Introspection,The Balek Band,Medecines,2022-06-02,2QhsIYamCUZzGyI2t0ZQ08,https://open.spotify.com/track/2QhsIYamCUZzGyI2t0ZQ08,introspective pensive urban
Introspection,Anthony Sahyoun,Proof By Infinite Descent,2021-11-19,1M7AZDFMlOEpernbiGUgo5,https://open.spotify.com/track/1M7AZDFMlOEpernbiGUgo5,introspective pensive urban
Introspective Ocean,Dreaming Fairy,Seasons of Emotion,2023-06-05,01knvNRkdGA1uN2su721qL,https://open.spotify.com/track/01knvNRkdGA1uN2su721qL,introspective pensive urban
Urban Rules - Storytelling Hip Hop Mix,Vintageman Produkcja Beats,Dopest Storytelling Hip Hop Instrumentals & Old School Beats (Boom Bap Beats),2019-01-22,7mkqfb8EUnuNba16LzM9c4,https://open.spotify.com/track/7mkqfb8EUnuNba16LzM9c4,introspective pensive urban
Introspection,ComaStudio,Brilliance,2021,3hxfEzYcBOdNarvU3OSrCI,https://open.spotify.com/track/3hxfEzYcBOdNarvU3OSrCI,introspective pensive urban
Ambient Gentle Reflection,Calming Piano Feelings,Peaceful Melodic Retreat,2024-08-02,79VNWvJev4qZClYMBZ0m2e,https://open.spotify.com/track/79VNWvJev4qZClYMBZ0m2e,introspective pensive urban
Intrinsic,Michael Vignola,Delusions of Grandeur,2020-07-14,2huHvYnhPbD08KP8PHJsDB,https://open.spotify.com/track/2huHvYnhPbD08KP8PHJsDB,introspective pensive urban
Intro (Walking Unobserved),Hunter/Game,Adaptation,2016-02-05,0RuaKwKcEMEMAt1ATl0HVj,https://open.spotify.com/track/0RuaKwKcEMEMAt1ATl0HVj,introspective pensive urban
Introspection,Charlie Mac,Reflections,2018-02-01,0Iryq7sBoVreCxe8tTCzGa,https://open.spotify.com/track/0Iryq7sBoVreCxe8tTCzGa,introspective pensive urban
Intrinsic,Adrian Disch,Intrinsic,2021-01-13,2FgNgmrj8sGGWbNYZuo8au,https://open.spotify.com/track/2FgNgmrj8sGGWbNYZuo8au,introspective pensive urban
Introspection,Nicolas Bras,Meditative Flutes,2020-04-20,6i0i58rFfTKEnOwTWtLZ2K,https://open.spotify.com/track/6i0i58rFfTKEnOwTWtLZ2K,introspective pensive urban
Introspection,Population II,Introspection,2020-09-29,3pLgMyPsBMUXtM2OGC4eJX,https://open.spotify.com/track/3pLgMyPsBMUXtM2OGC4eJX,introspective pensive urban
Reflections - Instrumental,High John,Reflections (Instrumental),2022-02-25,62ZIGcbfD2Ug4ikNsmJUre,https://open.spotify.com/track/62ZIGcbfD2Ug4ikNsmJUre,introspective pensive urban
Interlude IV,Illuminine,#1,2015-02-16,4DWz5ASihbZs8knlWxbDhl,https://open.spotify.com/track/4DWz5ASihbZs8knlWxbDhl,introspective pensive urban
Ambient,331Music,Uplifting Music,2022-03-25,0ZmcIsaEf10z8lM6MJNksz,https://open.spotify.com/track/0ZmcIsaEf10z8lM6MJNksz,introspective pensive urban
Inspiring Calm Background,BlueTreeAudio,Corporate Ambient Sound,2020-07-17,2huJtD5rrhVhZutTeuhKdE,https://open.spotify.com/track/2huJtD5rrhVhZutTeuhKdE,introspective pensive urban
Intro,Omri Cohen,Cosmic Foundry,2019-01-20,2qiRYYy15zeO8xZOONQ9LP,https://open.spotify.com/track/2qiRYYy15zeO8xZOONQ9LP,introspective pensive urban
Intro,The 93,Time,2018-06-12,5tp8SmCczKMDpEqpgdqCfJ,https://open.spotify.com/track/5tp8SmCczKMDpEqpgdqCfJ,introspective pensive urban
Intro,Pete Rock,Center of Attention,2017-03-24,5RhY0wlLNVifjuc2XyNFKE,https://open.spotify.com/track/5RhY0wlLNVifjuc2XyNFKE,introspective pensive urban
Cybernetic Introspection,Intermundia,Cybernetic Introspection,2017-01-23,5yorDh3vkPAkgLPue80rxu,https://open.spotify.com/track/5yorDh3vkPAkgLPue80rxu,introspective pensive urban
Introspective,Francesco Fareri,Suspension | the New Sonic Design,2012-05-16,3CLzRS1Pjh3WSp26nR30FA,https://open.spotify.com/track/3CLzRS1Pjh3WSp26nR30FA,introspective pensive urban
Introspection,Circle The Cityy,Introspection,2022-11-25,6mCDAHr4DsoRsjnJhunC45,https://open.spotify.com/track/6mCDAHr4DsoRsjnJhunC45,introspective pensive urban
Urban Nights (Dub Mix),Urban Knights,The Chillout Lounge Vol. 20,2012-05-25,2SBX21JoO6eXx6FcOM2zzV,https://open.spotify.com/track/2SBX21JoO6eXx6FcOM2zzV,introspective pensive urban
Intruders - Instrumental Version,Ryler Smith,Vers Libre (Instrumental Version),2020-10-27,1UGpCcfNfjuMLV4nbSZ92p,https://open.spotify.com/track/1UGpCcfNfjuMLV4nbSZ92p,introspective pensive urban
Facing world,Art Aknid,Urban Lullabies,2021-05-10,7b0XsHNO2Rv4B9CGSK36cA,https://open.spotify.com/track/7b0XsHNO2Rv4B9CGSK36cA,introspective pensive urban
Introspection,Ivoryhaus,Introspection,2023-02-03,0JDaqLoA1F63EREZeOnS3D,https://open.spotify.com/track/0JDaqLoA1F63EREZeOnS3D,introspective pensive urban
Introspective,Jason Savell,Spanish Guitar Party,2015-12-30,3jssMLL2U7hYZ9ZLrDmXcT,https://open.spotify.com/track/3jssMLL2U7hYZ9ZLrDmXcT,introspective pensive urban
Introspective - In a New Light - Patrick Kelly,Patrick Kelly,Mosaic - the Very Best New Age Music 2017,2017-09-11,1IG4LGo7cVVOs1E7pBx9iN,https://open.spotify.com/track/1IG4LGo7cVVOs1E7pBx9iN,introspective pensive urban
Introspection,Phil Donkin,The Gate,2015-03-09,14ztx3W3t4TnTf192Gd9ri,https://open.spotify.com/track/14ztx3W3t4TnTf192Gd9ri,introspective pensive urban
Intro - Instrumental,dude26,Zimmer 26 (Instrumentals),2017-07-28,1rvEWTHMn7G4dPNVFGIoY6,https://open.spotify.com/track/1rvEWTHMn7G4dPNVFGIoY6,introspective pensive urban
Introspective,Agustin Pengov,"Connections, Vol. XVII",2021-03-22,3WR6OaPdG8WTfK84jrUZXb,https://open.spotify.com/track/3WR6OaPdG8WTfK84jrUZXb,introspective pensive urban
Introspection,Frédéric Kooshmanian,Black Spot (Original TV Series Soundtrack),2017-01-04,40ZN79SsTH6l3HhQWwY3tG,https://open.spotify.com/track/40ZN79SsTH6l3HhQWwY3tG,introspective pensive urban
Introspection,Zuby,Commercial Underground 2,2011-11-04,6sKzJTAcaUnE46AyUmtrBv,https://open.spotify.com/track/6sKzJTAcaUnE46AyUmtrBv,introspective pensive urban
Mellow Inspiration,New York Lounge Quartett,"Elegant Lounge Bar Music: Instrumental Jazz Melodies, Easy Listening, Bar Playlist, Relaxing Music",2019-11-28,06gNiBeDeoIjBRJGwzdcQ1,https://open.spotify.com/track/06gNiBeDeoIjBRJGwzdcQ1,introspective pensive urban
Inspirational Sounds,Easy Jazz Instrumentals,"Calm Relaxation Jazz – Piano Instrumental Sounds, Smooth Jazz, Night Jazz, Soft Calm Jazz, Relaxing Jazz Music, Evening Jazz",2016-12-09,5fjjGglAAU9Kuk6U17RrMK,https://open.spotify.com/track/5fjjGglAAU9Kuk6U17RrMK,introspective pensive urban
Intrinsic,Hazed Horizon,Lucid,2020-10-09,6uUEMxDzc0MUfqH7whZmbI,https://open.spotify.com/track/6uUEMxDzc0MUfqH7whZmbI,introspective pensive urban
Intro,Tomas Grut,Emotions: 10 Pieces for Piano,2011-11-09,6q7wFbxP5BbYHMKxt8CGFB,https://open.spotify.com/track/6q7wFbxP5BbYHMKxt8CGFB,introspective pensive urban
Intro,Kayobe,Hidden,2018-01-19,2jUTE818jtQseBMopgS7EW,https://open.spotify.com/track/2jUTE818jtQseBMopgS7EW,introspective pensive urban
Leaving,Interior Soundscapes,"Interior Soundscapes, Vol. 4",2022-06-24,02wZUcXBiNmFH0m1KDdlR8,https://open.spotify.com/track/02wZUcXBiNmFH0m1KDdlR8,introspective pensive urban
Urban Lullaby,Relaxing Piano Crew,Midnight Urban Jazz Moments,2023-10-07,7DecwVpOuDidWiULs3MeCP,https://open.spotify.com/track/7DecwVpOuDidWiULs3MeCP,introspective pensive urban
Urban Menace,Cavendish Music,Criminal Investigation,2018-08-16,2mSVsXQdw3eSOhFe8dPlGI,https://open.spotify.com/track/2mSVsXQdw3eSOhFe8dPlGI,introspective pensive urban
Changes,Urban Epic,"Catch The Groove, Vol. 3",2013-05-27,5jDEaligazLHkAvpBgQ2J3,https://open.spotify.com/track/5jDEaligazLHkAvpBgQ2J3,introspective pensive urban
Urban Flow,Thomas Siffling,Flow,2018-02-15,3ysv9uvQdkQF3LQeO1xLfw,https://open.spotify.com/track/3ysv9uvQdkQF3LQeO1xLfw,introspective pensive urban
Urban Soul Magic,Jazz Instrumental Chill,Romantic Whispers: Romantic Jazz,2024-10-17,5vuHAuXo5gkjVXjsQ8pCkW,https://open.spotify.com/track/5vuHAuXo5gkjVXjsQ8pCkW,introspective pensive urban
Urban Beat And Strings,Yannick Kalfayan,Beats And Strings,2017-08-01,5Fj21z1VW2SYS2IR8l1WNN,https://open.spotify.com/track/5Fj21z1VW2SYS2IR8l1WNN,introspective pensive urban
Intro - Instrumental,Dude & Phaeb,Monokultur (Instrumentals),2018-06-01,6FC7cwHqYxHCdwg8cXecCK,https://open.spotify.com/track/6FC7cwHqYxHCdwg8cXecCK,introspective pensive urban
Introspect,Ella van der Woude,Instinct (Original Motion Picture Soundtrack),2019-10-15,7rKIUUEEK4bVVYNcph5Ht1,https://open.spotify.com/track/7rKIUUEEK4bVVYNcph5Ht1,introspective pensive urban
Urban Groove Chronicles,Electronic Music,Hip Hop Nostalgia,2025-03-11,4fyNn8TrVMEf1WydEmg8iK,https://open.spotify.com/track/4fyNn8TrVMEf1WydEmg8iK,introspective pensive urban
Urban Chill,Rooftop Lounge,Relaxing Pulse,2024-01-26,5w2oYfBYpGGcm31wDeHaMz,https://open.spotify.com/track/5w2oYfBYpGGcm31wDeHaMz,introspective pensive urban
Ambient Reflections,Lo Fi Hip Hop,Quiet Corners,2025-05-27,2Zn2LNrNPv84s2vMsNkiOu,https://open.spotify.com/track/2Zn2LNrNPv84s2vMsNkiOu,introspective pensive urban
Episode 8: Rainy Night,Retrovex,Urban Soundscapes,2024-02-26,4T28AUjD9T5rel8lVPdTge,https://open.spotify.com/track/4T28AUjD9T5rel8lVPdTge,introspective pensive urban
Facing world,Art Aknid,Urban Lullabies,2021-05-10,7b0XsHNO2Rv4B9CGSK36cA,https://open.spotify.com/track/7b0XsHNO2Rv4B9CGSK36cA,introspective pensive urban
Urban Evening Soundscape,Lounge Ibiza Cafè,Chilled Ibiza Classics,2025-05-30,5DP1FDX69vP8QtpHPLRYzz,https://open.spotify.com/track/5DP1FDX69vP8QtpHPLRYzz,introspective pensive urban
Chilling With the Stars - Instrumental Mix,Urban Lounge,Seychelles Beach Lounge (Paradise Island Chillout),2011-09-05,70NA4zHeQlAVGvBTrn2ax5,https://open.spotify.com/track/70NA4zHeQlAVGvBTrn2ax5,introspective pensive urban
Changing Spaces,Urban Phunk Society,"Lounge City Grooves, Vol. 1 (Finest Chillhouse, Lounge & Chill Beats)",2016-04-19,1prcuD98xqP0d9CC6EMph3,https://open.spotify.com/track/1prcuD98xqP0d9CC6EMph3,introspective pensive urban
Interlude 2,Urbs & Cutex,Peace Talks!,2004-04-20,0YZ9jkPppOLZurWVJuY5Tq,https://open.spotify.com/track/0YZ9jkPppOLZurWVJuY5Tq,introspective pensive urban
Urban Hymn,Christian Vuust,Urban Hymn,2014-03-03,1hzVZ9KiO6fpLYwFrgHbhq,https://open.spotify.com/track/1hzVZ9KiO6fpLYwFrgHbhq,introspective pensive urban
Urban Upbeats,Korean Lo-Fi,Korean Melodies,2023-10-30,1pijdwDJKLute5IfB9tGnr,https://open.spotify.com/track/1pijdwDJKLute5IfB9tGnr,introspective pensive urban
Urban Zenith,Chill Out,Midnight Musings (Lofi Chillhop Beats),2023-12-15,5yF1YWjAbCh5nGF4oqecAX,https://open.spotify.com/track/5yF1YWjAbCh5nGF4oqecAX,introspective pensive urban
Urban Pearls - The City Jungle Cut,Retro Rider,Winter Chillout Lounge 2021 - Smooth Lounge Sounds for the Cold Season,2021-11-26,4YoLai4DbM6tdNE7gyI1PE,https://open.spotify.com/track/4YoLai4DbM6tdNE7gyI1PE,introspective pensive urban
Urban Chase,Baptiste Thiry,Contemporary Pop Percussion,2019-12-16,1uP2OMFhY9oKwTPHWI4PQp,https://open.spotify.com/track/1uP2OMFhY9oKwTPHWI4PQp,introspective pensive urban
Urban Dreamer,LRK Trio,Urban Dreamer,2018-09-12,2epeYEXtvXYbN5vYa5YcgU,https://open.spotify.com/track/2epeYEXtvXYbN5vYa5YcgU,introspective pensive urban
Urban Samurai,Dj Suppa,Indica,2018-11-09,5WaKcZ3FaBG6EMMPOqaif8,https://open.spotify.com/track/5WaKcZ3FaBG6EMMPOqaif8,introspective pensive urban
Urban Jazzscape,YOCI,Jazz Lounge Beats,2023-10-09,3WrhtGPNbXrklcZuZGmiAN,https://open.spotify.com/track/3WrhtGPNbXrklcZuZGmiAN,introspective pensive urban
City Escapes,3rd Wave Coffee,Urban Piano BGM for Lounge,2023-02-24,0zmOe0iBFN17AWQmnEBMqL,https://open.spotify.com/track/0zmOe0iBFN17AWQmnEBMqL,introspective pensive urban
Intro - Instrumental,Benedikt Waldheuer,Benedikt Waldheuer 2,2020-12-01,18vZPYDNBxLx0O3RXPsawR,https://open.spotify.com/track/18vZPYDNBxLx0O3RXPsawR,introspective pensive urban
Urban Pulse,Jazz Night Music Paradise,Velvet Lounge: Smooth Jazz Lounge,2025-06-27,6OJH9kEE3LLik9ir4QVXSL,https://open.spotify.com/track/6OJH9kEE3LLik9ir4QVXSL,introspective pensive urban
Introspection 2,Alexander Brandon,"The MOD Collection, Vol. 2",2015-04-29,0spgSTb24jBFZiHycxzjdS,https://open.spotify.com/track/0spgSTb24jBFZiHycxzjdS,introspective pensive urban
Interlude 1,Urbs & Cutex,Peace Talks!,2004-04-20,0PRcBFETd3bbG1sHIXhiyL,https://open.spotify.com/track/0PRcBFETd3bbG1sHIXhiyL,introspective pensive urban
Urbane Piano Duo and Alto Sax - Vibe for Cool Coffeehouse,Dinner Time Jazz,When the Sun Shines on the Park,2023-04-09,4H01rWg9rt0w5HmkFXmaot,https://open.spotify.com/track/4H01rWg9rt0w5HmkFXmaot,introspective pensive urban
Urban Traffic,Infraction Music,Urban Traffic,2021-09-27,5btAJYSiwPnj3Blbp24n3A,https://open.spotify.com/track/5btAJYSiwPnj3Blbp24n3A,introspective pensive urban
intro,OUTER,outer,2018-09-28,6C0PIU6rQhZcQGJ5GOCIBk,https://open.spotify.com/track/6C0PIU6rQhZcQGJ5GOCIBk,introspective pensive urban
Introduction,MeoplleX,Reminiscence,2020-01-10,2HplTZ1zPbDQxwxAhvXZ5S,https://open.spotify.com/track/2HplTZ1zPbDQxwxAhvXZ5S,introspective pensive urban
Urban Velvet Flow,BossaLofi Lounge,Crystal Towers (Luxury Chillout Collection),2025-09-12,1UfmI3DGYryLcKAU1tdvA3,https://open.spotify.com/track/1UfmI3DGYryLcKAU1tdvA3,introspective pensive urban
Urban Playground,Rupert Pope,Electro House Beats,2016-09-09,0CpVkLlLik2M9xJOsFTFXw,https://open.spotify.com/track/0CpVkLlLik2M9xJOsFTFXw,introspective pensive urban
Whispering Winds,Urban Project,Cello Sound Bath,2024-08-12,2xahMXxM94B4LikAxMc3VF,https://open.spotify.com/track/2xahMXxM94B4LikAxMc3VF,introspective pensive urban
Flow State,Urban Waves Jazz,Deep Focus Jazz-Hop Smooth Beats for Work & Study,2025-08-01,0rcFbfutczOkU7StXIrCyh,https://open.spotify.com/track/0rcFbfutczOkU7StXIrCyh,introspective pensive urban
Intro,How The World Became The Bomb,Hyeon,2018-06-07,2Qitl3zh0vFZou5SJAqrMe,https://open.spotify.com/track/2Qitl3zh0vFZou5SJAqrMe,introspective pensive urban
Intro,Weedy of 40 Winks,Retrospect Suite,2012-12-14,4jNMrnPWJZLmXkH0gJ0Wf4,https://open.spotify.com/track/4jNMrnPWJZLmXkH0gJ0Wf4,introspective pensive urban
Intro 2019 - Instrumental,Retrogott,Land und Leute (Instrumentals),2020-01-23,2285x3whGcqBgEPxmySrPD,https://open.spotify.com/track/2285x3whGcqBgEPxmySrPD,introspective pensive urban
Rhythmic Urban Reflections,New York Jazz Trio,Urban Daydreams,2025-01-24,1HcnCIL5vsdCt9RG0Ct7TR,https://open.spotify.com/track/1HcnCIL5vsdCt9RG0Ct7TR,introspective pensive urban
Oriental Opening,Relaxing Chill Out Music,Unwind & Relax To Inspiring Synthesis,2018-01-30,2H2ju3tn8CTjNrEZiTTfaS,https://open.spotify.com/track/2H2ju3tn8CTjNrEZiTTfaS,introspective pensive urban
Urban Beat Flow,Soft Jazz Songs,Silver Pearl: Easy Listening Jazz,2024-11-29,1S2GcoWaQtK3aX4FuXrHTh,https://open.spotify.com/track/1S2GcoWaQtK3aX4FuXrHTh,introspective pensive urban
Urban Chill,Lofi Hip Hop Beats,Chill Sunset: Chill Lofi Mix,2024-09-13,6um0xfq23rmSgcuh7rH1Zp,https://open.spotify.com/track/6um0xfq23rmSgcuh7rH1Zp,introspective pensive urban
Urban Wind,$PHIN35,"POPS -upbeat-, Vol. 61 -Instrumental BGM- by Audiostock",2022-02-09,5GLts8HSlltiW9d6a2UfqM,https://open.spotify.com/track/5GLts8HSlltiW9d6a2UfqM,introspective pensive urban
Urban Serenade,LoFi Chill Study Beats,LoFi Chill Study Beats (Reading & Relaxation),2024-04-12,34R6chP684eHBSX0sUaqZu,https://open.spotify.com/track/34R6chP684eHBSX0sUaqZu,introspective pensive urban
Urban Serenity,Electronic Music,Deep House 2025,2025-02-07,0QWv2zXTZIy7pqjRSKhFYm,https://open.spotify.com/track/0QWv2zXTZIy7pqjRSKhFYm,introspective pensive urban
Suburban Nighttime Traffic Ambience,The Hollywood Edge Sound Effects Library,Urban & Suburban Background Sounds,2015-05-05,0mVIbjHa8ThNYX2Alz8waD,https://open.spotify.com/track/0mVIbjHa8ThNYX2Alz8waD,introspective pensive urban
Instumental Music for Work,Work on Concentration,"Concentration Music for Work – Instrumental Background Music for Office, Home Study, Book Reading, Brain Stimulation",2019-09-30,5GUVYhSZmqAfLqAX1JV1YU,https://open.spotify.com/track/5GUVYhSZmqAfLqAX1JV1YU,introspective pensive urban
Urban Oasis,Your Ambient Lo Fi,Sips and Sounds,2024-03-07,64Fw8NlazC8FDhh4C1GFnq,https://open.spotify.com/track/64Fw8NlazC8FDhh4C1GFnq,introspective pensive urban
Urban Sounds,Bellestar,Keep Calm and Chill Out,2012-10-15,6R2eimvxJZ6ObkU7grno3C,https://open.spotify.com/track/6R2eimvxJZ6ObkU7grno3C,introspective pensive urban
Urban Freak,Derrick,"Lemongrass Garden, Vol. 9",2019-03-29,73iy1xQICLroXduC4Mc885,https://open.spotify.com/track/73iy1xQICLroXduC4Mc885,introspective pensive urban
Introspection,Nah,Introspection,2021-01-01,7eob8eYCB9iCo4nlyyMEAk,https://open.spotify.com/track/7eob8eYCB9iCo4nlyyMEAk,introspective pensive urban
Urban Sunset - Live,Sax Lounge,Urban Sunset,2025-01-24,7LuKDkuX7p6que1VagzLj9,https://open.spotify.com/track/7LuKDkuX7p6que1VagzLj9,introspective pensive urban
Uplifting Groove,Urban Waves Jazz,Chill Workday Smooth Jazz & Hip Hop Beats,2025-01-11,37zlm4A9iJ5mYqMU1oID59,https://open.spotify.com/track/37zlm4A9iJ5mYqMU1oID59,introspective pensive urban
Urban Noise,City mellow,R&B × Chill Vibes | Stylish Time Playlist,2025-11-11,37Ei7LklpoRDMB6JSmKVrh,https://open.spotify.com/track/37Ei7LklpoRDMB6JSmKVrh,introspective pensive urban
Urban Wilderness,Alexander Shulgin,The Art of Ambient Abstract,2024-05-12,7I20Ec1WLEWDggvYTCHRi8,https://open.spotify.com/track/7I20Ec1WLEWDggvYTCHRi8,introspective pensive urban
Experiment,urb,urb + bru,2005-10-06,3ge2L10yhhuhpYiIx9BJ4B,https://open.spotify.com/track/3ge2L10yhhuhpYiIx9BJ4B,introspective pensive urban
Urban Forge,Har,Dream Tower Blueprints,2007-03-28,6cwocvYt8cxnLBZg28sPeR,https://open.spotify.com/track/6cwocvYt8cxnLBZg28sPeR,introspective pensive urban
Introspection,Guido Manusardi Trio,Jazz Music (The Italian Jazz Sound),2018-10-12,1MkI0KbwBSzDFeAYQHy2l3,https://open.spotify.com/track/1MkI0KbwBSzDFeAYQHy2l3,introspective pensive urban
Instrumentation III,HMOT,Gost Zvuk 5 Years,2019-09-27,4Nl7GAF9OCar1YhZXaEXVs,https://open.spotify.com/track/4Nl7GAF9OCar1YhZXaEXVs,introspective pensive urban
Subtle Instrumental Music for Unwinding,Seven Loves,Keep Walking,2016-11-07,00DeMz6xWPKycfG0wf7HXo,https://open.spotify.com/track/00DeMz6xWPKycfG0wf7HXo,introspective pensive urban
Urban Guitar - Cut Version,Man In Jazz,Contemplate Vol.2,2021-05-12,2ofM9XGrmF1OGSS2cqq3yz,https://open.spotify.com/track/2ofM9XGrmF1OGSS2cqq3yz,introspective pensive urban
Urban,Silent Strike,Beats for Bots & Rhythm for Algorithm,2022-04-01,0sDAY2iMOGmBwjZRsMgV4U,https://open.spotify.com/track/0sDAY2iMOGmBwjZRsMgV4U,introspective pensive urban
Urban Sax Vibes,John's Saxophone,Electric Sax Appeal,2024-12-27,5gDnqUk3hSFRenDA4KkDxW,https://open.spotify.com/track/5gDnqUk3hSFRenDA4KkDxW,introspective pensive urban
Urban Tape,Lofi Hip-Hop Beats,Beach Walkin',2025-01-13,0DCKUcabxddDMi1aXU73tV,https://open.spotify.com/track/0DCKUcabxddDMi1aXU73tV,introspective pensive urban
Introspection,Gedeøn,Introspection (PCR006),2015-02-23,6Pk6wLDlBlxQks4ncWbHxV,https://open.spotify.com/track/6Pk6wLDlBlxQks4ncWbHxV,introspective pensive urban
Urban Melody,LofiCity Hub,Hong Kong Lofi,2023-11-12,7rTLj90zyvDW13V5fZ5RL7,https://open.spotify.com/track/7rTLj90zyvDW13V5fZ5RL7,introspective pensive urban
Urban Jazz Rhythms,Jazz Instrumental Chill,Romantic Whispers: Romantic Jazz,2024-10-17,0kjIXCX002bf3BnGoDG09f,https://open.spotify.com/track/0kjIXCX002bf3BnGoDG09f,introspective pensive urban
Urban Jazz,Jazz Night Music Paradise,Velvet Lounge: Smooth Jazz Lounge,2025-06-27,49PEzvtAsqsg3VORWiKFmM,https://open.spotify.com/track/49PEzvtAsqsg3VORWiKFmM,introspective pensive urban
Urbane Music for Relaxing,Jazz para Estudiar,Music for Studying (Double Bass),2020-09-30,1MYFWALlB2oD8PJtpGjguE,https://open.spotify.com/track/1MYFWALlB2oD8PJtpGjguE,introspective pensive urban
Urban Zen,LofiTime Vibes,Chill Horizons – Global Lo‑Fi Escapes,2025-10-09,2uGvm1eUMooaCHf3xTUyQ5,https://open.spotify.com/track/2uGvm1eUMooaCHf3xTUyQ5,introspective pensive urban
Urban Mirage,John's Saxophone,Sax Escapes,2024-11-27,0nqvsIGZwByjngJHUNa2wp,https://open.spotify.com/track/0nqvsIGZwByjngJHUNa2wp,introspective pensive urban
Urban Jungle,Fanfara Electronica,Birds Talk,2017-11-15,5OofwAAroYngEUm6hkTIll,https://open.spotify.com/track/5OofwAAroYngEUm6hkTIll,introspective pensive urban
Urbane Music for Jazzy Weekends,Smooth Dinner Jazz,Chilling Time in the Summer Sky,2023-02-25,3rhXuy8Qchqktx7WP782do,https://open.spotify.com/track/3rhXuy8Qchqktx7WP782do,introspective pensive urban
Urban Serenade,Chillutopia,Urban Serenade,2025-04-16,4wXRLp6AwKYSKKYDGI192p,https://open.spotify.com/track/4wXRLp6AwKYSKKYDGI192p,introspective pensive urban
Interlude 4,Urbs & Cutex,Peace Talks!,2004-04-20,1xAAcoUenimfPl5P4bcedM,https://open.spotify.com/track/1xAAcoUenimfPl5P4bcedM,introspective pensive urban
Urban Nights XI,Fabio Fortissimo,Romantic Jazz Ensemble,2015-08-05,5rNFxa4hTufAgjZd95ml8k,https://open.spotify.com/track/5rNFxa4hTufAgjZd95ml8k,introspective pensive urban
Urban Savage,Marco Bianchi,Circus In C Minor - Urban Savage,2007-06-19,2VXakE36Bap6AFqeNdqseO,https://open.spotify.com/track/2VXakE36Bap6AFqeNdqseO,introspective pensive urban
Instrumental Background,Acoustic Hits,Boutique Background Music: Trendy Jazz for Clothing Stores,2020-11-21,0XoHERnQIpLlK15PrfwLwc,https://open.spotify.com/track/0XoHERnQIpLlK15PrfwLwc,introspective pensive urban
Introspective - Spa,Atmospheric Lights,Introspective,2021-10-15,0toLubTQ18k0KaZjr7mxnw,https://open.spotify.com/track/0toLubTQ18k0KaZjr7mxnw,introspective pensive urban
Instrument of Thought,Yoga Meditation Music Group,"An Introduction to Yoga, Vol. 3",2021-08-05,1ceUSQdxsnqHtTm9defyOm,https://open.spotify.com/track/1ceUSQdxsnqHtTm9defyOm,introspective pensive urban
Introspect - Ennja Remix,SINNF,Introspect / Ghoul,2018-06-04,1aw7fRw4iE9eCn2NOK7cOW,https://open.spotify.com/track/1aw7fRw4iE9eCn2NOK7cOW,introspective pensive urban
Introspection - Voyage Mix,KingTouch,His Heart,2018-07-11,7fgEP0jUHwFbwa9TKRQhKF,https://open.spotify.com/track/7fgEP0jUHwFbwa9TKRQhKF,introspective pensive urban
Meditative Inspiring,Tranquility Experts,"Ambient Spa Music: Meditation & Yoga Music, Serenity Relaxing Music for Massage, Reiki & Zen Flutes",2017-11-28,5rRinqd5mDQ1wPKSuKAqwt,https://open.spotify.com/track/5rRinqd5mDQ1wPKSuKAqwt,introspective pensive urban
Introspection,Gib,Introspection,2021-01-16,6jxOMB6mkbY7MdzKtWcKCF,https://open.spotify.com/track/6jxOMB6mkbY7MdzKtWcKCF,introspective pensive urban
Introspection,frvnco,Here I Am,2023-03-31,67y8IsUTzXGgmnbUcvyD7r,https://open.spotify.com/track/67y8IsUTzXGgmnbUcvyD7r,introspective pensive urban
Chasing the Sun,Urbanature,Flow,2018-06-29,4G13wFALMDRsldvmFBm1Dl,https://open.spotify.com/track/4G13wFALMDRsldvmFBm1Dl,introspective pensive urban
Urbanic Gold,Kristian Sonderlund,"Feel Good Pop, Vol. 2",2018-06-22,5eOFWTeHKE4s2iHavkVRUO,https://open.spotify.com/track/5eOFWTeHKE4s2iHavkVRUO,introspective pensive urban
Urban Justice,Skydiva,City Lights,2022-10-24,7bsblJXrxBuBRzuewzUeTK,https://open.spotify.com/track/7bsblJXrxBuBRzuewzUeTK,introspective pensive urban
Easy Urban,3rd Wave Coffee,Urban Piano BGM for Lounge,2023-02-24,1JdhIe5WDritBJjZVR0D5f,https://open.spotify.com/track/1JdhIe5WDritBJjZVR0D5f,introspective pensive urban
Ambientic,Cygnotic,Reflections from the Future,2008-08-08,0OTcEllikS9lKWxNNam76h,https://open.spotify.com/track/0OTcEllikS9lKWxNNam76h,introspective pensive urban
Urban Style,Twinky Beats,Urban Style,2024-05-07,4710jOvbGMKLWDRF8lFc4I,https://open.spotify.com/track/4710jOvbGMKLWDRF8lFc4I,introspective pensive urban
Urban Sunset,Five4Tune,Smooth Tunes,2025-03-14,2hHbCbVTKyta3hqKgZgyPs,https://open.spotify.com/track/2hHbCbVTKyta3hqKgZgyPs,introspective pensive urban
Preludium,Urban Limited,Preludium,2017-11-15,43LqCi2Tr1ZIAJmYOEGJn9,https://open.spotify.com/track/43LqCi2Tr1ZIAJmYOEGJn9,introspective pensive urban
Juno,Urban Meditation,Currents of Space,2019-01-19,56adv19tc0Z4cz3smzOtHj,https://open.spotify.com/track/56adv19tc0Z4cz3smzOtHj,introspective pensive urban
Intro,NAPS,NAPS,2010-05-04,3pvDa1rzKMnPlDPzdRBLmX,https://open.spotify.com/track/3pvDa1rzKMnPlDPzdRBLmX,introspective pensive urban
Outro,Urbs & Cutex,Peace Talks!,2004-04-20,5zZ3P4mpS9Ru0uVmvrZ4WA,https://open.spotify.com/track/5zZ3P4mpS9Ru0uVmvrZ4WA,introspective pensive urban
Preludium,Urban Limited,Preludium,2017-11-15,43LqCi2Tr1ZIAJmYOEGJn9,https://open.spotify.com/track/43LqCi2Tr1ZIAJmYOEGJn9,introspective pensive urban
