track_name,artist_name,album_name,release_date,track_id,spotify_url,mood_keywords
Dark Industrial Pollution,Genocide Organ,Carte Blanche,2023-05-05,4nMKlHcMtjpSRTkMp4gI4v,https://open.spotify.com/track/4nMKlHcMtjpSRTkMp4gI4v,bleak desolate industrial
Industrial Landscapes,Olivier Deriviere,Vampyr,2018-06-04,7bUUH7VtXofh8ALTlLqScY,https://open.spotify.com/track/7bUUH7VtXofh8ALTlLqScY,bleak desolate industrial
Post-Industrial Ambient – Ukrainian Rural Shadows,Etrusco Music,Dark Fields of Ukraine – Post-Soviet Ambient,2025-11-17,0uC1sN1ARV4W6cVjz8025C,https://open.spotify.com/track/0uC1sN1ARV4W6cVjz8025C,bleak desolate industrial
Industrial District,Atrium Carceri,Metropolis,2015-06-30,0MYFK7o0vAL6gnA0gI33Of,https://open.spotify.com/track/0MYFK7o0vAL6gnA0gI33Of,bleak desolate industrial
Industrial Hell,Marzuku,Industrial Hell,2022-01-01,5V8lXTVyDaCOJ0nJ4lVpmg,https://open.spotify.com/track/5V8lXTVyDaCOJ0nJ4lVpmg,bleak desolate industrial
Instrumental,Austere,Bleak...,2008-02-01,1CGh3jn3fER7ef6OGVIzSg,https://open.spotify.com/track/1CGh3jn3fER7ef6OGVIzSg,bleak desolate industrial
Industrial Shit,Distractor,Krachial,2013-10-04,7flOCMPsQOeSQgYDABVuW0,https://open.spotify.com/track/7flOCMPsQOeSQgYDABVuW0,bleak desolate industrial
Industrial Introduction,Throbbing Gristle,The Taste of TG (A Beginner's Guide to the Music of Throbbing Gristle),2017-11-03,0cMeKkm409F99U1eQl2Ji7,https://open.spotify.com/track/0cMeKkm409F99U1eQl2Ji7,bleak desolate industrial
Industrial Fluids,despite others,Industrial Fluids,2021-12-03,6giuyPKBoWyDwKpECpxm2l,https://open.spotify.com/track/6giuyPKBoWyDwKpECpxm2l,bleak desolate industrial
Industrial Coating,Sleepless Night,Good Night for Pink Noise Ambience,2020-12-08,4LGBY7YINckzDojPFAxIAx,https://open.spotify.com/track/4LGBY7YINckzDojPFAxIAx,bleak desolate industrial
Industrial Environment,Tony Kinsey,Kpm 1000 Series: Vibraphone Jazz Quartet,1971-09-01,0VcBkBmjJaTOLwfv1umsLN,https://open.spotify.com/track/0VcBkBmjJaTOLwfv1umsLN,bleak desolate industrial
Bled Dry,zYnthetic,SOUNDTRACK FOR THE APOCALYPSE,2014-05-23,2pp194rzlGjTcG90iX9FYb,https://open.spotify.com/track/2pp194rzlGjTcG90iX9FYb,bleak desolate industrial
Into The Abyss,Marzuku,Industrial Hell,2022-01-01,4gVTAiUfNMRiLjti7wU1wf,https://open.spotify.com/track/4gVTAiUfNMRiLjti7wU1wf,bleak desolate industrial
Industrial Next Door,Sleepless Night,Good Night for Pink Noise Ambience,2020-12-08,7z67lWWWfHfJ8xAffxUtYO,https://open.spotify.com/track/7z67lWWWfHfJ8xAffxUtYO,bleak desolate industrial
Rings,Marzuku,Industrial Hell,2022-01-01,6qsjzLVt42DhYHAJ7ohvzA,https://open.spotify.com/track/6qsjzLVt42DhYHAJ7ohvzA,bleak desolate industrial
Industrial Machine Hum and Low Brown Noise,Listening Territory,Brown Noise: Vents and Fans,2023-01-17,2VWQEFKUN4kL8w7bt3ANbV,https://open.spotify.com/track/2VWQEFKUN4kL8w7bt3ANbV,bleak desolate industrial
Hostile Environment,Filmmaker,Nocturnal,2019-03-10,0ZyEqYxXsBwJutSSJCN182,https://open.spotify.com/track/0ZyEqYxXsBwJutSSJCN182,bleak desolate industrial
Abandon All,zYnthetic,SOUNDTRACK FOR THE APOCALYPSE,2014-05-23,6XY9O5pejwQzGAxxhPV6om,https://open.spotify.com/track/6XY9O5pejwQzGAxxhPV6om,bleak desolate industrial
Industrial Fan - Seamless,The Right Noises,ASMR Enviroments,2022-05-06,7HHcdizHqTuWFV9Azn9CuI,https://open.spotify.com/track/7HHcdizHqTuWFV9Azn9CuI,bleak desolate industrial
Abandon V3,zYnthetic,SOUNDTRACK FOR THE APOCALYPSE,2014-05-23,4bQT1xQEQsFdzhQOFJW7ZB,https://open.spotify.com/track/4bQT1xQEQsFdzhQOFJW7ZB,bleak desolate industrial
Industrial Experiments,Blank Library,Industrial Ambience and Horror,2023-03-29,08S4iM9i8Gg7h0jC1lAbvo,https://open.spotify.com/track/08S4iM9i8Gg7h0jC1lAbvo,bleak desolate industrial
Infarkt,Anenzephalia,Instrumentalities,2014-11-07,2eEn2cNUx1Cw5ktqz9e75S,https://open.spotify.com/track/2eEn2cNUx1Cw5ktqz9e75S,bleak desolate industrial
The Industrial Complex,Christian Salyer,Postal & Postal 2 (Original Soundtrack),2022-05-02,29knnjrob8RZXrEjPkXx0i,https://open.spotify.com/track/29knnjrob8RZXrEjPkXx0i,bleak desolate industrial
Industrial,Joel Corelitz,Eastward (Original Soundtrack),2021-09-16,32gffGrT1CTJgTrelLCV2D,https://open.spotify.com/track/32gffGrT1CTJgTrelLCV2D,bleak desolate industrial
Defection,zYnthetic,SOUNDTRACK FOR THE APOCALYPSE,2014-05-23,6xl3qdj83Z2TVVs1GgtaUL,https://open.spotify.com/track/6xl3qdj83Z2TVVs1GgtaUL,bleak desolate industrial
Industrial Intro - 32AR,Throbbing Gristle,Thirty-Second Annual Report,1977-11,73YZZUeMO1PzlJ5U5uFWb8,https://open.spotify.com/track/73YZZUeMO1PzlJ5U5uFWb8,bleak desolate industrial
Industrial Hoover,Daily Sounds Hub,Cleaning,2021-03-01,5crIFJvCEgfFJIx1z8gdzz,https://open.spotify.com/track/5crIFJvCEgfFJIx1z8gdzz,bleak desolate industrial
Ambient Minimal Corporate,DensoMusic,Ambient Corporate Background,2021-03-21,4J0Pf9H6mBoSjuAqN3y9Pl,https://open.spotify.com/track/4J0Pf9H6mBoSjuAqN3y9Pl,bleak desolate industrial
Industrial De-Evolution,Inon Zur,Fallout New Vegas (Original Game Soundtrack),2010-10-09,497Gh2pHidy2Sl8fQ0cBU1,https://open.spotify.com/track/497Gh2pHidy2Sl8fQ0cBU1,bleak desolate industrial
Outmoded Futuristic Industrialism,MooreMusic4U,Electromagnetic Symphony,2021-05-29,3yxcgZt8J9uPh7VCuEbcri,https://open.spotify.com/track/3yxcgZt8J9uPh7VCuEbcri,bleak desolate industrial
Contamination Group,zYnthetic,SOUNDTRACK FOR THE APOCALYPSE,2014-05-23,2nf3d5LmmMgfG51n3MEUlh,https://open.spotify.com/track/2nf3d5LmmMgfG51n3MEUlh,bleak desolate industrial
Instrumental I,Nahtrunar,Mysterium Tremendum,2018-02-09,1qw3fczvHOZDQ3Yblz7eXC,https://open.spotify.com/track/1qw3fczvHOZDQ3Yblz7eXC,bleak desolate industrial
Industrial Messiah Complex,Full Of Hell,Garden of Burning Apparitions,2021-10-01,3DVFkFkgtObAFztqWa2LAa,https://open.spotify.com/track/3DVFkFkgtObAFztqWa2LAa,bleak desolate industrial
Industrial Heater for Sleep,National Geographic Soundscapes,Industrial Heater Sound,2022-02-20,0jRi6uyW9ReWKon13pq9wc,https://open.spotify.com/track/0jRi6uyW9ReWKon13pq9wc,bleak desolate industrial
Industrial Laboratory,Kirby: Planet Robobot Soundteam,Kirby: Planet Robobot Original Soundtrack,2016-12-15,5kDM2CnAiceoSGKoqwnJZ6,https://open.spotify.com/track/5kDM2CnAiceoSGKoqwnJZ6,bleak desolate industrial
Outbreak,zYnthetic,SOUNDTRACK FOR THE APOCALYPSE,2014-05-23,2T58lMxULMMTnz4vuCXopk,https://open.spotify.com/track/2T58lMxULMMTnz4vuCXopk,bleak desolate industrial
Solitude of the Dead,LẼTUM,The Entrance To Salvation,2001,1NjLmJBbFougAQGSJyzKBT,https://open.spotify.com/track/1NjLmJBbFougAQGSJyzKBT,bleak desolate industrial
Factory Machine (Machinery Manufacturing Industrial Conveyor Belt Ambience Background Noise Soundscape Clip) [Sound Effect],Finnolia Sound Effects,Ambient Sound Effects,2013-11-08,21d9EZe4X7f2Kf1XWScvpV,https://open.spotify.com/track/21d9EZe4X7f2Kf1XWScvpV,bleak desolate industrial
BlooddriveN,zYnthetic,SOUNDTRACK FOR THE APOCALYPSE,2014-05-23,02dT2JXPsttdiHtNWdVHAB,https://open.spotify.com/track/02dT2JXPsttdiHtNWdVHAB,bleak desolate industrial
Hydra,Marzuku,Industrial Hell,2022-01-01,0eGE3npxILP9PuQKVH5RKd,https://open.spotify.com/track/0eGE3npxILP9PuQKVH5RKd,bleak desolate industrial
Echoes of Industrial Madness,Blank Library,Industrial Ambience and Horror,2023-03-29,3AiPo2vbylXRIUNm41Ycgi,https://open.spotify.com/track/3AiPo2vbylXRIUNm41Ycgi,bleak desolate industrial
Dark Industrial Cinematic,cleanmindsounds,Dark Industrial Cinematic,2022-10-29,2V7jzdnkNgHae8RZsDTTWX,https://open.spotify.com/track/2V7jzdnkNgHae8RZsDTTWX,bleak desolate industrial
Industrial Strife Pt. 2,Genocide Organ,: In-Konflikt :,2004,2VuiPvEKbN2WgF0Fnyw90m,https://open.spotify.com/track/2VuiPvEKbN2WgF0Fnyw90m,bleak desolate industrial
Industrial Strife Pt. 1,Genocide Organ,: In-Konflikt :,2004,2r0hMyLlmdClgeUFo9TI7v,https://open.spotify.com/track/2r0hMyLlmdClgeUFo9TI7v,bleak desolate industrial
Industrial Complex - Stilhed Remix,Lauge,Sceneries,2022-12-16,6ga0ZoAvNodEc0tjMayONq,https://open.spotify.com/track/6ga0ZoAvNodEc0tjMayONq,bleak desolate industrial
Industrial Blackout,BloodThinnerz,Industrial Blackout,2019-09-27,3NbDfKbzBooKvYWEpUxwUE,https://open.spotify.com/track/3NbDfKbzBooKvYWEpUxwUE,bleak desolate industrial
Track XI,Der Blutharsch,Time Is Thee Enemy!,2003-12-12,66hN1w6Si6r6uXIcZ3iq7q,https://open.spotify.com/track/66hN1w6Si6r6uXIcZ3iq7q,bleak desolate industrial
Track III,Der Blutharsch,Der Sieg Des Lichtes Ist Der Lebens Heil,1998-04-24,4sJSl1vg1r3vrwbFoVU6Vh,https://open.spotify.com/track/4sJSl1vg1r3vrwbFoVU6Vh,bleak desolate industrial
Hunger,zYnthetic,ERA,2014-07-26,2VHs7ZGBHlIdOEdpRgg59T,https://open.spotify.com/track/2VHs7ZGBHlIdOEdpRgg59T,bleak desolate industrial
Twist Inside,Bleak Star,Wasted Potential,2010-11-21,2Txjz0mENo7Lz22ozQnQT9,https://open.spotify.com/track/2Txjz0mENo7Lz22ozQnQT9,bleak desolate industrial
Desolate Summer Asphalt Schoolyard,Purl,A Quiet Awakening,2011-04-01,66gRYSr7RLD3PgV3JG6spd,https://open.spotify.com/track/66gRYSr7RLD3PgV3JG6spd,bleak desolate industrial
Parandemic,zYnthetic,SOUNDTRACK FOR THE APOCALYPSE,2014-05-23,6OKTP1Ws10K5d7UTKUgfjF,https://open.spotify.com/track/6OKTP1Ws10K5d7UTKUgfjF,bleak desolate industrial
Murder/Suicide,zYnthetic,SOUNDTRACK FOR THE APOCALYPSE,2014-05-23,6hNSz3qKA726OcqQIs5zFJ,https://open.spotify.com/track/6hNSz3qKA726OcqQIs5zFJ,bleak desolate industrial
Instrumental,Dark Age,Minus Exitus,2008-06-14,3ZsBC9pSyXVp4IOZnH9w6b,https://open.spotify.com/track/3ZsBC9pSyXVp4IOZnH9w6b,bleak desolate industrial
Svart Industriell Olycka,Shining,III: Angst,2002,5xltwwuGP4FKjUQkEMtWxO,https://open.spotify.com/track/5xltwwuGP4FKjUQkEMtWxO,bleak desolate industrial
Industrial Factory Ambience,Factory Sounds,Factory Sound,2022-01-13,2zSfgoZgxW97TMbFWwJZ9V,https://open.spotify.com/track/2zSfgoZgxW97TMbFWwJZ9V,bleak desolate industrial
Soothing Industrial Air Conditioner,Air Conditioner White Noise,Industrial Air Conditioning Sound,2022-01-16,2XL31H3VM25NSGqN3YzO06,https://open.spotify.com/track/2XL31H3VM25NSGqN3YzO06,bleak desolate industrial
Blowby,ohGr,Tricks,2018-06-20,29fp5J37hAUSJp1pAYQwVU,https://open.spotify.com/track/29fp5J37hAUSJp1pAYQwVU,bleak desolate industrial
H2,industrial-1,abstract,2021-01-28,18U8oXfm48Sy47AKEi0FGo,https://open.spotify.com/track/18U8oXfm48Sy47AKEi0FGo,bleak desolate industrial
"Industry, Saw Mill - Antique Sawmill: General Ambience: Machinery and Worker Activity, Industries & Factories, Engines, Motors & Machines, Factory & Industrial Equipment",Sound Effects Library,Vintage Machinery Sounds of the Past: Sound Effects,2012-05-15,1daIAkuCKaxHgbjoynxfYA,https://open.spotify.com/track/1daIAkuCKaxHgbjoynxfYA,bleak desolate industrial
Reduced to Nothing,Gothic Storm,Industrial Fearscapes,2018-10-02,4mJQwdL7cBGuPFklLKOotu,https://open.spotify.com/track/4mJQwdL7cBGuPFklLKOotu,bleak desolate industrial
Industrial Atmosphere,dRedder,No Delivery (Definitive Edition),2019-09-27,5OESJdyOWXUnHJiB9sjJc0,https://open.spotify.com/track/5OESJdyOWXUnHJiB9sjJc0,bleak desolate industrial
Daymare,Anenzephalia,Instrumentalities,2014-11-07,6akayD41vIcZyOEYbvllzx,https://open.spotify.com/track/6akayD41vIcZyOEYbvllzx,bleak desolate industrial
Invisible Elevators,No Bloom Now,Industria (Original Soundtrack),2021-10-15,2bTfJiplih826p8B09GtWB,https://open.spotify.com/track/2bTfJiplih826p8B09GtWB,bleak desolate industrial
Instrumental,Obliteration,Perpetual Decay,2007-05-21,6YQnZ3bhrqbUEojvzJ2JcF,https://open.spotify.com/track/6YQnZ3bhrqbUEojvzJ2JcF,bleak desolate industrial
Black Industrial Misery,Shining,Oppression MMXVIII,2020-02-28,0NGGTJqfiu6bY5mS8TlNbF,https://open.spotify.com/track/0NGGTJqfiu6bY5mS8TlNbF,bleak desolate industrial
Brief Revolution,Orkestra Macabre,A Symphony of the Desolate for the Isolated,2021-10-22,70vUNwi3IDpEMefw0kYUjm,https://open.spotify.com/track/70vUNwi3IDpEMefw0kYUjm,bleak desolate industrial
Disrupted,Bleak Star,This Is Nothingness,2011-11-18,55DBnhbi28Ateb72nKIxeX,https://open.spotify.com/track/55DBnhbi28Ateb72nKIxeX,bleak desolate industrial
Industrialism,Kawakami Ryo,MEGAMAN ZERO/ZX SOUND BOX,2020-03-25,5pcZgQHnUBYNZOD9c2PyKK,https://open.spotify.com/track/5pcZgQHnUBYNZOD9c2PyKK,bleak desolate industrial
BLESSINGS UNTO THE MACHINE,Varien,The Second Industrial Revolution,2019-12-05,3MZif2tbDKmEt0mFkCVfPe,https://open.spotify.com/track/3MZif2tbDKmEt0mFkCVfPe,bleak desolate industrial
Obsolete - Instrumental,DEADLIFE,God in the Machine (Deluxe Edition),2021-09-02,4SKoFazOjPjjsZrL6AZ1aZ,https://open.spotify.com/track/4SKoFazOjPjjsZrL6AZ1aZ,bleak desolate industrial
Mechanical Rape,Anenzephalia,Instrumentalities,2014-11-07,6tL0aDoGD7vMBV3NMCgyaF,https://open.spotify.com/track/6tL0aDoGD7vMBV3NMCgyaF,bleak desolate industrial
Instrumental,Xasthur,Xasthur,2007-01-02,39CKBMKhyccmJs2rJPVGl5,https://open.spotify.com/track/39CKBMKhyccmJs2rJPVGl5,bleak desolate industrial
Industrial Shit,Gregor Beyerle,"Gothic Music Orgy, Vol. 4",2017-09-22,4s0YpukZpxvzq8LcpSpwjk,https://open.spotify.com/track/4s0YpukZpxvzq8LcpSpwjk,bleak desolate industrial
Factory Glow,Tor Lundvall,Night Studies,2013-11-05,2GUZouYwst3fMBZBclgcky,https://open.spotify.com/track/2GUZouYwst3fMBZBclgcky,bleak desolate industrial
Equivalent 2,Loscil,Equivalents,2019-08-16,0Ass5E18KCnELk1vNnCTEm,https://open.spotify.com/track/0Ass5E18KCnELk1vNnCTEm,bleak desolate industrial
Surface Tension,zYnthetic,SOUNDTRACK FOR THE APOCALYPSE,2014-05-23,2Np5F9WYuLzNpSW1YTIwxU,https://open.spotify.com/track/2Np5F9WYuLzNpSW1YTIwxU,bleak desolate industrial
Desolation,Nox Arcana,The Haunted Symphony,2019-08-15,14tuAiW4IisW5BIXeniYM3,https://open.spotify.com/track/14tuAiW4IisW5BIXeniYM3,bleak desolate industrial
Through A Forest Of Empty Armors,Desiderii Marginis,Departed,2020-07-03,1Oiqr0c18entpwZdZDIftt,https://open.spotify.com/track/1Oiqr0c18entpwZdZDIftt,bleak desolate industrial
Track I,Der Blutharsch,Time Is Thee Enemy!,2003-12-12,4crzvvlqbCjaYVVU9AKINx,https://open.spotify.com/track/4crzvvlqbCjaYVVU9AKINx,bleak desolate industrial
Industrial Strife Pt. 3,Genocide Organ,: In-Konflikt :,2004,61jj2vSJzMY27TWRojbLDv,https://open.spotify.com/track/61jj2vSJzMY27TWRojbLDv,bleak desolate industrial
industrial ambient | hidden passage,megacity music,industrial ambient | hidden passage,2024-06-15,4wyZLZeHu9jUbnOs0zdiQn,https://open.spotify.com/track/4wyZLZeHu9jUbnOs0zdiQn,bleak desolate industrial
Powerful Industrial Metal,Max-Music,Powerful Industrial Metal,2021-01-30,7KZXWuXRX0znZ4FHw1NFbD,https://open.spotify.com/track/7KZXWuXRX0znZ4FHw1NFbD,bleak desolate industrial
Industrial Landscapes,Markus Schmidt,Anno 2070 (Original Game Soundtrack) [Collector's Edition],2012-10-08,3Kb4wwaPfGHnF22dgxObMS,https://open.spotify.com/track/3Kb4wwaPfGHnF22dgxObMS,bleak desolate industrial
Industrial Desert,Simon Kölle,Conduct This! (Original Game Soundtrack),2019-09-25,66FAZXSQP6CwhAuJ3lSo95,https://open.spotify.com/track/66FAZXSQP6CwhAuJ3lSo95,bleak desolate industrial
Isolation,In Slaughter Natives,Ventre,2016-06-29,19brzBDDdKpRTwwEWh88F3,https://open.spotify.com/track/19brzBDDdKpRTwwEWh88F3,bleak desolate industrial
Alternate Ending,zYnthetic,SOUNDTRACK FOR THE APOCALYPSE,2014-05-23,7e5DsOxT9l6e3Y3VWSCdfm,https://open.spotify.com/track/7e5DsOxT9l6e3Y3VWSCdfm,bleak desolate industrial
I Threw My Soul Away,Bleak Star,Mend,2012-05-15,6yTl9Gv8ydHysicofb1QKx,https://open.spotify.com/track/6yTl9Gv8ydHysicofb1QKx,bleak desolate industrial
Desolate Horror,Shadow's Symphony,Desolate Horror,2016-03-22,2rhqo0st9pZIfNh0fIewGF,https://open.spotify.com/track/2rhqo0st9pZIfNh0fIewGF,bleak desolate industrial
Burning In Hell,Bleak Star,Waste Your Potential Sessions,2011-01-14,0TmSapUiaAQMlAwq3sUayS,https://open.spotify.com/track/0TmSapUiaAQMlAwq3sUayS,bleak desolate industrial
Feast For Death,Haex,Aethyr Abyss Void,2021-12-18,6w78XBuLFr4EJJUSNQhsVv,https://open.spotify.com/track/6w78XBuLFr4EJJUSNQhsVv,bleak desolate industrial
Harm Intended,zYnthetic,ERA,2014-07-26,2GUdDkUoXgl5ycYnhIuToI,https://open.spotify.com/track/2GUdDkUoXgl5ycYnhIuToI,bleak desolate industrial
Improved Industrial Dwellings,Neotropic,Mr. Brubaker's Strawberry Alarm Clock,1998,24cJoWVgrXIF26NFNz7t6R,https://open.spotify.com/track/24cJoWVgrXIF26NFNz7t6R,bleak desolate industrial
Distorted Spaces,Orkestra Macabre,A Symphony of the Desolate for the Isolated,2021-10-22,4cvnF6LbYFS1LYjFmyxR0V,https://open.spotify.com/track/4cvnF6LbYFS1LYjFmyxR0V,bleak desolate industrial
Pro-bots & Robophobes - Instrumental,Scandroid,Scandroid (Deluxe Edition),2016-11-11,77dGGfFNaK7sPfWEBon3Nr,https://open.spotify.com/track/77dGGfFNaK7sPfWEBon3Nr,bleak desolate industrial
Insolate,Biosphere,Dropsonde,2020-06-05,0JSQjr1eqj9NWNi5g6Ioxk,https://open.spotify.com/track/0JSQjr1eqj9NWNi5g6Ioxk,bleak desolate industrial
Industrial Revolution,Kevin MacLeod,Mystery,2014-12-27,3BtvpK3fIqV8bPlM2efOhf,https://open.spotify.com/track/3BtvpK3fIqV8bPlM2efOhf,bleak desolate industrial
Equivalent 6,Loscil,Equivalents,2019-08-16,1MmUHnqtr0vJDTjDlYCH8X,https://open.spotify.com/track/1MmUHnqtr0vJDTjDlYCH8X,bleak desolate industrial
Insect,Sister Machine Gun,"Future Unformed, The",2015-03-10,2zVw4dJnFXzR9TYhD0Ey6T,https://open.spotify.com/track/2zVw4dJnFXzR9TYhD0Ey6T,bleak desolate industrial
Industrial Disease,Cameron McBride,Dark Ambient: Ominous Sinister Soundscapes,2016-05-05,1ittC3QQ3tNWBnVJra2erN,https://open.spotify.com/track/1ittC3QQ3tNWBnVJra2erN,bleak desolate industrial
Dread Conductor,zYnthetic,ERA,2014-07-26,0T9iwBJb2ZSlPKOBWMmetO,https://open.spotify.com/track/0T9iwBJb2ZSlPKOBWMmetO,bleak desolate industrial
Stille Sphären,Anenzephalia,Instrumentalities,2014-11-07,6X6lSKnPEA60BMNsuOmEkI,https://open.spotify.com/track/6X6lSKnPEA60BMNsuOmEkI,bleak desolate industrial
Industrial Indoor,Gergely Buttinger,"Warhammer 40,000: Inquisitor - Martyr (Original Soundtrack)",2020-02-19,4YoZtK0CaxfxJsbnp5Hbpk,https://open.spotify.com/track/4YoZtK0CaxfxJsbnp5Hbpk,bleak desolate industrial
Abandoned Warehouse,Ambient Realms,"Massive Horror Ambience, Vol. 3",2022-04-23,6M2TPYFxxqhwLAiDCHYBuB,https://open.spotify.com/track/6M2TPYFxxqhwLAiDCHYBuB,bleak desolate industrial
Organ Grinder,zYnthetic,ERA,2014-07-26,0h9RCCgAazueD33C3IJL1i,https://open.spotify.com/track/0h9RCCgAazueD33C3IJL1i,bleak desolate industrial
Industrial Synthwave (Reanimator Mix),Grim Reality Entertainment,"Hip-Hop Instrumentals, Vol. 25",2022-11-25,5ETUAlQFhqV097vfj2xTAx,https://open.spotify.com/track/5ETUAlQFhqV097vfj2xTAx,bleak desolate industrial
Impulsprinzip: The Industrial Series,Hegstraction,Impulsprinzip: The Industrial Series,2022-05-20,6bcOnsmcnYf68vY8sJzelE,https://open.spotify.com/track/6bcOnsmcnYf68vY8sJzelE,bleak desolate industrial
INDUSTRIAL WASTE (HEAVY COIL MIX) - Plack Blague Remix,Bestial Mouths,THOUSANDNEEDLES,2021-05-05,1ocfY7HqjMLiosmXb1nsuJ,https://open.spotify.com/track/1ocfY7HqjMLiosmXb1nsuJ,bleak desolate industrial
Bled Dry - 2018 Mix,zYnthetic,Collected (10 Year Anniversary Edition),2018-07-07,4MkqbKXUnCi0AMEpvF9InW,https://open.spotify.com/track/4MkqbKXUnCi0AMEpvF9InW,bleak desolate industrial
Industrial Zone,Matthew S Burns,Infinifactory (Original Soundtrack),2015-06-25,52Pm6srMEWtL0LBxnQ3i6f,https://open.spotify.com/track/52Pm6srMEWtL0LBxnQ3i6f,bleak desolate industrial
Störung 1 / Signalgeber,Anenzephalia,Instrumentalities,2014-11-07,36muJqaLkUFmXIFYW9sJj9,https://open.spotify.com/track/36muJqaLkUFmXIFYW9sJj9,bleak desolate industrial
Industry,Dead Lights,Dead Lights,2021-06-01,2OoPDFqUQfVvNQXNI4uhqE,https://open.spotify.com/track/2OoPDFqUQfVvNQXNI4uhqE,bleak desolate industrial
Industrial Twilight,The Kovenant,Seti,2003-03-31,34swts1V1ywQ7Ku2KO0Udk,https://open.spotify.com/track/34swts1V1ywQ7Ku2KO0Udk,bleak desolate industrial
"Techno Industry (From ""Descent 2"") - Original",VG Cover Junkies,"Techno Industry (From ""Descent 2"") [Original]",2018-04-25,1sDGTjCyufg2Jwz0miFAmH,https://open.spotify.com/track/1sDGTjCyufg2Jwz0miFAmH,bleak desolate industrial
Industrial Futures,Mathieu Harlaut,Industries,2019-08-12,7ovuyROEAgJZli7UyLFGgb,https://open.spotify.com/track/7ovuyROEAgJZli7UyLFGgb,bleak desolate industrial
Industrial Air Conditioning Ambience,Air Conditioner White Noise,Industrial Air Conditioning Sound,2022-01-16,5CBd6ZVM5cUi3gCmbZ2V10,https://open.spotify.com/track/5CBd6ZVM5cUi3gCmbZ2V10,bleak desolate industrial
Industrial,Sound Gallery by Dmitry Taras,Industrial,2023-12-29,7sco5HAjnxIJTr10VJ2e3L,https://open.spotify.com/track/7sco5HAjnxIJTr10VJ2e3L,bleak desolate industrial
Dark Industrial Techno Soundscapes,Buben,Dark Industrial Techno Soundscapes,2018-10-19,43G4NQI7L37eb0zL9KSkQA,https://open.spotify.com/track/43G4NQI7L37eb0zL9KSkQA,bleak desolate industrial
Modern Sounds,Industrial Wanderlust,Industrial Dark Ambient: White Noise For Relaxation,2019-11-07,3I1oFavcM0RQjabKhGq26F,https://open.spotify.com/track/3I1oFavcM0RQjabKhGq26F,bleak desolate industrial
"The Track of the Hunted, Pt. 2",Der Blutharsch,The Track of the Hunted,2000-10-16,7ujh7khkWNvTaJ7iTyQyK7,https://open.spotify.com/track/7ujh7khkWNvTaJ7iTyQyK7,bleak desolate industrial
Industrial Spirit,Auvic,Instruments of Destruction Pt. 2 (Original Game Soundtrack),2022-10-20,4pyuJZiRQWziS3GGSC4I1X,https://open.spotify.com/track/4pyuJZiRQWziS3GGSC4I1X,bleak desolate industrial
Industrial Break,Deville,Void Empire 6,2025-09-05,59hZU3KCjmTiM1Q9Mybz09,https://open.spotify.com/track/59hZU3KCjmTiM1Q9Mybz09,bleak desolate industrial
Ambien Manor,Bile,"Built to Fuck, Born to Kill",2013-01-02,1W0DWiaq6L808e6MxlABwZ,https://open.spotify.com/track/1W0DWiaq6L808e6MxlABwZ,bleak desolate industrial
Industrial Craft,Maxence Dussere,The Art of Soundscape,2019-09-17,2HiQlbhh6noeb9nxxB1FVI,https://open.spotify.com/track/2HiQlbhh6noeb9nxxB1FVI,bleak desolate industrial
A Powerful Corporation (Instrumental),Ambience Mastery,Cyberpunk Vibes (Electronic Instrumentals),2021-08-27,3fo8CmMyOcPGXfiR57d2ud,https://open.spotify.com/track/3fo8CmMyOcPGXfiR57d2ud,bleak desolate industrial
Industrial Strength (Instro-Mental Mix),Combichrist,Throat Full Of Glass,2011-03-08,3vRzXUr0HBl72XGyONTyXV,https://open.spotify.com/track/3vRzXUr0HBl72XGyONTyXV,bleak desolate industrial
Industrial Evolution,SynthAttack,Damnation,2021-10-22,3ce0D8DzBXXgLKGt7OkYlS,https://open.spotify.com/track/3ce0D8DzBXXgLKGt7OkYlS,bleak desolate industrial
Mindcancer,Anenzephalia,Instrumentalities,2014-11-07,1SL4NUfDxzutlDHCaknZhn,https://open.spotify.com/track/1SL4NUfDxzutlDHCaknZhn,bleak desolate industrial
In the Shadow of Death,Brighter Death Now,With Promises of Death,2014-11-01,5UeqkWGrHInT3Hag8doa8z,https://open.spotify.com/track/5UeqkWGrHInT3Hag8doa8z,bleak desolate industrial
Dark Ambient,Background Music Attention,"Gothic, Atmospheric, Dark Ambient",2020-01-13,7k4XRuYWSKR9aNVbV9dCh4,https://open.spotify.com/track/7k4XRuYWSKR9aNVbV9dCh4,bleak desolate industrial
Empty Reflection,Dead Melodies,Murken Hollow,2022-11-01,28TFwaAiZe31KVc1352r8s,https://open.spotify.com/track/28TFwaAiZe31KVc1352r8s,bleak desolate industrial
Astor Place - Instrumental,Scandroid,The Darkness and The Light (Deluxe Edition),2020,6nHgwBjSkadUnnUW4ANqds,https://open.spotify.com/track/6nHgwBjSkadUnnUW4ANqds,bleak desolate industrial
(untitled scratch) 2009,zYnthetic,ERA,2014-07-26,6lJLgiSCsXMYqSAei5s7zY,https://open.spotify.com/track/6lJLgiSCsXMYqSAei5s7zY,bleak desolate industrial
Track II,Der Blutharsch,Time Is Thee Enemy!,2003-12-12,48GeH6YbnUKjf7hiuZo7at,https://open.spotify.com/track/48GeH6YbnUKjf7hiuZo7at,bleak desolate industrial
Industrial - Remastered,Frank Klepacki,Command & Conquer (Original Soundtrack) [Remastered],2020-06-26,47sLs0CJvB9cyCxItWmPfO,https://open.spotify.com/track/47sLs0CJvB9cyCxItWmPfO,bleak desolate industrial
Track V,Der Blutharsch,Time Is Thee Enemy!,2003-12-12,4hCH92LQBoXe1LsNVxbyqy,https://open.spotify.com/track/4hCH92LQBoXe1LsNVxbyqy,bleak desolate industrial
Dead Inside,Beherit,H418ov21.c + Electric Doom Synthesis,2007-01-01,18vsCTVXXBLKxD2d7sIxTm,https://open.spotify.com/track/18vsCTVXXBLKxD2d7sIxTm,bleak desolate industrial
Industrial Ambients,Laibach,An Anthology Of Noise And Electronic Music Vol.2,2006-12-11,2dBg172Zye861oalbHReHd,https://open.spotify.com/track/2dBg172Zye861oalbHReHd,bleak desolate industrial
Into Nothing,zYnthetic,ERA,2014-07-26,2DsmN92GtMyrM5N36r2ySG,https://open.spotify.com/track/2DsmN92GtMyrM5N36r2ySG,bleak desolate industrial
Industrial,Elkony,Shadowmatic (Original Game Soundtrack),2014-10-01,6rQ9wXekjDCH1XdHb6ugRL,https://open.spotify.com/track/6rQ9wXekjDCH1XdHb6ugRL,bleak desolate industrial
Industrial Shit - Vault-113 Remix,Distractor,Krachial,2013-10-04,18Rw7OWn5r80ivPPVY5uNj,https://open.spotify.com/track/18Rw7OWn5r80ivPPVY5uNj,bleak desolate industrial
We Are Dust,Sergey Kolosov,Industrial,2013-11-12,2diSUfH3q3m1221Scm0SfA,https://open.spotify.com/track/2diSUfH3q3m1221Scm0SfA,bleak desolate industrial
Industrial Disaster Aftermath,Doyle W. Donehoo,Aliens: Dark Descent (Original Video Game Soundtrack),2023-10-27,5l25R05m4D8GbvdKvha78z,https://open.spotify.com/track/5l25R05m4D8GbvdKvha78z,bleak desolate industrial
Instruments of Destruction,Deathproof,Respect the Prime: 1986 Revisited,2016-08-12,0ZM1J8o1hotH03q4fbTD5b,https://open.spotify.com/track/0ZM1J8o1hotH03q4fbTD5b,bleak desolate industrial
Industrial Soceity and Its Future,Ghost Mice,Dark Times,2018-06-01,6CS3FAsnHrNw1e2Uxb20Ce,https://open.spotify.com/track/6CS3FAsnHrNw1e2Uxb20Ce,bleak desolate industrial
Factory of Fears,Background Music Attention,"Gothic, Atmospheric, Dark Ambient",2020-01-13,4SpZHkjRMRIPnbqu5Htyb6,https://open.spotify.com/track/4SpZHkjRMRIPnbqu5Htyb6,bleak desolate industrial
Industrial,whaTaRWoll Music,North Trap,2018-12-27,5BptOJtZnREwXGWH29CSF9,https://open.spotify.com/track/5BptOJtZnREwXGWH29CSF9,bleak desolate industrial
Deep Cleanse,Lower Tar,Blank Stare,2022-10-28,1R8h1GADvMfdEgbxxKatZB,https://open.spotify.com/track/1R8h1GADvMfdEgbxxKatZB,bleak desolate industrial
Industrial Action Trailer,Carlos Estella,Intense Battle Epic Music,2021-06-06,50uHSLLNQDA3O7easH36AF,https://open.spotify.com/track/50uHSLLNQDA3O7easH36AF,bleak desolate industrial
Desolate Pool - Instrumental,Stegosaurus Rex,Undeniable,2009-04-16,0ZNYN57iOTIdxxqvYuWDf5,https://open.spotify.com/track/0ZNYN57iOTIdxxqvYuWDf5,bleak desolate industrial
Defector,JK Flesh,Rise Above,2016-06-03,1aAgezoMVXLNfKfuDU6TtW,https://open.spotify.com/track/1aAgezoMVXLNfKfuDU6TtW,bleak desolate industrial
Impasse,Brighter Death Now,Necrose Evangelicum,2008-11-23,76jAvIVfXuj3zEAXk5VrcZ,https://open.spotify.com/track/76jAvIVfXuj3zEAXk5VrcZ,bleak desolate industrial
(untitled scratch) 2011,zYnthetic,ERA,2014-07-26,3wqW70hnyMlInYt9QsH9z3,https://open.spotify.com/track/3wqW70hnyMlInYt9QsH9z3,bleak desolate industrial
Industrialized,Skarp,Requiem,2005-09-13,3elhDznBLugPAbDukZe8Vf,https://open.spotify.com/track/3elhDznBLugPAbDukZe8Vf,bleak desolate industrial
Veil (Instrumental),Petroglyphs,Desolate/eternal,2015-07-13,7i90hL1J4TfTCGEXyzjNYt,https://open.spotify.com/track/7i90hL1J4TfTCGEXyzjNYt,bleak desolate industrial
Machine Mind,Bleak Star,This Is Nothingness,2011-11-18,5NZFk84RtZRKgSgJ3qornS,https://open.spotify.com/track/5NZFk84RtZRKgSgJ3qornS,bleak desolate industrial
Dark Tide - Instrumental,Scandroid,The Darkness and The Light (Deluxe Edition),2020,2LJqNWsV3gF5g7vXXuPFAN,https://open.spotify.com/track/2LJqNWsV3gF5g7vXXuPFAN,bleak desolate industrial
(untitled ambience 1) 2008,zYnthetic,ERA,2014-07-26,11CuZYClfcSw8okPHHftnc,https://open.spotify.com/track/11CuZYClfcSw8okPHHftnc,bleak desolate industrial
Industrial Jazz Introduction,Fon Restorff,Sisyphus,2014-05-02,3MxbZBwCpWY6X2gqDmyKlN,https://open.spotify.com/track/3MxbZBwCpWY6X2gqDmyKlN,bleak desolate industrial
Screams from the Smelter,Best Instrumental Background Music,Industrial Metal,2025-01-24,4Ud6BDAIZjd6Vf73VGb0gX,https://open.spotify.com/track/4Ud6BDAIZjd6Vf73VGb0gX,bleak desolate industrial
Track VII,Der Blutharsch,Der Sieg Des Lichtes Ist Der Lebens Heil,1998-04-24,4xq1cfNQSc7xoABKeuGeVu,https://open.spotify.com/track/4xq1cfNQSc7xoABKeuGeVu,bleak desolate industrial
Track VIII,Der Blutharsch,Fire Danger Season,2002-07-03,7jF9Oh3YlaDmSU9LvFaCEO,https://open.spotify.com/track/7jF9Oh3YlaDmSU9LvFaCEO,bleak desolate industrial
Industrialized Criminals History,Linekraft,Industrialized Criminals History,2020-07-03,1Gt3qez8KsU8BJ3dpAsJrT,https://open.spotify.com/track/1Gt3qez8KsU8BJ3dpAsJrT,bleak desolate industrial
Industrial Indoor (Action),Gergely Buttinger,"Warhammer 40,000: Inquisitor - Martyr (Original Soundtrack)",2020-02-19,5Ifov7twIsNUFV0MhFIVM3,https://open.spotify.com/track/5Ifov7twIsNUFV0MhFIVM3,bleak desolate industrial
Fernmeldung / Störung 0,Anenzephalia,Instrumentalities,2014-11-07,184tlctrrNNkSb5MRZRto1,https://open.spotify.com/track/184tlctrrNNkSb5MRZRto1,bleak desolate industrial
Biosphere,Noise Unit,Decoder,1995,7ItYPjMIcxbMmvTcgfRh68,https://open.spotify.com/track/7ItYPjMIcxbMmvTcgfRh68,bleak desolate industrial
"Industry, Mining - Interior Mine Ambience: Distant Drilling, Very Low Rumble, Air Hiss Factory & Industrial Equipment",Sound Effects Library,Industries: Sound Effects,2012-05-15,6FvNGAEKyxKh6Mp2YX4CCY,https://open.spotify.com/track/6FvNGAEKyxKh6Mp2YX4CCY,bleak desolate industrial
Ethereal Drone,Trace Amount,Alien Dust,2021-10-29,2LY8f3UcHur4jMDFVLjeN1,https://open.spotify.com/track/2LY8f3UcHur4jMDFVLjeN1,bleak desolate industrial
Track IX,Der Blutharsch,Der Sieg Des Lichtes Ist Der Lebens Heil,1998-04-24,5gAlEopjA0w2mlZqYZoDqL,https://open.spotify.com/track/5gAlEopjA0w2mlZqYZoDqL,bleak desolate industrial
Öppna Hegrind,MZ. 412,Svartmyrkr,2019-02-08,4QjKE0toYfZgMcHNkDiSnD,https://open.spotify.com/track/4QjKE0toYfZgMcHNkDiSnD,bleak desolate industrial
Industries of Inferno,Mysticum,In the Streams of Inferno,2013-02-25,6zhTbVLtSkARvLQV3WXg2W,https://open.spotify.com/track/6zhTbVLtSkARvLQV3WXg2W,bleak desolate industrial
Neo Industrialist,Dynamedion,Anno 2205 (Original Game Soundtrack),2015-11-03,1Z4KMfjb9pFJNpSWgNmXSx,https://open.spotify.com/track/1Z4KMfjb9pFJNpSWgNmXSx,bleak desolate industrial
Noir - Instrumental,Reflections,Silhouette (Instrumental),2021-05-28,4QZLtQsbv8EBRcoIcnl81S,https://open.spotify.com/track/4QZLtQsbv8EBRcoIcnl81S,bleak desolate industrial
Smiles And Slaughter,zYnthetic,ERA,2014-07-26,4tdE8IkSYZyadhwpn6CWst,https://open.spotify.com/track/4tdE8IkSYZyadhwpn6CWst,bleak desolate industrial
Twist Inside (Original),Bleak Star,Wasted Potential Leftovers,2010-12-22,36ZQP7Z9664zSSzT3wPCod,https://open.spotify.com/track/36ZQP7Z9664zSSzT3wPCod,bleak desolate industrial
Metropole,In The Nursery,Asphalt,1997,7gXl4kImBXHTEhD61p1IDU,https://open.spotify.com/track/7gXl4kImBXHTEhD61p1IDU,bleak desolate industrial
Ambient Industrial Dronescape,Sprites,Modern Gameplay,2006,3aye7QC1E424HiOAOltIl5,https://open.spotify.com/track/3aye7QC1E424HiOAOltIl5,bleak desolate industrial
Industrial Genesis,Best Instrumental Background Music,Industrial,2025-06-13,3cmtYYIAw9xxkmJzLaAK3Z,https://open.spotify.com/track/3cmtYYIAw9xxkmJzLaAK3Z,bleak desolate industrial
Track XIII,Der Blutharsch,Der Sieg Des Lichtes Ist Der Lebens Heil,1998-04-24,3m5SXYGG1NaXBNOJ0QRmjJ,https://open.spotify.com/track/3m5SXYGG1NaXBNOJ0QRmjJ,bleak desolate industrial
Industrial,Alec Koff,Cyber Metal,2021-03-02,5jjP2mFtlVwP80lG57k6hP,https://open.spotify.com/track/5jjP2mFtlVwP80lG57k6hP,bleak desolate industrial
Electronic Laboratory Noises from Below,Blastwave FX,Haunted Halloween: 300 Scary Sound Effects from Beyond the Grave,2015-09-23,0e61IB7N5AyqN0WBkFOGFv,https://open.spotify.com/track/0e61IB7N5AyqN0WBkFOGFv,bleak desolate industrial
"Der Blutharsch, Pt. 2",Der Blutharsch,Der Blutharsch,1996-10-16,0vqOJK8kCCSf1z0yDK6xAU,https://open.spotify.com/track/0vqOJK8kCCSf1z0yDK6xAU,bleak desolate industrial
Industrial City Theme,Vertigoaway,Beisolhof VOL I [METORA],2019-10-31,3iZgb3WJo6fMwzsnYHkrNL,https://open.spotify.com/track/3iZgb3WJo6fMwzsnYHkrNL,bleak desolate industrial
Saefe,Anenzephalia,Kaltwelt,2012-11-01,3EjYVmo47NesGnr6hwtPDS,https://open.spotify.com/track/3EjYVmo47NesGnr6hwtPDS,bleak desolate industrial
Shadowboxing in the Wind,Industrial Revelation,Oak Head,2013-10-15,6KajfWOpeXn6FTOtnodTSd,https://open.spotify.com/track/6KajfWOpeXn6FTOtnodTSd,bleak desolate industrial
THE SECOND INDUSTRIAL REVOLUTION,Varien,The Second Industrial Revolution,2019-12-05,7wCsVqd0UTUBBL6zvoLlcq,https://open.spotify.com/track/7wCsVqd0UTUBBL6zvoLlcq,bleak desolate industrial
Evoke,Interiors,Blur,2018-04-20,7JLHm8e0AzzRdje89sQ8tW,https://open.spotify.com/track/7JLHm8e0AzzRdje89sQ8tW,bleak desolate industrial
Industrial Obedience,Genocide Pact,Genocide Pact,2021-12-03,7dCGBvOlKpRXMXOtw0esLV,https://open.spotify.com/track/7dCGBvOlKpRXMXOtw0esLV,bleak desolate industrial
Industria,Mekong,End of the World,2021-05-14,6SD4A36JgACp5KSpr8sIvF,https://open.spotify.com/track/6SD4A36JgACp5KSpr8sIvF,bleak desolate industrial
Forest / Interior,Dean Hurley,Anthology Resource Vol. I: △△,2017-08-06,1xRr6Tc5WFa0EMCxqwXe5n,https://open.spotify.com/track/1xRr6Tc5WFa0EMCxqwXe5n,bleak desolate industrial
In Silence,Ancient Methods,The Jericho Records,2018-09-21,4SfisIVYPw8aajqYEwo7Ue,https://open.spotify.com/track/4SfisIVYPw8aajqYEwo7Ue,bleak desolate industrial
Rebuff,Swamp Terrorists,Industrial Machine Musick,1999-07-13,5qbQSZteDj9h9ZM6FwdE97,https://open.spotify.com/track/5qbQSZteDj9h9ZM6FwdE97,bleak desolate industrial
Silene,Biosphere,Substrata 2,2001-05-21,0HTwpHI8V6VxuKTtvoqPc1,https://open.spotify.com/track/0HTwpHI8V6VxuKTtvoqPc1,bleak desolate industrial
Precious,In The Nursery,Asphalt,1997,392E0awwQftlZVcKQEoaiP,https://open.spotify.com/track/392E0awwQftlZVcKQEoaiP,bleak desolate industrial
Devastation,Officio Audiorum,Ambiences of the Far Future: Season VIII,2022-02-18,7hWsgkOE2BRZCvBAqRjYv6,https://open.spotify.com/track/7hWsgkOE2BRZCvBAqRjYv6,bleak desolate industrial
Revenge Against Society,Interior One,Revenge Against Society,2021-02-12,3FWrCHAoBexl6B8HV2RCPl,https://open.spotify.com/track/3FWrCHAoBexl6B8HV2RCPl,bleak desolate industrial
Machinery of Souls,Best Instrumental Background Music,Industrial Metal,2025-01-24,1Dzfez9vhWnYpkCiN9iu1y,https://open.spotify.com/track/1Dzfez9vhWnYpkCiN9iu1y,bleak desolate industrial
Desolate Strand I,Sournetic,The Abandoned City (Original Game Soundtrack),2022-07-07,1HQYoYGRxGpsEfzTaho6CJ,https://open.spotify.com/track/1HQYoYGRxGpsEfzTaho6CJ,bleak desolate industrial
Factory Ambience,Digiffects Sound Effects Library,Industrial Ambiences,2016-02-27,37sX5c5XNjoTiCyaeRqPY8,https://open.spotify.com/track/37sX5c5XNjoTiCyaeRqPY8,bleak desolate industrial
Keep Hands Inside Machinery At All Times,zYnthetic,ERA,2014-07-26,3yDamlM3Op1tTAcI1YGPMD,https://open.spotify.com/track/3yDamlM3Op1tTAcI1YGPMD,bleak desolate industrial
Industrial Cyclical Machine,Alternative White Noises,Factory Sounds for Background and White Noise,2022-08-28,4yVSeekbbOLvp7MVdbPCsh,https://open.spotify.com/track/4yVSeekbbOLvp7MVdbPCsh,bleak desolate industrial
Full Burn,zYnthetic,ERA,2014-07-26,1GfMHIZ7uIJy1g5gGo1lrk,https://open.spotify.com/track/1GfMHIZ7uIJy1g5gGo1lrk,bleak desolate industrial
Industrial Turbine,Alternative White Noises,Factory Sounds for Background and White Noise,2022-08-28,2OkBS5m2atDGHvQmPyQqwQ,https://open.spotify.com/track/2OkBS5m2atDGHvQmPyQqwQ,bleak desolate industrial
Amelia,Industrial Revelation,Liberation and the Kingdom of Nri,2015-10-10,0pNLC1nSQiSBHtytPFaIpS,https://open.spotify.com/track/0pNLC1nSQiSBHtytPFaIpS,bleak desolate industrial
Deliverance,Scorn,Deliverance,1992,6GV0XMZlBNhGUyaMAMr0ui,https://open.spotify.com/track/6GV0XMZlBNhGUyaMAMr0ui,bleak desolate industrial
Instrumental,Kellermensch,Capitulism,2022-05-27,1lojPtnKbFf1ZK2VBZqjtt,https://open.spotify.com/track/1lojPtnKbFf1ZK2VBZqjtt,bleak desolate industrial
Track XVI,Der Blutharsch,Der Sieg Des Lichtes Ist Der Lebens Heil,1998-04-24,0KewbXXl1rcWdLfZ3kTbQI,https://open.spotify.com/track/0KewbXXl1rcWdLfZ3kTbQI,bleak desolate industrial
Track X,Der Blutharsch,Der Sieg Des Lichtes Ist Der Lebens Heil,1998-04-24,5PAOmMePu5hEw8zfxRz4RI,https://open.spotify.com/track/5PAOmMePu5hEw8zfxRz4RI,bleak desolate industrial
Blok 57,Blok 57,Blok 57,1993,2unZAMGUsqSFDJwfYKmZyu,https://open.spotify.com/track/2unZAMGUsqSFDJwfYKmZyu,bleak desolate industrial
Megastructures (Instumental),Ambience Mastery,Cyberpunk Vibes (Electronic Instrumentals),2021-08-27,7pdGUbetPQUm3lAEfbS2zp,https://open.spotify.com/track/7pdGUbetPQUm3lAEfbS2zp,bleak desolate industrial
Instrumental,You Blew It!,The Past in Present,2013-12-17,4V0X2MPg51iFDpdlNwvCaI,https://open.spotify.com/track/4V0X2MPg51iFDpdlNwvCaI,bleak desolate industrial
Blooms from the Ashes,Desolate Horizons,Somewhen,2024-08-23,4bhJ6G1vygB9wsYOLKlGpU,https://open.spotify.com/track/4bhJ6G1vygB9wsYOLKlGpU,bleak desolate industrial
"Grunty Industries, Quiet Interior (From ""Banjo-Tooie"")",Arcade Player,"Banjo-Tooie, The Themes",2020-09-12,3zt0D3DZ0y6tWWKM4QF6H5,https://open.spotify.com/track/3zt0D3DZ0y6tWWKM4QF6H5,bleak desolate industrial
(untitled ambience 3) 2008,zYnthetic,ERA,2014-07-26,20XL2aYrT8NPaU4D9pOrGe,https://open.spotify.com/track/20XL2aYrT8NPaU4D9pOrGe,bleak desolate industrial
Screams from the Manufacturing Floor,Blank Library,Industrial Ambience and Horror,2023-03-29,3J9zHNZTnj7SvlIyo4XC3B,https://open.spotify.com/track/3J9zHNZTnj7SvlIyo4XC3B,bleak desolate industrial
Industrial Tech,Chase Bethea,Aground Original Soundtrack,2019-08-31,08LycbgGfv2rjCVhDPPUrn,https://open.spotify.com/track/08LycbgGfv2rjCVhDPPUrn,bleak desolate industrial
Angel of Pain,Gothic Storm,Industrial Fearscapes,2018-10-02,3FCFMtWQ1Qy66IwEYUUD6d,https://open.spotify.com/track/3FCFMtWQ1Qy66IwEYUUD6d,bleak desolate industrial
Track IV,Der Blutharsch,First,1996-12-04,6CYUoIKAbV9R1jiF8kYbPv,https://open.spotify.com/track/6CYUoIKAbV9R1jiF8kYbPv,bleak desolate industrial
Departure - Instrumental,Sinyells,Departure,2022-01-14,2X2R93WD52wzMsDWaofVeS,https://open.spotify.com/track/2X2R93WD52wzMsDWaofVeS,bleak desolate industrial
INDUSTRIAL WASTE,Bestial Mouths,RESURRECTEDINBLACK,2022-06-29,2t7elNsp6dK5TmQOWr6zgG,https://open.spotify.com/track/2t7elNsp6dK5TmQOWr6zgG,bleak desolate industrial
Outbreak - 2008 Master,zYnthetic,Collected (10 Year Anniversary Edition),2018-07-07,7wj7r8GIxF8LX4r2beV6sZ,https://open.spotify.com/track/7wj7r8GIxF8LX4r2beV6sZ,bleak desolate industrial
Desolate Strand II,Sournetic,The Abandoned City (Original Game Soundtrack),2022-07-07,0muZlzBMmHt6iGvCpKHKNt,https://open.spotify.com/track/0muZlzBMmHt6iGvCpKHKNt,bleak desolate industrial
Arhator Industries I,Monasterium Imperi,Edenium Archives,2022-11-04,6PhHUNvkaJb8ELrIlaGHII,https://open.spotify.com/track/6PhHUNvkaJb8ELrIlaGHII,bleak desolate industrial
Planet of Slaves,Anenzephalia,Instrumentalities,2014-11-07,1GUlXQqwBPqGW3tZX6hKCq,https://open.spotify.com/track/1GUlXQqwBPqGW3tZX6hKCq,bleak desolate industrial
Assimilate,Razed In Black,Industrial Masters,2007-10-09,5nShZO5a0ne9VnYHZWLeDV,https://open.spotify.com/track/5nShZO5a0ne9VnYHZWLeDV,bleak desolate industrial
Induratio Penis Plastika,Anenzephalia,Instrumentalities,2014-11-07,0k9YQjEiYZtkeVslZXulL0,https://open.spotify.com/track/0k9YQjEiYZtkeVslZXulL0,bleak desolate industrial
Final Pulse,Anenzephalia,Instrumentalities,2014-11-07,3aTovdFRJF9MpwuwKDGIy1,https://open.spotify.com/track/3aTovdFRJF9MpwuwKDGIy1,bleak desolate industrial
Industrial White Noise,Study With Us,Block Out Distractions With White Noise,2020-02-12,6dGX0rPAXduPF4p71CFuEj,https://open.spotify.com/track/6dGX0rPAXduPF4p71CFuEj,bleak desolate industrial
Mine,Himukalt,Between My Teeth,2021-03-19,5u8jCzDNYzXND6R8D6tBGy,https://open.spotify.com/track/5u8jCzDNYzXND6R8D6tBGy,bleak desolate industrial
Track VI,Der Blutharsch,Der Sieg Des Lichtes Ist Der Lebens Heil,1998-04-24,1Mh7qeoUWgnWklujELHw2S,https://open.spotify.com/track/1Mh7qeoUWgnWklujELHw2S,bleak desolate industrial
"The Track of the Hunted, Pt. 4",Der Blutharsch,The Track of the Hunted,2000-10-16,7f9hZQAkUSRFznsvFPmodn,https://open.spotify.com/track/7f9hZQAkUSRFznsvFPmodn,bleak desolate industrial
Industrial Noise Tape 2,izumi gould,Industrial Noise Tape,2018-06-20,6zzmXqwxDwqVKjWF9l2321,https://open.spotify.com/track/6zzmXqwxDwqVKjWF9l2321,bleak desolate industrial
Defection - 2008 Master,zYnthetic,Collected (10 Year Anniversary Edition),2018-07-07,20UOvYJdZNETVrQqxgrJyX,https://open.spotify.com/track/20UOvYJdZNETVrQqxgrJyX,bleak desolate industrial
Industrial Strife,Genocide Organ,Live in Japan 2007,2009-09-15,7kLe2czN1fIqdmfnnUUf2w,https://open.spotify.com/track/7kLe2czN1fIqdmfnnUUf2w,bleak desolate industrial
Scary Industrial,Sound Effects,Sound Effects Vol.3,2009-12-30,3sxer92o1dBzbIe7dljioY,https://open.spotify.com/track/3sxer92o1dBzbIe7dljioY,bleak desolate industrial
Liberation,Industrial Revelation,Liberation and the Kingdom of Nri,2015-10-10,47fFtuLGbgraotdKissZHW,https://open.spotify.com/track/47fFtuLGbgraotdKissZHW,bleak desolate industrial
Track XII,Der Blutharsch,Der Sieg Des Lichtes Ist Der Lebens Heil,1998-04-24,1UpIhun9t9fV9mzniNebHx,https://open.spotify.com/track/1UpIhun9t9fV9mzniNebHx,bleak desolate industrial
Solititation,LẼTUM,Broken,2006-07-01,3G7BOAQ0V8Y1OPb8a9HB0B,https://open.spotify.com/track/3G7BOAQ0V8Y1OPb8a9HB0B,bleak desolate industrial
Arhator Industries II,Monasterium Imperi,Edenium Archives,2022-11-04,13LL330psMwGN4FJlLh7BG,https://open.spotify.com/track/13LL330psMwGN4FJlLh7BG,bleak desolate industrial
What Dwells In Toyland,zYnthetic,ERA,2014-07-26,3Zcuw1YF4nXveLlxP0ay3m,https://open.spotify.com/track/3Zcuw1YF4nXveLlxP0ay3m,bleak desolate industrial
Stilt Walker,zYnthetic,ERA,2014-07-26,2md7ByRaWW4GgbzAvzlsNK,https://open.spotify.com/track/2md7ByRaWW4GgbzAvzlsNK,bleak desolate industrial
Heavy-Heartedness,Desolate Horizons,A Modern-Day Affliction,2020-12-14,0igbCNYiE4IKVVQ0ZHuIeN,https://open.spotify.com/track/0igbCNYiE4IKVVQ0ZHuIeN,bleak desolate industrial
Mort Aux Vaches,In Slaughter Natives,Mort Aux Vaches,2015-06-23,2CrBelTBxLvOMzjkY3uxw7,https://open.spotify.com/track/2CrBelTBxLvOMzjkY3uxw7,bleak desolate industrial
Ambience Drone Pulse Industrial Boiler Room Suspense Sci-Fi Sound Effects Sound Effect Sounds EFX Sfx FX Science Fiction Sci-Fi Drones,Sci Fi Sound Effects,Sci Fi Sound Effects - The Premier Collection,2006-02-22,1eEEevzgM38eTSWFRgzW6T,https://open.spotify.com/track/1eEEevzgM38eTSWFRgzW6T,bleak desolate industrial
Castrate Christ,Trepaneringsritualen,Perfection & Permanence,2014-07-21,1woWxx94bLOL6G2qUm8ZxG,https://open.spotify.com/track/1woWxx94bLOL6G2qUm8ZxG,bleak desolate industrial
Industrial City,The Abyssal Ride,Industrial City,2020-01-06,5SbVG6otMtnraTEbXgKCiz,https://open.spotify.com/track/5SbVG6otMtnraTEbXgKCiz,bleak desolate industrial
Decreplica - 2018 Mix,zYnthetic,Collected (10 Year Anniversary Edition),2018-07-07,7D2MtqrWfRDfZzhLMtR78u,https://open.spotify.com/track/7D2MtqrWfRDfZzhLMtR78u,bleak desolate industrial
Forgotten Factory,Blank Library,Industrial Ambience and Horror,2023-03-29,06KcqmbY3yPhTwXkXDQncB,https://open.spotify.com/track/06KcqmbY3yPhTwXkXDQncB,bleak desolate industrial
Desolate End,Unworldly,Border,2019-02-28,1JkmijmAKLyuYPJwfyFde7,https://open.spotify.com/track/1JkmijmAKLyuYPJwfyFde7,bleak desolate industrial
Industrial Processing Ambience With Squeals,Sound Ideas,Pigs Sound Effects,2024-02-07,1AmqJxjXnq7m7lmU0acoTo,https://open.spotify.com/track/1AmqJxjXnq7m7lmU0acoTo,bleak desolate industrial
Industriall,THE DARCK RAVER,Industriall,2021-12-31,6mdffwZKgeWzWB4dw9F6lv,https://open.spotify.com/track/6mdffwZKgeWzWB4dw9F6lv,bleak desolate industrial
Overpressure,zYnthetic,ERA,2014-07-26,6QwTCGMwVdwvVCQC3pWIMC,https://open.spotify.com/track/6QwTCGMwVdwvVCQC3pWIMC,bleak desolate industrial
"The Pleasures Received in Pain, Pt. 6",Der Blutharsch,The Pleasures Received in Pain,1999-10-16,6MZblmKYYL0DkVHSWcvEov,https://open.spotify.com/track/6MZblmKYYL0DkVHSWcvEov,bleak desolate industrial
Hybrid Approach,Bernd Wuertz,Dark Emotive Suspense,2017-01-27,4vOHTtMXtrBB5EZIq4cgpI,https://open.spotify.com/track/4vOHTtMXtrBB5EZIq4cgpI,bleak desolate industrial
Oblivious,Desolate Horizons,Loops for Ascension,2020-11-20,0zDwMzfn6FR649x5QDy8rE,https://open.spotify.com/track/0zDwMzfn6FR649x5QDy8rE,bleak desolate industrial
"Der Blutharsch, Pt. 5",Der Blutharsch,Der Blutharsch,1996-10-16,1Dx7LXWy5Y3klaRDRryYhQ,https://open.spotify.com/track/1Dx7LXWy5Y3klaRDRryYhQ,bleak desolate industrial
A Tribute...,Anenzephalia,Instrumentalities,2014-11-07,2tbPSVQC1S3rez3mDSDxaw,https://open.spotify.com/track/2tbPSVQC1S3rez3mDSDxaw,bleak desolate industrial
Track XIV,Der Blutharsch,Der Sieg Des Lichtes Ist Der Lebens Heil,1998-04-24,2wRj9wZzK18Fu1TaWKOgEC,https://open.spotify.com/track/2wRj9wZzK18Fu1TaWKOgEC,bleak desolate industrial
Genocide,Genocide Organ,Archive II - EP,2011-08-22,2G7rPCELMOODxW8nAo98AP,https://open.spotify.com/track/2G7rPCELMOODxW8nAo98AP,bleak desolate industrial
Ambient Background Corporate,DensoMusic,Ambient Soft Corporate Collection,2022-04-25,5KPBgq1dVbqE1F5E1j2x8C,https://open.spotify.com/track/5KPBgq1dVbqE1F5E1j2x8C,bleak desolate industrial
Industrial Compressor,Help Your Baby Sleep Through The Night,Shipping Yard Sounds for Background Sound and White Noise,2022-08-19,2VewR55hvatTJnf58wuDrl,https://open.spotify.com/track/2VewR55hvatTJnf58wuDrl,bleak desolate industrial
"Industry, Factory - Factory Ambience: Constant Automated Machinery, Light Activity, Industries & Factories, Engines, Motors & Machines, Factory & Industrial Equipment",Sound Effects Library,Industries: Sound Effects,2012-05-15,7DuaN2POpdeuieOIzOcm6S,https://open.spotify.com/track/7DuaN2POpdeuieOIzOcm6S,bleak desolate industrial
"The Track of the Hunted, Pt. 3",Der Blutharsch,The Track of the Hunted,2000-10-16,6xFqwLnJ3cgxutchwxcGqA,https://open.spotify.com/track/6xFqwLnJ3cgxutchwxcGqA,bleak desolate industrial
Zentral Institut,Genocide Organ,Same,2003,7e6pXYY25aigXQ3IVzbHp2,https://open.spotify.com/track/7e6pXYY25aigXQ3IVzbHp2,bleak desolate industrial
We Bloom Again,Desolate Horizons,"A Moment With No End, Pt. III: We Bloom Again",2018,2k0KrN6jZPVWPiwRbOqVFE,https://open.spotify.com/track/2k0KrN6jZPVWPiwRbOqVFE,bleak desolate industrial
"When All Else Fails!, Pt. 5",Der Blutharsch,When All Else Fails!,2001-10-16,3K4U2Sho2HQQVv0i2grs75,https://open.spotify.com/track/3K4U2Sho2HQQVv0i2grs75,bleak desolate industrial
"When All Else Fails!, Pt. 8",Der Blutharsch,When All Else Fails!,2001-10-16,07suDk1Q0degpYwUnM08fV,https://open.spotify.com/track/07suDk1Q0degpYwUnM08fV,bleak desolate industrial
Industrial Compressor,Lullabies For Tired Angels,Shipping Yard Sounds for Background Sound and White Noise,2022-09-11,1AFuTXKPVtEhMNJAKqToOb,https://open.spotify.com/track/1AFuTXKPVtEhMNJAKqToOb,bleak desolate industrial
Beyond Insensitivity,Desolate Horizons,Hesitation,2020-12-14,5U7zVcclFA8WcQURQdFHl4,https://open.spotify.com/track/5U7zVcclFA8WcQURQdFHl4,bleak desolate industrial
Comfort in Repetition,Desolate Horizons,Loops for Dissipation,2020-11-20,0BRqwJIfcgQmgtiS2dUFt3,https://open.spotify.com/track/0BRqwJIfcgQmgtiS2dUFt3,bleak desolate industrial
Invocation,Trepaneringsritualen,Veil the World,2015-03-09,6LEjONtfONoqJ1QmRItc2u,https://open.spotify.com/track/6LEjONtfONoqJ1QmRItc2u,bleak desolate industrial
Infernal Wake,Anenzephalia,Ephemeral Dawn,1995,1Lu04yWhn7wDA3WUPQZKI6,https://open.spotify.com/track/1Lu04yWhn7wDA3WUPQZKI6,bleak desolate industrial
Ominous,Zilverhill,+Eotvos+,2008-09-09,57PyuAjsxm4zRvrQV6FaQN,https://open.spotify.com/track/57PyuAjsxm4zRvrQV6FaQN,bleak desolate industrial
Despair - Instrumental,Earth Eater,Oblivion,2018-06-02,4Piq0u2OrVCaFveOVrrn51,https://open.spotify.com/track/4Piq0u2OrVCaFveOVrrn51,bleak desolate industrial
Industrial Chic,Branding Solutions Inc.,"Tomorrow's Corporate Culture, Today!",2022-06-25,3GFL9W8f3CteoKl6vuW1wv,https://open.spotify.com/track/3GFL9W8f3CteoKl6vuW1wv,bleak desolate industrial
Industrial Combat,Lars Kurz,German Electronica,2000-06-30,3MyEi7pQMJvhp2g6FqlqOO,https://open.spotify.com/track/3MyEi7pQMJvhp2g6FqlqOO,bleak desolate industrial
Thriller - Instrumental,Scandroid,Thriller,2017-10-13,35Mhn8uIhFV0Db7KVoNpIE,https://open.spotify.com/track/35Mhn8uIhFV0Db7KVoNpIE,bleak desolate industrial
Hyped!,Industrial Revelation,Liberation and the Kingdom of Nri,2015-10-10,7ey1Kef7gIdo44toyH30rB,https://open.spotify.com/track/7ey1Kef7gIdo44toyH30rB,bleak desolate industrial
Desolación,Obras Ocultas,Dark Machines,2022-05-31,1JHA8Iuzo95I5h0YXVBtXp,https://open.spotify.com/track/1JHA8Iuzo95I5h0YXVBtXp,bleak desolate industrial
Rust,Blank Library,Industrial Ambience and Horror,2023-03-29,0ykBhwNalVoy5cEu5srRsG,https://open.spotify.com/track/0ykBhwNalVoy5cEu5srRsG,bleak desolate industrial
Industrial Rain,Meditation Music Experience,14 Experimental Noises for Sleep and Meditation,2018-05-05,5jqiojs7L6fCGlHNOH8EZ0,https://open.spotify.com/track/5jqiojs7L6fCGlHNOH8EZ0,bleak desolate industrial
Untitled,Der Blutharsch,Fire Danger Season,2002,4jjtI4sMmg4zMKtFlYXgwR,https://open.spotify.com/track/4jjtI4sMmg4zMKtFlYXgwR,bleak desolate industrial
Sadomedica,Steel Hook Prostheses,The Empirics Guild,2013-03-29,7MCu8J8x1VTetR57kk69Xw,https://open.spotify.com/track/7MCu8J8x1VTetR57kk69Xw,bleak desolate industrial
"Der Blutharsch, Pt. 8",Der Blutharsch,Der Blutharsch,1996-10-16,7Jf1GMunLLXrcj5eKjGWXD,https://open.spotify.com/track/7Jf1GMunLLXrcj5eKjGWXD,bleak desolate industrial
"Der Blutharsch, Pt. 6",Der Blutharsch,Der Blutharsch,1996-10-16,3P9JAry6wc0mRqPbkNMDAp,https://open.spotify.com/track/3P9JAry6wc0mRqPbkNMDAp,bleak desolate industrial
intro,Silence in Machine,D3F3KTVE,2021-05-02,4lJLIa4sUFHxsJkO8aBL15,https://open.spotify.com/track/4lJLIa4sUFHxsJkO8aBL15,bleak desolate industrial
Industrial Cyclical Machine,Sleep All Night,White Noise: Factory Sounds,2022-11-04,1i2KLEG5MYkj0GhI8hFMe8,https://open.spotify.com/track/1i2KLEG5MYkj0GhI8hFMe8,bleak desolate industrial
"The Track of the Hunted, Pt. 1",Der Blutharsch,The Track of the Hunted,2000-10-16,2RjmWwce5lok9HfVuy2nTQ,https://open.spotify.com/track/2RjmWwce5lok9HfVuy2nTQ,bleak desolate industrial
"Der Blutharsch, Pt. 4",Der Blutharsch,Der Blutharsch,1996-10-16,1w07gNt0pAFgals09rdBz6,https://open.spotify.com/track/1w07gNt0pAFgals09rdBz6,bleak desolate industrial
"Industry, Press - Metal Fabricator Machine: Stamping Sheet Metal, Factory Factory & Industrial Equipment",Sound Effects Library,Industries: Sound Effects,2012-05-15,7mOn0cdEXQfJrbENXrCrFm,https://open.spotify.com/track/7mOn0cdEXQfJrbENXrCrFm,bleak desolate industrial
SATANIC INDUSTRIAL RA-GA BEATS!!!!!!!!!!!!!!!!!!!!,0.8秒と衝撃。,Jasumin no koibito,2015-03-18,5xRAfsVjeSMzWUv69YujZ7,https://open.spotify.com/track/5xRAfsVjeSMzWUv69YujZ7,bleak desolate industrial
Wash the Instrument,Build Buildings,Bring in the Lampstand and Light Its Lamps,2022-11-19,4W4sLxdWTj79aCEVNe4zDt,https://open.spotify.com/track/4W4sLxdWTj79aCEVNe4zDt,bleak desolate industrial
Isole,Comfort Cure,Serpentine City,2020-10-27,11HsTfuoqx4RsFNm40A5xZ,https://open.spotify.com/track/11HsTfuoqx4RsFNm40A5xZ,bleak desolate industrial
Subfuerat,Gnawed,Subterranean Rites,2020-07-03,3f2FbcJFmP5G68JiVi2B9a,https://open.spotify.com/track/3f2FbcJFmP5G68JiVi2B9a,bleak desolate industrial
Corrosive,Blank Library,Industrial Ambience and Horror,2023-03-29,23OhCpIDAKNC5PQYaSEGcA,https://open.spotify.com/track/23OhCpIDAKNC5PQYaSEGcA,bleak desolate industrial
"When All Else Fails!, Pt. 10",Der Blutharsch,When All Else Fails!,2001-10-16,1WkDzgGoUhszLeGSNoB80E,https://open.spotify.com/track/1WkDzgGoUhszLeGSNoB80E,bleak desolate industrial
"Der Blutharsch, Pt. 3",Der Blutharsch,Der Blutharsch,1996-10-16,36eos7NzpaYpL0FUz8jr4f,https://open.spotify.com/track/36eos7NzpaYpL0FUz8jr4f,bleak desolate industrial
"Time Is Thee Enemy, Pt. 9",Der Blutharsch,Time Is Thee Enemy!,2003-10-16,06Y8SwpCFaA5uUD9bXVjzX,https://open.spotify.com/track/06Y8SwpCFaA5uUD9bXVjzX,bleak desolate industrial
W4573 - Instrumental,Voicians,Wasteland (Deluxe Edition),2017,1v5a0GYApHZRHMr3TVcyid,https://open.spotify.com/track/1v5a0GYApHZRHMr3TVcyid,bleak desolate industrial
Industrial Decay,Chris Warner,Dystopian Dreams,2022-02-25,0coghFnQKBt3QO9IYOVmcb,https://open.spotify.com/track/0coghFnQKBt3QO9IYOVmcb,bleak desolate industrial
Industrial Cyclical Machine,Zzz Street,Factory Sounds for Background and White Noise,2022-06-27,7iocGOCDCBXxYdTAaPj46R,https://open.spotify.com/track/7iocGOCDCBXxYdTAaPj46R,bleak desolate industrial
Deadening,Silence in Machine,Darker Days,2020-07-29,77hQDOXBHdRZU8Q8SWZMyW,https://open.spotify.com/track/77hQDOXBHdRZU8Q8SWZMyW,bleak desolate industrial
Instrubation - 3 (Instrumental),Apocrypha,Area 54,1990-11-20,5aoLo5DgukB4z9gdEQglud,https://open.spotify.com/track/5aoLo5DgukB4z9gdEQglud,bleak desolate industrial
Wahrnehmungskrieg,Anenzephalia,Instrumentalities,2014-11-07,03MpM6WnnYkZxNwZLUMgwR,https://open.spotify.com/track/03MpM6WnnYkZxNwZLUMgwR,bleak desolate industrial
Industrial Evolution - [X]-RX Rmx,SynthAttack,Damnation,2021-10-22,0yjPpAfp5PYu1uXykNrxNV,https://open.spotify.com/track/0yjPpAfp5PYu1uXykNrxNV,bleak desolate industrial
Cyber Industrial Revolution - Destructed By Detuned Destruction,Binary Division,Re:Arrived,2015-01-20,6GAXb5yyF1JhBqLaiy8EIZ,https://open.spotify.com/track/6GAXb5yyF1JhBqLaiy8EIZ,bleak desolate industrial
Cleanser - Bonus Track - Remastered 2022,Front Line Assembly,Total Terror Part I 1986 (Remastered 2022),1986-07-01,6bvwS86xwEpdTjNCVHFhlc,https://open.spotify.com/track/6bvwS86xwEpdTjNCVHFhlc,bleak desolate industrial
Exodus II - Remastered,Der Golem,Zmet,1999-03-21,0FCRJP1rKNVN3LNnk1NG24,https://open.spotify.com/track/0FCRJP1rKNVN3LNnk1NG24,bleak desolate industrial
Hainan Industrial Complex,Magus_opus,Villavista,2019-07-26,6E4SFucJMcmZN5o4UaZYWr,https://open.spotify.com/track/6E4SFucJMcmZN5o4UaZYWr,bleak desolate industrial
Saying Goodbye (To Rainbow Socks and Hair Dye),Industrial Revelation,Oak Head,2013-10-15,4j5mPzGB74Ng8Hroe17CHA,https://open.spotify.com/track/4j5mPzGB74Ng8Hroe17CHA,bleak desolate industrial
Exodus I - Remastered,Der Golem,Zmet,1999-03-21,4Gc93pDz9avv6jnZxLIxPw,https://open.spotify.com/track/4Gc93pDz9avv6jnZxLIxPw,bleak desolate industrial
Industry Ambience with Saw Running with Cooling Liquid,Digiffects Sound Effects Library,Industrial Ambiences,2016-02-27,7Cw0WEaVVs7RAEsYmQpZuu,https://open.spotify.com/track/7Cw0WEaVVs7RAEsYmQpZuu,bleak desolate industrial
"The Track of the Hunted, Pt. 6",Der Blutharsch,The Track of the Hunted,2000-10-16,7z72NmtkPkdK8RTbKgWjN2,https://open.spotify.com/track/7z72NmtkPkdK8RTbKgWjN2,bleak desolate industrial
Bless This Bass,Minister of Noise,Bless This Bass,1990-01-01,6evdZyBEvGbl2GdqNGGUua,https://open.spotify.com/track/6evdZyBEvGbl2GdqNGGUua,bleak desolate industrial
Industrial Aftermath,Thomahawk,Dystopian Gateway,2018-10-05,1N2SFno51POgmd9GBf0JX7,https://open.spotify.com/track/1N2SFno51POgmd9GBf0JX7,bleak desolate industrial
Ambient Instrumental Theme,Sexy Erotic Halloween,"Evil Music - Mysterious, Macabre Ambient",2019-06-11,3taOUSp6gNsGP4Y1VTjMzy,https://open.spotify.com/track/3taOUSp6gNsGP4Y1VTjMzy,bleak desolate industrial
Restless Dreams,zYnthetic,ERA,2014-07-26,6RcXdJgVN4aFfhwK2WGovL,https://open.spotify.com/track/6RcXdJgVN4aFfhwK2WGovL,bleak desolate industrial
Untitled 12,Der Blutharsch,Everything Is Alright!,2009-05-05,3vWiXvZALilrSmNfPmNEZu,https://open.spotify.com/track/3vWiXvZALilrSmNfPmNEZu,bleak desolate industrial
Industrial Dust,CYBERTHING!,Collision,2019-01-25,7x9xtQn43PAtuaqlL3KfNu,https://open.spotify.com/track/7x9xtQn43PAtuaqlL3KfNu,bleak desolate industrial
Track XV,Der Blutharsch,Der Sieg Des Lichtes Ist Der Lebens Heil,1998-04-24,2eUquEQgLZbmkLtGx8qjvh,https://open.spotify.com/track/2eUquEQgLZbmkLtGx8qjvh,bleak desolate industrial
Industrial Society and It's Future,Gregory Tripi,Manhunt: Unabomber (Original Soundtrack),2017-12-15,5uT7Q5jCV8lpRgv8imLRH9,https://open.spotify.com/track/5uT7Q5jCV8lpRgv8imLRH9,bleak desolate industrial
drown,Silence in Machine,end of the sea,2022-10-27,0zgibxD5UXcO1e7a8ZbmCI,https://open.spotify.com/track/0zgibxD5UXcO1e7a8ZbmCI,bleak desolate industrial
Magenta,Anenzephalia,Magenta,2018-06-30,3hLmhBmnyT3xtFw1xVZTcN,https://open.spotify.com/track/3hLmhBmnyT3xtFw1xVZTcN,bleak desolate industrial
Minimal Soft Corporate Background,DensoMusic,Ambient Corporate Background,2021-03-21,4aQLOzDSXGrzYiN1G5xEsX,https://open.spotify.com/track/4aQLOzDSXGrzYiN1G5xEsX,bleak desolate industrial
Insert Waggler,Scorn,Refuse; Start Fires,2010-05-24,04Z8y1dumGvV1U1rWA2ob8,https://open.spotify.com/track/04Z8y1dumGvV1U1rWA2ob8,bleak desolate industrial
"Techno Industry (From ""Descent 2"") - Original",Game Tots,"Techno Industry (From ""Descent 2"") [Original]",2018-04-25,6IPhagAekcJSZ92NFhgLJE,https://open.spotify.com/track/6IPhagAekcJSZ92NFhgLJE,bleak desolate industrial
Anti Body Language,Trace Amount,Anti Body Language,2022-04-15,6h5f2qzyoW3DZYwnb4dXvK,https://open.spotify.com/track/6h5f2qzyoW3DZYwnb4dXvK,bleak desolate industrial
Expanding,Machines on Blast,Machines on Blast,2014-07-31,23oQbGdDMXDRkvcTRcGbg4,https://open.spotify.com/track/23oQbGdDMXDRkvcTRcGbg4,bleak desolate industrial
Instrumental II,Orplid,Sterbender Satyr,2006-03-24,1C53Y85sWVcf4T7Ow9n3yB,https://open.spotify.com/track/1C53Y85sWVcf4T7Ow9n3yB,bleak desolate industrial
Instrumental,REDS,IS:MEANS,2005-08-30,4E5KuAqB5etuHLptvk5dRC,https://open.spotify.com/track/4E5KuAqB5etuHLptvk5dRC,bleak desolate industrial
"The Pleasures Received in Pain, Pt. 1",Der Blutharsch,The Pleasures Received in Pain,1999-10-16,0bHN0aG1UhURqAkPimJsxC,https://open.spotify.com/track/0bHN0aG1UhURqAkPimJsxC,bleak desolate industrial
Abyssal Zone,Biomechanimal,Biomechanimal,2015-01-01,5TVEJ9sOisdY86hibuVPkl,https://open.spotify.com/track/5TVEJ9sOisdY86hibuVPkl,bleak desolate industrial
"Der Blutharsch, Pt. 9",Der Blutharsch,Der Blutharsch,1996-10-16,4ERuEjr7J6VBQBiU4zcWsY,https://open.spotify.com/track/4ERuEjr7J6VBQBiU4zcWsY,bleak desolate industrial
Ambient Soft Tech Corporate,DensoMusic,Ambient Corporate Background,2021-03-21,7w9VbW1aDUgdjB4IoU7Mvg,https://open.spotify.com/track/7w9VbW1aDUgdjB4IoU7Mvg,bleak desolate industrial
Equivalent to Hope,Desolate Horizons,Hesitation,2020-12-14,37VSmmUQtt9OiX4rtvUHi9,https://open.spotify.com/track/37VSmmUQtt9OiX4rtvUHi9,bleak desolate industrial
Nevada Desert Abduction,Sergey Kolosov,Industrial,2013-11-12,5Xr5x617Js7XpDh6mN2qyq,https://open.spotify.com/track/5Xr5x617Js7XpDh6mN2qyq,bleak desolate industrial
Isolated,Insekt,Teenmachine,2006-05-12,7KecehGHNRpFvtYy6NR54b,https://open.spotify.com/track/7KecehGHNRpFvtYy6NR54b,bleak desolate industrial
Desolation,Black Hydra,Blaze,2020-05-20,0kpQEcS5e9TAMK4v35Jp15,https://open.spotify.com/track/0kpQEcS5e9TAMK4v35Jp15,bleak desolate industrial
Industrial Christ,Bride,Tsar Bomba,2009-06-01,3JmBnOBi0S9NXj3hGn3T2b,https://open.spotify.com/track/3JmBnOBi0S9NXj3hGn3T2b,bleak desolate industrial
Subject To Retrogression (Rev. 2),Consequence,Industrial Machine Musick,1999-07-13,5iinJU3IF8Y2DToY2cCFcR,https://open.spotify.com/track/5iinJU3IF8Y2DToY2cCFcR,bleak desolate industrial
Industrial Compressor,Sleep Sounds HD,Shipping Yard Sounds for Background Sound and White Noise,2022-10-19,0lvG5rb7Zr0gWU9VlRrxsw,https://open.spotify.com/track/0lvG5rb7Zr0gWU9VlRrxsw,bleak desolate industrial
Sulphur,Dead Voices On Air,Bundle 1995 - 2013,2013-09-10,4cWetZc6Nlhf0xmyNfFZKT,https://open.spotify.com/track/4cWetZc6Nlhf0xmyNfFZKT,bleak desolate industrial
Suffer in Silence,The Klinik,Time + Black Leather,2014-07-04,2a8FOrUa44GTxOWRMLEjXb,https://open.spotify.com/track/2a8FOrUa44GTxOWRMLEjXb,bleak desolate industrial
Death Call,Decoded Feedback,Industrial Madness,1997-08-26,42NJSNobugk0yPcKH2I1Ls,https://open.spotify.com/track/42NJSNobugk0yPcKH2I1Ls,bleak desolate industrial
Mofo,Die Klute,Planet Fear,2019-02-01,7Bq1nkoA1MuHW0rEnMxbzQ,https://open.spotify.com/track/7Bq1nkoA1MuHW0rEnMxbzQ,bleak desolate industrial
BLOTCH,Download,LingAM,2013-06-11,3u9VfXz39abfcoRwFviy6t,https://open.spotify.com/track/3u9VfXz39abfcoRwFviy6t,bleak desolate industrial
Industrial Evolution,Bleeding Fingers,Earth Tones: Cities,2021-01-20,3Sf6fb4jHVPrZWUCQwT5uf,https://open.spotify.com/track/3Sf6fb4jHVPrZWUCQwT5uf,bleak desolate industrial
A Modern-Day Affliction,Desolate Horizons,A Modern-Day Affliction,2020-12-14,7GgjTlQZbBbI7h3NDmRSct,https://open.spotify.com/track/7GgjTlQZbBbI7h3NDmRSct,bleak desolate industrial
Southern Dismemberment,zYnthetic,ERA,2014-07-26,6PZMckkUIILK5gbOFMBLTI,https://open.spotify.com/track/6PZMckkUIILK5gbOFMBLTI,bleak desolate industrial
"The Track of the Hunted, Pt. 7",Der Blutharsch,The Track of the Hunted,2000-10-16,2VkoFpdiXmiPNW4qRcktq5,https://open.spotify.com/track/2VkoFpdiXmiPNW4qRcktq5,bleak desolate industrial
Heavy Industry Ambience,Digiffects Sound Effects Library,Industrial Ambiences,2016-02-27,7wriatYaCt5eJZes7y5dKS,https://open.spotify.com/track/7wriatYaCt5eJZes7y5dKS,bleak desolate industrial
"Der Blutharsch, Pt. 11",Der Blutharsch,Der Blutharsch,1996-10-16,3xnJb8TqUpwCoGOc4RGVXo,https://open.spotify.com/track/3xnJb8TqUpwCoGOc4RGVXo,bleak desolate industrial
Konstruktivists,Konstruktivists,Glennascaul,1985-01-22,5BFOpKqYBfNrXefIZXFDiB,https://open.spotify.com/track/5BFOpKqYBfNrXefIZXFDiB,bleak desolate industrial
Les Litanies De Satan - Industrial Ver.,BLOOD,Les Fleurs Du Mal (Normal Edition),2007-06-11,0d9NtcmP6haOurS7HECLfM,https://open.spotify.com/track/0d9NtcmP6haOurS7HECLfM,bleak desolate industrial
Act 1 - Coil,zYnthetic,Residual Decay: Complete,2014-07-03,401rr8njeOrMdfkFfwgFJH,https://open.spotify.com/track/401rr8njeOrMdfkFfwgFJH,bleak desolate industrial
Bleak,Maenad Veyl,Bleak,2019-03-22,44GVjkv29k14Pri4PzPBCc,https://open.spotify.com/track/44GVjkv29k14Pri4PzPBCc,bleak desolate industrial
Noise Cuts - Instrumental,Deathstars,The Perfect Cult,2014-06-13,3jt0KlihPgufiuvR8jZZGQ,https://open.spotify.com/track/3jt0KlihPgufiuvR8jZZGQ,bleak desolate industrial
Industrial Breakdown,Dub Narcotic Sound System,Industrial Breakdown,1995-09-25,43dZ56BH5T4n8hO4X3YXQB,https://open.spotify.com/track/43dZ56BH5T4n8hO4X3YXQB,bleak desolate industrial
Everything Is Alright! Pt. 13,Der Blutharsch,Time Is Thee Enemy!,2003-10-16,2yT5mlBBnSCC7wMPPLoOc6,https://open.spotify.com/track/2yT5mlBBnSCC7wMPPLoOc6,bleak desolate industrial
Inspiring Ambient,DensoMusic,Ambient Corporate Background,2021-03-21,7qUv81aCnBV7hbIhxqX7J0,https://open.spotify.com/track/7qUv81aCnBV7hbIhxqX7J0,bleak desolate industrial
Wanted (Within),Industrial Revelation,Oak Head,2013-10-15,0d4gFCvx0DBoPn0T6vNo6b,https://open.spotify.com/track/0d4gFCvx0DBoPn0T6vNo6b,bleak desolate industrial
Again,Desolate Horizons,Loops for Stagnation,2020-11-20,3DVlHQA0B9tobzIE3xlm0k,https://open.spotify.com/track/3DVlHQA0B9tobzIE3xlm0k,bleak desolate industrial
Desolate Halls,Stéphane Primeau,Necromunda: Underhive Wars (Original Soundtrack),2020-09-08,2dsXTnSruikjSALcm1jpCr,https://open.spotify.com/track/2dsXTnSruikjSALcm1jpCr,bleak desolate industrial
Desolation,K.I.R.,Arcanum,2018-01-01,3vrnC3SGO186Tbwe4fRfOP,https://open.spotify.com/track/3vrnC3SGO186Tbwe4fRfOP,bleak desolate industrial
Devil's Reprise (Instrumental),DeadStar Assembly,Blame It on the Devil (Instrumentals),2017-05-05,7cqALtUfJusE9OWfGYtUjV,https://open.spotify.com/track/7cqALtUfJusE9OWfGYtUjV,bleak desolate industrial
Omniman (Remix),Download,Industrial Machine Musick,1999-07-13,6QrAKEg3ZAX3areOPzZn4P,https://open.spotify.com/track/6QrAKEg3ZAX3areOPzZn4P,bleak desolate industrial
Repellent,Helm,Axis,2021-11-12,03Uef8W4X2Eq36FEdnfCam,https://open.spotify.com/track/03Uef8W4X2Eq36FEdnfCam,bleak desolate industrial
Isole - Veldt Remix,Comfort Cure,Serpentine City,2020-10-27,54r9iYJMSfveub4zunRQ8M,https://open.spotify.com/track/54r9iYJMSfveub4zunRQ8M,bleak desolate industrial
Desolate,Selenica,Eternal,2022-12-17,3RP4NrQSVlwiZ5DhCjHUMC,https://open.spotify.com/track/3RP4NrQSVlwiZ5DhCjHUMC,bleak desolate industrial
Fragment 004,In Slaughter Natives,Ventre,2016-06-29,5wZ6CAvkBBwd2eQ4LiZMUb,https://open.spotify.com/track/5wZ6CAvkBBwd2eQ4LiZMUb,bleak desolate industrial
Instrument of My Own Destruction,Selbst,Selbst,2017-07-10,3j6r5VLNBK451xJsrmGrA9,https://open.spotify.com/track/3j6r5VLNBK451xJsrmGrA9,bleak desolate industrial
Architect - Instrumental,Samael,Solar Soul,2019-04-19,0nGVkTxwGTiOfePm2j3Yk8,https://open.spotify.com/track/0nGVkTxwGTiOfePm2j3Yk8,bleak desolate industrial
Industrielle,Michael Scherchen,Dark Futures,2015-12-21,6BOW9P5OQylAZezn1mjdb8,https://open.spotify.com/track/6BOW9P5OQylAZezn1mjdb8,bleak desolate industrial
"Time Is Thee Enemy, Pt. 12",Der Blutharsch,Time Is Thee Enemy!,2003-10-16,0DCDQ26qWDWMPNKRkJVizX,https://open.spotify.com/track/0DCDQ26qWDWMPNKRkJVizX,bleak desolate industrial
Industrial Turbine,Sleep All Night,White Noise: Factory Sounds,2022-11-04,3M4u4dGY20BaIJ4vSRzM8M,https://open.spotify.com/track/3M4u4dGY20BaIJ4vSRzM8M,bleak desolate industrial
Industrial Desert,Jim Dooley,SOCOM 3 & Combined Assault (Original Game Soundtrack),2024-12-13,2MMHrP4ks7Q9pfou4tSERv,https://open.spotify.com/track/2MMHrP4ks7Q9pfou4tSERv,bleak desolate industrial
Aggressive Industrial Metal Drum Track 105 BPM,Arnaud Krakowka,"Metal Drum Tracks Collection, Vol. 6",2016-06-28,0rS7h0dN0vZsXvCgNDLaI9,https://open.spotify.com/track/0rS7h0dN0vZsXvCgNDLaI9,bleak desolate industrial
Follow Suit,Desolate,The Invisible Insurrection,2011-03-07,15oSbcFuhz4C5KV90Ft95S,https://open.spotify.com/track/15oSbcFuhz4C5KV90Ft95S,bleak desolate industrial
Indutrial Temple MysticA,Blacklodge,Machination,2012-11-11,3UoZku8ZWwvnUAIbUKjRxT,https://open.spotify.com/track/3UoZku8ZWwvnUAIbUKjRxT,bleak desolate industrial
Industrial Plants,Claude Larson,Surroundings,1979-01-01,7hw7ngftt9Dt0qqopgjFmv,https://open.spotify.com/track/7hw7ngftt9Dt0qqopgjFmv,bleak desolate industrial
Daphne's Dream City,The Industrial Jazz Group,Hardcore,2001-06-22,2C5AP0tmz4h8KJXnA2Wpsd,https://open.spotify.com/track/2C5AP0tmz4h8KJXnA2Wpsd,bleak desolate industrial
Some Assembly Required,zYnthetic,ERA,2014-07-26,5fvw4m2gugXZ6XGTgIvxcX,https://open.spotify.com/track/5fvw4m2gugXZ6XGTgIvxcX,bleak desolate industrial
"Everything Is Alright!, Pt. 5",Der Blutharsch,Everything Is Alright!,2008-10-16,133w8b70fIQnmx6D25BRp6,https://open.spotify.com/track/133w8b70fIQnmx6D25BRp6,bleak desolate industrial
"Der Blutharsch, Pt. 12",Der Blutharsch,Der Blutharsch,1996-10-16,1jjqnmE0Vni86oxHSIhlKy,https://open.spotify.com/track/1jjqnmE0Vni86oxHSIhlKy,bleak desolate industrial
Bleak Is the Happiness,Karjalan Sissit,Karjalan Sissit,2001,3Z8cHJgwevkPt9hOD70AYX,https://open.spotify.com/track/3Z8cHJgwevkPt9hOD70AYX,bleak desolate industrial
Process (Instrumental),Desolace,Photosynthesis,2017-03-17,490wtFSodPJukV9EbdGpKl,https://open.spotify.com/track/490wtFSodPJukV9EbdGpKl,bleak desolate industrial
Ashes of Solitude,Best Instrumental Background Music,Doom Metal,2024-11-29,5LGZKaSisb0dAQVe207ZPt,https://open.spotify.com/track/5LGZKaSisb0dAQVe207ZPt,bleak desolate industrial
The Eyes Are Burning,Desolate Horizons,Hesitation,2020-12-14,20EozE0R999tKZzVRyp46Y,https://open.spotify.com/track/20EozE0R999tKZzVRyp46Y,bleak desolate industrial
Act 3 - Nanoparticles,zYnthetic,Residual Decay: Complete,2014-07-03,4gYOPpBKdMqJ2LnTD0f5wU,https://open.spotify.com/track/4gYOPpBKdMqJ2LnTD0f5wU,bleak desolate industrial
Nekyia,Trepaneringsritualen,Veil the World,2015-03-09,26qXbHOIyQByh61hSTzRHl,https://open.spotify.com/track/26qXbHOIyQByh61hSTzRHl,bleak desolate industrial
Zelluloid - Instrumental,Unheilig,Zelluloid,2009-01-01,0EPAzS02NQ0fYqucEtVDCx,https://open.spotify.com/track/0EPAzS02NQ0fYqucEtVDCx,bleak desolate industrial
Neural Grind,Best Instrumental Background Music,Industrial Metal,2025-01-24,6NuOfP0WmxRIRpyNBVm59I,https://open.spotify.com/track/6NuOfP0WmxRIRpyNBVm59I,bleak desolate industrial
Deceit,Desiderii Marginis,Strife,2004-04-01,70syJZaZM8aNHP9MGoNN7q,https://open.spotify.com/track/70syJZaZM8aNHP9MGoNN7q,bleak desolate industrial
Sleep - Inhalt Dub,Houses of Heaven,Sleep (Inhalt Dub),2021-02-25,0EzT0ybZlteYqSAk649tDB,https://open.spotify.com/track/0EzT0ybZlteYqSAk649tDB,bleak desolate industrial
Split-Wig Shindig,zYnthetic,ERA,2014-07-26,0M0v0SQMQAne7gCA6wlxsL,https://open.spotify.com/track/0M0v0SQMQAne7gCA6wlxsL,bleak desolate industrial
Isolated / to Live Is to Die Slowly,Desolate Horizons,A Modern-Day Affliction,2020-12-14,37jMDzctapbHw7cyuuPD66,https://open.spotify.com/track/37jMDzctapbHw7cyuuPD66,bleak desolate industrial
Industrial Future,Sunlight Defect,Industrial Future,2021-05-19,3A40KCPslRZsDGayfcLA8f,https://open.spotify.com/track/3A40KCPslRZsDGayfcLA8f,bleak desolate industrial
"When All Else Fails!, Pt. 12",Der Blutharsch,When All Else Fails!,2001-10-16,29H17BlWKnPAVMRgEmPJST,https://open.spotify.com/track/29H17BlWKnPAVMRgEmPJST,bleak desolate industrial
Industrial Cyclical Machine,White Noise Sleep Machine,Factory Sounds for Background and White Noise,2022-06-28,1yQaFRU5QY9so6DqsQFdVm,https://open.spotify.com/track/1yQaFRU5QY9so6DqsQFdVm,bleak desolate industrial
Untitled 10,Der Blutharsch,Everything Is Alright!,2009-05-05,4g5odL1g1UR0Nh6PzdfbX2,https://open.spotify.com/track/4g5odL1g1UR0Nh6PzdfbX2,bleak desolate industrial
Green (Instrumental),Desolace,Photosynthesis,2017-03-17,7nzqNaIQmkCmCGNQXRc5S8,https://open.spotify.com/track/7nzqNaIQmkCmCGNQXRc5S8,bleak desolate industrial
Solitude,Absynthe of Faith,The Kill Lock Soundtrack,2022-10-21,33DPWtEOFn1pkmMzOKR7TL,https://open.spotify.com/track/33DPWtEOFn1pkmMzOKR7TL,bleak desolate industrial
Act 2 - Serene Apprehension,zYnthetic,Residual Decay: Complete,2014-07-03,3PbLffwQPPGXJidbYTeV10,https://open.spotify.com/track/3PbLffwQPPGXJidbYTeV10,bleak desolate industrial
Industrial Cyber Technologies,Dax J,Utopian Surrealism,2021-10-22,0jnKjSSvLF2uEezLOVWJkw,https://open.spotify.com/track/0jnKjSSvLF2uEezLOVWJkw,bleak desolate industrial
The Desolate Hope - Instrumental,MiatriSs,The Desolate Hope,2015-05-21,4wNr2D8uS9CXGrkPU4xeSf,https://open.spotify.com/track/4wNr2D8uS9CXGrkPU4xeSf,bleak desolate industrial
Spell,Sombre Lux,Spell,2020-05-06,0n6QT1SBaqgLaTv1Fpd7RB,https://open.spotify.com/track/0n6QT1SBaqgLaTv1Fpd7RB,bleak desolate industrial
Into Light (Instrumental),DeadStar Assembly,Blame It on the Devil (Instrumentals),2017-05-05,0zBy4rqAy3F81kIfnxWuRQ,https://open.spotify.com/track/0zBy4rqAy3F81kIfnxWuRQ,bleak desolate industrial
Sankaku Heavy Industries (Mainframe Mix),Vince De Vera,"Invisible, Inc. (Original Game Soundtrack)",2016-04-21,69K7Rbr7dDVMzwpj19A8tc,https://open.spotify.com/track/69K7Rbr7dDVMzwpj19A8tc,bleak desolate industrial
Darker Days,Silence in Machine,Darker Days,2020-07-29,2TjlahVzEClynujYay9nLX,https://open.spotify.com/track/2TjlahVzEClynujYay9nLX,bleak desolate industrial
ORACLE,Sombre Lux,Machine Arcana,2021-10-31,5iHozwC9OKOkUxe1x67kji,https://open.spotify.com/track/5iHozwC9OKOkUxe1x67kji,bleak desolate industrial
Industrialism - Instrumental,Deville,Best Nu Metal Instrumentals 4,2023-02-24,3Iuob5TMImwhzSIYznbfqd,https://open.spotify.com/track/3Iuob5TMImwhzSIYznbfqd,bleak desolate industrial
"Everything Is Alright!, Pt. 12",Der Blutharsch,Everything Is Alright!,2008-10-16,3b7H17TZIVoV1eszJV5lCD,https://open.spotify.com/track/3b7H17TZIVoV1eszJV5lCD,bleak desolate industrial
Desolate - 5-HTP Mix,Detritus,Fractured,2007-10-13,2MngnAkxHcDEGc0thIMp6i,https://open.spotify.com/track/2MngnAkxHcDEGc0thIMp6i,bleak desolate industrial
Industrial Rituals,Pye Corner Audio,Island of Ghosts,2017,4RZ277l3wrMEgpLrJB8ocN,https://open.spotify.com/track/4RZ277l3wrMEgpLrJB8ocN,bleak desolate industrial
"Der Blutharsch, Pt. 10",Der Blutharsch,Der Blutharsch,1996-10-16,6MnzsSmwIa9CHFkc1qsehx,https://open.spotify.com/track/6MnzsSmwIa9CHFkc1qsehx,bleak desolate industrial
Sole Defeat,Mortiis,Perfectly Defect,2018-06-01,4nuTs5B8WhzyjdVMOi0qmn,https://open.spotify.com/track/4nuTs5B8WhzyjdVMOi0qmn,bleak desolate industrial
The Great Industrial God,Neo Inferno 262,Hacking the Holy Code,2012-12-03,3dIS8x00dakuW4XZOspSJF,https://open.spotify.com/track/3dIS8x00dakuW4XZOspSJF,bleak desolate industrial
Serpent In The River Of The Arms Of God,Gnawed,Pestilence Beholden,2017-01-06,2Yptf4YpGo2QnG49Vz12MJ,https://open.spotify.com/track/2Yptf4YpGo2QnG49Vz12MJ,bleak desolate industrial
Jolly Invader,zYnthetic,ERA,2014-07-26,21xqFrmAV4QfuYi1NLKuJp,https://open.spotify.com/track/21xqFrmAV4QfuYi1NLKuJp,bleak desolate industrial
Storytime,zYnthetic,ERA,2014-07-26,1EBXWoEfOl7ecFzuKZXv0z,https://open.spotify.com/track/1EBXWoEfOl7ecFzuKZXv0z,bleak desolate industrial
Instrumental II,Nahtrunar,Mysterium Tremendum,2018-02-09,2bP52dDJFfT0mMy3q1Cbyi,https://open.spotify.com/track/2bP52dDJFfT0mMy3q1Cbyi,bleak desolate industrial
"Der Blutharsch, Pt. 1",Der Blutharsch,Der Blutharsch,1996-10-16,5cXoMSnhPN8PTsaNPXWfGm,https://open.spotify.com/track/5cXoMSnhPN8PTsaNPXWfGm,bleak desolate industrial
Victim of Yourself - Instrumental,Soul Extract,Filaments (Deluxe Edition),2018-08-28,34PWfyMbMitDfjOFGUSVPz,https://open.spotify.com/track/34PWfyMbMitDfjOFGUSVPz,bleak desolate industrial
Ausbluten,Haus Arafna,Asche,2020-08-26,3xJuQllz1Pb67E0iPsqgJT,https://open.spotify.com/track/3xJuQllz1Pb67E0iPsqgJT,bleak desolate industrial
Industrial Fans,Lullabies for Deep Meditation,Fragmented Flow,2025-08-11,7p8gBV0uSKMbqsMWEgkYN4,https://open.spotify.com/track/7p8gBV0uSKMbqsMWEgkYN4,bleak desolate industrial
Straight to Hell,Kerridge,A Fallen Empire,2014-06-16,6DP3FdlKdQ9sv8Hiu9Kgx7,https://open.spotify.com/track/6DP3FdlKdQ9sv8Hiu9Kgx7,bleak desolate industrial
Turn the Tide,Anenzephalia,Instrumentalities,2014-11-07,5sxLf8lMGJZ7UZJOVwH0Tw,https://open.spotify.com/track/5sxLf8lMGJZ7UZJOVwH0Tw,bleak desolate industrial
Industrial Society and It's Future,Wild's Reprisal,Defiance Enthroned,2017-10-12,1N3qIjNAG8uTtIEHeoKiNg,https://open.spotify.com/track/1N3qIjNAG8uTtIEHeoKiNg,bleak desolate industrial
Pestilence Beholden,Gnawed,Feign and Cloak,2014-08-19,6pGOlnkv7jbLOoFJbjS6mT,https://open.spotify.com/track/6pGOlnkv7jbLOoFJbjS6mT,bleak desolate industrial
Recoil,dread risks,Dread Risks,2018-12-07,67yMAtzQpjb8N8WgxH7gVJ,https://open.spotify.com/track/67yMAtzQpjb8N8WgxH7gVJ,bleak desolate industrial
Isolate The Infection - Instrumental,Sound Infection,Isolate The Infection,2021-05-30,6N0tiimShzXiPyggjAEOwl,https://open.spotify.com/track/6N0tiimShzXiPyggjAEOwl,bleak desolate industrial
Industrial Meltdown,Punch Deck,Industrial Meltdown,2020-03-21,1OjeHDTEDBBJC9tOgcfaDk,https://open.spotify.com/track/1OjeHDTEDBBJC9tOgcfaDk,bleak desolate industrial
Guilt and Disobedience,Desolate Horizons,Hesitation,2020-12-14,3SWkmkGLGgVdghMjEOpwnD,https://open.spotify.com/track/3SWkmkGLGgVdghMjEOpwnD,bleak desolate industrial
Act 2 - Data Recovery,zYnthetic,Residual Decay: Complete,2014-07-03,0o7gGKaPXZW9LVK7ZY2Lrp,https://open.spotify.com/track/0o7gGKaPXZW9LVK7ZY2Lrp,bleak desolate industrial
Obscure,Remstage Music,Instrumental Djent,2020-05-04,1W5OhP4KflVWgmJXyFwqxC,https://open.spotify.com/track/1W5OhP4KflVWgmJXyFwqxC,bleak desolate industrial
Launch Sequence,zYnthetic,ERA,2014-07-26,6XhnBY88NxxXD5MFPS6Z5a,https://open.spotify.com/track/6XhnBY88NxxXD5MFPS6Z5a,bleak desolate industrial
Industrial Pop,Xebox,And We Have a Future,2002,6meqAlvGkzd2pmCKfJPGns,https://open.spotify.com/track/6meqAlvGkzd2pmCKfJPGns,bleak desolate industrial
Skulprot,Gothic Storm,Industrial Fearscapes,2018-10-02,2CBK02v7TV8Z3mwZWeCgKe,https://open.spotify.com/track/2CBK02v7TV8Z3mwZWeCgKe,bleak desolate industrial
Burn - Instrumental,The Soft Moon,Criminal (Instrumentals),2018-02-02,5vdfsWp0aRIminoP9XVlxC,https://open.spotify.com/track/5vdfsWp0aRIminoP9XVlxC,bleak desolate industrial
Industrial Processing Ambience With Piglet Squeals and Machinery,Sound Ideas,Pigs Sound Effects,2024-02-07,6uNB5EYEHlTlc2B309gXpM,https://open.spotify.com/track/6uNB5EYEHlTlc2B309gXpM,bleak desolate industrial
Industrial Structures,Emerald High,Industrial Structures,2019-02-14,45XYI5wOs0FzzqZrK4WUIJ,https://open.spotify.com/track/45XYI5wOs0FzzqZrK4WUIJ,bleak desolate industrial
Desolation,The Relic of Absence,Desolation,2022-05-13,2Pq6VRi4dyKLG4Zzv5wzku,https://open.spotify.com/track/2Pq6VRi4dyKLG4Zzv5wzku,bleak desolate industrial
Swamp,Genocide Organ,Same,2003,47g4EERG7Eq4PQZKfKF0ej,https://open.spotify.com/track/47g4EERG7Eq4PQZKfKF0ej,bleak desolate industrial
STRAIN,Comfort Cure,STRAIN,2021-07-01,12x6yKPiLLEt7SfTZtMzOC,https://open.spotify.com/track/12x6yKPiLLEt7SfTZtMzOC,bleak desolate industrial
Industrial Revolution,The Satan,Enjoy The Suffering,2021-08-27,0SwGjTwmqH6Rryoyj2dH0P,https://open.spotify.com/track/0SwGjTwmqH6Rryoyj2dH0P,bleak desolate industrial
"Der Blutharsch, Pt. 13",Der Blutharsch,Der Blutharsch,1996-10-16,7sBjeNAy2D9hNHmgioGmxb,https://open.spotify.com/track/7sBjeNAy2D9hNHmgioGmxb,bleak desolate industrial
Industrial,Kelly Holiday,Cyberpunk Music (Industrial Hyper House),2017-11-27,1m0RRbu9hexeSaGphulffx,https://open.spotify.com/track/1m0RRbu9hexeSaGphulffx,bleak desolate industrial
Drain - Instrumental,Levitated,Monolith (Instrumental),2018-10-15,6dcf6wuIIi8QlSqk6Fujuh,https://open.spotify.com/track/6dcf6wuIIi8QlSqk6Fujuh,bleak desolate industrial
"When All Else Fails!, Pt. 7",Der Blutharsch,When All Else Fails!,2001-10-16,2e5iSA4mg16F0cdvWBimUh,https://open.spotify.com/track/2e5iSA4mg16F0cdvWBimUh,bleak desolate industrial
Avgrunden,Trepaneringsritualen,Veil the World,2015-03-09,36qQoIVuglGyq0Rkmhg5Cv,https://open.spotify.com/track/36qQoIVuglGyq0Rkmhg5Cv,bleak desolate industrial
"The Pleasures Received in Pain, Pt. 11",Der Blutharsch,The Pleasures Received in Pain,1999-10-16,55qqC8xPaQ4SDMLIgxyJN9,https://open.spotify.com/track/55qqC8xPaQ4SDMLIgxyJN9,bleak desolate industrial
Creature In The Straw,zYnthetic,ERA,2014-07-26,7aTjYf1vxncVWJB7T29KyX,https://open.spotify.com/track/7aTjYf1vxncVWJB7T29KyX,bleak desolate industrial
"When All Else Fails!, Pt. 14",Der Blutharsch,When All Else Fails!,2001-10-16,2JS8z9CxaqhtiF0mqJLNQo,https://open.spotify.com/track/2JS8z9CxaqhtiF0mqJLNQo,bleak desolate industrial
Darkness Where Hope Has Fled,Best Instrumental Background Music,Doom Metal,2024-11-29,2RankieWQPgneWFHhPfFop,https://open.spotify.com/track/2RankieWQPgneWFHhPfFop,bleak desolate industrial
Inner,Julia Bondar,Industrial Symphony,2020-09-16,7vamINIT24ar57dZ2BXzd8,https://open.spotify.com/track/7vamINIT24ar57dZ2BXzd8,bleak desolate industrial
Burst Nova,zYnthetic,ERA,2014-07-26,5zdOHYl3ObPoVLlhXZRhrz,https://open.spotify.com/track/5zdOHYl3ObPoVLlhXZRhrz,bleak desolate industrial
Industrialhope Ex,Rukunetsu,RE:mixshiden Beatmaster,2017-02-17,4iE6LNPlBzHOGKju52JZe6,https://open.spotify.com/track/4iE6LNPlBzHOGKju52JZe6,bleak desolate industrial
Brighter Than the Day,Burial Hex,The Night,2012-01-28,74SzMNCrMMyGpF9afaJ2JS,https://open.spotify.com/track/74SzMNCrMMyGpF9afaJ2JS,bleak desolate industrial
Instruments: Saint Laurent Fetish 105 Square Buckle Sandal In Black Shiny Leather,Varg²™,Star Alliance,2015-10-02,5YAnvpaPK7L98TXwwj3Fbp,https://open.spotify.com/track/5YAnvpaPK7L98TXwwj3Fbp,bleak desolate industrial
Kindstod,Genocide Organ,Same,2003,2lKDT5O9Vk5smfSClTubx4,https://open.spotify.com/track/2lKDT5O9Vk5smfSClTubx4,bleak desolate industrial
Black Iceberg,Prurient,Casablanca Flamethrower,2020-04-01,3ReQSY3inDqnHOPglK870f,https://open.spotify.com/track/3ReQSY3inDqnHOPglK870f,bleak desolate industrial
Solest Drab,Sournetic,The Light of Digital Hope (Original Game Soundtrack),2021-12-29,5A5Df8wpfrJrojZ4RyXKwj,https://open.spotify.com/track/5A5Df8wpfrJrojZ4RyXKwj,bleak desolate industrial
Industriell Fläkt - Industrial fan,Begrundan,"Vitt Brus, Brun Brus och Andra Bakgrundsljud (White noise, Brown Noise and Other Background Noises)",2016-04-13,681lSWY0RRvW8gTCGMOIQa,https://open.spotify.com/track/681lSWY0RRvW8gTCGMOIQa,bleak desolate industrial
"Time Is Thee Enemy, Pt. 8",Der Blutharsch,Time Is Thee Enemy!,2003-10-16,4IriiG6EbnCsw5xhuML7Wn,https://open.spotify.com/track/4IriiG6EbnCsw5xhuML7Wn,bleak desolate industrial
Industrial Scars,Dave Richmond,Kpm 1000 Series: Landscapes / Things to Come / New Innovations Suite,1977-01-01,0KhzprlctSL1JybPzvz4cq,https://open.spotify.com/track/0KhzprlctSL1JybPzvz4cq,bleak desolate industrial
Industrial Cutie,Piano Magic,"Seasonally Affective, A Piano Magic Retrospective 1996-2000: Disc 1",2001,0Z3j7PBH9nSROOo7cewyaq,https://open.spotify.com/track/0Z3j7PBH9nSROOo7cewyaq,bleak desolate industrial
Unwanted by the World,Desolate Horizons,A Modern-Day Affliction,2020-12-14,1LARfAqCqx0j4sp3sDtbu0,https://open.spotify.com/track/1LARfAqCqx0j4sp3sDtbu0,bleak desolate industrial
Synthetic Slaves,Best Instrumental Background Music,Industrial Metal,2025-01-24,6fpDnEmHWajTltxMEHrcdQ,https://open.spotify.com/track/6fpDnEmHWajTltxMEHrcdQ,bleak desolate industrial
Absolute Future,Ah2,Industrial Revolution,2022-05-21,3seOC5FmEaawiaS7mwG2Rd,https://open.spotify.com/track/3seOC5FmEaawiaS7mwG2Rd,bleak desolate industrial
INDUSTRIE I,Dusk,Industrie,2024-05-30,3RMEIIrbSvt24Vm7gQMvWH,https://open.spotify.com/track/3RMEIIrbSvt24Vm7gQMvWH,bleak desolate industrial
Carbon Circuit,Best Instrumental Background Music,Industrial,2025-06-13,68F3y2C01EcYRM9sN84etJ,https://open.spotify.com/track/68F3y2C01EcYRM9sN84etJ,bleak desolate industrial
"Time Is Thee Enemy, Pt. 2",Der Blutharsch,Time Is Thee Enemy!,2003-10-16,430OXWB5K9YtVfmh1FQyLW,https://open.spotify.com/track/430OXWB5K9YtVfmh1FQyLW,bleak desolate industrial
For,Sombre Lux,Doorways,2022-08-09,4DbhwX1iul96380gmaZ3FB,https://open.spotify.com/track/4DbhwX1iul96380gmaZ3FB,bleak desolate industrial
"The Pleasures Received in Pain, Pt. 13",Der Blutharsch,The Pleasures Received in Pain,1999-10-16,6uu2aqWwi2dr4cK2lPoh5K,https://open.spotify.com/track/6uu2aqWwi2dr4cK2lPoh5K,bleak desolate industrial
The Devil (Instrumental),Suicide Commando,The Devil,2017-07-21,6L02GWkJVJNdK9JJURat2l,https://open.spotify.com/track/6L02GWkJVJNdK9JJURat2l,bleak desolate industrial
"When All Else Fails!, Pt. 9",Der Blutharsch,When All Else Fails!,2001-10-16,5LAa7f4bjfP79EPskRKguh,https://open.spotify.com/track/5LAa7f4bjfP79EPskRKguh,bleak desolate industrial
Simultaneity,Desolate Horizons,Loops for Ascension,2020-11-20,3Q1OYSfUEpPf6a5KxhpGZ4,https://open.spotify.com/track/3Q1OYSfUEpPf6a5KxhpGZ4,bleak desolate industrial
Cherem,Trepaneringsritualen,Veil the World,2015-03-09,24rWZx0J3lrGg6upXy7bef,https://open.spotify.com/track/24rWZx0J3lrGg6upXy7bef,bleak desolate industrial
Electronic Dark Ambient,Eduard Perelyhin,Electronic Dark Ambient,2021-08-30,7h6KZqfNVzJgCXCZlswXhE,https://open.spotify.com/track/7h6KZqfNVzJgCXCZlswXhE,bleak desolate industrial
Industrial,The Advent,Industrial EP,2016-02-25,4aZqQu75NRueYC5LVuCVC8,https://open.spotify.com/track/4aZqQu75NRueYC5LVuCVC8,bleak desolate industrial
"Der Sieg des Lichtes ist des Lebens Heil!, Pt. 9",Der Blutharsch,Der Sieg des Lichtes ist des Lebens Heil!,1998-10-16,1wdFpdVKDh5yXX9veBlgyV,https://open.spotify.com/track/1wdFpdVKDh5yXX9veBlgyV,bleak desolate industrial
Desolate,Almost Vanished,Years Through Dreams,2020-04-24,2sh2UOQB4f1omDbnsAFhID,https://open.spotify.com/track/2sh2UOQB4f1omDbnsAFhID,bleak desolate industrial
Instantly Vanishing,Desolate Horizons,Loops for Dissipation,2020-11-20,2HUCbcAD3nIXZOoVUn28ms,https://open.spotify.com/track/2HUCbcAD3nIXZOoVUn28ms,bleak desolate industrial
Subsistence,Individual Totem,Mind Sculptures Flesh,2008-05-20,4UyBfwniyOI91E7equepKa,https://open.spotify.com/track/4UyBfwniyOI91E7equepKa,bleak desolate industrial
Untitled 6,Der Blutharsch,Everything Is Alright!,2009-05-05,64UTuPWiVutUO2LEjFZ3l8,https://open.spotify.com/track/64UTuPWiVutUO2LEjFZ3l8,bleak desolate industrial
Screeching Wheels,Best Instrumental Background Music,Industrial Metal,2025-01-24,1vbPkiCPTBFVjqksX1gi04,https://open.spotify.com/track/1vbPkiCPTBFVjqksX1gi04,bleak desolate industrial
Overdose (Instrumental),DeadStar Assembly,Blame It on the Devil (Instrumentals),2017-05-05,46wLbdR4WMWP85WdxvtMFJ,https://open.spotify.com/track/46wLbdR4WMWP85WdxvtMFJ,bleak desolate industrial
Unrelenting Horde,zYnthetic,ERA,2014-07-26,33zAGLAVHnJdwcYb7lPUyc,https://open.spotify.com/track/33zAGLAVHnJdwcYb7lPUyc,bleak desolate industrial
"Thrills, Spills Of Entrails",zYnthetic,ERA,2014-07-26,5VWlLVhShBM9pho0iRZPh4,https://open.spotify.com/track/5VWlLVhShBM9pho0iRZPh4,bleak desolate industrial
Instrumental,Low Season,S / T,2020-10-26,6pR0oLUW89UruuGrQhV8gQ,https://open.spotify.com/track/6pR0oLUW89UruuGrQhV8gQ,bleak desolate industrial
Spark and Fury,Best Instrumental Background Music,Industrial Metal,2025-01-24,0SlzviXiRNOepiFe1picst,https://open.spotify.com/track/0SlzviXiRNOepiFe1picst,bleak desolate industrial
"The Pleasures Received in Pain, Pt. 8",Der Blutharsch,The Pleasures Received in Pain,1999-10-16,3C23etxOPARybwgRMz7DNj,https://open.spotify.com/track/3C23etxOPARybwgRMz7DNj,bleak desolate industrial
Industrial Hope,Rukunetsu,RE:mixshiden Beatmaster,2017-02-17,2xgnfv0wg6Kdjry38jtLmP,https://open.spotify.com/track/2xgnfv0wg6Kdjry38jtLmP,bleak desolate industrial
Soothe,Eden Synthetic Corps,Gold,2019-01-25,6cSwKYypUCXgMmfnIssc4R,https://open.spotify.com/track/6cSwKYypUCXgMmfnIssc4R,bleak desolate industrial
Industrial Nightmare,Voidlurker,Industrial Nightmare,2020-01-31,4A5G32Enc8Ta3udbQ5Cdz7,https://open.spotify.com/track/4A5G32Enc8Ta3udbQ5Cdz7,bleak desolate industrial
Muerte a escala industrial.,Esplendor Geométrico,1980-1982,2016-10-21,5Foz8MVpqfzv1PtGZz7Ks8,https://open.spotify.com/track/5Foz8MVpqfzv1PtGZz7Ks8,bleak desolate industrial
Noisy Industrial Extraction System Ambient Natural White Noise For Sleeping Relaxing Meditation,World Soundscapes & White Noise,"Industrial Noise, Fans & Aircon",2021-10-13,72QbIPSXWQwZd9bhu3imEV,https://open.spotify.com/track/72QbIPSXWQwZd9bhu3imEV,bleak desolate industrial
Occasus,The Amenta,Occasus,2004,13sZYXPVVrRS9YLmcPA9Nn,https://open.spotify.com/track/13sZYXPVVrRS9YLmcPA9Nn,bleak desolate industrial
The Blast,Vault-113,The Prophecy,2016-03-11,4QPkaNtM90u6TpTkp8izpe,https://open.spotify.com/track/4QPkaNtM90u6TpTkp8izpe,bleak desolate industrial
Live in Leiden 1,Der Blutharsch,Live in Leiden,2010-07-19,2vjGjW8KIZJplS7qodLUh2,https://open.spotify.com/track/2vjGjW8KIZJplS7qodLUh2,bleak desolate industrial
Desolation,Evil Dust,Desolation,2020-03-20,0XAgbPhAO1vZ2a7XYwRHVC,https://open.spotify.com/track/0XAgbPhAO1vZ2a7XYwRHVC,bleak desolate industrial
Industrial Crusade,Daniel Law Heath,Dark Walk,2013-09-26,55I39Uw9QLleO5S7AyuSQc,https://open.spotify.com/track/55I39Uw9QLleO5S7AyuSQc,bleak desolate industrial
"Time Is Thee Enemy, Pt. 11",Der Blutharsch,Time Is Thee Enemy!,2003-10-16,0nn1LNO9vd7rHVBi8ovUJM,https://open.spotify.com/track/0nn1LNO9vd7rHVBi8ovUJM,bleak desolate industrial
Industrial Suspense,ZBSBrothers,"Tension Scoring, Vol. 6",2023-10-11,1M1cvDbBNCmoleMrdek7zf,https://open.spotify.com/track/1M1cvDbBNCmoleMrdek7zf,bleak desolate industrial
Instruments Of Darkness,Anne Dudley,Plays The Art Of Noise,2018-06-15,5lqcNGCJsDUgUBihgQjW1f,https://open.spotify.com/track/5lqcNGCJsDUgUBihgQjW1f,bleak desolate industrial
Blank Canvas,Mechanical Cabaret,Selective Hearing,2013-02-26,1DhEUmkuZiEe0TJkmGPqbC,https://open.spotify.com/track/1DhEUmkuZiEe0TJkmGPqbC,bleak desolate industrial
Schwarze Pumpe,Ørdop Wolkenscheidt,In Coal Country,2021-09-10,1KeHx2RVz6kEOMQ8l5svIS,https://open.spotify.com/track/1KeHx2RVz6kEOMQ8l5svIS,bleak desolate industrial
"The Philosopher's Stone, Pt. 3",Der Blutharsch,The Philosopher's Stone,2007-03-01,673nthkewgqRXZYQEYHakP,https://open.spotify.com/track/673nthkewgqRXZYQEYHakP,bleak desolate industrial
Bled Dry - 2009 Remaster,zYnthetic,Collected (10 Year Anniversary Edition),2018-07-07,1jj0OaAuN8s3FezG1JJSX0,https://open.spotify.com/track/1jj0OaAuN8s3FezG1JJSX0,bleak desolate industrial
Auspices,Burial Hex,Gauze,2022-03-11,64HIIV7SIHTZsrRH73tE9U,https://open.spotify.com/track/64HIIV7SIHTZsrRH73tE9U,bleak desolate industrial
"The Philosopher's Stone, Pt. 1",Der Blutharsch,The Philosopher's Stone,2007-03-01,6K9SC4wP7nSxsPgBOwIszk,https://open.spotify.com/track/6K9SC4wP7nSxsPgBOwIszk,bleak desolate industrial
Desolate Blues,Undefined Noise,Rust,2021-08-01,4lnd2XbQWWCOtMYNnBN1ae,https://open.spotify.com/track/4lnd2XbQWWCOtMYNnBN1ae,bleak desolate industrial
Industrial Orchestra,Rosenblum,Industrial Orchestra,2013-05-22,6z9RPmeHTI2sDwhgbZOs9E,https://open.spotify.com/track/6z9RPmeHTI2sDwhgbZOs9E,bleak desolate industrial
Industrial (Amusement) Park [Revolution],don't get lemon,Industrial (Amusement) Park [Revolution],2021-12-26,7Mus9tAIwYc16QU0MfNPA7,https://open.spotify.com/track/7Mus9tAIwYc16QU0MfNPA7,bleak desolate industrial
Stain,Dint,Mors Omnibus,2019-08-09,73Yi5SFgPsWoNZP2otAQL1,https://open.spotify.com/track/73Yi5SFgPsWoNZP2otAQL1,bleak desolate industrial
"The Track of the Hunted, Pt. 10",Der Blutharsch,The Track of the Hunted,2000-10-16,5nf8xtqVhJ1uP9hlUfgMXa,https://open.spotify.com/track/5nf8xtqVhJ1uP9hlUfgMXa,bleak desolate industrial
Industrial II,Soman,Sound Pressure 2.0,2008-10-31,7rRdfGaPuBsRjKnVLvqP3x,https://open.spotify.com/track/7rRdfGaPuBsRjKnVLvqP3x,bleak desolate industrial
Voice Memo: Beautiful,Industrial Revelation,Liberation and the Kingdom of Nri,2015-10-10,0SYfyV1gpO5j7LL4xNsw2s,https://open.spotify.com/track/0SYfyV1gpO5j7LL4xNsw2s,bleak desolate industrial
Depressive Tendency,Individual Totem,Mind Sculptures Flesh,2008-05-20,3cgR6nHVNCPBoleJJ2weiT,https://open.spotify.com/track/3cgR6nHVNCPBoleJJ2weiT,bleak desolate industrial
Dark Skies,In Strict Confidence,Industrial Love / Prediction,1999-05-22,6MsUO9q6m8AKKJ6UvsAxso,https://open.spotify.com/track/6MsUO9q6m8AKKJ6UvsAxso,bleak desolate industrial
II,Der Blutharsch and the Infinite Church of the Leading Hand,A Collaboration,2019-12-23,5FaCr7lTNU0Uzm32WkuQiz,https://open.spotify.com/track/5FaCr7lTNU0Uzm32WkuQiz,bleak desolate industrial
Industrial,Chryst,The Sanctuary,2019-11-04,7dqG4pj8dNkaafpqQUmxTe,https://open.spotify.com/track/7dqG4pj8dNkaafpqQUmxTe,bleak desolate industrial
Insect Wings - 2008 Master,zYnthetic,Collected (10 Year Anniversary Edition),2018-07-07,6D3ieO5dznf4DClrzFP2LP,https://open.spotify.com/track/6D3ieO5dznf4DClrzFP2LP,bleak desolate industrial
Untitled 13,Der Blutharsch,Everything Is Alright!,2009-05-05,2YdZvv7fZ4GmYhqtKg7POa,https://open.spotify.com/track/2YdZvv7fZ4GmYhqtKg7POa,bleak desolate industrial
Cruel Worlds,Prurient,Rainbow Mirror,2017-12-01,62MO91uaGXND3Vmttd14hk,https://open.spotify.com/track/62MO91uaGXND3Vmttd14hk,bleak desolate industrial
Desolation,Buildings Like Radiators,Desolation Saga,2020-10-09,4bKAG1bR6MBQank2ybDzic,https://open.spotify.com/track/4bKAG1bR6MBQank2ybDzic,bleak desolate industrial
Hunger - 2008 Master,zYnthetic,Collected (10 Year Anniversary Edition),2018-07-07,1WLwpcMNl3VeCEK3GVWepB,https://open.spotify.com/track/1WLwpcMNl3VeCEK3GVWepB,bleak desolate industrial
Burn,Genocide Organ,:Remember:,2007,39vmgYKYqXuuEzhjJWom8a,https://open.spotify.com/track/39vmgYKYqXuuEzhjJWom8a,bleak desolate industrial
10,Hecq,0000,2007-04-26,4olbBCWuFrTiplqcR8ml9y,https://open.spotify.com/track/4olbBCWuFrTiplqcR8ml9y,bleak desolate industrial
Instrumental - Instrumental,Thy Disease,Rat Age (Sworn Kinds Final Verses),2006-02-25,2Q47tGon1nZVifiQzCn2VM,https://open.spotify.com/track/2Q47tGon1nZVifiQzCn2VM,bleak desolate industrial
Instrumental,Aldaaron,Nous Reviendrons Immortels,2010-03-25,6v3WVyipsYB2ZJL7X9Kb56,https://open.spotify.com/track/6v3WVyipsYB2ZJL7X9Kb56,bleak desolate industrial
Industrial Destruction,Tonal Chaos Trailer Music,Forces of Impact - Hybrid Drums,2020-04-30,2iZnpRMocDjX4NcuA572kE,https://open.spotify.com/track/2iZnpRMocDjX4NcuA572kE,bleak desolate industrial
INDUSTRIAL,AA=,#2,2010-06-09,1tkpmSvN8N5hT2ALOEXK6a,https://open.spotify.com/track/1tkpmSvN8N5hT2ALOEXK6a,bleak desolate industrial
"Der Sieg des Lichtes ist des Lebens Heil!, Pt. 8",Der Blutharsch,Der Sieg des Lichtes ist des Lebens Heil!,1998-10-16,1otgns97gjNguuhP1Q3cCE,https://open.spotify.com/track/1otgns97gjNguuhP1Q3cCE,bleak desolate industrial
"Der Blutharsch, Pt. 7",Der Blutharsch,Der Blutharsch,1996-10-16,7HdMtP82B9ojFr40YOMk3r,https://open.spotify.com/track/7HdMtP82B9ojFr40YOMk3r,bleak desolate industrial
"The Track O Fthe Hunted, Pt. 8",Der Blutharsch,The Track of the Hunted,2000-10-16,7KyVfb7gWh3XvERNY8P17N,https://open.spotify.com/track/7KyVfb7gWh3XvERNY8P17N,bleak desolate industrial
Interior Deterioration,Strange Arrival,Plastic Death,2019-11-18,75WH6R9ZxYFeYuSLFkXcli,https://open.spotify.com/track/75WH6R9ZxYFeYuSLFkXcli,bleak desolate industrial
The Only One Here,Spektr,The Art to Disappear,2016-01-29,06KDsBSnWx86OpoStTvCDj,https://open.spotify.com/track/06KDsBSnWx86OpoStTvCDj,bleak desolate industrial
One Final Moment,Genocide Organ,With Heart and Hand,2009-07-07,6gotpi5VumlPtwYn2FpnsK,https://open.spotify.com/track/6gotpi5VumlPtwYn2FpnsK,bleak desolate industrial
Industrial Revelation,Spit Gemz,Industrial Revelation,2022-01-21,07A4hXmRnY8p4jbyzWebiP,https://open.spotify.com/track/07A4hXmRnY8p4jbyzWebiP,bleak desolate industrial
Tyranor,MZ. 412,Nordik Battle Signs,1999,6o1aUNW7juVU0FbHsUYtwZ,https://open.spotify.com/track/6o1aUNW7juVU0FbHsUYtwZ,bleak desolate industrial
Out of This Hell,Derma-Tek,Corpus Technological,2006-05-04,5kBskIoOy1BnzdLg7WZWaQ,https://open.spotify.com/track/5kBskIoOy1BnzdLg7WZWaQ,bleak desolate industrial
"When All Else Fails!, Pt. 3",Der Blutharsch,When All Else Fails!,2001-10-16,6kgN4mhzQpUt6rdqhTRz3q,https://open.spotify.com/track/6kgN4mhzQpUt6rdqhTRz3q,bleak desolate industrial
Purged And Destroyed,Premature Ejaculation,Wound Of Exit,1998,4Dc7nxoFZ41dNjhMqbxhWp,https://open.spotify.com/track/4Dc7nxoFZ41dNjhMqbxhWp,bleak desolate industrial
Man from Obibi,Industrial Revelation,Liberation and the Kingdom of Nri,2015-10-10,3ux3tfJOqP23x2hQePHLUZ,https://open.spotify.com/track/3ux3tfJOqP23x2hQePHLUZ,bleak desolate industrial
Industrial Suffering,Elivyndyr,Corroded Heart Awry,2023-11-15,0RrEDctwf8PBUUtvWdgmGS,https://open.spotify.com/track/0RrEDctwf8PBUUtvWdgmGS,bleak desolate industrial
Guilt,Numb,Numb,1997-11-18,0NNflSjEzlMNRm5TI6PSRW,https://open.spotify.com/track/0NNflSjEzlMNRm5TI6PSRW,bleak desolate industrial
Popking,Industrial Revelation,Liberation and the Kingdom of Nri,2015-10-10,7dPHzp6TVvx9U5Zmcsj7Gc,https://open.spotify.com/track/7dPHzp6TVvx9U5Zmcsj7Gc,bleak desolate industrial
Deflagration of Hell,Nigh/T\mare,Hypnagogia,2018-10-12,4SB3tAz5rpjCxMmhi7PcrF,https://open.spotify.com/track/4SB3tAz5rpjCxMmhi7PcrF,bleak desolate industrial
Industrial Vacuumer - Loopable with no fade,Sleep Sound Library,Loopable Relaxing Sounds,2016-12-26,3FPdJoEtpRDK8QiIcWVBgN,https://open.spotify.com/track/3FPdJoEtpRDK8QiIcWVBgN,bleak desolate industrial
...Of the Sounds from Hell,Der Blutharsch,The Story about the digging of the hole and the hearing of the sound of hell,2011-12-21,0HkpmS30FVcaqIZSQyRJss,https://open.spotify.com/track/0HkpmS30FVcaqIZSQyRJss,bleak desolate industrial
"The Track of the Hunted, Pt. 5",Der Blutharsch,The Track of the Hunted,2000-10-16,4ELKCXONtLiKUxifiZC9S6,https://open.spotify.com/track/4ELKCXONtLiKUxifiZC9S6,bleak desolate industrial
Industrial Revolution,Fred Dubois,Orchestra Repetita 2: History and Heritage,2013-08-04,0rploPdZ6XnbRAljyZJJOX,https://open.spotify.com/track/0rploPdZ6XnbRAljyZJJOX,bleak desolate industrial
100 Years of Industrial Burial,Gorgonea Prima,Black Coal Depression,2010-08-30,1iVHnjiHFzVWr9lQoDHmYK,https://open.spotify.com/track/1iVHnjiHFzVWr9lQoDHmYK,bleak desolate industrial
Absolutus,Empusae,Præter,2021-12-28,0BjX1TT1hpSwKooyglKBfl,https://open.spotify.com/track/0BjX1TT1hpSwKooyglKBfl,bleak desolate industrial
Industrial Design,11ai,Qtime 2,2020-04-13,3eSNaI9gDTSULa41REScgq,https://open.spotify.com/track/3eSNaI9gDTSULa41REScgq,bleak desolate industrial
Untitled 3,Der Blutharsch,Everything Is Alright!,2009-05-05,6iH6hUV19YEaKMjHMqNPVf,https://open.spotify.com/track/6iH6hUV19YEaKMjHMqNPVf,bleak desolate industrial
Industrial Wasteland,Codex_Promo,Industrial Wasteland,2023-09-10,5PGpiWRhGCxare7z0YitCH,https://open.spotify.com/track/5PGpiWRhGCxare7z0YitCH,bleak desolate industrial
Industrial Developer,Ashen Disposaler,Industrial Developer,2013-08-16,2snW1uywrt0uKybcER347w,https://open.spotify.com/track/2snW1uywrt0uKybcER347w,bleak desolate industrial
Broken Steel Wings,Best Instrumental Background Music,Industrial Metal,2025-01-24,3jBNCNrgygoJdEDSROq8K0,https://open.spotify.com/track/3jBNCNrgygoJdEDSROq8K0,bleak desolate industrial
Instrumental,Without Grief,Absorbing The Ashes,1999-04-18,1jlgC7T11yhP7cyfBIGs78,https://open.spotify.com/track/1jlgC7T11yhP7cyfBIGs78,bleak desolate industrial
Instrumental,Destructor,Maximum destruction,1998-01-01,3Ld0ItweluH5OaKyRBdMmv,https://open.spotify.com/track/3Ld0ItweluH5OaKyRBdMmv,bleak desolate industrial
"Time Is Thee Enemy, Pt. 5",Der Blutharsch,Time Is Thee Enemy!,2003-10-16,4OWAvdHjYNyvddESP5PdXL,https://open.spotify.com/track/4OWAvdHjYNyvddESP5PdXL,bleak desolate industrial
Seep - 2008 Master,zYnthetic,Collected (10 Year Anniversary Edition),2018-07-07,6h3QMk3DaxeTFohyvFbnFr,https://open.spotify.com/track/6h3QMk3DaxeTFohyvFbnFr,bleak desolate industrial
A Sense of a Future,Desolate Horizons,Hesitation,2020-12-14,18V1vQOPgML9O8NYChJtsB,https://open.spotify.com/track/18V1vQOPgML9O8NYChJtsB,bleak desolate industrial
Blutsommerland,Werkraum,Unsere Feuer Brennen!,2009-05-10,5j0Jv6FVXjUTc0wzKZi3cN,https://open.spotify.com/track/5j0Jv6FVXjUTc0wzKZi3cN,bleak desolate industrial
Industrial Espionage,NRSB-11,Commodified,2012-11-17,7d8ZooFfexmyNRrfMr2KN1,https://open.spotify.com/track/7d8ZooFfexmyNRrfMr2KN1,bleak desolate industrial
Untitled 5,Der Blutharsch,Everything Is Alright!,2009-05-05,1hZz2BHh3FWmrOnSMUxibX,https://open.spotify.com/track/1hZz2BHh3FWmrOnSMUxibX,bleak desolate industrial
Industry,Bless,Noise War Vindication,2020-03-23,5YhEHVqO8JyHQ5N2t0bICG,https://open.spotify.com/track/5YhEHVqO8JyHQ5N2t0bICG,bleak desolate industrial
Nature Reclaims,Rhys Fulber,Brutal Nature,2021-11-26,3uGIJV9R6Ira9FC4sxozkn,https://open.spotify.com/track/3uGIJV9R6Ira9FC4sxozkn,bleak desolate industrial
Interlude Industrial,Sleen Mp,DRAFT,2021-01-27,0o2807T7uPHlN4z54ija69,https://open.spotify.com/track/0o2807T7uPHlN4z54ija69,bleak desolate industrial
"Everything Is Alright!, Pt. 9",Der Blutharsch,Everything Is Alright!,2008-10-16,2rCSCl5c5eXNb3m1Gu9u1Y,https://open.spotify.com/track/2rCSCl5c5eXNb3m1Gu9u1Y,bleak desolate industrial
Bloques Hostiles,Esplendor Geométrico,Prehistoric Sounds. Necrosis & More 1980-1981,2012-06-25,2Ki5wg9Gu9tjGSpqLORnik,https://open.spotify.com/track/2Ki5wg9Gu9tjGSpqLORnik,bleak desolate industrial
Industrial Processing Machine Constant Rhythmic Hum,Sound Ideas,Industrial Machines and Equipment Sound Effects,2018-03-27,6vNBCHNoqwUVAB9ZIBifKO,https://open.spotify.com/track/6vNBCHNoqwUVAB9ZIBifKO,bleak desolate industrial
Machine Fury,Best Instrumental Background Music,Industrial,2025-06-13,7opnhyCKK5rXpxXmYiouni,https://open.spotify.com/track/7opnhyCKK5rXpxXmYiouni,bleak desolate industrial
Western Horror,Expropriation,#008,2018-06-29,21me8mtyEmeqWgIwmTD2jR,https://open.spotify.com/track/21me8mtyEmeqWgIwmTD2jR,bleak desolate industrial
Solitude,Carbon 12,Very Harsh Frequencies,1999-11-02,632AG2CamqnYF07KsT9LhC,https://open.spotify.com/track/632AG2CamqnYF07KsT9LhC,bleak desolate industrial
"Everything Is Alright!, Pt. 7",Der Blutharsch,Everything Is Alright!,2008-10-16,2U3zanVme9JtxV81Zc8uiP,https://open.spotify.com/track/2U3zanVme9JtxV81Zc8uiP,bleak desolate industrial
Aes,Anenzephalia,Kaltwelt,2012-11-01,79WLzZSSinxaq8oDoqx8iF,https://open.spotify.com/track/79WLzZSSinxaq8oDoqx8iF,bleak desolate industrial
Lack of Human Warmth,Desolate Horizons,A Modern-Day Affliction,2020-12-14,3LYZ1f1SuCb8RgwUlSD23E,https://open.spotify.com/track/3LYZ1f1SuCb8RgwUlSD23E,bleak desolate industrial
Invocation II,Attrition,Invocation,2012-10-21,7CSq03JV6ybKJLArKOaywn,https://open.spotify.com/track/7CSq03JV6ybKJLArKOaywn,bleak desolate industrial
Locomortuis,zYnthetic,ERA,2014-07-26,0llFjYGuc4S2rIBam9Zkd3,https://open.spotify.com/track/0llFjYGuc4S2rIBam9Zkd3,bleak desolate industrial
Resistance,Blutengel,A World Beyond,2021-07-15,3K9RkyNJms5S4w40rEg2Rp,https://open.spotify.com/track/3K9RkyNJms5S4w40rEg2Rp,bleak desolate industrial
"Industry, Workshop - Antique Woodworking Shop: Table Saw: Single Cuts, Saws - Power",Sound Effects Library,Vintage Machinery Sounds of the Past: Sound Effects,2012-05-15,7bqfpxJtAJtn3TTDDVGXKu,https://open.spotify.com/track/7bqfpxJtAJtn3TTDDVGXKu,bleak desolate industrial
"Sander, Electric - Industrial Belt Sander: Start, Sand Metal, Shut off, Sanding - Power",Sound Effects Library,Power Tools: Sound Effects,2012-05-15,48wijelLTEEkGlJumxKo9N,https://open.spotify.com/track/48wijelLTEEkGlJumxKo9N,bleak desolate industrial
Industrial Pollution,Gabriel Saban,Planet Earth,2020-08-10,1FTDnUXA6eKATV0tyYnDCN,https://open.spotify.com/track/1FTDnUXA6eKATV0tyYnDCN,bleak desolate industrial
Desolate Underground City Ambience,The Hollywood Edge Sound Effects Library,"Extreme Drones, Vol. 1",2015-05-05,2nZYZ6opkIqX8Px61DwnSm,https://open.spotify.com/track/2nZYZ6opkIqX8Px61DwnSm,bleak desolate industrial
"Der Sieg des Lichtes ist des Lebens Heil!, Pt. 4",Der Blutharsch,Der Sieg des Lichtes ist des Lebens Heil!,1998-10-16,1fS3SYyeuuqJrGy66CZSss,https://open.spotify.com/track/1fS3SYyeuuqJrGy66CZSss,bleak desolate industrial
Industrial Universal,Das Ding,Industrial Universal 1.1,2020-07-17,6nVoCYyIJoYMV9xoGL9RhU,https://open.spotify.com/track/6nVoCYyIJoYMV9xoGL9RhU,bleak desolate industrial
Industrial City Sounds,Meditation,ASMR City Sounds,2021-04-28,4wgkb1SRlbT6has9mgpFfF,https://open.spotify.com/track/4wgkb1SRlbT6has9mgpFfF,bleak desolate industrial
What Makes You Pray,Der Blutharsch and the Infinite Church of the Leading Hand,What Makes You Pray,2017-10-16,0o97tWzrBL3gixcWrfW3GV,https://open.spotify.com/track/0o97tWzrBL3gixcWrfW3GV,bleak desolate industrial
III. Styrmsal,Turbund Sturmwerk,Turbund Sturmwerk,2008-05-06,40BpbkJFmvT5bwTVNQlE4Z,https://open.spotify.com/track/40BpbkJFmvT5bwTVNQlE4Z,bleak desolate industrial
Urficae,Empusae,Error 404: Metaphorical Loss,2005-10-01,6FfVJaM1l7RJLEuWv354cc,https://open.spotify.com/track/6FfVJaM1l7RJLEuWv354cc,bleak desolate industrial
Untitled 2,Der Blutharsch,Everything Is Alright!,2009-05-05,2O5OFQVrRz58z6gSttyrsY,https://open.spotify.com/track/2O5OFQVrRz58z6gSttyrsY,bleak desolate industrial
Chains and Sprockets,Blank Library,Industrial Ambience and Horror,2023-03-29,3x9jb73kqxh7f7UBWSTAGM,https://open.spotify.com/track/3x9jb73kqxh7f7UBWSTAGM,bleak desolate industrial
Rood,MZ. 412,Macht Durch Stimme,2022-08-12,1JXskbrDgSXnFWq7sJBdhS,https://open.spotify.com/track/1JXskbrDgSXnFWq7sJBdhS,bleak desolate industrial
Full-On Freak,The Industrial Jazz Group,Industrial Jazz Group: City of Angles,2002-01-01,25Cmy8124wYgUF8AWkBNPO,https://open.spotify.com/track/25Cmy8124wYgUF8AWkBNPO,bleak desolate industrial
A Cold Cell,Trepaneringsritualen,A Knife in Sound,2018-12-18,5CgumzpOvxtTvAou5ZOvjG,https://open.spotify.com/track/5CgumzpOvxtTvAou5ZOvjG,bleak desolate industrial
"Everything Is Alright!, Pt. 4",Der Blutharsch,Everything Is Alright!,2008-10-16,4F18QfsBEDbXwDINNKVmwx,https://open.spotify.com/track/4F18QfsBEDbXwDINNKVmwx,bleak desolate industrial
Desolate Earth (No Choir Mix),Matias Puumala,Amppitune Chronicles 3,2019-07-12,3RaKKo7VMQPEbavIJGxkoT,https://open.spotify.com/track/3RaKKo7VMQPEbavIJGxkoT,bleak desolate industrial
Industrial Jazz,Individuum,Individuum Works,2015-04-09,0Mz1LrKLigubAgKjQUoP0U,https://open.spotify.com/track/0Mz1LrKLigubAgKjQUoP0U,bleak desolate industrial
Ecaf Dloc,MZ. 412,Macht Durch Stimme,2022-08-12,0840roAphMzXjQekKUVnmv,https://open.spotify.com/track/0840roAphMzXjQekKUVnmv,bleak desolate industrial
Bleak,Viscera Drip,Satanic Panic,2018-02-22,33Xw8ysFfxx8L3MmKyWz4E,https://open.spotify.com/track/33Xw8ysFfxx8L3MmKyWz4E,bleak desolate industrial
Industrial Air Noise,Ambiance,Industrial Air Noise - Single,2015-11-21,3ENovbWWlgltjdbS448RyB,https://open.spotify.com/track/3ENovbWWlgltjdbS448RyB,bleak desolate industrial
Industrial Light,Globotom,AEOLUS,2022-04-29,2mVRiVE7NGWtA8eQjnUVPX,https://open.spotify.com/track/2mVRiVE7NGWtA8eQjnUVPX,bleak desolate industrial
Abhor a Vacuum,V01d,Greeted as Liberators,2016-11-04,1m0OucPPmg8368RCmot3bQ,https://open.spotify.com/track/1m0OucPPmg8368RCmot3bQ,bleak desolate industrial
"Instrumental, Pt. 3",Impaled Nazarene,Decade of Decadence,2000-01-20,5LgkYWfSwjrAuFZRyhSszY,https://open.spotify.com/track/5LgkYWfSwjrAuFZRyhSszY,bleak desolate industrial
Enough is Enough,Bøltorn,Dødsverk,2022-08-05,6pZ46YJaxETg8MtU782KqB,https://open.spotify.com/track/6pZ46YJaxETg8MtU782KqB,bleak desolate industrial
The Digital Journey,CO.Ag Music,The Digital Journey,2021-02-24,1kY9mY1Qowh8yLShWDiNhe,https://open.spotify.com/track/1kY9mY1Qowh8yLShWDiNhe,bleak desolate industrial
"Instrumental, Pt. 2",Impaled Nazarene,Decade of Decadence,2000-01-20,5WTE2FeOubccao4isKLS9p,https://open.spotify.com/track/5WTE2FeOubccao4isKLS9p,bleak desolate industrial
Extro,Malhavoc,Premeditated Murder,2017-05-25,1muIRNe3nIuZqR33i9bM76,https://open.spotify.com/track/1muIRNe3nIuZqR33i9bM76,bleak desolate industrial
"Time Is Thee Enemy, Pt. 6",Der Blutharsch,Time Is Thee Enemy!,2003-10-16,5LNH8daVbn73Ld1bI4Sogd,https://open.spotify.com/track/5LNH8daVbn73Ld1bI4Sogd,bleak desolate industrial
"The Track of the Hunted, Pt. 11",Der Blutharsch,The Track of the Hunted,2000-10-16,0sdTiPYFXqHWwAH7F0h5Vb,https://open.spotify.com/track/0sdTiPYFXqHWwAH7F0h5Vb,bleak desolate industrial
Ceremony,Empusae,Mortusae II,2009-09-30,44iKZOHZjrIxNfZEq94p9E,https://open.spotify.com/track/44iKZOHZjrIxNfZEq94p9E,bleak desolate industrial
Dissolving Angle,Necro Facility,The Room,2007-03-21,6J2Ogz17lJS5wMrmz16ZL2,https://open.spotify.com/track/6J2Ogz17lJS5wMrmz16ZL2,bleak desolate industrial
Flow,Individual Totem,Mind Sculptures Flesh,2008-05-20,2L9Y1S1qWDUGKGvZfyQkvj,https://open.spotify.com/track/2L9Y1S1qWDUGKGvZfyQkvj,bleak desolate industrial
"Industry, Saw Mill - Sawmill: General Ambience: Heavy Machinery Cutting and Planning, Industries & Factories, Engines, Motors & Machines, Factory & Industrial Equipment, Greatest Sound Effects",Sound Effects Library,Industries: Sound Effects,2012-05-15,41q8j7kz7cOFkVHAP5tKNE,https://open.spotify.com/track/41q8j7kz7cOFkVHAP5tKNE,bleak desolate industrial
Industrial Landscape,Mathias Delplanque,Serial Production,2012-01-01,7fPomndQEz4sQCnXDfdr5e,https://open.spotify.com/track/7fPomndQEz4sQCnXDfdr5e,bleak desolate industrial
Desolate Lands of the Banshees,Ambience Mastery,A Haunted and Magical World (Dark Fairytale Music),2023-03-13,6XKBmuv0G4OW5zvKs2OFG2,https://open.spotify.com/track/6XKBmuv0G4OW5zvKs2OFG2,bleak desolate industrial
Industrial Compressor,Meditasjon,Shipping Yard Sounds for Background Sound and White Noise,2022-11-11,1HzGkbJETVpNXkErJDqnNM,https://open.spotify.com/track/1HzGkbJETVpNXkErJDqnNM,bleak desolate industrial
Industrial Tribalism (Vox Fabri),Post Modern Music,Industrial Tribalism,2021-06-21,5ch2DXqYvW7kPdvI0SXJs3,https://open.spotify.com/track/5ch2DXqYvW7kPdvI0SXJs3,bleak desolate industrial
Instrumental,Graumahd,Cheru,2006,7JDb3doW7pE5kFXNKiTKka,https://open.spotify.com/track/7JDb3doW7pE5kFXNKiTKka,bleak desolate industrial
Desolate Forest,L-ONE-X,2.9: This Ep Contains Sounds Of Explicit Violence And Gore,2019-10-14,6UYEfSVjIyCypaDy8kYaHB,https://open.spotify.com/track/6UYEfSVjIyCypaDy8kYaHB,bleak desolate industrial
Industrial Future 2 - Remastered,Claude Larson,Industrial Future,1979-07-31,554N6mE5zX4KpYe3ln0Blz,https://open.spotify.com/track/554N6mE5zX4KpYe3ln0Blz,bleak desolate industrial
Industrial Homicide,Mor Dagor,Redeemer,2015-03-27,1hx2mT7qq44ubODp9YGS1t,https://open.spotify.com/track/1hx2mT7qq44ubODp9YGS1t,bleak desolate industrial
Instrument Of My Own Destruction,Selbst,Selbst,2019-01-02,1GtaZiGv8b47wONp16Uf38,https://open.spotify.com/track/1GtaZiGv8b47wONp16Uf38,bleak desolate industrial
Minus One,Nyne,Nyne,2012-01-01,2plpPKqdNgw9TgzZUTVj1s,https://open.spotify.com/track/2plpPKqdNgw9TgzZUTVj1s,bleak desolate industrial
Industrial fan,Sleep Baby Sleep,"Soothing Appliances and other Household Ambiances (Loopable Audio for Insomnia, Meditation, and Restless Children)",2015-01-20,1dJ1U8spRc0qTkr9hZsNqp,https://open.spotify.com/track/1dJ1U8spRc0qTkr9hZsNqp,bleak desolate industrial
Industrial Desolation,Chemical Exposure,Sick Mutant Society,2016-09-18,4t9QE0JTAsuEiqURIyBXiv,https://open.spotify.com/track/4t9QE0JTAsuEiqURIyBXiv,bleak desolate industrial
Cloverleaf - Instrumental,Durbatuluk,Irrecoverably Lost,2019-12-13,6evy3KSFcRea9oPQ5hUF15,https://open.spotify.com/track/6evy3KSFcRea9oPQ5hUF15,bleak desolate industrial
"Industry, Ambience - General Factory Background: Steady Pulsing Roar Industries & Factories",Sound Effects Library,Factories: Sound Effects,2012-05-15,2nSu56hcFUdC20UMOqLHuV,https://open.spotify.com/track/2nSu56hcFUdC20UMOqLHuV,bleak desolate industrial
"The Philosopher's Stone, Pt. 6",Der Blutharsch,The Philosopher's Stone,2007-03-01,0iSf3AY2eQFSdtoqKtSYyi,https://open.spotify.com/track/0iSf3AY2eQFSdtoqKtSYyi,bleak desolate industrial
"Der Sieg des Lichtes ist des Lebens Heil!, Pt. 10",Der Blutharsch,Der Sieg des Lichtes ist des Lebens Heil!,1998-10-16,3c8BsVniO73vp666p9lAVL,https://open.spotify.com/track/3c8BsVniO73vp666p9lAVL,bleak desolate industrial
Live in Leiden 2,Der Blutharsch,Live in Leiden,2010-07-19,6FxTBhXGIN8BZfCcjCAKSu,https://open.spotify.com/track/6FxTBhXGIN8BZfCcjCAKSu,bleak desolate industrial
"Industry, Factory - Factory Ambience: Constant Machine and Ventilation Roar, Low Rumble",Sound Effects Library,Industries: Sound Effects,2012-05-15,49YFkdSa3Wolta2QgqJiKw,https://open.spotify.com/track/49YFkdSa3Wolta2QgqJiKw,bleak desolate industrial
Epiceas,Empusae,Mortusae II,2009-09-30,5mJ1rOsIQbV2SI248qi9Cj,https://open.spotify.com/track/5mJ1rOsIQbV2SI248qi9Cj,bleak desolate industrial
"Der Sieg des Lichtes ist des Lebens Heil!, Pt. 11",Der Blutharsch,Der Sieg des Lichtes ist des Lebens Heil!,1998-10-16,633YqLBWCX5kU72ULw886y,https://open.spotify.com/track/633YqLBWCX5kU72ULw886y,bleak desolate industrial
Industrial Self-Enslavement,LEACHED,Free Fall into Our Doom,2022-10-20,6ZZxtQ3nmipk7T9cwmHZdt,https://open.spotify.com/track/6ZZxtQ3nmipk7T9cwmHZdt,bleak desolate industrial
Instru Mental Disorder,Mindustries,Translated Visions Exp: 002,2005-05-30,1EYqqHRh5vWBmlRnZWb5O6,https://open.spotify.com/track/1EYqqHRh5vWBmlRnZWb5O6,bleak desolate industrial
Rock Fabrication,Undefined Noise,Rust,2021-08-01,2dVzWZ8sZ3JRc0xKYjuIqc,https://open.spotify.com/track/2dVzWZ8sZ3JRc0xKYjuIqc,bleak desolate industrial
DarkAmbient,Hazumi,アンビエント Vol.7 -Instrumental BGM- by Audiostock,2020-11-18,7twrWcej3VRAHvntQxqshv,https://open.spotify.com/track/7twrWcej3VRAHvntQxqshv,bleak desolate industrial
6 - Instrumental,Horror of Pestilence,6,2022-04-18,1aD7hjt1rf3gpaDxbhVAA6,https://open.spotify.com/track/1aD7hjt1rf3gpaDxbhVAA6,bleak desolate industrial
De Omnibus Dubitandum Est,Dark Sky Burial,De Omnibus Dubitandum Est,2020-04-07,0BTPvVYQ8NqmmL4b2hxAiB,https://open.spotify.com/track/0BTPvVYQ8NqmmL4b2hxAiB,bleak desolate industrial
Breakage,Undefined Noise,Rust,2021-08-01,5QG9L2MIbPj3Da8D9m8t8b,https://open.spotify.com/track/5QG9L2MIbPj3Da8D9m8t8b,bleak desolate industrial
Despite Everything,Nigh/T\mare,Hypnagogia,2018-10-12,1jjukd4FtPFmnlEX3xEgf0,https://open.spotify.com/track/1jjukd4FtPFmnlEX3xEgf0,bleak desolate industrial
Epic Industrial Rock Metal Trailer,SATURN MUSIC,Music of Saturn,2022-12-16,6CUBHbXrHuxnkLQrhoeICS,https://open.spotify.com/track/6CUBHbXrHuxnkLQrhoeICS,bleak desolate industrial
Industrial Metal,Alec Koff,Resurrected Metal,2016-12-15,07Rk2yuU8l3oZH2mFcErYk,https://open.spotify.com/track/07Rk2yuU8l3oZH2mFcErYk,bleak desolate industrial
Apotropaion - 2022 Remastered Version,Apoptose,Blutopfer (Remastered),2022-04-14,0yba0G0FxFS4VaIsv305oP,https://open.spotify.com/track/0yba0G0FxFS4VaIsv305oP,bleak desolate industrial
Ambient 1,Sin,Noisy Pipes Lovely Noises,1998-01-01,6VHbZJdbmad5BpgLQCGXg8,https://open.spotify.com/track/6VHbZJdbmad5BpgLQCGXg8,bleak desolate industrial
Desolace (Alpha Title Theme) [Bonus Track],Rob Westwood,Solstice (Original Soundtrack),2015-12-22,73ZrUtm64Eq3ZwcKGt4azM,https://open.spotify.com/track/73ZrUtm64Eq3ZwcKGt4azM,bleak desolate industrial
"Der Sieg des Lichtes ist des Lebens Heil!, Pt. 6",Der Blutharsch,Der Sieg des Lichtes ist des Lebens Heil!,1998-10-16,0VsO0VNNfG8TMNDywo3kOY,https://open.spotify.com/track/0VsO0VNNfG8TMNDywo3kOY,bleak desolate industrial
Ulvens Broder,MZ. 412,Ulvens Broder,2018-06-01,077jINQhQbuutyIMjUST71,https://open.spotify.com/track/077jINQhQbuutyIMjUST71,bleak desolate industrial
"Everything Is Alright!, Pt. 13",Der Blutharsch,Everything Is Alright!,2008-10-16,4afHrZU2wMIKlmuA708fVS,https://open.spotify.com/track/4afHrZU2wMIKlmuA708fVS,bleak desolate industrial
Infiltration Success,Ambience Mastery,Cyberpunk Ambience,2022-07-09,4gARNEEyQxDS0ViwG7rQke,https://open.spotify.com/track/4gARNEEyQxDS0ViwG7rQke,bleak desolate industrial
Life,CO.Ag Music,Life,2020-02-23,4Iw5a7NDCBi4YwBkSQBuVR,https://open.spotify.com/track/4Iw5a7NDCBi4YwBkSQBuVR,bleak desolate industrial
Silence,LẼTUM,Broken,2006-07-01,7IVKwIyHBW2vWtQBXxyy0S,https://open.spotify.com/track/7IVKwIyHBW2vWtQBXxyy0S,bleak desolate industrial
Desolate World - Instrumental,Paradise in Flames,Blindness,2024-06-14,0kdSvpCXqphmGkbNKe5cNW,https://open.spotify.com/track/0kdSvpCXqphmGkbNKe5cNW,bleak desolate industrial
Industrial Compressor,Digiffects Sound Effects Library,Factory Machines Sound Effects,2016-02-27,1cBq9U3iyXVsZMBMdEO7BJ,https://open.spotify.com/track/1cBq9U3iyXVsZMBMdEO7BJ,bleak desolate industrial
Desolate,Fırat Aktav,Dark Room,2021-06-11,3NZk7SW2teGktRhH10Z8At,https://open.spotify.com/track/3NZk7SW2teGktRhH10Z8At,bleak desolate industrial
Industrial Meditation,The Keos Manifest,Contaminated Purity,2023-03-23,67HD6m2yCZBH9xQx11gfvB,https://open.spotify.com/track/67HD6m2yCZBH9xQx11gfvB,bleak desolate industrial
Botanical Importance of Industrial Habitats,Dust Belt,Ecocannibalism,2017-05-12,14v9PKiro6jlnnJK1mzGK3,https://open.spotify.com/track/14v9PKiro6jlnnJK1mzGK3,bleak desolate industrial
"Industrial, Interlúdio No. 1",Life Aquatic,Neon Cortex,2019-04-26,053ie5xBu4Lo6VjTkXuz5i,https://open.spotify.com/track/053ie5xBu4Lo6VjTkXuz5i,bleak desolate industrial
Dark Industrial Dreamscape,First Lords,Electro Pulse Generator,2024-01-12,42wvv7cq5rYYT8IAoLWqn3,https://open.spotify.com/track/42wvv7cq5rYYT8IAoLWqn3,bleak desolate industrial
Ten Inch Spikes (Dark Industrial),Film Music Experience,"Trailer Music and Film Music for Licensing in Movies, TV Shows and Movie Trailers",2018-07-16,2rwFkOdsHb5jzDG4wsdZ6h,https://open.spotify.com/track/2rwFkOdsHb5jzDG4wsdZ6h,bleak desolate industrial
Resist,Obszön Geschöpf,Son of Evil,2004,12VCkrpAFurK81NXHgEVqH,https://open.spotify.com/track/12VCkrpAFurK81NXHgEVqH,bleak desolate industrial
"Industry, Ambience - Factory Ambience: Constant Ventilation Roar Industries & Factories",Sound Effects Library,Factories: Sound Effects,2012-05-15,43ZpkBapCRVUI4FS36QJPG,https://open.spotify.com/track/43ZpkBapCRVUI4FS36QJPG,bleak desolate industrial
"Industry, Ambience - Large Factory Ambience: Steady Machine Roar, Air Bursts Industries & Factories",Sound Effects Library,Factories: Sound Effects,2012-05-15,6PwiItHMljjc7lQ92WKzdb,https://open.spotify.com/track/6PwiItHMljjc7lQ92WKzdb,bleak desolate industrial
Untergang - Instrumental Version,Grausame Töchter,Glaube Liebe Hoffnung (Bonus Edition),2014-09-26,0WWO3Z310k6KyExhrMqVfq,https://open.spotify.com/track/0WWO3Z310k6KyExhrMqVfq,bleak desolate industrial
Instrument 2 - 2022 Remaster,Fennesz,Hotel Paral.lel,1997-09-02,6XnxvZDpBxIf53VCThpuCO,https://open.spotify.com/track/6XnxvZDpBxIf53VCThpuCO,bleak desolate industrial
Industrial Video,Adrian Baker,Bruton BRL12: Industrial Video,1983-01-01,04GA1BVOH4OXexkEEd2QRK,https://open.spotify.com/track/04GA1BVOH4OXexkEEd2QRK,bleak desolate industrial
Deconstruction 02,Cadaverous Condition,Destroying the Night Sky,2008-04-16,3DaFHLvA9wLXIZaRpTcQqL,https://open.spotify.com/track/3DaFHLvA9wLXIZaRpTcQqL,bleak desolate industrial
Slavery to the One,Dark Sky Burial,Quod Me Nutrit Me Destruit,2021-02-05,25uAHAWXCbXVSBCVNuC49K,https://open.spotify.com/track/25uAHAWXCbXVSBCVNuC49K,bleak desolate industrial
III,Sistrenatus,Division One,2012-02-27,1XqsU8B5g2byJO6UHNa87P,https://open.spotify.com/track/1XqsU8B5g2byJO6UHNa87P,bleak desolate industrial
Solitude,X Marks The Pedwalk,Abattoir,2009-01-09,5yyKGMpNfCEy4nM7sjyz2s,https://open.spotify.com/track/5yyKGMpNfCEy4nM7sjyz2s,bleak desolate industrial
Corrosion,Undefined Noise,Rust,2021-08-01,0BNmVHluzuGbyrQWHH5nKl,https://open.spotify.com/track/0BNmVHluzuGbyrQWHH5nKl,bleak desolate industrial
Act IV,MZ. 412,Hekatomb,2015-03-23,3K2LFzmwvtbJJM2NSU1EAG,https://open.spotify.com/track/3K2LFzmwvtbJJM2NSU1EAG,bleak desolate industrial
Industrial Cyclical Machine,Sleep Baby White Noise,Factory Sounds for Background and White Noise,2022-12-02,4zyW3s41JpXVJemINhm5Mt,https://open.spotify.com/track/4zyW3s41JpXVJemINhm5Mt,bleak desolate industrial
Instrumental 2 - Live,Crematory,Live Insurrection,2017-09-08,71WoGP69pPRfaFYTcpKsAn,https://open.spotify.com/track/71WoGP69pPRfaFYTcpKsAn,bleak desolate industrial
Instrumental 1 - Live,Crematory,Live Insurrection,2017-09-08,1VRXd0Y5XNqrBEWhVNimpp,https://open.spotify.com/track/1VRXd0Y5XNqrBEWhVNimpp,bleak desolate industrial
Deep Dark Industrial Nightmare,M4LxHADESx,Down The Darker Path,2022-10-17,2PgUEkBli1N9oBal9yG4w7,https://open.spotify.com/track/2PgUEkBli1N9oBal9yG4w7,bleak desolate industrial
Instruments of Destruction,Siddhartha Barnhoorn,Planet Alpha (Original Video Game Music),2018-09-04,5clF3N8MKFAn181B2sda7P,https://open.spotify.com/track/5clF3N8MKFAn181B2sda7P,bleak desolate industrial
Industrial Vacuumer - Loopable With No Fade,Lullaby Land,Best White Noise - Loopable with No Fade,2017-01-15,1BCWP33Y9q6aF9x4yFkI50,https://open.spotify.com/track/1BCWP33Y9q6aF9x4yFkI50,bleak desolate industrial
Industrial Bionic,Kasatka,Industrial Bionic,2009-07-17,0e9fTMmmC4RHQfmbrWcP3q,https://open.spotify.com/track/0e9fTMmmC4RHQfmbrWcP3q,bleak desolate industrial
Tot - Instrumental,Depravation,II:maledictvm,2016-10-23,0cyJTY3NoZT6GKFLVISLYP,https://open.spotify.com/track/0cyJTY3NoZT6GKFLVISLYP,bleak desolate industrial
Instrumental,KAT,Rarities,2013-11-12,3eowlcbiQVWu5E4o4YeCl3,https://open.spotify.com/track/3eowlcbiQVWu5E4o4YeCl3,bleak desolate industrial
Cyber Industrial Revolution,Binary Division,Demo 2014,2014-09-24,78dJlV2ZXOTGcOvWcL9FDn,https://open.spotify.com/track/78dJlV2ZXOTGcOvWcL9FDn,bleak desolate industrial
Empty Spaces,Mindustries,Minds in Motion,2013-09-13,6IBdbMIWUnviDBQt6rQd2K,https://open.spotify.com/track/6IBdbMIWUnviDBQt6rQd2K,bleak desolate industrial
Industrial High Tech,Geoff Bastow,Industrial High Tech,2004-06-30,2fRsVJFhMRe6ILy9CW96HI,https://open.spotify.com/track/2fRsVJFhMRe6ILy9CW96HI,bleak desolate industrial
Electronic Warefare,Maschinenkrieger KR52,Rotten Years,2014-03-28,25aAozwI5UPvRFEqC2pwBo,https://open.spotify.com/track/25aAozwI5UPvRFEqC2pwBo,bleak desolate industrial
Empty Spaces - Original Mix,Mindustries,Ground Zero 2014 - Dark Matter,2014-08-29,1YvTA4wzjY7E0LbtSLeBWf,https://open.spotify.com/track/1YvTA4wzjY7E0LbtSLeBWf,bleak desolate industrial
Large Industrial Air Conditioner,Sleep Baby Sleep,"Vacuums, Dryers and Washing Machines (Loopable Audio for Insomnia, Meditation, and Restless Children)",2015-09-24,5pf9OGpfCr3a1Sf36oct3B,https://open.spotify.com/track/5pf9OGpfCr3a1Sf36oct3B,bleak desolate industrial
Chorale I,Ain Soph,Ain Soph,2016-07-29,1vbnQlsO885GOtyFJ7Mwm3,https://open.spotify.com/track/1vbnQlsO885GOtyFJ7Mwm3,bleak desolate industrial
Deconstruction 01,Cadaverous Condition,Destroying the Night Sky,2008-04-16,1zFm5dG0POUxLiYzbyNTky,https://open.spotify.com/track/1zFm5dG0POUxLiYzbyNTky,bleak desolate industrial
Asok,Empusae,Mortusae III,2023-06-12,0ym1BTeBTZ1RgCdhla2HpR,https://open.spotify.com/track/0ym1BTeBTZ1RgCdhla2HpR,bleak desolate industrial
Art of Industry,Preset Songs,"Omnisphere, Pt. 1",2022-10-19,67o05sPQWfu3LKhjKf5sUv,https://open.spotify.com/track/67o05sPQWfu3LKhjKf5sUv,bleak desolate industrial
Ulv,Eisenwolf,Ritual,2020-06-13,6wiY6ITbwMPYFi0w2gQ5BF,https://open.spotify.com/track/6wiY6ITbwMPYFi0w2gQ5BF,bleak desolate industrial
