track_name,artist_name,album_name,release_date,track_id,spotify_url,mood_keywords
Enchanted Forest,Ambient Realms,"Massive Ambient Music, Vol. 4",2016-08-18,4Sy1qiDuiDIiS46x8YrEAS,https://open.spotify.com/track/4Sy1qiDuiDIiS46x8YrEAS,ethereal mystical enchanting
Enchanted Night,Moonlynx,"Fantasy Ambient, Vol. 1",2022-06-17,3b5gPyK7eA1dDMZYZd0ASi,https://open.spotify.com/track/3b5gPyK7eA1dDMZYZd0ASi,ethereal mystical enchanting
"Enchanted Lands, Vol. II",The Guild of Ambience,"Enchanted Lands, Vol. II",2017-08-20,3BNjgAYJVWrCG7jP9Sr66l,https://open.spotify.com/track/3BNjgAYJVWrCG7jP9Sr66l,ethereal mystical enchanting
"Enchanted Lands, Vol. I",The Guild of Ambience,"Enchanted Lands, Vol. I",2017-01-03,7y1Tcd50q87U8bIOA9Stda,https://open.spotify.com/track/7y1Tcd50q87U8bIOA9Stda,ethereal mystical enchanting
Enchanted Forest,Moonlynx,Everwoods,2022-11-25,3bHja8OAPvuAkkelBW7fFl,https://open.spotify.com/track/3bHja8OAPvuAkkelBW7fFl,ethereal mystical enchanting
Enchanted Forest,Marina Raye,Nature's Enchantment,2004-01-01,0dI8OrhWxZjFlQLlrLED8N,https://open.spotify.com/track/0dI8OrhWxZjFlQLlrLED8N,ethereal mystical enchanting
Ambient Sleep,Enchanted Feel,Ambient Sleep,2017-07-06,17Xgs4QHZkcKbcAGXfGMxx,https://open.spotify.com/track/17Xgs4QHZkcKbcAGXfGMxx,ethereal mystical enchanting
Enchanted Wind,Gaea Rising,"Circadian Forest Fantasies (Get Back to Nature with Relaxing, Soothing Music & Sound)",2018-10-04,0CQpcIbpJkK02KNHw0TTsX,https://open.spotify.com/track/0CQpcIbpJkK02KNHw0TTsX,ethereal mystical enchanting
Enchanted Sleep,Matthew Wonder,Deep Calming Sleep: Celestial Music for Restful Sleep and Quiet Meditation,2021-06-11,39HWtBm38vKfy5hVoLyhLl,https://open.spotify.com/track/39HWtBm38vKfy5hVoLyhLl,ethereal mystical enchanting
Enchanted Forest,Thomas J. Curran,"FanTaisia Ambience, Vol. 1",2023-06-04,2B4xqpDsXehkQ2wBM4WsDC,https://open.spotify.com/track/2B4xqpDsXehkQ2wBM4WsDC,ethereal mystical enchanting
Enchanted Forest,Mont Beach,Relaxing Nature Music Vol. II,2017-11-21,37BDTJHaukGw0zJnJUfQeo,https://open.spotify.com/track/37BDTJHaukGw0zJnJUfQeo,ethereal mystical enchanting
Magic Forest,Moonlynx,"Fantasy Ambient, Vol. 1",2022-06-17,2KCzK97irsOOq2395FoiJL,https://open.spotify.com/track/2KCzK97irsOOq2395FoiJL,ethereal mystical enchanting
Enchanted Forest Portal,Mo Coulson,The Enchanted Forest,2017-10-23,6cXjROfuIUUUDwf7FhzfhC,https://open.spotify.com/track/6cXjROfuIUUUDwf7FhzfhC,ethereal mystical enchanting
Enchanting Beats,Music from the Firmament,"Sleeping Stars, Binaural Beats & Delta Waves",2018-12-14,3de7AZObLSxGsE2Z0ZHcfr,https://open.spotify.com/track/3de7AZObLSxGsE2Z0ZHcfr,ethereal mystical enchanting
Enchantment,Enaid,Avalon - a Celtic Legend,2002-02-19,2CUNNGyIuVdto85jDnOJuh,https://open.spotify.com/track/2CUNNGyIuVdto85jDnOJuh,ethereal mystical enchanting
Enchanted Forest - Nature Version,Eldira,Forest Whispers,2024-12-26,2tkNB3QM9Fwga1hZSJzapn,https://open.spotify.com/track/2tkNB3QM9Fwga1hZSJzapn,ethereal mystical enchanting
Ethereal Sleep,Solvekin,Ethereal Sleep,2022-01-27,7HTqClPkU89EhgJi2CO3G5,https://open.spotify.com/track/7HTqClPkU89EhgJi2CO3G5,ethereal mystical enchanting
Enchanting,Pranayama Om,Enchanting,2020-05-13,5Th1JB1zTh6BtnvIuFXn4U,https://open.spotify.com/track/5Th1JB1zTh6BtnvIuFXn4U,ethereal mystical enchanting
Meditative Fantasy in the Forest,Nature Sounds,Forest - Sounds of Nature,2012-09-25,6Rto9WCJUeWtOnuRWA9j3M,https://open.spotify.com/track/6Rto9WCJUeWtOnuRWA9j3M,ethereal mystical enchanting
Evil Gods Havoc,Krisiun,Ageless Venomous,2001-07-13,0HvWl9bcwXQyf8U2vHdR1S,https://open.spotify.com/track/0HvWl9bcwXQyf8U2vHdR1S,ethereal mystical enchanting
Enchanted Forest,Ethnic Moods Academy,Meditative Ethnic Flutes: Spiritual Background Music for Subconscious Mind Meditation,2022-10-28,395bWK9XlVUCG41VBa5T32,https://open.spotify.com/track/395bWK9XlVUCG41VBa5T32,ethereal mystical enchanting
Enchanted Fairy Forest with 432Hz Meditation Music (Loopable),Nature Sound Retreat,Celtic Meditation,2021-07-09,1bLlnXehQ9OYgYzGnpUY06,https://open.spotify.com/track/1bLlnXehQ9OYgYzGnpUY06,ethereal mystical enchanting
Mystic - Ambient Version,Open Blue Sky,Lakeside Melodies Revisited (Ambient Version),2022-04-24,76MKVFrWZNmiVjeHGvr3PK,https://open.spotify.com/track/76MKVFrWZNmiVjeHGvr3PK,ethereal mystical enchanting
Fairy Harps,Matthew Wonder,Ethereal Sleep: Music for Deep Sleep and Dream-Filled Slumber,2020-10-01,6b7jhk2UySxSlCsrjP4XZ7,https://open.spotify.com/track/6b7jhk2UySxSlCsrjP4XZ7,ethereal mystical enchanting
Wings of Enchantment,Nature Girl,Secrets of the Ancient Forest (Meditations in the Natural World),2019-06-03,69O3seqGAGOXv3RHImJG3Z,https://open.spotify.com/track/69O3seqGAGOXv3RHImJG3Z,ethereal mystical enchanting
Enchanted Streams,Nature Girl,Secrets of the Ancient Forest (Meditations in the Natural World),2019-06-03,5GgmSMPsBWHkLdrbKcz4Mn,https://open.spotify.com/track/5GgmSMPsBWHkLdrbKcz4Mn,ethereal mystical enchanting
Enchantment,Amethystium,Odonata,2001,3LKniUDPG9jVYCLsCMDnZy,https://open.spotify.com/track/3LKniUDPG9jVYCLsCMDnZy,ethereal mystical enchanting
Mystical Forest,Derek Fiechter,Faery Harp,2019-09-05,1XFGco0QXnY4B2RsWBoHeY,https://open.spotify.com/track/1XFGco0QXnY4B2RsWBoHeY,ethereal mystical enchanting
Enchanted Echoes,Fjordscape,Ethereal,2024-05-31,5RRy4oC0bfDWCMgeJibIla,https://open.spotify.com/track/5RRy4oC0bfDWCMgeJibIla,ethereal mystical enchanting
Enchanting,Tom Middleton,Lifetracks,2007-09-26,3JBLGpxaBZrhnrOwmUV99n,https://open.spotify.com/track/3JBLGpxaBZrhnrOwmUV99n,ethereal mystical enchanting
Enchanted Mists,Stillness in Motion,Enchanted Mists,2021-08-19,4XIN5hEkbFeZrnezDsU65c,https://open.spotify.com/track/4XIN5hEkbFeZrnezDsU65c,ethereal mystical enchanting
Enchanted Woods,Sound Haven,The Delights of Celtic Harp,2018-08-28,21hRcEkMgoZy4ReXnlolcl,https://open.spotify.com/track/21hRcEkMgoZy4ReXnlolcl,ethereal mystical enchanting
Enchanted Mesa,Bobby Lee,Origin Myths,2021-03-05,3UpSHPBBqEAwvlwU4QWFsC,https://open.spotify.com/track/3UpSHPBBqEAwvlwU4QWFsC,ethereal mystical enchanting
The Enchanted Cave,David Arkenstone,The Fairy Garden,2016-09-23,4v9EHoodCq7hyTEL1eFGTR,https://open.spotify.com/track/4v9EHoodCq7hyTEL1eFGTR,ethereal mystical enchanting
Ethereal,Amethystium,Emblem (Selected Pieces),2006,58ZsldUz3XiGrYMvOUuNJS,https://open.spotify.com/track/58ZsldUz3XiGrYMvOUuNJS,ethereal mystical enchanting
Enchanted Forest,Dreamy.Tunes,Enchanted Forest,2023-09-11,6Q92BbiCMgOxnbyG7I3xZV,https://open.spotify.com/track/6Q92BbiCMgOxnbyG7I3xZV,ethereal mystical enchanting
Magical Sleep Music,Deep Sleep Maestro Sounds,"Deep Relaxing Sleep Music (Go for Your Deepest Sleep, Peaceful Music to Cure Insomnia, Fall Asleep Fast, Total Relaxation)",2017-07-01,14AzjnDUpZhFGlcSIXkK0F,https://open.spotify.com/track/14AzjnDUpZhFGlcSIXkK0F,ethereal mystical enchanting
Mystical Forest,Chalmeris,Mystical Forest,2023-06-23,3knvM8V2dxtM0iyc1YG788,https://open.spotify.com/track/3knvM8V2dxtM0iyc1YG788,ethereal mystical enchanting
Enchanted Forest,Eric Christovan,Enchanted Forest,2023-06-07,0ksU2f6RzYr5ZSpw65Ot92,https://open.spotify.com/track/0ksU2f6RzYr5ZSpw65Ot92,ethereal mystical enchanting
Fairy Forest,Celestial Aeon Project,Harp Fantasy,2022-05-23,1irqheI54lnR76XSY7OWZd,https://open.spotify.com/track/1irqheI54lnR76XSY7OWZd,ethereal mystical enchanting
Mystical Slumber,Matthew Wonder,Ethereal Sleep: Music for Deep Sleep and Dream-Filled Slumber,2020-10-01,06f42hTqFRr8jc1DbJu3bh,https://open.spotify.com/track/06f42hTqFRr8jc1DbJu3bh,ethereal mystical enchanting
Ethereal Forest Dreamscape,Nature Sounds for Sleep and Relaxation,Dreamy Forest Music,2024-04-25,7LJQwsQ03uqOzE6cPCHFJm,https://open.spotify.com/track/7LJQwsQ03uqOzE6cPCHFJm,ethereal mystical enchanting
The Enchanted Trees,Matthew Wonder,Ethereal Sleep: Music for Deep Sleep and Dream-Filled Slumber,2020-10-01,6Jas1HxKGwQyIvbRip0y77,https://open.spotify.com/track/6Jas1HxKGwQyIvbRip0y77,ethereal mystical enchanting
Enchanting Landscape,Celtic Spirituality,"Fairy Forest Medley: Calming Celtic Lullabies for Sleeping and Pure Relaxation, Instrumental Celtic and Irish Music with Nature Sounds",2021-11-16,7w0neow4gMFsN19w2BIR0a,https://open.spotify.com/track/7w0neow4gMFsN19w2BIR0a,ethereal mystical enchanting
Celestial Enchantment,Ethereal Drifters,Calm Nebula: Serenades for Deep Dreaming,2023-11-16,4a8e6tPSshDkvkL72QiXte,https://open.spotify.com/track/4a8e6tPSshDkvkL72QiXte,ethereal mystical enchanting
"Enchanted Lands, Vol. III",The Guild of Ambience,"Enchanted Lands, Vol. III",2023-04-12,3j7oDdoLkzadDjvukuKmz9,https://open.spotify.com/track/3j7oDdoLkzadDjvukuKmz9,ethereal mystical enchanting
Forest Magic,Aurelia Mist,Enchantment's Ethereal Flight,2021-07-04,4LOSDthOa0DCkuRh9tspVu,https://open.spotify.com/track/4LOSDthOa0DCkuRh9tspVu,ethereal mystical enchanting
Enchanted Forest Reverie,Nature Sounds for Sleep and Relaxation,Dreamy Forest Music,2024-04-25,7FaSo5w7kPfBtBYCnZc03v,https://open.spotify.com/track/7FaSo5w7kPfBtBYCnZc03v,ethereal mystical enchanting
Enchanted Forest,Natural Healing Music Zone,432 Hz Nature Soundscape: Calm Oasis of Enchanted Nature Melodies,2023-05-26,76BcjVMyeANqLVDmpBr8kJ,https://open.spotify.com/track/76BcjVMyeANqLVDmpBr8kJ,ethereal mystical enchanting
Ethereal,Nature Sounds by Lullify,Fragments,2022-02-03,5UBiAcVhHzIE6m2biKaUuh,https://open.spotify.com/track/5UBiAcVhHzIE6m2biKaUuh,ethereal mystical enchanting
Warm Enchanted Embers,Nature Girl,Secrets of the Ancient Forest (Meditations in the Natural World),2019-06-03,3Cgwy8yIyG4fmfTyYlQgCb,https://open.spotify.com/track/3Cgwy8yIyG4fmfTyYlQgCb,ethereal mystical enchanting
Mystical Forest,Lovely Nature Music Zone,"Beautiful Sounds of Nature: Forest, Ocean, Wind, Rain",2020-02-19,5Xc9mUDgEQl93JAerT9mdU,https://open.spotify.com/track/5Xc9mUDgEQl93JAerT9mdU,ethereal mystical enchanting
Ethereal Enchantment,Aqua Scholar,Enchanted Lullabies,2023-07-07,29v4mdzPo3pJSNBk2sJhVU,https://open.spotify.com/track/29v4mdzPo3pJSNBk2sJhVU,ethereal mystical enchanting
Nature's Enchantment,Marina Raye,Nature's Enchantment,2004-01-01,6Bo4gy2KwFE77ekOW1DqyN,https://open.spotify.com/track/6Bo4gy2KwFE77ekOW1DqyN,ethereal mystical enchanting
Calmness Ethereal Fantasy,Weightless,Healing Forest Ambience,2024-09-30,76QIVW2BuIqBS0q8HZUs0a,https://open.spotify.com/track/76QIVW2BuIqBS0q8HZUs0a,ethereal mystical enchanting
Fairytale Dreamscape,Snowing White,Soothing Enchantment,2025-10-28,6UGdFem32KbfbxsKKuXsHH,https://open.spotify.com/track/6UGdFem32KbfbxsKKuXsHH,ethereal mystical enchanting
Mystery,Spiritloom,Echoes of a Dreamer's Lament,2017-04-09,2Fhw0xho2tATWIJGnqTRKJ,https://open.spotify.com/track/2Fhw0xho2tATWIJGnqTRKJ,ethereal mystical enchanting
Fairy Magic,Fantasy Harp,Melodic Echos,2023-10-11,28EtTbs0UvVIHEiHSFsRjV,https://open.spotify.com/track/28EtTbs0UvVIHEiHSFsRjV,ethereal mystical enchanting
The Enchanter's Dance,Mo Coulson,The Enchanted Forest,2017-10-23,1pEf29wL5LDyw2EyAIgiRn,https://open.spotify.com/track/1pEf29wL5LDyw2EyAIgiRn,ethereal mystical enchanting
Enchanted Dream,Christophe Maro,Sleep Soundly,2008,3EEg5i60UEJj13GARwlHkL,https://open.spotify.com/track/3EEg5i60UEJj13GARwlHkL,ethereal mystical enchanting
Emotional Mystic Flute,Calm Music Masters,"Enchanted Lands - Mystical Fantasy Music for Spa & Massage, Relaxing, Gentle, Slow, Really Soothing Sounds",2017-12-06,147PCVo36YijYkU8KXv2vd,https://open.spotify.com/track/147PCVo36YijYkU8KXv2vd,ethereal mystical enchanting
Ambience Fantasy Music,Ambience Fantasy,Fantasy Lullaby Music: 22 Enchanted Majestic Orchestral Tracks,2022-07-08,4c6b7HslhwMZTOS2r7UY9c,https://open.spotify.com/track/4c6b7HslhwMZTOS2r7UY9c,ethereal mystical enchanting
Enchantment Within,Mattea Williams,Enchantment Within,2022-01-29,7pqODQDNIOqRkZosVQH5ry,https://open.spotify.com/track/7pqODQDNIOqRkZosVQH5ry,ethereal mystical enchanting
Mystical Instrumental Guitar,Instrumental,"Instrumental Music: Calm Music for Relaxation, Yoga Music, Spa Music, Meditation Music, Sleeping Music, Massage Music, Studying Music and Relaxing Guitar Music for Sleep",2017-04-27,0T4PosR8ns7lAod71sInvH,https://open.spotify.com/track/0T4PosR8ns7lAod71sInvH,ethereal mystical enchanting
Enchanting Celtic Meditation Music - Hypnotically Charming 432hz Frequency,Nature Sound Retreat,Enchanted Celtic Forest,2022-03-11,6FZisvfDcdjRSpj0ncVHQL,https://open.spotify.com/track/6FZisvfDcdjRSpj0ncVHQL,ethereal mystical enchanting
"Mysticism, Relaxation Music Instrumental, Pt. 2",Farino,Mystical Music and Sounds Instrumental (Mysticism - Relaxation Music),2014-07-07,0Co3BATDB8JDzsKLClP3F4,https://open.spotify.com/track/0Co3BATDB8JDzsKLClP3F4,ethereal mystical enchanting
Mystic Moon,Ethereal in E,Coeur Dreams,2017-11-01,2JqSTkERvR6xESF9k6wd4f,https://open.spotify.com/track/2JqSTkERvR6xESF9k6wd4f,ethereal mystical enchanting
The Mystery of the Enchanted Garden,The Vault of Ambience,The Mystery of the Enchanted Garden,2023-02-08,3QEPGr6AmNXQGwGZNEINrE,https://open.spotify.com/track/3QEPGr6AmNXQGwGZNEINrE,ethereal mystical enchanting
Ethereal Forest Music,White Noise Atmospheres,Deep Sleep Water Stream,2020-12-07,4wWQQO2GRXGdVql3dJnL4C,https://open.spotify.com/track/4wWQQO2GRXGdVql3dJnL4C,ethereal mystical enchanting
Ethereal Forest Whispers,Nature Sounds for Sleep and Relaxation,Dreamy Forest Music,2024-04-25,1gAxZg2L1XF1lJNVBaCATS,https://open.spotify.com/track/1gAxZg2L1XF1lJNVBaCATS,ethereal mystical enchanting
In the Enchanted Forest,Musika Magika,Dulcamara's Tales of Love and Enchantment,2015-02-08,5fL6xLXqLk2pA3Fn39BvKG,https://open.spotify.com/track/5fL6xLXqLk2pA3Fn39BvKG,ethereal mystical enchanting
Mystic Rose (feat. Dulcamara),Musika Magika,Dulcamara's Return to Faery Land,2015-05-12,7aRBrbtkyVvRyCen8TFY2l,https://open.spotify.com/track/7aRBrbtkyVvRyCen8TFY2l,ethereal mystical enchanting
Calmness Ethereal Fantasy (Without Piano),Weightless,Healing Forest Ambience,2024-09-30,5xit4iDvouLo923Ts1JKM9,https://open.spotify.com/track/5xit4iDvouLo923Ts1JKM9,ethereal mystical enchanting
Enchanted Lake,Derek Fiechter,Faery Harp,2019-09-05,0OnZ0RfjBtMa6S881cNk6y,https://open.spotify.com/track/0OnZ0RfjBtMa6S881cNk6y,ethereal mystical enchanting
Enchanted Forest,Sol Rising,The Lofi Sessions,2022-01-07,08HVshWQxZTXK8WKg98Q0q,https://open.spotify.com/track/08HVshWQxZTXK8WKg98Q0q,ethereal mystical enchanting
Enchanting Creatures,Eynhallow,Forest Dreams,2022-12-30,68qv4YqnEd8GFJXrAdUbKM,https://open.spotify.com/track/68qv4YqnEd8GFJXrAdUbKM,ethereal mystical enchanting
Ethereal Winds,Meydän,Ambient Works II,2021-02-18,1uqbdId071ZBlUEBhw4bkm,https://open.spotify.com/track/1uqbdId071ZBlUEBhw4bkm,ethereal mystical enchanting
Mystic Orchestra,Moods,Moods,2011-04-01,2D2CnIXTrmClLFW89E6zvy,https://open.spotify.com/track/2D2CnIXTrmClLFW89E6zvy,ethereal mystical enchanting
Ethereal Rainscape,Seismic Dolphin,Immersive Rainscapes,2023-12-05,4r7UM0Bzi1bVMzdRvSxbz2,https://open.spotify.com/track/4r7UM0Bzi1bVMzdRvSxbz2,ethereal mystical enchanting
Mystic Meditation,Ambience Fantasy,Fantasy Lullaby Music: 22 Enchanted Majestic Orchestral Tracks,2022-07-08,5vDdioinNQNlO1I9tuWpzr,https://open.spotify.com/track/5vDdioinNQNlO1I9tuWpzr,ethereal mystical enchanting
Enchanted Dreamscape,Ambia Music,Serenity Slumbers: A Journey to Dreamland,2023-10-06,7n8Oa3xaBbemsCbiZdV3eV,https://open.spotify.com/track/7n8Oa3xaBbemsCbiZdV3eV,ethereal mystical enchanting
Enchanted Majestic Orchestral Lullaby,Ambience Fantasy,Fantasy Lullaby Music: 22 Enchanted Majestic Orchestral Tracks,2022-07-08,2GyCFz9uRMBJ8EEttdtrCH,https://open.spotify.com/track/2GyCFz9uRMBJ8EEttdtrCH,ethereal mystical enchanting
Mystical Cave,Jerry Marchand,Enchanted Forest,1998-01-01,6RnxBjxdA3vjkHkAQPH84n,https://open.spotify.com/track/6RnxBjxdA3vjkHkAQPH84n,ethereal mystical enchanting
Enchanted,Ryan Farish,Beautiful (Deluxe Version),2004,2oaf01AmBIbMDLq08X4xQ2,https://open.spotify.com/track/2oaf01AmBIbMDLq08X4xQ2,ethereal mystical enchanting
Enchanting Beauty,Logan Epic Canto,Magic everywhere,2015-07-16,75EuvIQYZw04GDaErHktoZ,https://open.spotify.com/track/75EuvIQYZw04GDaErHktoZ,ethereal mystical enchanting
Mystical Magical - Instrumental,Piano Dreamers,Top 20 Hits July 2025 (Instrumental),2025-07-25,1NGRo6oniOldDMODX0DMm7,https://open.spotify.com/track/1NGRo6oniOldDMODX0DMm7,ethereal mystical enchanting
Enchanted Sleep,Stephen Rhodes,Music for Healing,1994-01-01,5057bzJhUsyJlx4VI7k1q7,https://open.spotify.com/track/5057bzJhUsyJlx4VI7k1q7,ethereal mystical enchanting
Mystic Environment,Meditation Music Zone,Bilateral Stimulation: EMDR Music Therapy,2020-10-06,28liZoErnAlWS66JhL3ZM2,https://open.spotify.com/track/28liZoErnAlWS66JhL3ZM2,ethereal mystical enchanting
Celtic Harp (Enchanted),Georum,Celtic Harp (Enchanted),2021-08-07,47mhSP9LNUTyGqcZVS8VAW,https://open.spotify.com/track/47mhSP9LNUTyGqcZVS8VAW,ethereal mystical enchanting
Celtic Fairy Ambience and Magical Harp Relaxing Sounds for Sleep,Cozy Atmospheres,Celtic Fairy Ambience and Magical Harp Relaxing Sounds for Sleep,2020-10-15,4k9s3GCgSbwJv3cvp578WO,https://open.spotify.com/track/4k9s3GCgSbwJv3cvp578WO,ethereal mystical enchanting
Enchanted Realms,Crystal Aura,Waves and Whispers,2023-12-13,05X7F7BtnbOUjf5iiM2T8P,https://open.spotify.com/track/05X7F7BtnbOUjf5iiM2T8P,ethereal mystical enchanting
"Mysticism, Relaxation Music Instrumental, Pt. 1",Farino,Mystical Music and Sounds Instrumental (Mysticism - Relaxation Music),2014-07-07,0NISx9Eq6a72UGTMxkTEY9,https://open.spotify.com/track/0NISx9Eq6a72UGTMxkTEY9,ethereal mystical enchanting
Calmness Ethereal Fantasy (Without Voice),Weightless,Healing Forest Ambience,2024-09-30,220MZEi1UlSwBegqLwQaWh,https://open.spotify.com/track/220MZEi1UlSwBegqLwQaWh,ethereal mystical enchanting
Enchanted Forest,Ptr.,Enchanted Forest,2016-09-03,6oYSYR4XWdopIP9p4Tw5QW,https://open.spotify.com/track/6oYSYR4XWdopIP9p4Tw5QW,ethereal mystical enchanting
The Enchanted Grove,Celtic Whispers World,Mystical Harp,2024-08-31,2kppzkmIV1X6WPJq7SOLFN,https://open.spotify.com/track/2kppzkmIV1X6WPJq7SOLFN,ethereal mystical enchanting
Sleep - Mystic Zen Sanctuary - ambient sleep therapy,Ambient Music Therapy,Sleep: Ambient Sleep Therapy 2,2006-01-01,16WhIvWGMc9PigwV6NAMcN,https://open.spotify.com/track/16WhIvWGMc9PigwV6NAMcN,ethereal mystical enchanting
Ethereal,Aquasonic,Ethereal,2017-07-26,5aLNbjdaT7ttcvpqHjgiuB,https://open.spotify.com/track/5aLNbjdaT7ttcvpqHjgiuB,ethereal mystical enchanting
Enchanted Forest,Pivot Sky,Enchanted Forest,2020-07-22,4KJUGMXELqWdrqiaPuI9Kx,https://open.spotify.com/track/4KJUGMXELqWdrqiaPuI9Kx,ethereal mystical enchanting
Forest River Ambience enchanted,Lewis Fawbush,Rainforest Sounds,2020-02-19,2rvMFzrwrRYr1Je7GxJe2U,https://open.spotify.com/track/2rvMFzrwrRYr1Je7GxJe2U,ethereal mystical enchanting
Night In The Enchanted Forest,Sound Energy Alchemist,Celestial SleepWave Light Language,2022-04-24,0xaAWBmGkMC1kweT1HVYxz,https://open.spotify.com/track/0xaAWBmGkMC1kweT1HVYxz,ethereal mystical enchanting
"Mystical Music and Sounds Instrumental, Pt. 3",Farino,Mystical Music and Sounds Instrumental (Mysticism - Relaxation Music),2014-07-07,4xkfYo8eVGcdFQ24v3Q1QM,https://open.spotify.com/track/4xkfYo8eVGcdFQ24v3Q1QM,ethereal mystical enchanting
Enchanted Garden,Gandalf,Frame by Frame,2014-04-01,3pUEg26pdEoPWJSMDwkkIz,https://open.spotify.com/track/3pUEg26pdEoPWJSMDwkkIz,ethereal mystical enchanting
Ethereal,Ambient Space,Sleep,2021-05-07,5AmbfgAzhHzcwBvqoQSaFb,https://open.spotify.com/track/5AmbfgAzhHzcwBvqoQSaFb,ethereal mystical enchanting
Enchanted Forest Path,The Soul of Wind,Ancient City in Forest,2024-09-19,6wXMewwZxNIofeh0TscZ1O,https://open.spotify.com/track/6wXMewwZxNIofeh0TscZ1O,ethereal mystical enchanting
Enchanted Forest,Christophe Héral,Rayman Legends (Original Game Soundtrack),2013-08-29,4xRMQCGc0X2uMcjsntJBOz,https://open.spotify.com/track/4xRMQCGc0X2uMcjsntJBOz,ethereal mystical enchanting
Mystical Flute Sounds,Spa Music Relaxation,"Deep Flute Meditation: Restful Sleep, Deep Focus Ambient Music, Mystical Spa & Sleep",2021-11-08,46cVuDCbDURmFZlVmELBJH,https://open.spotify.com/track/46cVuDCbDURmFZlVmELBJH,ethereal mystical enchanting
Fairy Forest Magical,Weightless,Healing Forest Ambience,2024-09-30,24QpZRdz6SBbiyIR7shH2w,https://open.spotify.com/track/24QpZRdz6SBbiyIR7shH2w,ethereal mystical enchanting
Inner Galactic Awakening,David Kates,"Elysian Fields: Ethereal Music for Meditation, Spa and Rest",2019-08-12,3n7QH3BSQySsgK0uLujjX6,https://open.spotify.com/track/3n7QH3BSQySsgK0uLujjX6,ethereal mystical enchanting
Mystical Experience,"Kundalini: Yoga, Meditation, Relaxation",Yoga Music - Relaxing Guitar Music for Yoga Spa Meditation Relaxation and Music for Massage and Sleeping Music,2017-02-03,24YrpxONcF6t63mHJOd1GX,https://open.spotify.com/track/24YrpxONcF6t63mHJOd1GX,ethereal mystical enchanting
Enchanted Dream,Piano Pianissimo,"Sleeping Music: Natural Rain Sounds with Calm Piano for Deep Sleep, Vol. 2",2019-02-09,1J2ZdX5i7uNNi4C2jFI0sc,https://open.spotify.com/track/1J2ZdX5i7uNNi4C2jFI0sc,ethereal mystical enchanting
Magical Oceans - Ambient Version,Aura of Eternity,Whispers of Serenity,2024-12-26,7xgNbUeYhy6hddPDV09EF7,https://open.spotify.com/track/7xgNbUeYhy6hddPDV09EF7,ethereal mystical enchanting
Ethereal Dreams,EnviroAmbient,"Sleep Now, Pt.1",2023-04-01,2MZD1MTObbKkESorI5YIPD,https://open.spotify.com/track/2MZD1MTObbKkESorI5YIPD,ethereal mystical enchanting
Enchanted Woodland,Luna's Garden,Healing Nature Sounds (528hz Natural Sounds),2023-04-25,0wfttDKJNQWaQ3I7njMJmk,https://open.spotify.com/track/0wfttDKJNQWaQ3I7njMJmk,ethereal mystical enchanting
Nature's Secrets,Spiritloom,Enchanted Haze,2017-01-10,1v8P9QLPDwU2YgVwzDoXIX,https://open.spotify.com/track/1v8P9QLPDwU2YgVwzDoXIX,ethereal mystical enchanting
Mystical Forest,Project Blue Sun,"The Sunset Anthology, Pt. 1",2022-07-01,1WtZYOOnl7ZdfoDWrJghVw,https://open.spotify.com/track/1WtZYOOnl7ZdfoDWrJghVw,ethereal mystical enchanting
Enchanter,The Polish Ambassador,Land of the Lush,2018-12-04,5mBntgRikC796ZZmmypfSE,https://open.spotify.com/track/5mBntgRikC796ZZmmypfSE,ethereal mystical enchanting
Mystic Winds Of Avalon,Celtic Whispers World,Mystical Harp,2024-08-31,1X37lBLEcSYMveCQSart8v,https://open.spotify.com/track/1X37lBLEcSYMveCQSart8v,ethereal mystical enchanting
Mystical Ambience,Asian Zen: Spa Music Meditation,"Spa Music: Relaxing and Soothing Instrumental Music With Nature Sounds of Birds for Massage Therapy, Yoga, Meditation, Deep Sleep and Asian Zen Bird Sounds and Oriental Music for Spa",2017-02-23,1auymeC50ZAoEbSZPGz474,https://open.spotify.com/track/1auymeC50ZAoEbSZPGz474,ethereal mystical enchanting
"Beautiful Music Box, Deep Sleep",Calm Music Masters,"Enchanted Lands - Mystical Fantasy Music for Spa & Massage, Relaxing, Gentle, Slow, Really Soothing Sounds",2017-12-06,1UM6zLQ2ToP0JOz5pqa7BN,https://open.spotify.com/track/1UM6zLQ2ToP0JOz5pqa7BN,ethereal mystical enchanting
Ethereal,Wezi Mkandawire,Restored,2020-12-04,3IaIHWEldfCE7diT2NJME3,https://open.spotify.com/track/3IaIHWEldfCE7diT2NJME3,ethereal mystical enchanting
Enchanted World,Sound Adventures,Awakening,2017-11-24,6pzby0FJevGFBfIN941kjn,https://open.spotify.com/track/6pzby0FJevGFBfIN941kjn,ethereal mystical enchanting
Druid Forest,Ambient Realms,"Massive Ambient Music, Vol.3",2016-01-14,0jDJix6qwCRyPLiybcCd8K,https://open.spotify.com/track/0jDJix6qwCRyPLiybcCd8K,ethereal mystical enchanting
Mystical Meditation,Asian Zen: Spa Music Meditation,"Spa Music: Soothing and Relaxing Instrumental Music for Massage Therapy, Yoga Meditation, Deep Sleep and Oriental Spa Music",2017-02-03,3wIvnaMwCgtRUNoxu8R54c,https://open.spotify.com/track/3wIvnaMwCgtRUNoxu8R54c,ethereal mystical enchanting
Enchanting Choir,Frederic Sans,Fairy Tales,2017-06-28,7A6dapSbLkvkMAIqEYMttj,https://open.spotify.com/track/7A6dapSbLkvkMAIqEYMttj,ethereal mystical enchanting
Calming Mystical Forest Night,Mystical Forest Sounds,Mystical Forest Sounds,2022-02-24,1679LG3fRqVsVTF03hUX3F,https://open.spotify.com/track/1679LG3fRqVsVTF03hUX3F,ethereal mystical enchanting
Ethereal Sleep,Forest Tapestry,Baby Lullaby,2024-10-18,5d75UcXDH8QanT6RuCrn7C,https://open.spotify.com/track/5d75UcXDH8QanT6RuCrn7C,ethereal mystical enchanting
Mysterious Forest Sounds | Fantasy Nature Ambience,The Guild of Ambience,Mysterious Forest Sounds | Fantasy Nature Ambience,2021-06-23,6VbGT6OMjgyK75Vh6dKeOd,https://open.spotify.com/track/6VbGT6OMjgyK75Vh6dKeOd,ethereal mystical enchanting
Magical Dreams,Native American Music Consort,"Shamanic Ambient (Relaxing Native American Flute, Shamnic Drums & Nature Sounds for Relaxation, Deep Sleep, Shamnic Dreams, Traditional Indian Meditation)",2018-02-07,0rtUjXlVhu2WSsupvYqPoR,https://open.spotify.com/track/0rtUjXlVhu2WSsupvYqPoR,ethereal mystical enchanting
Mystical River,George Woode,Soft Awakening Ambience,2016-08-18,5ozL8VWOibaJW1xRyhEVQC,https://open.spotify.com/track/5ozL8VWOibaJW1xRyhEVQC,ethereal mystical enchanting
Fairy Forest Magical (Without Piano),Weightless,Healing Forest Ambience,2024-09-30,3yqJNVPh90GjKVfplf6mjr,https://open.spotify.com/track/3yqJNVPh90GjKVfplf6mjr,ethereal mystical enchanting
"Enchanted Slumber Serenading Sleep, Pt. 1",Sleep Fruits Music,Deep Sleep Music for Sleeping: Healing You with Relaxing and Calming Sleep Music to Sleep Deeply,2023-10-09,2DSCraTjgIroPqDpl7xThd,https://open.spotify.com/track/2DSCraTjgIroPqDpl7xThd,ethereal mystical enchanting
Enchanted Forest,Logan Epic Canto,The Kingdom of Fantasy,2016-12-21,42se6lrA6H8JnfA4MsJNOv,https://open.spotify.com/track/42se6lrA6H8JnfA4MsJNOv,ethereal mystical enchanting
Ethereal Dreamscape,Paul Sills,Walking Across Heaven,2013-05-01,634e90vywV9t4spFHG6P83,https://open.spotify.com/track/634e90vywV9t4spFHG6P83,ethereal mystical enchanting
Enchanted Land,Tim Janis,Autumn in Tuscany,2022-09-16,1AF58qeH56b5HMKjL9hhjS,https://open.spotify.com/track/1AF58qeH56b5HMKjL9hhjS,ethereal mystical enchanting
Enchanted Forest Pursuit,Christophe Héral,Rayman Legends (Original Game Soundtrack),2013-08-29,3geSkTnmB7Z0721xThaIEh,https://open.spotify.com/track/3geSkTnmB7Z0721xThaIEh,ethereal mystical enchanting
Magic Forest Ambience,Piano Peace,Piano of the Forest,2021-05-25,3Bd8TL0FMKaWYuX1qmglUF,https://open.spotify.com/track/3Bd8TL0FMKaWYuX1qmglUF,ethereal mystical enchanting
Ethereal Enchantment,Massage Music Experience,"Massage Music: Calm Music for Massage Therapy, Healing, Wellness and Spa Music",2018-03-15,70suBub2yLtetdNIL29J7a,https://open.spotify.com/track/70suBub2yLtetdNIL29J7a,ethereal mystical enchanting
Mystic Sleepscape,Ethereal Drifters,Lunar Lullabies: Peaceful Sleep Meditation,2023-10-16,1Xw7ovaAKCLZHcngMiRMeE,https://open.spotify.com/track/1Xw7ovaAKCLZHcngMiRMeE,ethereal mystical enchanting
Enchanted Forest Ambiance - Celtic Harp Music & Calming Nature Sounds (Loopable),Nature Sound Retreat,Celtic Meditation,2021-07-09,2bxPtYlYTKor4hcmIP9F9F,https://open.spotify.com/track/2bxPtYlYTKor4hcmIP9F9F,ethereal mystical enchanting
Enchanted Celtic Mist - Relaxing Celtic Harp Music & Magical Nature Ambiance (Loopable),Nature Sound Retreat,Celtic Meditation,2021-07-09,4NN31lyFQJ0rxu7WNXH7BX,https://open.spotify.com/track/4NN31lyFQJ0rxu7WNXH7BX,ethereal mystical enchanting
Enchanted Moment (New Age Music),Mitchell Solaris,"Relaxation - Ambient Music, Relaxing Sounds of Nature for Soothing Mindfulness Meditation",2014-09-25,5RwR6Gkw7O4LRlaxCNYKAG,https://open.spotify.com/track/5RwR6Gkw7O4LRlaxCNYKAG,ethereal mystical enchanting
Enchantment,Abaco Music Library,Mystery And Magic,2018-08-22,1Qpr0PW0XbPAZczDM5YPIT,https://open.spotify.com/track/1Qpr0PW0XbPAZczDM5YPIT,ethereal mystical enchanting
Healing Calming Energy,Calm Music Masters,"Enchanted Lands - Mystical Fantasy Music for Spa & Massage, Relaxing, Gentle, Slow, Really Soothing Sounds",2017-12-06,0cldPeao9RITpwmxyxv8Bb,https://open.spotify.com/track/0cldPeao9RITpwmxyxv8Bb,ethereal mystical enchanting
Enchanted Evening (Instrumental New Age Relaxation),Lullaby World,"Ultimate Children's Music Collection: Nursery Rhymes & Children's Lullabies for Moms, Babies & Kids",2015-06-01,0mbbTQgGxBP6uUaQh7DazD,https://open.spotify.com/track/0mbbTQgGxBP6uUaQh7DazD,ethereal mystical enchanting
Ethereal Music,Aromatic Sense,Angelic Frequencies 432Hz - Deep Healing Miracle Tones,2018-11-18,6PVF0Cu1DkpbnlOnz5EImP,https://open.spotify.com/track/6PVF0Cu1DkpbnlOnz5EImP,ethereal mystical enchanting
The Whispers of the Fairies (Enchanted Forest Vol.4),The Vault of Ambience,The Whispers of the Fairies (Enchanted Forest Vol.4),2022-09-22,3XGGEsuJOmGXalXMQ6578z,https://open.spotify.com/track/3XGGEsuJOmGXalXMQ6578z,ethereal mystical enchanting
Enchanted Flute Lullaby,Best Sleep Music Academy,"Meditation for Sleep Deeply (50 Soothing & Relaxing Music for Trouble Sleeping, Insomnia, Headache, Nature Sounds for Relaxation, Inner Peace, Serenity)",2017-08-20,6qyyaiB6NCyRDWTjzR8hp3,https://open.spotify.com/track/6qyyaiB6NCyRDWTjzR8hp3,ethereal mystical enchanting
Ethereal Dreams,Dr. Jeffrey Thompson,Ambient Music For Sleep,2001-09-18,16oFawkVX5ym49QxR25801,https://open.spotify.com/track/16oFawkVX5ym49QxR25801,ethereal mystical enchanting
Enchanted Realm,Nox Arcana,Winter's Eve,2009-11-27,5FRe6wLrY61PEJW0CN5qXf,https://open.spotify.com/track/5FRe6wLrY61PEJW0CN5qXf,ethereal mystical enchanting
Enchanted Forest,Jeffree Clarkson,Enchanted Forest,2012-10-01,6ve8xDcuLFqhVjUYCpPPsN,https://open.spotify.com/track/6ve8xDcuLFqhVjUYCpPPsN,ethereal mystical enchanting
Enchanted Flute Melody,Flute Music Ensemble,Enchanted Flute Melodies,2017-11-09,4Vb2KIszXi4vMQypYkqdDw,https://open.spotify.com/track/4Vb2KIszXi4vMQypYkqdDw,ethereal mystical enchanting
Enchanted Dreams,Atmospheric Calm,Atmospheric Calm,2015-10-14,6Ufnns3H3qmQDYoxS0xTCp,https://open.spotify.com/track/6Ufnns3H3qmQDYoxS0xTCp,ethereal mystical enchanting
Relaxing Music Epic Fantasy,Music Body and Spirit,Meditation,2018-01-12,7mnZIhkoge97LjC3QZh5i2,https://open.spotify.com/track/7mnZIhkoge97LjC3QZh5i2,ethereal mystical enchanting
Calmness Ethereal Fantasy (Without Voice and Piano),Weightless,Healing Forest Ambience,2024-09-30,6OcHuCxKzIVb2xu3upw3jG,https://open.spotify.com/track/6OcHuCxKzIVb2xu3upw3jG,ethereal mystical enchanting
Mystic Meadows,Spa Music Playlist,Ambient Massage Music,2024-03-08,5knt6TFLhcIc0glgsm4buu,https://open.spotify.com/track/5knt6TFLhcIc0glgsm4buu,ethereal mystical enchanting
Enchanting Atmosphere,Meditation Music Zone,"Shamanic Sounds Therapy (Native American Flute Music, Tribal Chants, Healing Meditation Journey)",2018-06-15,6CxFrEYPKqM9J3WzAVbvGy,https://open.spotify.com/track/6CxFrEYPKqM9J3WzAVbvGy,ethereal mystical enchanting
Ethereal Journey,Spa Relaxation,Angelic Soundscapes Music Therapy,2020-10-21,0hGzdxxlw1VbqNa262Fo7V,https://open.spotify.com/track/0hGzdxxlw1VbqNa262Fo7V,ethereal mystical enchanting
Mystic Dream,Calm Music Masters,"Enchanted Lands - Mystical Fantasy Music for Spa & Massage, Relaxing, Gentle, Slow, Really Soothing Sounds",2017-12-06,6NIPcGLLNcXkJcNKUvYX5O,https://open.spotify.com/track/6NIPcGLLNcXkJcNKUvYX5O,ethereal mystical enchanting
Enchanted,Mystical Sun,26000,2012-05-30,23MRFPh0azPKaNOV9omm1X,https://open.spotify.com/track/23MRFPh0azPKaNOV9omm1X,ethereal mystical enchanting
Hypnotic Ambient Music,Mystic Background Music Masters,"111 Hypnotic Music for Lucid Dreams: Mindfulness & Self Hypnosis, REM Sleep Music Dream Cycle, Hypnotherapy, Pure Meditation Music Sessions",2016-09-19,2TsR7cJqul3ezT4cOgqfQD,https://open.spotify.com/track/2TsR7cJqul3ezT4cOgqfQD,ethereal mystical enchanting
Enchantment of the Elves,Llewellyn,Faerielore,2006-10-22,7cDSscKZJZGrx76aommhvl,https://open.spotify.com/track/7cDSscKZJZGrx76aommhvl,ethereal mystical enchanting
Feel the Magic in the Air,Calm Music Masters,"Enchanted Lands - Mystical Fantasy Music for Spa & Massage, Relaxing, Gentle, Slow, Really Soothing Sounds",2017-12-06,1zlzqxUdSIirD3iT4gK3Xg,https://open.spotify.com/track/1zlzqxUdSIirD3iT4gK3Xg,ethereal mystical enchanting
Mystical Sleeping Environment,Blue Wave Studio,Midnight Harmony: Peaceful Sleep Music,2020-11-18,0LCThtn3ggWGICDOkxgVjo,https://open.spotify.com/track/0LCThtn3ggWGICDOkxgVjo,ethereal mystical enchanting
Soothing Mystical Sleep Music,Personal Power Sleep Serenity,Soothing Mystical Sleep Music,2022-08-01,2nOYonuoBsa57HfzhUU0re,https://open.spotify.com/track/2nOYonuoBsa57HfzhUU0re,ethereal mystical enchanting
Fairy Forest Magical (Without Voice),Weightless,Healing Forest Ambience,2024-09-30,4Q3jbebkEDKjMctwmy1BT4,https://open.spotify.com/track/4Q3jbebkEDKjMctwmy1BT4,ethereal mystical enchanting
Enchanted Wind,Maevyn Stone,The Forest Whispers,2020-03-26,39ZXjQlZ4Fs12kk5ja8DMQ,https://open.spotify.com/track/39ZXjQlZ4Fs12kk5ja8DMQ,ethereal mystical enchanting
"Meditative, Spherical, Mysterious, Mystical Music, Pt. 3",Farino,"Meditative, Spherical Music, Harmony of the Spheres for Meditation or Relaxation (Mysterious, Mystical Music, Instrumental)",2015-01-27,1CVyso9JUcDpLYRFbquY4d,https://open.spotify.com/track/1CVyso9JUcDpLYRFbquY4d,ethereal mystical enchanting
"Meditative, Spherical, Mysterious, Mystical Music, Pt. 4",Farino,"Meditative, Spherical Music, Harmony of the Spheres for Meditation or Relaxation (Mysterious, Mystical Music, Instrumental)",2015-01-27,4b6bb4x9uHyeOVQYWEfzIh,https://open.spotify.com/track/4b6bb4x9uHyeOVQYWEfzIh,ethereal mystical enchanting
Ethereal Moments,Musical Spa,"Spa Music Collection 2: Relaxing Music for Spa, Massage, Relaxation, New Age and Healing",2012-05-15,4CdrDFspHp76gJB9zS4iv3,https://open.spotify.com/track/4CdrDFspHp76gJB9zS4iv3,ethereal mystical enchanting
Enchantment,Pamela Bruner,Midsummer Meadow,2004-01-01,5mmZ3yQ0wfbVpJMe9Z8oBc,https://open.spotify.com/track/5mmZ3yQ0wfbVpJMe9Z8oBc,ethereal mystical enchanting
Enchanted Yoga,Spa,"Relaxing Music with Rain Sounds for Spa Music, Massage Therapy, Yoga Music, Sleeping Music, Meditation Music, Studying Music and the Best Guitar Music for Sleeping and Nature Sounds Music for Spa",2017-03-28,6Y25NvjCyKN4353OwRX8qs,https://open.spotify.com/track/6Y25NvjCyKN4353OwRX8qs,ethereal mystical enchanting
Ethereal Whispers,Simply Hypnotic,Music for Exploration: Mystical Soundscaping,2023-09-22,0aNMR66IBuHtIK85M6Vsvz,https://open.spotify.com/track/0aNMR66IBuHtIK85M6Vsvz,ethereal mystical enchanting
Peaceful Ambiance,Spiritloom,Museum of Soft Hours,2017-01-10,45GP8SO5rHRt6U8KwrUy4i,https://open.spotify.com/track/45GP8SO5rHRt6U8KwrUy4i,ethereal mystical enchanting
Enchantment,Dan Gibson's Solitudes,Woodland Flute,2013-01-01,4YheWMGaKhaWLFa9FfhQa9,https://open.spotify.com/track/4YheWMGaKhaWLFa9FfhQa9,ethereal mystical enchanting
Mystic Spirits,Nature's Magic,Enchanting Everglades,2015-11-27,4yG9V3hdtKd6yA73bXB5Bb,https://open.spotify.com/track/4yG9V3hdtKd6yA73bXB5Bb,ethereal mystical enchanting
Enchanted Celtic Forest Music,Nature Sound Retreat,Celtic Fantasy Relaxation Music,2022-09-23,0DVAxmRvlR6SM0LIpgo9gJ,https://open.spotify.com/track/0DVAxmRvlR6SM0LIpgo9gJ,ethereal mystical enchanting
Magical Fairy Forest (Shroomland at Night),The Vault of Ambience,Magical Fairy Forest (Shroomland at Night),2022-11-04,5bGLKm6WcYrc1ytqmXvF4L,https://open.spotify.com/track/5bGLKm6WcYrc1ytqmXvF4L,ethereal mystical enchanting
Mystique,Ethereal Moments,Chill Vibes,2021-03-21,7pBtdcUryxDnptMtm8U48c,https://open.spotify.com/track/7pBtdcUryxDnptMtm8U48c,ethereal mystical enchanting
Ethereal Cinematic Ambient,Rafael Krux,The Universe Dreams in Strings,2021-02-01,3pBbfmxEHEOih4q0rfUv0H,https://open.spotify.com/track/3pBbfmxEHEOih4q0rfUv0H,ethereal mystical enchanting
Luxury Wellness Spa,Calm Music Masters,"Enchanted Lands - Mystical Fantasy Music for Spa & Massage, Relaxing, Gentle, Slow, Really Soothing Sounds",2017-12-06,4XHjxDQiJlVWBF0arJaaaa,https://open.spotify.com/track/4XHjxDQiJlVWBF0arJaaaa,ethereal mystical enchanting
Feel the Ethereal Magic,Egyptian Meditation Temple,"Middle Eastern Chillout Sensuality: Slow Arabian Relaxation Ambient, Traditional Oriental India Lounge Atmosphere, Feel the Beautiful Egyptian Moods",2017-08-18,1cNlMJeHIyhGvxlXm3eBkG,https://open.spotify.com/track/1cNlMJeHIyhGvxlXm3eBkG,ethereal mystical enchanting
Fairy Forest Magical (Without Voice and Piano),Weightless,Healing Forest Ambience,2024-09-30,0foXPX1Q5G0a9J7ghZvrkz,https://open.spotify.com/track/0foXPX1Q5G0a9J7ghZvrkz,ethereal mystical enchanting
Relaxation Harp Music,Calm Music Masters,"Enchanted Lands - Mystical Fantasy Music for Spa & Massage, Relaxing, Gentle, Slow, Really Soothing Sounds",2017-12-06,7D62mJCM5imr8JrRVW72YU,https://open.spotify.com/track/7D62mJCM5imr8JrRVW72YU,ethereal mystical enchanting
Enchanting Evening Embrace,The Sleep Magician,Enchanting Evening Embrace,2024-03-21,7po6J4UJaNu3GWhW2VR4P6,https://open.spotify.com/track/7po6J4UJaNu3GWhW2VR4P6,ethereal mystical enchanting
"Meditative, Spherical, Mysterious, Mystical Music, Pt. 1",Farino,"Meditative, Spherical Music, Harmony of the Spheres for Meditation or Relaxation (Mysterious, Mystical Music, Instrumental)",2015-01-27,0usJcynzrgbQfuqJLyKTO3,https://open.spotify.com/track/0usJcynzrgbQfuqJLyKTO3,ethereal mystical enchanting
Enchanted Harmony,Spa Relaxation & Spa,Transcendental Prayer Pieces,2020-06-27,4Go9IBmbdeMdTPje00m5hl,https://open.spotify.com/track/4Go9IBmbdeMdTPje00m5hl,ethereal mystical enchanting
Mystic Gate,Celtic Spirituality,"Fairy Forest Medley: Calming Celtic Lullabies for Sleeping and Pure Relaxation, Instrumental Celtic and Irish Music with Nature Sounds",2021-11-16,7J4PWVpaYk5ORSNjp0p3cO,https://open.spotify.com/track/7J4PWVpaYk5ORSNjp0p3cO,ethereal mystical enchanting
Ethereal,Ambient Skies,Ethereal,2024-08-09,5L7PeJwj6RpgH965dkx7Wz,https://open.spotify.com/track/5L7PeJwj6RpgH965dkx7Wz,ethereal mystical enchanting
Enchanted Kingdom,The Vault of Ambience,Enchanted Chronicles,2023-09-10,2W3ZIEPjiOCR8THCLkp4y3,https://open.spotify.com/track/2W3ZIEPjiOCR8THCLkp4y3,ethereal mystical enchanting
Enchanted Whispers,Nature,Forest Sounds: Wandering Through Whispering Pines,2023-05-27,2fcSQVgultoqSVaOguZykR,https://open.spotify.com/track/2fcSQVgultoqSVaOguZykR,ethereal mystical enchanting
Enchanting Sky,Peaceful Piano Keys,Dreamy Piano,2022-07-14,1Xbz2EIQvBIBS4jpeKMKQ5,https://open.spotify.com/track/1Xbz2EIQvBIBS4jpeKMKQ5,ethereal mystical enchanting
Enchanted Lands,Per-Anders Nilsson,Heroic Fantasy - Nordic and Celtic Adventures,2019-10-09,1bKLB7IC7Z4c6kCtLAxcus,https://open.spotify.com/track/1bKLB7IC7Z4c6kCtLAxcus,ethereal mystical enchanting
Enchanting Nordic Women's Chants and Shamanic Drums (Viking Music for Soul Healing and Meditation),Rhythms of the World,Enchanting Nordic Women's Chants and Shamanic Drums (Viking Music for Soul Healing and Meditation),2023-12-03,6cRbLCTKXuUXVBdNUFgROG,https://open.spotify.com/track/6cRbLCTKXuUXVBdNUFgROG,ethereal mystical enchanting
Enchanted Forest,Bella Element,Instrumental Electronic Music,2020-09-06,7EZmXxaJe88pkSbMsBxUeg,https://open.spotify.com/track/7EZmXxaJe88pkSbMsBxUeg,ethereal mystical enchanting
Into an Enchanting Forest,Fantasies Lullaby Music Paradise,"Dreams of Emerald Island - Magical, Beautiful & Relaxing Celtic Music",2018-04-11,0cAIPzAkkdJjHdnxaXbfRt,https://open.spotify.com/track/0cAIPzAkkdJjHdnxaXbfRt,ethereal mystical enchanting
Mystical Forest Ambience,Mystical Forest Sounds,Mystical Forest Sounds,2022-02-24,1s6EKJ8AmigWh2Xaq8ecVU,https://open.spotify.com/track/1s6EKJ8AmigWh2Xaq8ecVU,ethereal mystical enchanting
Dark Magical Forest,Ambient Realms,"Massive Ambient Music, Vol. 8",2021-04-02,2lSFC0mxEe6bgDYXf2ajPR,https://open.spotify.com/track/2lSFC0mxEe6bgDYXf2ajPR,ethereal mystical enchanting
Mystical Nature,Flute Music Group,Meditative Ethnic Flutes: Spiritual Background Music for Subconscious Mind Meditation,2022-10-28,36ye3b5Z6uBPIl3wRy7b6l,https://open.spotify.com/track/36ye3b5Z6uBPIl3wRy7b6l,ethereal mystical enchanting
Call of the Enchantress,Rob Scales,Call of the Enchantress,2021-03-02,1wnUPZ86Rlen3rHVhcaVSL,https://open.spotify.com/track/1wnUPZ86Rlen3rHVhcaVSL,ethereal mystical enchanting
Heavenly Sounds,Ambience Fantasy,Fantasy Lullaby Music: 22 Enchanted Majestic Orchestral Tracks,2022-07-08,3UZdVVcb5EG2QP5G30iUGj,https://open.spotify.com/track/3UZdVVcb5EG2QP5G30iUGj,ethereal mystical enchanting
Enchanted Forest,Serenity Soundscape,Ethereal Journeys,2023-06-16,7d8H68UTduBSN5qyEcAZwA,https://open.spotify.com/track/7d8H68UTduBSN5qyEcAZwA,ethereal mystical enchanting
Enchanted Forest,Hollywood Film Music Orchestra,"Magic, Wizardry & Imagination: Fantasy Adventure Themes",2016-02-29,4quCksOTKviULJs8ZG7LSY,https://open.spotify.com/track/4quCksOTKviULJs8ZG7LSY,ethereal mystical enchanting
Enchanted Forest River,Nature Dreamscapes,Enchanted Forest River,2022-12-06,4h8tSs9HCCPv01f6Kd29zZ,https://open.spotify.com/track/4h8tSs9HCCPv01f6Kd29zZ,ethereal mystical enchanting
Enchanted,Vindsvept,Enchanted,2022-12-25,7vzH5c9r16IPgt2odPgK8I,https://open.spotify.com/track/7vzH5c9r16IPgt2odPgK8I,ethereal mystical enchanting
Enchanted Sleep - Sleep,Spiritual Embrace,Enchanted Sleep,2025-01-29,5sRDBKlkaFRqAb3GiaH7vQ,https://open.spotify.com/track/5sRDBKlkaFRqAb3GiaH7vQ,ethereal mystical enchanting
Mystical Vision,Best Relaxing Spa Sounds,Essential Relaxing Spa Sounds,2015-10-14,0QvNAdb8Q3JDCxAcz5q1GG,https://open.spotify.com/track/0QvNAdb8Q3JDCxAcz5q1GG,ethereal mystical enchanting
Enchanted Meadow,Kenny Woid,Fairy Music,2021-09-24,1U4y7SjhbpLPeIgN5lQQhg,https://open.spotify.com/track/1U4y7SjhbpLPeIgN5lQQhg,ethereal mystical enchanting
Mystic Sleep,Native American Music Consort,Shamanic Wolf Ecstasy: Tribal Music with Deep Healing of Spirit for Transcendental Contemplation and Meditation,2022-05-17,3qlipgkZLHQIF3bgn81acv,https://open.spotify.com/track/3qlipgkZLHQIF3bgn81acv,ethereal mystical enchanting
Mystical Forest - Nature Sounds Version,Flute Music Meditation DEA Channel,Relaxing Indian Flute Meditation: Flute Spa Music with Nature Sounds,2021-11-23,4qTu2smVs8kPj16OjEdD2Q,https://open.spotify.com/track/4qTu2smVs8kPj16OjEdD2Q,ethereal mystical enchanting
Enchanted Evening (Rain & Sleep),Zavanna Cade,Rain Sleepscapes,2024-04-12,76D0VzIFOY8OXuI6ProQM9,https://open.spotify.com/track/76D0VzIFOY8OXuI6ProQM9,ethereal mystical enchanting
The Enchanted Forest,Angels Of Venice,"Music for Harp, Flute and Cello",1994-01-01,1CBXOv3guUnnLBhUndQmc0,https://open.spotify.com/track/1CBXOv3guUnnLBhUndQmc0,ethereal mystical enchanting
Path of Light,Ethereal Isolation,Pilates Instrumental Music,2020-02-23,2ln1Z6e1OWCRXihqoxiWgn,https://open.spotify.com/track/2ln1Z6e1OWCRXihqoxiWgn,ethereal mystical enchanting
The Mystical Healing Power of Meditation,Restful Sleep Music Consort,"The Mystical Healing Power of Meditation – Instrumental Soothing Music for Deep Sleep, Peaceful Relaxation, Yoga Nidra",2017-09-13,4ScBEY32ESzduUxkKOW2Jx,https://open.spotify.com/track/4ScBEY32ESzduUxkKOW2Jx,ethereal mystical enchanting
"Mysterious, Mystical Music, Instrumental, Pt. 1",Farino,"Meditative, Spherical Music, Harmony of the Spheres for Meditation or Relaxation (Mysterious, Mystical Music, Instrumental)",2015-01-27,2NvVQONLamXpzXAAPoOLdj,https://open.spotify.com/track/2NvVQONLamXpzXAAPoOLdj,ethereal mystical enchanting
"Deep Rest, Calm Atmosphere",Calm Music Masters,"Enchanted Lands - Mystical Fantasy Music for Spa & Massage, Relaxing, Gentle, Slow, Really Soothing Sounds",2017-12-06,4oC0hOoK7sB43Hccqu2R3X,https://open.spotify.com/track/4oC0hOoK7sB43Hccqu2R3X,ethereal mystical enchanting
Enchanted Soul of the Wolf,Celtic Chillout Relaxation Academy,Elven Meditation - Spiritual & Relaxing Music of Celtic Sanctuary,2019-02-04,6TuO210xgN3FKQuzEyeZ74,https://open.spotify.com/track/6TuO210xgN3FKQuzEyeZ74,ethereal mystical enchanting
Perfect Paradise,Calm Music Masters,"Enchanted Lands - Mystical Fantasy Music for Spa & Massage, Relaxing, Gentle, Slow, Really Soothing Sounds",2017-12-06,2dFhZVE1lVDQ1anle7bm2R,https://open.spotify.com/track/2dFhZVE1lVDQ1anle7bm2R,ethereal mystical enchanting
Enchanted Forest,Tranquility: Music United With Nature,Time Reflection,2012-08-30,4xo0o0tQBT3XIqbSUWHPk9,https://open.spotify.com/track/4xo0o0tQBT3XIqbSUWHPk9,ethereal mystical enchanting
Etheral Ambience,Happy Spa Music,Enchanted Sleepscape Meditative Tunes for Nighttime Bliss,2024-08-07,682UuM5szi3uBuJHiPhR1l,https://open.spotify.com/track/682UuM5szi3uBuJHiPhR1l,ethereal mystical enchanting
Enchantment,Carol J. Spears,Crystal Harp:Divinely Inspired Music of Harp and Crystal Bowls,2004-06-02,0QmDHbLm3n7vf03IXmg4lS,https://open.spotify.com/track/0QmDHbLm3n7vf03IXmg4lS,ethereal mystical enchanting
Magical Moments,Aurelia Mist,Enchantment's Ethereal Flight,2021-07-04,0wrRD2TwrVjMNy15VzHq1r,https://open.spotify.com/track/0wrRD2TwrVjMNy15VzHq1r,ethereal mystical enchanting
Enchanted Piano,Spa Music Hour,1 Hour of Peaceful Ambience for Spa,2020-07-10,7ETlhqBEwcqJpoPqvxQIEQ,https://open.spotify.com/track/7ETlhqBEwcqJpoPqvxQIEQ,ethereal mystical enchanting
The Enchanted Forest,Celtic Harp,Celtic Harp Music,2024-11-15,25x9t64DrmAxxUCMWDcveb,https://open.spotify.com/track/25x9t64DrmAxxUCMWDcveb,ethereal mystical enchanting
Enchanting Magic,Ali Jihad Racy,Mystical Legacies,1998,1JOERFVHs3ClJhL16cB5Ko,https://open.spotify.com/track/1JOERFVHs3ClJhL16cB5Ko,ethereal mystical enchanting
Enchanted Forest,Owen Richards,Wishes,2013-11-05,2w3COAImC9IUcZUqhiDn9J,https://open.spotify.com/track/2w3COAImC9IUcZUqhiDn9J,ethereal mystical enchanting
"Enchanted Shrine, Pt. 2",New Bliss,Japanese Shrine Ambience,2022-02-02,79qZ5El9rGpkcCdtjWD4Of,https://open.spotify.com/track/79qZ5El9rGpkcCdtjWD4Of,ethereal mystical enchanting
Spa Music (Ethereal Healing),Spa,"Asian Spa Music: Soothing Guitar Music for Spa, Massage and Zen Meditation",2017-05-09,3NlFtkGLVvMELxenLORPKc,https://open.spotify.com/track/3NlFtkGLVvMELxenLORPKc,ethereal mystical enchanting
The Enchanted Forest,Alexandra Woodward,Whittling Wood,2010-11-19,2aIROUOra8GdDEwrWbwzP8,https://open.spotify.com/track/2aIROUOra8GdDEwrWbwzP8,ethereal mystical enchanting
Enchanted Forest,Jerry Marchand,Enchanted Forest,1998-01-01,5BxHs6xl9TBY8nWtdsRRK9,https://open.spotify.com/track/5BxHs6xl9TBY8nWtdsRRK9,ethereal mystical enchanting
Enchanted Forest (Ambience Only),The Vault of Ambience,Enchanted Forest (Ambience Only),2025-05-28,3Oqh9lr2M0uwLRtqV2Ihdb,https://open.spotify.com/track/3Oqh9lr2M0uwLRtqV2Ihdb,ethereal mystical enchanting
The Enchanted River,Dreamstate Logic,The Other Earth,2021-09-03,290T8xF3oCGxoGuUdF6RlA,https://open.spotify.com/track/290T8xF3oCGxoGuUdF6RlA,ethereal mystical enchanting
Etheric,Elephant Music,Prophet,2019-05-04,02LCzkGKc6XJmCD1KthfQb,https://open.spotify.com/track/02LCzkGKc6XJmCD1KthfQb,ethereal mystical enchanting
Enchanting Forest Meditation,Healing Ambience Divine Soul Healing Spiritual Meditation Sounds,Meditation Mix,2023-08-10,2bFYW1QRI1HxwkHNxDXS1x,https://open.spotify.com/track/2bFYW1QRI1HxwkHNxDXS1x,ethereal mystical enchanting
Peaceful Ethereal Ambience,Dan Jones,Ethereal Ambience,2022-08-19,1I8maKfuhLkOKR8VpqSBaV,https://open.spotify.com/track/1I8maKfuhLkOKR8VpqSBaV,ethereal mystical enchanting
Enchanted Sky,Deep Sleep Music Lab,Ambient Sleep Music,2022-06-08,7K3sKTTCQhuJorPXCPSt62,https://open.spotify.com/track/7K3sKTTCQhuJorPXCPSt62,ethereal mystical enchanting
Eyes Are the Mirror of the Soul,Calm Music Masters,"Enchanted Lands - Mystical Fantasy Music for Spa & Massage, Relaxing, Gentle, Slow, Really Soothing Sounds",2017-12-06,131f3CkiNIxCk46r09DqJi,https://open.spotify.com/track/131f3CkiNIxCk46r09DqJi,ethereal mystical enchanting
"Enchanting Fairy Cottage, Vol. 2 - Night Version",The Vault of Ambience,"Enchanting Fairy Cottage, Vol. 2 (Night Version)",2024-11-16,5OuMJG82Dtim8yQwB65vRA,https://open.spotify.com/track/5OuMJG82Dtim8yQwB65vRA,ethereal mystical enchanting
Enchanted Forest (Music & Ambience),The Vault of Ambience,Enchanted Forest (Music & Ambience),2025-05-28,4sPqyj5mnlzzTcSPIjJ3E5,https://open.spotify.com/track/4sPqyj5mnlzzTcSPIjJ3E5,ethereal mystical enchanting
Positive Hypnosis,Calm Music Masters,"Enchanted Lands - Mystical Fantasy Music for Spa & Massage, Relaxing, Gentle, Slow, Really Soothing Sounds",2017-12-06,3NKufTUYUveRyqgcdTOKRJ,https://open.spotify.com/track/3NKufTUYUveRyqgcdTOKRJ,ethereal mystical enchanting
Enchanted Spirits,Doug Kidder,Sleep Easy: Music for Sleep,2015-03-04,39idVKuovwkWA1i1PQGnWP,https://open.spotify.com/track/39idVKuovwkWA1i1PQGnWP,ethereal mystical enchanting
Ethereal Relaxing Nature Tribal Native Flute,The Yoga Mystics,Slow & Deep Asana Groove (Instrumental),2018-07-28,4scTyRovKn7BPbhABP4z6p,https://open.spotify.com/track/4scTyRovKn7BPbhABP4z6p,ethereal mystical enchanting
Cosmic Ambient,Mind Improvement Society,"Music for Tarot Reading – Esoteric Ambient, Oriental Music, Mystic Spiritual Journey, Horoscope Reading, Personal Transformation, New Age",2017-08-25,2zSE4ZqbmzdI1e927L3IwI,https://open.spotify.com/track/2zSE4ZqbmzdI1e927L3IwI,ethereal mystical enchanting
"Mystic, Magic Fantasy",Healing Oriental Spa Collection,"Chinese Massage (Luxury Oriental Spa – Traditional Music for Full Health, Beauty Time, Relax Body)",2017-10-02,3fEWTE60Er3cuoFbPjXgaR,https://open.spotify.com/track/3fEWTE60Er3cuoFbPjXgaR,ethereal mystical enchanting
Sacred Droplets,Spiritloom,Enchanted Echoes' Song,2018-09-01,0av8PUhixMmOI50fF2vOmD,https://open.spotify.com/track/0av8PUhixMmOI50fF2vOmD,ethereal mystical enchanting
Enchanted World,Ah2,Airy Enchanting Mysteries,2019-08-17,44iyrfeO1AqeJ5mE3U9TwJ,https://open.spotify.com/track/44iyrfeO1AqeJ5mE3U9TwJ,ethereal mystical enchanting
Ethereal Tin Whistle,Carlos Estella,Magic,2020-10-23,2ALvVwg08ewcvFI8bFhEmv,https://open.spotify.com/track/2ALvVwg08ewcvFI8bFhEmv,ethereal mystical enchanting
Enchanted Flute,Relaxing Zen Music Therapy,"Autumn Music for Yoga & Meditation – Relaxing Nature Sounds, Healing New Age, Calm Instrumental Music, Fall Relaxation, Energy Boost, Soothing Sounds",2017-09-07,2PVaHrAbDzBzCXhyyccKBv,https://open.spotify.com/track/2PVaHrAbDzBzCXhyyccKBv,ethereal mystical enchanting
Ethereal Enchantment,White Noise Baby Sleep,Celestial Calm: White Noise Soundscapes,2025-10-11,72tFRKauOzl4fCEYOI7xiC,https://open.spotify.com/track/72tFRKauOzl4fCEYOI7xiC,ethereal mystical enchanting
Etheral Moments,Relaxing Music,"Relaxing Music: Sit Back, Listen and Relax",2016-01-14,6NbqNYwNdqSuGlUiJfeb8U,https://open.spotify.com/track/6NbqNYwNdqSuGlUiJfeb8U,ethereal mystical enchanting
Mystic Forest,Soothing Music Academy,"Autumn Music for Yoga & Meditation – Relaxing Nature Sounds, Healing New Age, Calm Instrumental Music, Fall Relaxation, Energy Boost, Soothing Sounds",2017-09-07,1XxlJ00rRAILbibomMIHUi,https://open.spotify.com/track/1XxlJ00rRAILbibomMIHUi,ethereal mystical enchanting
Enchanted Grove,Elvann,Legends from the Past,2018-10-19,34VITti3jNvXoSty9azwcz,https://open.spotify.com/track/34VITti3jNvXoSty9azwcz,ethereal mystical enchanting
Mystic Dream,Massage Therapy Music,Relaxing Massage Music,2017-02-03,3iwf3Zw82V8ndAGXZuteJ7,https://open.spotify.com/track/3iwf3Zw82V8ndAGXZuteJ7,ethereal mystical enchanting
"Mysterious, Mystical Music, Instrumental, Pt. 4",Farino,"Meditative, Spherical Music, Harmony of the Spheres for Meditation or Relaxation (Mysterious, Mystical Music, Instrumental)",2015-01-27,0THu1G9Ohp1Mm5kqcFAGFP,https://open.spotify.com/track/0THu1G9Ohp1Mm5kqcFAGFP,ethereal mystical enchanting
Mystical Forest,Experiencethat,The Most Relaxing Music: Healing Music With Nature Sounds,2014-01-08,01aaB9jB7Kcg1vifHKzjsS,https://open.spotify.com/track/01aaB9jB7Kcg1vifHKzjsS,ethereal mystical enchanting
Ethereal Atmosphere,Allen Grey,Soundscape Collection,2020-12-09,4a2K7BWR4QX88opDDYjjlS,https://open.spotify.com/track/4a2K7BWR4QX88opDDYjjlS,ethereal mystical enchanting
Enchanted Forest,Irish Celtic Spirit of Relaxation Academy,"Magical Realm of Celtic Dreams: Relaxing Celtic Music with Nature Sounds, Celtic Harp, Fantasy Music",2022-01-12,4o3M6O9IGY0RrntNP4ZiKY,https://open.spotify.com/track/4o3M6O9IGY0RrntNP4ZiKY,ethereal mystical enchanting
Summer Dreaming,Calm Music Masters,"Enchanted Lands - Mystical Fantasy Music for Spa & Massage, Relaxing, Gentle, Slow, Really Soothing Sounds",2017-12-06,50HsTug9eCw78x56du2WwH,https://open.spotify.com/track/50HsTug9eCw78x56du2WwH,ethereal mystical enchanting
Ethereal Druid Dreams,Celtic Chillout Relaxation Academy,Ethereal Celtic Harmonies for Deep Soul Retrieval,2025-08-21,5RxEMDxgP8ZSEZGciImebB,https://open.spotify.com/track/5RxEMDxgP8ZSEZGciImebB,ethereal mystical enchanting
Mystical Ruins,Magic Music Ensemble,"Spiritual Heal: Aztec Music – Meditation, Relax, Stress Relief, Yoga, Sleep & Spa",2018-09-08,7LQnpqqB9AlAbJAaFAGKl1,https://open.spotify.com/track/7LQnpqqB9AlAbJAaFAGKl1,ethereal mystical enchanting
Ethereal Enchantment (Enchantment of Nature),Aman Glory,Ethereal Enchantment (Enchantment of Nature),2024-06-26,1d4Sv3JgRah8uNInrvtOTN,https://open.spotify.com/track/1d4Sv3JgRah8uNInrvtOTN,ethereal mystical enchanting
Enchanted Melody,Irish Celtic Spirit of Relaxation Academy,"Enchanted Melody – Celtic Music, Harp and Flute Songs, Soothing Relaxation, Beautiful Dreams, Mystic Meditation",2018-10-01,3uLjR4HROyOaHAA7eyNn37,https://open.spotify.com/track/3uLjR4HROyOaHAA7eyNn37,ethereal mystical enchanting
Enchanted Elven Melody,Flute Music Ensemble,"Best Relax Flute Meditation - Relaxing Collection of Native American, Asian & Celtic Flutes, Soft Melodies, Pure Positive Vibes",2018-02-08,4Qi5ha7XkjBelIc5w35brt,https://open.spotify.com/track/4Qi5ha7XkjBelIc5w35brt,ethereal mystical enchanting
Ethereal Music,Spa,"Calm Relaxation Music for Massage, Yoga, Healing Therapy, Reiki, Wellness or Deep Sleep",2016-11-04,1GM8AYABGvOPwQ0aZXLbFb,https://open.spotify.com/track/1GM8AYABGvOPwQ0aZXLbFb,ethereal mystical enchanting
Magical Melodies,Celtic Harp Soundscapes,Celtic Sleep Music - Relaxing Harp Music,2022-06-01,1eTba9Qh1wcEeTzh8HPGRt,https://open.spotify.com/track/1eTba9Qh1wcEeTzh8HPGRt,ethereal mystical enchanting
Enchanted Tribe,Shamanic Drumming World,"Shamanic Ambient (Relaxing Native American Flute, Shamnic Drums & Nature Sounds for Relaxation, Deep Sleep, Shamnic Dreams, Traditional Indian Meditation)",2018-02-07,5R710vsnVqDSGQVndTmrCh,https://open.spotify.com/track/5R710vsnVqDSGQVndTmrCh,ethereal mystical enchanting
Deep Spiritual Awakening,Solara Enigma,Crystals of Time: Melodies of the Ethereal Universe,2019-03-11,0pLlATPZX62LaZ6MlBtq6l,https://open.spotify.com/track/0pLlATPZX62LaZ6MlBtq6l,ethereal mystical enchanting
Ultimate Relaxation,Ambience Fantasy,Fantasy Lullaby Music: 22 Enchanted Majestic Orchestral Tracks,2022-07-08,0IXQaq7DnNGvSbwpJ7b8QG,https://open.spotify.com/track/0IXQaq7DnNGvSbwpJ7b8QG,ethereal mystical enchanting
Ambient Air,Ethereal Moments,Great Yoga Class Playlist,2016-05-01,04pEMz7iizqc9mw2N3XMCk,https://open.spotify.com/track/04pEMz7iizqc9mw2N3XMCk,ethereal mystical enchanting
Enchantment Pathway,Pure Spa Massage Music,Ambient Glow,2025-01-13,4weGbylebOhOFzqSyCreql,https://open.spotify.com/track/4weGbylebOhOFzqSyCreql,ethereal mystical enchanting
Mystical,Pianissimo Brothers,Soothing Music for Spa and Massage Therapy,2022-02-09,0PBseUwqYJ4R99JUqGvZvF,https://open.spotify.com/track/0PBseUwqYJ4R99JUqGvZvF,ethereal mystical enchanting
"Thunderstorm Noises in a Mystical Forest with Rain, Thunder and Sounds of Owls",Relaxing Guru,"Thunderstorm Noises in a Mystical Forest with Rain, Thunder and Sounds of Owls",2022-02-27,7lLjzTe6EAaFwnFv6XDBbX,https://open.spotify.com/track/7lLjzTe6EAaFwnFv6XDBbX,ethereal mystical enchanting
"Mysterious, Mystical Music, Instrumental, Pt. 3",Farino,"Meditative, Spherical Music, Harmony of the Spheres for Meditation or Relaxation (Mysterious, Mystical Music, Instrumental)",2015-01-27,4FUQOuoqKVixWulPFJq779,https://open.spotify.com/track/4FUQOuoqKVixWulPFJq779,ethereal mystical enchanting
Enchantment,Ambient Realms,"Massive Ambient Music, Vol.3",2016-01-14,7iwV7W6uwUX1pLipT9sotu,https://open.spotify.com/track/7iwV7W6uwUX1pLipT9sotu,ethereal mystical enchanting
"Mysterious, Mystical Music, Instrumental, Pt. 2",Farino,"Meditative, Spherical Music, Harmony of the Spheres for Meditation or Relaxation (Mysterious, Mystical Music, Instrumental)",2015-01-27,03l5R8cKDaGWyy3HJEsckE,https://open.spotify.com/track/03l5R8cKDaGWyy3HJEsckE,ethereal mystical enchanting
Divine Atmosphere,Celtic Chillout Meditation Academy,Magical Celtic Music: Relaxing Harp with Nature Sounds,2019-07-08,3uotN3M3DrD3TuAZWNRoO3,https://open.spotify.com/track/3uotN3M3DrD3TuAZWNRoO3,ethereal mystical enchanting
Ethereal Blur,Instrumental,"Soothing Music for Relaxation, Meditation Music, Yoga Music, Sleeping Music, Studying Music and Relaxing Piano for Massage Therapy Spa Music",2017-03-29,5EdEY9owtxdSDMXVdaXE86,https://open.spotify.com/track/5EdEY9owtxdSDMXVdaXE86,ethereal mystical enchanting
Ethereal Meditation,Spa Music Relaxation,Peaceful Sleep Music: Soothing Piano and Calm Spa Sounds,2022-01-28,6tdjtboLfdJPXXHHQVs5Lh,https://open.spotify.com/track/6tdjtboLfdJPXXHHQVs5Lh,ethereal mystical enchanting
"Ethereal Ambient Music, N13",Physical Dreams,Ethereal Ambient Music 2,2021-06-18,37ICvCmopCzA0htYHNMsMo,https://open.spotify.com/track/37ICvCmopCzA0htYHNMsMo,ethereal mystical enchanting
Pleasant Time,Calm Music Masters,"Enchanted Lands - Mystical Fantasy Music for Spa & Massage, Relaxing, Gentle, Slow, Really Soothing Sounds",2017-12-06,5xiOCJ0caMRzlrI76SnD3m,https://open.spotify.com/track/5xiOCJ0caMRzlrI76SnD3m,ethereal mystical enchanting
Enchanted Totem,Tribal Drums Ambient,Tribal Drums & Jungle Sounds (African Spirit - Relax - Chill – Meditate),2018-01-18,4zKJ46TcYRlzJh8ay5q53B,https://open.spotify.com/track/4zKJ46TcYRlzJh8ay5q53B,ethereal mystical enchanting
Mystical Melodies,Dreaming Fairy,Magical Relaxation,2023-02-12,4FCFN943d2UUwO7FLY5wE2,https://open.spotify.com/track/4FCFN943d2UUwO7FLY5wE2,ethereal mystical enchanting
Relaxing Guitar Music for Stress Relief,Calm Music Masters,"Enchanted Lands - Mystical Fantasy Music for Spa & Massage, Relaxing, Gentle, Slow, Really Soothing Sounds",2017-12-06,2CAAa56TGAX0aLUWXGNi4e,https://open.spotify.com/track/2CAAa56TGAX0aLUWXGNi4e,ethereal mystical enchanting
The Enchanted Forest,Robert Foster,Classic Fairytale,2017-03-13,5wIOt5iu45q1IEIOmVjDJo,https://open.spotify.com/track/5wIOt5iu45q1IEIOmVjDJo,ethereal mystical enchanting
Magic Atmosphere,Irish Celtic Spirit of Relaxation Academy,"Celtic: Relaxing Irish Music, Celtic Fantasy & Dreams",2019-09-09,0pVYUFTQXCteHevZwjWSxs,https://open.spotify.com/track/0pVYUFTQXCteHevZwjWSxs,ethereal mystical enchanting
Enchanted Forest,Alexander Nakarada,Across the Obelisk (Original Soundtrack),2022-08-16,1Ja0QcLUe5C0eGiLjOkecm,https://open.spotify.com/track/1Ja0QcLUe5C0eGiLjOkecm,ethereal mystical enchanting
Enchanted Forest (Live),Suntara,Live at the Pyramids of Chi,2019-09-01,3Fc6eC9xbXk2uJqVCyfoey,https://open.spotify.com/track/3Fc6eC9xbXk2uJqVCyfoey,ethereal mystical enchanting
Ethereal Sounds: Journey through Blossoms,Spiritual Flower,Bloom,2024-11-07,3CoXETHxulrOj6N46JS6rI,https://open.spotify.com/track/3CoXETHxulrOj6N46JS6rI,ethereal mystical enchanting
Etheral Dungeon,RPG-Tunes,"Mystic Soundscapes, Vol. 1",2021-09-24,2tIJQeFRX1hSHKkgrp97Bh,https://open.spotify.com/track/2tIJQeFRX1hSHKkgrp97Bh,ethereal mystical enchanting
Enchanted Irish Harp,Celtic Chillout Relaxation Academy,"Celtic Spa & Relaxation (Best Classic Irish Harp & Flute, Relax & Have Stress Free St. Patrick’s Day)",2018-01-29,3tIg0SqcNPEzSy8guLOACM,https://open.spotify.com/track/3tIg0SqcNPEzSy8guLOACM,ethereal mystical enchanting
The Unicorn (Enchanted Forest),Emilee Hartley,Illuminate,2017-12-08,2qJFrjmEKXZ1LmIUDrIu31,https://open.spotify.com/track/2qJFrjmEKXZ1LmIUDrIu31,ethereal mystical enchanting
Enchanted Forests,Zumoberry,100 Nursery Ambience Music,2020-02-08,2Avgy0xxwXaU784435YLsp,https://open.spotify.com/track/2Avgy0xxwXaU784435YLsp,ethereal mystical enchanting
Ambient Lounge,Celtic Chillout Relaxation Academy,"Magical Celtic Sensation - Nature Music for Relaxation, Sleep, Spiritual Healing",2018-01-19,6FdwWqtgt7wWh7DGDof43F,https://open.spotify.com/track/6FdwWqtgt7wWh7DGDof43F,ethereal mystical enchanting
Mystical Forest Relaxing Ambience for Sleep and Meditation (1 HOUR),Cozy Atmospheres,Mystical Forest Relaxing Ambience for Sleep and Meditation (1 HOUR),2020-11-18,3HOtK3Ez8bxzEmIZe3He1l,https://open.spotify.com/track/3HOtK3Ez8bxzEmIZe3He1l,ethereal mystical enchanting
Meditative Ethereal Ambience,Dan Jones,Ethereal Ambience,2022-08-19,7MyZ6YnfgkGE2yUmYBtjc1,https://open.spotify.com/track/7MyZ6YnfgkGE2yUmYBtjc1,ethereal mystical enchanting
Fantasy Epic Music,Celtic Chillout Relaxation Academy,"Magical Celtic Sensation - Nature Music for Relaxation, Sleep, Spiritual Healing",2018-01-19,1SZ3TRUub4cyXtNO1zlpdH,https://open.spotify.com/track/1SZ3TRUub4cyXtNO1zlpdH,ethereal mystical enchanting
Enchanted Meadow,Melisa Depth,Ambient Celtic Melodies,2021-03-10,1Hk7clXksbfPwHTWC9w569,https://open.spotify.com/track/1Hk7clXksbfPwHTWC9w569,ethereal mystical enchanting
Enchanting Sleep Sounds,Spa Music Relaxation,Gentle Sleep Melodies: Mellow Easy Sounds for Deep Sleep,2022-05-18,2gQcKUIyhTgRXqufI54w8Z,https://open.spotify.com/track/2gQcKUIyhTgRXqufI54w8Z,ethereal mystical enchanting
Enchanted Waters,Nature's Magic,Mystical Call of the Loon,2017-01-12,0svybqLCORMpokWVKzuXGA,https://open.spotify.com/track/0svybqLCORMpokWVKzuXGA,ethereal mystical enchanting
"Find Calm in Yourself, Yoga",Calm Music Masters,"Enchanted Lands - Mystical Fantasy Music for Spa & Massage, Relaxing, Gentle, Slow, Really Soothing Sounds",2017-12-06,3KixiQWDxYIAw6TuBM4o9k,https://open.spotify.com/track/3KixiQWDxYIAw6TuBM4o9k,ethereal mystical enchanting
Mystic Spells,Background Music Attention,"Gothic, Atmospheric, Dark Ambient",2020-01-13,3unyJV4nx6tGXjqURLRIBM,https://open.spotify.com/track/3unyJV4nx6tGXjqURLRIBM,ethereal mystical enchanting
Enchanting,Freida Mai,Ayla's Legacy,2017-12-14,4QbUuIInGYBCjscXbbp8hT,https://open.spotify.com/track/4QbUuIInGYBCjscXbbp8hT,ethereal mystical enchanting
Ethereal Relaxation,Study Music & Sounds,Study Music for Focus and Ambient Alpha Waves Binaural Beats Studying Music,2017-11-14,7uiuLaIFjxLcZKwIlk7T0T,https://open.spotify.com/track/7uiuLaIFjxLcZKwIlk7T0T,ethereal mystical enchanting
Mystic Woods,Pierre-Alexandre Monin,Mystic Woods,2021-12-16,4PLZdvF870YfNKJZcrUZAg,https://open.spotify.com/track/4PLZdvF870YfNKJZcrUZAg,ethereal mystical enchanting
Enchanted Times,Yoga & Meditación,Ethereal Synthescence,2024-11-16,3qyXmjARP0kDUtDCB4g6Fw,https://open.spotify.com/track/3qyXmjARP0kDUtDCB4g6Fw,ethereal mystical enchanting
Enchanted,Dos Brains,Gate of Realms,2020-07-20,3UCrhdLDYD98HF65Gzp0tp,https://open.spotify.com/track/3UCrhdLDYD98HF65Gzp0tp,ethereal mystical enchanting
Potion Apothecary Relaxing Witchcraft Ambience: Sounds for Sleep,Cozy Atmospheres,Potion Apothecary Relaxing Witchcraft Ambience: Sounds for Sleep,2020-09-23,7j7ywOqsTkAPawzqHEosAw,https://open.spotify.com/track/7j7ywOqsTkAPawzqHEosAw,ethereal mystical enchanting
Ethereal Enchantment & Nature,Martin Czeltic,"Guitar by the River, Vol. IV",2023-07-07,2VrDDrgYJhAtKPSypLqzci,https://open.spotify.com/track/2VrDDrgYJhAtKPSypLqzci,ethereal mystical enchanting
Enchanted Forest,Albert Van Deyk,infinite lands 1,2021-06-05,7fTZtUOB1otMg8lSOtp8XZ,https://open.spotify.com/track/7fTZtUOB1otMg8lSOtp8XZ,ethereal mystical enchanting
"Mystical Music and Sounds Instrumental, Pt. 1",Farino,Mystical Music and Sounds Instrumental (Mysticism - Relaxation Music),2014-07-07,7h5iGFVYrLWLo9OOGz81xD,https://open.spotify.com/track/7h5iGFVYrLWLo9OOGz81xD,ethereal mystical enchanting
Enchanted Magical Companions,Classical Chillout,Focused Classical Music,2022-11-30,65qG0BznQIo68Fw6uDBM8K,https://open.spotify.com/track/65qG0BznQIo68Fw6uDBM8K,ethereal mystical enchanting
Ethereal Echoes,Dreaming Fairy,Magical Relaxation,2023-02-12,1hTd1jFiABJj8ECwyZuF1C,https://open.spotify.com/track/1hTd1jFiABJj8ECwyZuF1C,ethereal mystical enchanting
Faun - Enchanted Forest Mix,The Green Kingdom,Harbor,2016-11-07,6PjGh5rtEXBMWD8iVKN568,https://open.spotify.com/track/6PjGh5rtEXBMWD8iVKN568,ethereal mystical enchanting
Enchanted Harp,Celtic Spirituality,Relaxing Celtic Harp Music: Soothing Sounds to Calm Your Mind,2022-04-01,1Ib1YW86Mvuvb1wL8QyFCf,https://open.spotify.com/track/1Ib1YW86Mvuvb1wL8QyFCf,ethereal mystical enchanting
Modern Mystic Meditation - Open Your Mind & Heart to the Universe (Loopable),Nature Sound Retreat,Manifestation Music,2021-08-20,67JMMEJj3kxBWLLT69Gseg,https://open.spotify.com/track/67JMMEJj3kxBWLLT69Gseg,ethereal mystical enchanting
Magical Life,Liquid Ambiance,Intense Relaxation: Music for Deep Relaxation and Deep Breathing,2019-06-12,24oeR9tBHgXa0uJTJhng4Y,https://open.spotify.com/track/24oeR9tBHgXa0uJTJhng4Y,ethereal mystical enchanting
Close Your Eyes,Calm Music Masters,"Enchanted Lands - Mystical Fantasy Music for Spa & Massage, Relaxing, Gentle, Slow, Really Soothing Sounds",2017-12-06,3I0PDLzj6Jmjyf0WViKTjB,https://open.spotify.com/track/3I0PDLzj6Jmjyf0WViKTjB,ethereal mystical enchanting
Mystical Forest,Meditation Relaxation Club,Loopable Sounds | Meditation & Spa,2022-03-04,5X2mRD7IGxGRPNOROZOcvi,https://open.spotify.com/track/5X2mRD7IGxGRPNOROZOcvi,ethereal mystical enchanting
Enchanted,Eternal Depth,Elven Forest,2023-11-18,0Cowa0mE8d5k3lmmzBbWo0,https://open.spotify.com/track/0Cowa0mE8d5k3lmmzBbWo0,ethereal mystical enchanting
Enchanted Realm,Dan Gibson's Solitudes,Angel's Embrace,2013-01-01,7AGEcMpUWIfx6D8Ml6xUd6,https://open.spotify.com/track/7AGEcMpUWIfx6D8Ml6xUd6,ethereal mystical enchanting
Enchanted Sleeping Music,Sleeping Music,"Relaxing Music With Ocean Waves for Sleeping Music, Deep Sleep Relaxation Music, Spa Music, Meditation Music and Soothing Guitar Music for Sleeping",2017-04-11,7mGnEkiqeqOCS0UCuO5S3P,https://open.spotify.com/track/7mGnEkiqeqOCS0UCuO5S3P,ethereal mystical enchanting
Enchanted Forest,Nordic Winds,Tranquil Mind Stress Relief Sounds,2025-10-18,0tkeSWY1VodXtxEVXCvhKX,https://open.spotify.com/track/0tkeSWY1VodXtxEVXCvhKX,ethereal mystical enchanting
Enchanting Piano,Neoclassical New Age Movement,Enchanting Piano: Serene Modern Classics for Tranquility,2023-04-07,0FapmnACTFAmyPGZF3idTK,https://open.spotify.com/track/0FapmnACTFAmyPGZF3idTK,ethereal mystical enchanting
Esoteric Destination,Interstellar Meditation Music Zone,"Astral Travel: Lucid Dreaming, Transcendental Meditation Entrainment & Affirmations, Hypnotic Music for Expanding Awareness & Intuition, Astral Projection",2016-12-02,3wkZRDBmdKJKiwzxnpSn0J,https://open.spotify.com/track/3wkZRDBmdKJKiwzxnpSn0J,ethereal mystical enchanting
Enchanting Forest,Nature Atmospheres,A Night of Rain and Forest Animals,2020-12-10,5IOi333FihYNHOdFivB01R,https://open.spotify.com/track/5IOi333FihYNHOdFivB01R,ethereal mystical enchanting
Enchanted Forest,Mars Lasar,Coastal Escape,2021-06-30,0VvRHZZNfTtBUiOLfkRZDW,https://open.spotify.com/track/0VvRHZZNfTtBUiOLfkRZDW,ethereal mystical enchanting
Ethereal Land,Sounds of Beautiful World,Ocean of Peace,2019-08-15,4b3phnMY05wezwG0NrXAXw,https://open.spotify.com/track/4b3phnMY05wezwG0NrXAXw,ethereal mystical enchanting
Ethereal Dreams,Healing Meditation Zone,"Music for Sleep - Blissful Soothing Soundscapes to Help You Relax and Sleep, Fall Asleep Quickly, Calming Meditations",2017-10-03,4991MVhrwxrMOMpQxKhKPB,https://open.spotify.com/track/4991MVhrwxrMOMpQxKhKPB,ethereal mystical enchanting
Enchanted Forests,Infinity Music,Ethereal,2020-08-07,5Pp7QNXxPnkh692YZTU4Mz,https://open.spotify.com/track/5Pp7QNXxPnkh692YZTU4Mz,ethereal mystical enchanting
Enchanted Realm,Tim Besamusca,Fantasy World,2021-02-11,1RJznbpWCevXuUXcPfgzbe,https://open.spotify.com/track/1RJznbpWCevXuUXcPfgzbe,ethereal mystical enchanting
Enchanted Realms Mystical Lofi Beats,Brainwave Music,Harmonic Resonance: Lofi Echoes of Serenity,2023-11-25,1Wy8MVwlNBzzwj0XN9IW0B,https://open.spotify.com/track/1Wy8MVwlNBzzwj0XN9IW0B,ethereal mystical enchanting
Relaxing Ethereal Ambience,Dan Jones,Ethereal Ambience,2022-08-19,2HoVsoMdl4va0Ge2WquJ44,https://open.spotify.com/track/2HoVsoMdl4va0Ge2WquJ44,ethereal mystical enchanting
The Enchanted Valley,Native Classical Sounds,"American Native Spirituality - Relaxing Calming Music for Meditation, Sleep, Study",2017-11-21,1c16TAv0ZbgB2U2gg9nZOz,https://open.spotify.com/track/1c16TAv0ZbgB2U2gg9nZOz,ethereal mystical enchanting
Calm Ethereal Ambience,Dan Jones,Ethereal Ambience,2022-08-19,6NQfympHOSub6caidRNWgY,https://open.spotify.com/track/6NQfympHOSub6caidRNWgY,ethereal mystical enchanting
Enchanted Forest,Irish Morrison,"Irish Highlands: Relaxing Celtic Harp Music, Nature Sounds for Sleep, Study, Relax, Ambience",2019-11-23,7onxHNMrhU2adT1ySb3VaW,https://open.spotify.com/track/7onxHNMrhU2adT1ySb3VaW,ethereal mystical enchanting
Sleep Mystical Forest Sound,Mystical Forest Sounds,Mystical Forest Sounds,2022-02-24,3dXkNODzxRkOPIImwkxWUL,https://open.spotify.com/track/3dXkNODzxRkOPIImwkxWUL,ethereal mystical enchanting
Magical Slumber Soundscapes,Celtic Chillout Relaxation Academy,Elven Meditation - Spiritual & Relaxing Music of Celtic Sanctuary,2019-02-04,0M5wx1Jg7pCrBPOqXVZ9wy,https://open.spotify.com/track/0M5wx1Jg7pCrBPOqXVZ9wy,ethereal mystical enchanting
Mystic Atmosphere,Relaxing Zen Music Therapy,"Hypnotic Trance Meditation – Ambient Sounds, Relaxation Therapy, Mystical Trance, Yoga & Mindfulness, Serenity & Calmness, Sleep & Dreams",2017-10-02,7cR82XXyTWuQJ89l9GJ6P6,https://open.spotify.com/track/7cR82XXyTWuQJ89l9GJ6P6,ethereal mystical enchanting
Magical Tree,Irish Celtic Spirit of Relaxation Academy,"Enchanted Melody – Celtic Music, Harp and Flute Songs, Soothing Relaxation, Beautiful Dreams, Mystic Meditation",2018-10-01,5i52AGcBsD5tHoxCKUUXmM,https://open.spotify.com/track/5i52AGcBsD5tHoxCKUUXmM,ethereal mystical enchanting
Mystical Forest,Trouble Sleeping Music Universe,"Peaceful Music for Sleep: Natural Sounds, Relaxation, Spirituality, Meditation, Deep Sleep, Healing Soundtrack, Sounds of Nature",2016-10-06,5hw8VJUSwY8n4diJKbHZWw,https://open.spotify.com/track/5hw8VJUSwY8n4diJKbHZWw,ethereal mystical enchanting
Mysterious New Age Music,Paradise Eden,Autumn Music for Meditation - Healing Relaxing Nature Sounds & Rain and Forest,2014-09-16,1s5y90dd37Lwzmll7t1qCk,https://open.spotify.com/track/1s5y90dd37Lwzmll7t1qCk,ethereal mystical enchanting
Falling Asleep in the Magical Forest,Meditación Música Ambiente,Spiritual Flow: Relaxing Pan Flute with Nature Sounds,2021-08-31,3lGVmqozCY9qhulYhRoQA5,https://open.spotify.com/track/3lGVmqozCY9qhulYhRoQA5,ethereal mystical enchanting
Ethereal Meditation,Rejuvenated Beak,Deep Sleep Songs - Ultimate Relaxation Piano Music Lullabies for Sleep,2015-10-26,5bGZOvMjtUxmZBQoVsGQne,https://open.spotify.com/track/5bGZOvMjtUxmZBQoVsGQne,ethereal mystical enchanting
Mystic Fantasy Music,Reiki Healing Unit,"Reiki for Luck & Success (Energy Healing – Positive Energy Music for Chakra Balance, Mantra Meditation for Peace of Mind, Mystic Fantasy Music)",2017-07-30,5dJGp150mZ4koIGHmisyBO,https://open.spotify.com/track/5dJGp150mZ4koIGHmisyBO,ethereal mystical enchanting
Ethereal,Sleepy Night Music,Ethereal,2017-02-24,0G1pcJFvz1Tj1gXgneiufR,https://open.spotify.com/track/0G1pcJFvz1Tj1gXgneiufR,ethereal mystical enchanting
The Enchanted Land,Celtic Harp Soundscapes,Celtic Sleep Music - Relaxing Harp Music,2022-06-01,0gXLVnX11XsXaqbmAFuk9M,https://open.spotify.com/track/0gXLVnX11XsXaqbmAFuk9M,ethereal mystical enchanting
Enchanted Wilderness,Binaural Beats Sleep,"Study Music: Binaural Beats and Forest Nature Sounds for Focus, Concentration and Alpha Waves Studying Music",2018-01-10,4XkoedlWkMJV4RhgT8HZis,https://open.spotify.com/track/4XkoedlWkMJV4RhgT8HZis,ethereal mystical enchanting
Magical Mystical Forest,David Phillips,"Moods, Vol. 5",2017-07-20,1T9jdyqXjicW1a6QCdjMZK,https://open.spotify.com/track/1T9jdyqXjicW1a6QCdjMZK,ethereal mystical enchanting
Ambient Sitar,Mystical Guide,Escape from Negatives: Music for Good Mental Health and Positivity,2019-06-12,7MG3I6GpnS8iXcZ3VIKIcb,https://open.spotify.com/track/7MG3I6GpnS8iXcZ3VIKIcb,ethereal mystical enchanting
Enchanting Stillness,Spatial Audio Sleep,Soundscapes,2023-12-29,7n4CySTtrs2kQ292XyV7nh,https://open.spotify.com/track/7n4CySTtrs2kQ292XyV7nh,ethereal mystical enchanting
Etherial Moonrise,Ambience Fantasy,Ambient Fantasy Soundscapes - Cosmic Music for Lucid Dreaming and Shifting,2024-01-10,4uuTWG9LD2rTMJcS61s83S,https://open.spotify.com/track/4uuTWG9LD2rTMJcS61s83S,ethereal mystical enchanting
Mystical Forest Ambience,Nature Sounds,180 Nature Sounds,2012-04-10,3mSLgh0wnz2uqjJieJisBM,https://open.spotify.com/track/3mSLgh0wnz2uqjJieJisBM,ethereal mystical enchanting
Ethereal Vibrations,Deep Sleep,Essential Relaxation Collection | Relaxation,2021-02-04,5GOTrFHygKLDViR93GUnTx,https://open.spotify.com/track/5GOTrFHygKLDViR93GUnTx,ethereal mystical enchanting
Enchanted Gardens,Mother Earth Times,Forest Music for Reading: Enchanted Songs for Atmospheric Fantasy Ambience,2023-05-02,42qzwhq0eZedF87S6VPUR2,https://open.spotify.com/track/42qzwhq0eZedF87S6VPUR2,ethereal mystical enchanting
Relaxing Mystical Forest Sound,Mystical Forest Sounds,Mystical Forest Sounds,2022-02-24,3VZqRnssnP9sOzYDqzzY6F,https://open.spotify.com/track/3VZqRnssnP9sOzYDqzzY6F,ethereal mystical enchanting
Enchantments Ethereal,Classical New Age Piano Music,Moonlit Stillness,2025-09-22,6kzr6ahQpvRJrdKxs8PaMl,https://open.spotify.com/track/6kzr6ahQpvRJrdKxs8PaMl,ethereal mystical enchanting
Enchanted Forest Reading Music – Soft Fantasy Ambience,Etrusco Music,Fantasy Music for Reading,2025-07-14,0VGx1cnnFwjKoFVprfS1Ww,https://open.spotify.com/track/0VGx1cnnFwjKoFVprfS1Ww,ethereal mystical enchanting
Soft Ethereal Ambience,Dan Jones,Ethereal Ambience,2022-08-19,0Di9XdjpgVJkQYnNaScamr,https://open.spotify.com/track/0Di9XdjpgVJkQYnNaScamr,ethereal mystical enchanting
Mystical Forest Sounds,Mystical Forest Sounds,Mystical Forest Sounds,2022-02-24,0xq5PWbVHBDuSvCr22AK4c,https://open.spotify.com/track/0xq5PWbVHBDuSvCr22AK4c,ethereal mystical enchanting
Ethereal Dance,Handpan Mystic Flow,Inner Journeys - Solo Handpan 2019,2020-02-21,5pOac3Fm0ORvyuzMWY7tPZ,https://open.spotify.com/track/5pOac3Fm0ORvyuzMWY7tPZ,ethereal mystical enchanting
Ethereal,Hiroki Okano,Avalokiteśvara,2016-06-07,6imNs17G03LPzifnjaK0e0,https://open.spotify.com/track/6imNs17G03LPzifnjaK0e0,ethereal mystical enchanting
Shine from Within - Mystical Energy of the Ocean,Naturescape Music,Natural Beauty (Nature Sound with Music),2009-05-12,29mPCvJrhIlr4GvkdOq1HP,https://open.spotify.com/track/29mPCvJrhIlr4GvkdOq1HP,ethereal mystical enchanting
Ethereal Ambience - Seamless,Jane Color,Ethereal Ambience,2023-03-24,19N5p8gK5VmCcR4NG6t5TC,https://open.spotify.com/track/19N5p8gK5VmCcR4NG6t5TC,ethereal mystical enchanting
Etheral Ambience,Spa Relaxation,Zen Serenity Nighttime Meditation and Sleep Music,2024-07-15,1FY3SboquDolqRbUrmtI8n,https://open.spotify.com/track/1FY3SboquDolqRbUrmtI8n,ethereal mystical enchanting
Ethereal Nature's Rhythm,Nature's Blanket,Night Melody,2024-10-18,4cAh6pfgBxFql2e5x4wSSd,https://open.spotify.com/track/4cAh6pfgBxFql2e5x4wSSd,ethereal mystical enchanting
An Enchanted Paradise,Spa Music Experience,Spa Music and Piano Relaxation,2018-03-13,749j1V6y4r5MPiQEQ4i1gZ,https://open.spotify.com/track/749j1V6y4r5MPiQEQ4i1gZ,ethereal mystical enchanting
Mystical Vision,Ambient,Ambient Playlist,2015-10-21,4qtKq02T96fs7XwVen2MzO,https://open.spotify.com/track/4qtKq02T96fs7XwVen2MzO,ethereal mystical enchanting
Enchanting Forest,Music Body and Spirit,Piano in the Forest,2020-06-21,0ana7d3NJR5vAtiy1v8n7u,https://open.spotify.com/track/0ana7d3NJR5vAtiy1v8n7u,ethereal mystical enchanting
Gentle Ethereal Ambience,Dan Jones,Ethereal Ambience,2022-08-19,4rEw8N6Ycnn2C9UDriF2Tr,https://open.spotify.com/track/4rEw8N6Ycnn2C9UDriF2Tr,ethereal mystical enchanting
Profound Ethereal Ambience,Dan Jones,Ethereal Ambience,2022-08-19,7aGhbSTbOJSnYEJiWcU1Wu,https://open.spotify.com/track/7aGhbSTbOJSnYEJiWcU1Wu,ethereal mystical enchanting
Enchanted Snow Forest,Abaco Music Library,Mystery And Magic,2018-08-22,2ENmFskIKH6OWeFIiEXEKK,https://open.spotify.com/track/2ENmFskIKH6OWeFIiEXEKK,ethereal mystical enchanting
Fairy Lights - The Most Magical Fairy Forest & Whispering Fairies,Nature Sound Retreat,Celtic Fantasy Relaxation Music,2022-09-23,18Nteq4C6DD7PIxBb0Uiyh,https://open.spotify.com/track/18Nteq4C6DD7PIxBb0Uiyh,ethereal mystical enchanting
Enchanting Evening Garden,Unis Abdullaev,Sensitive Instrumental Melodies,2022-02-20,7gNI8liD5U6fT70PorKW89,https://open.spotify.com/track/7gNI8liD5U6fT70PorKW89,ethereal mystical enchanting
Enchanted Garden,Egyptian Meditation Temple,"Unique Egyptian Music: Arabian Belly Dancing, Magical Exotic Trance, Ancient Oriental Rhythms",2018-03-20,0yDeaRWTRaQRk0maG1TXkK,https://open.spotify.com/track/0yDeaRWTRaQRk0maG1TXkK,ethereal mystical enchanting
Deep Ethereal Ambience,Dan Jones,Ethereal Ambience,2022-08-19,5edtdVX7yLHqT7IvTnmRUd,https://open.spotify.com/track/5edtdVX7yLHqT7IvTnmRUd,ethereal mystical enchanting
Enchanted - Cinematic,The Library Of The Human Soul,Magic,2018-08-05,6TdwBnQWaJlTqyxgIamp0B,https://open.spotify.com/track/6TdwBnQWaJlTqyxgIamp0B,ethereal mystical enchanting
Celtic Harp Meditation - Mystical Harp in the Magical Forest,Nature Sound Retreat,Celtic Fantasy Relaxation Music,2022-09-23,3pEa0aLVut2iT55lQvgl9Y,https://open.spotify.com/track/3pEa0aLVut2iT55lQvgl9Y,ethereal mystical enchanting
Ethereal Atmosphere,Lo-Fi Sleep Enchanter,Another Lofi Night,2024-04-08,2lezLqdJPNtEjt2PeoB64r,https://open.spotify.com/track/2lezLqdJPNtEjt2PeoB64r,ethereal mystical enchanting
Morning Motivation,Calm Music Masters,"Enchanted Lands - Mystical Fantasy Music for Spa & Massage, Relaxing, Gentle, Slow, Really Soothing Sounds",2017-12-06,7LxOElD1plNhYY5ch6AT86,https://open.spotify.com/track/7LxOElD1plNhYY5ch6AT86,ethereal mystical enchanting
Mystic Forest,Bryan El,Boundaries of Imagination,2012-06-13,2KshERIx4vv7B4dubE1JT5,https://open.spotify.com/track/2KshERIx4vv7B4dubE1JT5,ethereal mystical enchanting
Mystical Canopy,Gentle Resonance,Enchanted Forests,2024-12-06,04VY9MYfmZzDolnv3Q4Oki,https://open.spotify.com/track/04VY9MYfmZzDolnv3Q4Oki,ethereal mystical enchanting
"Find Life Balance, Spa",Calm Music Masters,"Enchanted Lands - Mystical Fantasy Music for Spa & Massage, Relaxing, Gentle, Slow, Really Soothing Sounds",2017-12-06,1kEL4iAeZ71o11OZmlQBOt,https://open.spotify.com/track/1kEL4iAeZ71o11OZmlQBOt,ethereal mystical enchanting
Mystical Nature,Chill Out Time Consort,Healing Reiki Energy Vibes,2019-08-16,3ypZ58cSBYUEaDxBQp7TBX,https://open.spotify.com/track/3ypZ58cSBYUEaDxBQp7TBX,ethereal mystical enchanting
Mystery Forest,Shamanic Drumming World,"Mystic Healer: Awake Inner Shaman, Drumming for Earth, Shrine of Native Indian Nature",2019-04-25,2zsjhrOmTaLEil4eYpxbbE,https://open.spotify.com/track/2zsjhrOmTaLEil4eYpxbbE,ethereal mystical enchanting
Chant,Ambient Realms,"Massive Ambient Music, Vol.1",2015-03-16,188YYDsyXKabJGr7xQCstH,https://open.spotify.com/track/188YYDsyXKabJGr7xQCstH,ethereal mystical enchanting
The Enchanted Garden - Perfect for Relaxation and Meditation,Ethereal Dreams,Pure Deep Relaxation,2009-01-28,7LvJLihlyWCq5O37prqfHU,https://open.spotify.com/track/7LvJLihlyWCq5O37prqfHU,ethereal mystical enchanting
Enchanted Forest,Soundbeaver,Ethereal Voices Chillout,2020-04-01,3kbiRJ4JBVGfyXrptS7Hgr,https://open.spotify.com/track/3kbiRJ4JBVGfyXrptS7Hgr,ethereal mystical enchanting
Mystical Whispers of the Universe,Ambience Fantasy,Ambient Fantasy Soundscapes - Cosmic Music for Lucid Dreaming and Shifting,2024-01-10,3CyWeVVM1BbGLlKNrADEUC,https://open.spotify.com/track/3CyWeVVM1BbGLlKNrADEUC,ethereal mystical enchanting
Angel Voice,Calm Music Masters,"Enchanted Lands - Mystical Fantasy Music for Spa & Massage, Relaxing, Gentle, Slow, Really Soothing Sounds",2017-12-06,6FZeYKZ1cZO0ffNbeQ2I8k,https://open.spotify.com/track/6FZeYKZ1cZO0ffNbeQ2I8k,ethereal mystical enchanting
Ethereal Music,Sleeping Music,"Sleeping Music: Binaural Beats and Ambient Music For Deep Sleep, Sleep Aid and Soothing Sleep Music",2018-12-10,4bBTaC2mQXLPJxnRSLeM4W,https://open.spotify.com/track/4bBTaC2mQXLPJxnRSLeM4W,ethereal mystical enchanting
Enchanted Enlightenment,Kundalini,Yoga Music for Meditation and Relaxation,2017-10-15,6vDxjzmgraHf5QQYiLG2r0,https://open.spotify.com/track/6vDxjzmgraHf5QQYiLG2r0,ethereal mystical enchanting
Melody of Nature,Aurelia Mist,Enchantment's Ethereal Flight,2021-07-04,4UHXE5h2B51E3OCkgKLJQI,https://open.spotify.com/track/4UHXE5h2B51E3OCkgKLJQI,ethereal mystical enchanting
Enchanted Flute: Spiritual Flutist Under the Full Moon,Japanese Sweet Dreams Zone,"Japanese Melody: Sweet Dreams - Full Rest with Oriental Music, Quiet Meditation Before Bedtime, Calming Yoga for Lunatics, Asian Rhythm, Natural Cure for Insomnia, Zen Sound Therapy, Naptime",2017-02-13,3fxHnuxd96TSwh9KIcLaDK,https://open.spotify.com/track/3fxHnuxd96TSwh9KIcLaDK,ethereal mystical enchanting
The Enchanted Forest,State Azure,The Enchanted Forest,2022-08-22,7714HRT8a57vxJzwKkVdGD,https://open.spotify.com/track/7714HRT8a57vxJzwKkVdGD,ethereal mystical enchanting
Soothing Bells for Massage,Calm Music Masters,"Enchanted Lands - Mystical Fantasy Music for Spa & Massage, Relaxing, Gentle, Slow, Really Soothing Sounds",2017-12-06,0IF3F8f6WPwSqooONZGzv6,https://open.spotify.com/track/0IF3F8f6WPwSqooONZGzv6,ethereal mystical enchanting
Ethereal Awakening,Lullaby Pianist,Sleep with Piano,2023-06-06,6OGezQiteGi2dik9mjyQKy,https://open.spotify.com/track/6OGezQiteGi2dik9mjyQKy,ethereal mystical enchanting
Mystic Air,Ambient Realms,"Massive Ambient Music, Vol. 7",2020-03-17,4bMGYy1HDLpbLhx0kw1AXw,https://open.spotify.com/track/4bMGYy1HDLpbLhx0kw1AXw,ethereal mystical enchanting
The Enchanted Forest,Mikael Sapin,Tristitia,2019-06-06,1H57VwpbQHdz4WltLhfrJk,https://open.spotify.com/track/1H57VwpbQHdz4WltLhfrJk,ethereal mystical enchanting
Enchanted Forests and Flickering Lanterns,Ambience Mastery,Fantasy City and Town Daytime Ambience,2023-02-20,47RbV1mLwTSLissWRuBTiW,https://open.spotify.com/track/47RbV1mLwTSLissWRuBTiW,ethereal mystical enchanting
Romantic Love Song,Calm Music Masters,"Enchanted Lands - Mystical Fantasy Music for Spa & Massage, Relaxing, Gentle, Slow, Really Soothing Sounds",2017-12-06,64MV3jHty47U7lTrlUducj,https://open.spotify.com/track/64MV3jHty47U7lTrlUducj,ethereal mystical enchanting
Ethereal Ambient Soundscape With Calm Tones For Mindfulness And Restful Sleep,Zen Music Garden,Wellness Music Vol. 12,2025-10-23,0DzpKrKrogKKhP2hDo0HpI,https://open.spotify.com/track/0DzpKrKrogKKhP2hDo0HpI,ethereal mystical enchanting
Magical Forest Music for Manifesting Yours Gifts - Develop Your Hidden Potential,Nature Sound Retreat,Manifestation Music,2021-08-20,4MSolCtgI9UIDpV9FvQDgX,https://open.spotify.com/track/4MSolCtgI9UIDpV9FvQDgX,ethereal mystical enchanting
"Ambience, Fantasy Dream Atmosphere, Pleasant Feeling, Electronic, Fantasy Ambiences",Sound Effects Library,Magical: Sound Effects,2012-05-15,3JAX0KzzyOoVmxr7XybZWO,https://open.spotify.com/track/3JAX0KzzyOoVmxr7XybZWO,ethereal mystical enchanting
Enchanted Souls,Ambient Realms,"Massive Ambient Music, Vol.3",2016-01-14,0C6zUUTi0HHdIH6xk4JaAH,https://open.spotify.com/track/0C6zUUTi0HHdIH6xk4JaAH,ethereal mystical enchanting
Ethereal,Mystic Hang,Ethereal,2022-03-18,4SUizt3nBRRf2KiAY73HhC,https://open.spotify.com/track/4SUizt3nBRRf2KiAY73HhC,ethereal mystical enchanting
Mystical Forest,Ambient Realms,"Massive Ambient Music, Vol. 12",2023-04-07,0FGc5IDPwtty9YxtiWVAv0,https://open.spotify.com/track/0FGc5IDPwtty9YxtiWVAv0,ethereal mystical enchanting
Enchanted Nature,Kristian Sonderlund,"Documentary Nature and Landscape, Vol. 1",2018-07-27,3mD7sgGVEDqVbLRFodBNGn,https://open.spotify.com/track/3mD7sgGVEDqVbLRFodBNGn,ethereal mystical enchanting
Ethereal Bliss,Plant Music,Serene Reflections,2021-07-07,6R8vGfkrrA9oAXSSDfNVs1,https://open.spotify.com/track/6R8vGfkrrA9oAXSSDfNVs1,ethereal mystical enchanting
Essence,Ethereal Isolation,Instrumental Electronic Music,2020-09-06,4ZvCgK1YSr633qobYOA1dB,https://open.spotify.com/track/4ZvCgK1YSr633qobYOA1dB,ethereal mystical enchanting
Ethereal Music,Sacred Meditation,Feminine Yoga - Sacred Songs,2018-10-01,4stqDjvSjLvVJChYPmXyz7,https://open.spotify.com/track/4stqDjvSjLvVJChYPmXyz7,ethereal mystical enchanting
The Enchanted Forest,Alegria Cruz,The Enchanted Forest,2023-09-01,3Y4hx3HT7JRbP1SF0vyr6r,https://open.spotify.com/track/3Y4hx3HT7JRbP1SF0vyr6r,ethereal mystical enchanting
Mystic Celtic Path,Celtic Chillout Relaxation Academy,Ethereal Celtic Harmonies for Deep Soul Retrieval,2025-08-21,7hiBAIaNKAmSJOXi436Ruq,https://open.spotify.com/track/7hiBAIaNKAmSJOXi436Ruq,ethereal mystical enchanting
Enchanted Mists - 1 Hour Version,Stillness in Motion,Enchanted Mists,2021-08-19,2bkQ5UuLRP74ompGdK59jH,https://open.spotify.com/track/2bkQ5UuLRP74ompGdK59jH,ethereal mystical enchanting
Ethereal,Guitar Instrumentals,"Mode ""No Brain"" Activated",2020-08-25,6cPJBHotGbiBmnxT8YLu2e,https://open.spotify.com/track/6cPJBHotGbiBmnxT8YLu2e,ethereal mystical enchanting
Enchanted Places,Steve Haun,Impressions Of The Rocky Mountains,2003-01-01,24HrDoMzATjH1X7tKDZMd6,https://open.spotify.com/track/24HrDoMzATjH1X7tKDZMd6,ethereal mystical enchanting
Mystical Visions - Ambient Version,Spiritual Frequencies,Breath of Life (Ambient Version),2023-04-27,59D0bDEEa3tuA71YHex8eJ,https://open.spotify.com/track/59D0bDEEa3tuA71YHex8eJ,ethereal mystical enchanting
Mystical Deep Forest Night Sounds,Mystical Forest Sounds,Mystical Forest Sounds,2022-02-24,38Gk8DoqpwVemkf1lHFiJy,https://open.spotify.com/track/38Gk8DoqpwVemkf1lHFiJy,ethereal mystical enchanting
Hypnotizing Fantasy,Celtic Chillout Relaxation Academy,Elven Meditation - Spiritual & Relaxing Music of Celtic Sanctuary,2019-02-04,4R1FzBaARi8NESHP36yUzx,https://open.spotify.com/track/4R1FzBaARi8NESHP36yUzx,ethereal mystical enchanting
Enchanted Thoughts,Calm Music Zone,"Beautiful Norwegian Music - Blissful Relaxation, Nature Journey with Harp, Piano and Flute",2018-03-01,0FSe3s4J4rQWzrM3x9khAi,https://open.spotify.com/track/0FSe3s4J4rQWzrM3x9khAi,ethereal mystical enchanting
Ether,Wiktoria Zac,Aesthete | Piano Ambience,2021-03-31,2Lky47o7H9ROPgJSQ8vmAH,https://open.spotify.com/track/2Lky47o7H9ROPgJSQ8vmAH,ethereal mystical enchanting
Ambient Nights,Ethereal Isolation,Cool Yoga Music,2015-11-22,7KnfcvPimIqESfq3UUxfF2,https://open.spotify.com/track/7KnfcvPimIqESfq3UUxfF2,ethereal mystical enchanting
Enchanted Sleepscapes,Ambia Music,Enchanted Sleepscapes - For restful Nights,2023-10-06,3Yeh82CHXdhz7wVbEvfHa1,https://open.spotify.com/track/3Yeh82CHXdhz7wVbEvfHa1,ethereal mystical enchanting
Enchanted Forest,Bahrambient,Enchanted Forest,2022-03-25,1tnk80IAv0SDU0JckqmwwL,https://open.spotify.com/track/1tnk80IAv0SDU0JckqmwwL,ethereal mystical enchanting
Enchanted Relaxation,Solara Dawn,Reflective Nirvana Atmospheres,2020-06-27,18Jhmc8TYPlCbvmG61FXCm,https://open.spotify.com/track/18Jhmc8TYPlCbvmG61FXCm,ethereal mystical enchanting
Ambient Strings – Mystical and Ethereal October Background,Etrusco Music,Mystical October – Ethereal Ambient Soundscapes,2025-10-12,2bbd8faGDG2BhbkP0pdeKE,https://open.spotify.com/track/2bbd8faGDG2BhbkP0pdeKE,ethereal mystical enchanting
"Mysticism, Music and Sounds Instrumental, Pt. 1",Farino,Mystical Music and Sounds Instrumental (Mysticism - Relaxation Music),2014-07-07,5ceE6ZTUb3Aa2Cz8QrGQxT,https://open.spotify.com/track/5ceE6ZTUb3Aa2Cz8QrGQxT,ethereal mystical enchanting
Enchanted Forest Beats,LoFi By Nature,Lofi Forest Chill Beats,2022-05-13,1RLblTORiGcgGekROaHQIe,https://open.spotify.com/track/1RLblTORiGcgGekROaHQIe,ethereal mystical enchanting
Enchanted Forest,Enrique Cardenas,Devotional Meditation,2008-06-25,6IDEPjoMQyyWwkVXrD3hZK,https://open.spotify.com/track/6IDEPjoMQyyWwkVXrD3hZK,ethereal mystical enchanting
Liquid Thoughts,Calm Music Masters,"Enchanted Lands - Mystical Fantasy Music for Spa & Massage, Relaxing, Gentle, Slow, Really Soothing Sounds",2017-12-06,2kXrhlg85dZXmkv60xEPUv,https://open.spotify.com/track/2kXrhlg85dZXmkv60xEPUv,ethereal mystical enchanting
Enchanting Sleep (with Birds),Zama Meditation,Enchanting Sleep,2022-06-10,5CfEr0H5t7pNraHUr5En4A,https://open.spotify.com/track/5CfEr0H5t7pNraHUr5En4A,ethereal mystical enchanting
Mystical Glen,Celtic Harp Soundscapes,Celtic Harp Soundscapes,2024-07-20,2rM0xSGtRCH5trbKnbaldO,https://open.spotify.com/track/2rM0xSGtRCH5trbKnbaldO,ethereal mystical enchanting
Enchanted Mist,Celtic Chillout Relaxation Academy,Sacred Isles,2025-10-07,4JH8WTrHL0zEHfXAfq11c4,https://open.spotify.com/track/4JH8WTrHL0zEHfXAfq11c4,ethereal mystical enchanting
Ethereal Places,John Huling,Plateau of Dreams: Meditations Under a Harvest Moon,2012-12-01,4Fb0tEEdJgnq4v2KEPvFWt,https://open.spotify.com/track/4Fb0tEEdJgnq4v2KEPvFWt,ethereal mystical enchanting
Dark Fairy Tales,Ambience Mastery,Witch Magic Ambience,2022-12-09,4QYg1zyCpzMIhExLVxSTsb,https://open.spotify.com/track/4QYg1zyCpzMIhExLVxSTsb,ethereal mystical enchanting
Ethnic Magic,Beautiful Magical Music Collection,"Relaxing African Lounge (Exotic Nature Sounds and Ethnic Drums, African Dreams & Tribal Chill)",2018-02-08,3VTboNTKn5f98FAYGjt4gi,https://open.spotify.com/track/3VTboNTKn5f98FAYGjt4gi,ethereal mystical enchanting
Liquid Meditation of Fairies,Celtic Chillout Relaxation Academy,Elven Meditation - Spiritual & Relaxing Music of Celtic Sanctuary,2019-02-04,0Pppo6POonYpDpVCTwJFqw,https://open.spotify.com/track/0Pppo6POonYpDpVCTwJFqw,ethereal mystical enchanting
Music for Relaxation,Celestial Cascade,Unseen Melodic Mystery,2020-09-20,1CgRIlQ8TTTfngLvprhXOu,https://open.spotify.com/track/1CgRIlQ8TTTfngLvprhXOu,ethereal mystical enchanting
Enchanted Crystalline Lake,Lia Scallon,Song of the Sidhe,2018-05-18,0laglUgyOa9HehWyUOsSJX,https://open.spotify.com/track/0laglUgyOa9HehWyUOsSJX,ethereal mystical enchanting
Enchantment,Darlene Koldenhoven,Infinite Voice,2006-10-26,2sLe3ZeGcxghUN832iXIwt,https://open.spotify.com/track/2sLe3ZeGcxghUN832iXIwt,ethereal mystical enchanting
Enchanted,Breathing Music,Stress Relief,2022-06-19,3vQOXqodCaacO6OtVAA4B0,https://open.spotify.com/track/3vQOXqodCaacO6OtVAA4B0,ethereal mystical enchanting
Soothing Fantasy,Calm Music Zone,"Beautiful Norwegian Music - Blissful Relaxation, Nature Journey with Harp, Piano and Flute",2018-03-01,3Fm2hk398C7Qgy5ZhEN6iu,https://open.spotify.com/track/3Fm2hk398C7Qgy5ZhEN6iu,ethereal mystical enchanting
Mysteries of the Dark Enchanted Forest,Ambience Mastery,A Haunted and Magical World (Dark Fairytale Music),2023-03-13,0jq4P4uv9l7zGMRAcpNhUv,https://open.spotify.com/track/0jq4P4uv9l7zGMRAcpNhUv,ethereal mystical enchanting
Magical Healer,Avslappning Musik Akademi,Nordic Instrumental Music: Collection Of 15 Selected Scandinavian Celtic Songs,2020-08-01,4k9BywnTxc9ivNr6e7vcMh,https://open.spotify.com/track/4k9BywnTxc9ivNr6e7vcMh,ethereal mystical enchanting
Ethereal Harp,Harp Heaven,Harp Relaxation,2021-03-23,3u0csjGOztNdyquK4hEaNG,https://open.spotify.com/track/3u0csjGOztNdyquK4hEaNG,ethereal mystical enchanting
"Mysticism, Relaxation Music Instrumental, Pt. 3",Farino,Mystical Music and Sounds Instrumental (Mysticism - Relaxation Music),2014-07-07,6RiCDL3Uo7uT7eGZmlnxp1,https://open.spotify.com/track/6RiCDL3Uo7uT7eGZmlnxp1,ethereal mystical enchanting
Enchanting Forest Ambience,Sounds of the Forest,Forest Sounds (Nature Dreamscape),2023-05-08,0NQ1p1nes1XeLHABRMteUp,https://open.spotify.com/track/0NQ1p1nes1XeLHABRMteUp,ethereal mystical enchanting
The Power of A Witch's Magic,Ambience Mastery,Witch Magic Ambience,2022-12-09,6OaHcJdXXscl3S3aOs0Ork,https://open.spotify.com/track/6OaHcJdXXscl3S3aOs0Ork,ethereal mystical enchanting
Enchanded Forest Waterfall - Pure Nature Sound,Wellness,"Best of Relaxing Spa Sounds (50 Gentle Instrumental Tracks and Pure Nature Sounds for Relaxation, Meditation, Healing Massage, Sound Therapy, Stress Relief, Good Sleep)",2012-10-13,5m2ckTOL7E3302IRiJ0NAV,https://open.spotify.com/track/5m2ckTOL7E3302IRiJ0NAV,ethereal mystical enchanting
Magic Music of Forest,Relaxing Flute Music Zone,Oasis of Calming Flute: Spiritual and Relaxing Voices for Soul,2020-03-06,6BXzPcpim0wrkKA0Llgte8,https://open.spotify.com/track/6BXzPcpim0wrkKA0Llgte8,ethereal mystical enchanting
Universe 1 (Excerpt),The Enchanted Forest,All The Universe,1990-01-01,6pvRtSW99MXN99bwTT9TC9,https://open.spotify.com/track/6pvRtSW99MXN99bwTT9TC9,ethereal mystical enchanting
Magical Celtic Music,Celtic Chillout Meditation Academy,Magical Celtic Music: Relaxing Harp with Nature Sounds,2019-07-08,2cBKUIPpHIOchYweJXU7pe,https://open.spotify.com/track/2cBKUIPpHIOchYweJXU7pe,ethereal mystical enchanting
Enchanting Thoughts,The Sound Reserve,Distant Raindrops: It's Raining in the Meadows,2022-01-17,0Y7A6AYAIVOofLdtNi99oa,https://open.spotify.com/track/0Y7A6AYAIVOofLdtNi99oa,ethereal mystical enchanting
Enchanted Forest,Çağatay Kılıç,Path to the Adventure,2019-04-29,3WJiT08ONvcFsjKNTdpQs2,https://open.spotify.com/track/3WJiT08ONvcFsjKNTdpQs2,ethereal mystical enchanting
Deep Mindfulness Meditation,Calm Music Masters,"Enchanted Lands - Mystical Fantasy Music for Spa & Massage, Relaxing, Gentle, Slow, Really Soothing Sounds",2017-12-06,04GUTLXbTgOUMNstaFfvhN,https://open.spotify.com/track/04GUTLXbTgOUMNstaFfvhN,ethereal mystical enchanting
Ethereal Tranquility,Happy Spa Music,Enchanted Sleepscape Meditative Tunes for Nighttime Bliss,2024-08-07,4mLAjpvWMRSAle9H7QWX9H,https://open.spotify.com/track/4mLAjpvWMRSAle9H7QWX9H,ethereal mystical enchanting
Enchanted Garden,Mothers Nature Music Academy,"Exotic World - Sounds of the Forest, Sea, Birds, Tropical Rainforest, Night Animals and Wild Life for Deep Relaxation and Mental Restoration",2018-09-17,4upY4ROzh7IBXgIGwXsZg0,https://open.spotify.com/track/4upY4ROzh7IBXgIGwXsZg0,ethereal mystical enchanting
Relax & Sleep in the Enchanted Forest,Dreamy Sleep Relaxation,"Sleepy Night Music: Pillow Melodies, Zen Sleep, Sleeping Nature, Melatonin Release",2023-10-23,2Redh6StSWylGmPtO0sQpv,https://open.spotify.com/track/2Redh6StSWylGmPtO0sQpv,ethereal mystical enchanting
Enchanted,Your Calm Place Meditation,Dreams,2021-11-28,5q1PjcQvKUC7MSlRBh8YzK,https://open.spotify.com/track/5q1PjcQvKUC7MSlRBh8YzK,ethereal mystical enchanting
Mysterious Atmosphere,Spiritual Healing Guru,"Spiritual Journey to the Past (Deep Ethnic Meditation, Soothing Sounds for the Soul & Well Being, Native American Flute, Indian Drums & Chants)",2017-08-17,2Wj0c26jST1yhwVepFdaQZ,https://open.spotify.com/track/2Wj0c26jST1yhwVepFdaQZ,ethereal mystical enchanting
Ethereal,Pianessence,Ethereal,2021-06-11,3zXsBTFJGjxyuo8SM4fXKp,https://open.spotify.com/track/3zXsBTFJGjxyuo8SM4fXKp,ethereal mystical enchanting
Enchanting Sounds,Zen Mindwaves,Deep Sleep: Relaxation & Recovery,2018-03-26,2hDeIcOlVo8Jx42whcur7o,https://open.spotify.com/track/2hDeIcOlVo8Jx42whcur7o,ethereal mystical enchanting
Enchanted Sleep - Spa,Spiritual Embrace,Enchanted Sleep,2025-01-29,79Q0QxMgtEG7meTrcI6IO7,https://open.spotify.com/track/79Q0QxMgtEG7meTrcI6IO7,ethereal mystical enchanting
"Meditative, Spherical, Mysterious, Mystical Music, Pt. 2",Farino,"Meditative, Spherical Music, Harmony of the Spheres for Meditation or Relaxation (Mysterious, Mystical Music, Instrumental)",2015-01-27,6qjtmfFrinc5wij6bQP9e9,https://open.spotify.com/track/6qjtmfFrinc5wij6bQP9e9,ethereal mystical enchanting
Ethereal Enchanted,Phantom Flux,Blissful Breeze,2022-12-29,670UWaGEO9ptGTkY4rc8DA,https://open.spotify.com/track/670UWaGEO9ptGTkY4rc8DA,ethereal mystical enchanting
Cosmic Lullabies,Ambience Fantasy,Fantasy Lullaby Music: 22 Enchanted Majestic Orchestral Tracks,2022-07-08,2IYgq9RrxyUHXYCkGOuvLx,https://open.spotify.com/track/2IYgq9RrxyUHXYCkGOuvLx,ethereal mystical enchanting
Ethereal Enchantment: Calming Sounds for Meditation - Relaxing Ambient Music,Oriental Meditation Music Academy,Reflections of Stillness,2024-04-05,4Esvqb2Dx2ieIto3gxKsGd,https://open.spotify.com/track/4Esvqb2Dx2ieIto3gxKsGd,ethereal mystical enchanting
Think About Mystical,Ambient 11,Pleasure of Healing: Soothing Music for Spiritual Healing and Deep Breathing,2019-06-12,28ZUj9HMpNiXMOCitO03Me,https://open.spotify.com/track/28ZUj9HMpNiXMOCitO03Me,ethereal mystical enchanting
Enchanted Strings,Celtic Harp Soundscapes,Celtic Harp Soundscapes,2024-07-20,7MgPz6n8xQTh6Wb36mrlAE,https://open.spotify.com/track/7MgPz6n8xQTh6Wb36mrlAE,ethereal mystical enchanting
Enchanted Moment (New Age Music),Indigo Flower,Zen Spa Meditation Music: Asian Oriental Music for Relaxation and Massage,2014-08-20,3SLLYpYKzl2QXhACLTmOTW,https://open.spotify.com/track/3SLLYpYKzl2QXhACLTmOTW,ethereal mystical enchanting
Cosmic Space,Emotional Healing Intrumental Academy,"Another World – Cosmic Meditation, Epic Space Music, Background for Inner Journey, Deep Experience, Lucid Dream",2018-02-09,1VsRtGfiAXDXzEvaPOsdi6,https://open.spotify.com/track/1VsRtGfiAXDXzEvaPOsdi6,ethereal mystical enchanting
Enchanted Woodlands,Sound Healing Center,Whispers of Serenity: Relaxing Guitar for Peaceful Moments,2024-10-07,0Gs6rhzklms4SUnvR2cEDV,https://open.spotify.com/track/0Gs6rhzklms4SUnvR2cEDV,ethereal mystical enchanting
Night Forest Mystic Sounds,Mystical Forest Sounds,Mystical Forest Sounds,2022-02-24,71liCCVE5QUTpO1c3nJjaW,https://open.spotify.com/track/71liCCVE5QUTpO1c3nJjaW,ethereal mystical enchanting
Magical Night of Hauntings,Ambience Mastery,Halloween Ambience (Scary Atmosphere),2022-10-28,4Qx664kqVTpcblyeytxz6J,https://open.spotify.com/track/4Qx664kqVTpcblyeytxz6J,ethereal mystical enchanting
Place of Enchantment,Llewellyn,Music for Reiki Healing,2007-01-01,0oOSi6b16gIrYwqOFY8VWT,https://open.spotify.com/track/0oOSi6b16gIrYwqOFY8VWT,ethereal mystical enchanting
Mystic Cavern,Ambient Realms,"Massive Ambient Music, Vol.3",2016-01-14,5ddpX1N8A0xNkYYhu0PrqX,https://open.spotify.com/track/5ddpX1N8A0xNkYYhu0PrqX,ethereal mystical enchanting
"Isle Enchanted, Part 1",Wave Temples,Isle Enchanted,2016-12-16,0atAk4qghkAtqP0bHD9DdW,https://open.spotify.com/track/0atAk4qghkAtqP0bHD9DdW,ethereal mystical enchanting
Ambient Forest and Flute Music,Spa Music Relaxation,"Nature Sounds Spa: Calm Background Flute Music For Spa Music, Meditation Music, Yoga Music, Massage Music, Sleeping Music and Forest Bird Sounds For Relaxation",2019-04-05,5q689Ydcvj8aMLWqWW0fF1,https://open.spotify.com/track/5q689Ydcvj8aMLWqWW0fF1,ethereal mystical enchanting
Mystic Nature Song,Autumn Hill Production Music Library,Nature Sounds With Music,2011-05-02,51fuSxa3pi5ga1oNy0hQs8,https://open.spotify.com/track/51fuSxa3pi5ga1oNy0hQs8,ethereal mystical enchanting
Hypnosis with Relaxation,Ethnic Moods Academy,Meditative Ethnic Flutes: Spiritual Background Music for Subconscious Mind Meditation,2022-10-28,0ZBEAFX0c00dsw8KrzLqKm,https://open.spotify.com/track/0ZBEAFX0c00dsw8KrzLqKm,ethereal mystical enchanting
Mystic Showers,SleepTherapy,"Sleep Sounds, Vol. 2",2021-06-17,0wsS0mnkEH3ZOSuFTpc0Hq,https://open.spotify.com/track/0wsS0mnkEH3ZOSuFTpc0Hq,ethereal mystical enchanting
Enchanted,Delectatio,Ambient Collection,2018-06-16,2szP49C0f2RKpeL6GWghwB,https://open.spotify.com/track/2szP49C0f2RKpeL6GWghwB,ethereal mystical enchanting
"Enchanting Fairy Cottage, Vol. 2",The Vault of Ambience,"Enchanting Fairy Cottage, Vol. 2",2023-06-13,1ukyxJ0Z7sDFoyShjJncF1,https://open.spotify.com/track/1ukyxJ0Z7sDFoyShjJncF1,ethereal mystical enchanting
Enchantment - Remastered,William Aura,Aurasound I/Aurasound II,1994-01-01,5axc6GIqZSQdwnoWGfj8zV,https://open.spotify.com/track/5axc6GIqZSQdwnoWGfj8zV,ethereal mystical enchanting
Enchanted Magical Forest Music 295hz,Regnum Umbrae,Enchanted Magical Forest Music 295hz,2023-02-23,6UaUNRsaXm2qPYMU4iUOq0,https://open.spotify.com/track/6UaUNRsaXm2qPYMU4iUOq0,ethereal mystical enchanting
Psychic Dreams,Ambience Fantasy,Celtic Fantasy Songs: Relaxing Magical & Beautiful Music,2022-12-22,6JoRiJklvoke7DeyF3Ty5h,https://open.spotify.com/track/6JoRiJklvoke7DeyF3Ty5h,ethereal mystical enchanting
Musical Odyssey,Ambience Fantasy,Celtic Fantasy Songs: Relaxing Magical & Beautiful Music,2022-12-22,1N4758eHf6NbyHxoVOCYjS,https://open.spotify.com/track/1N4758eHf6NbyHxoVOCYjS,ethereal mystical enchanting
Witchcraft Mysteries,Ambience Mastery,Witch Magic Ambience,2022-12-09,7GslaK57hYbvjV6Uo8lKcQ,https://open.spotify.com/track/7GslaK57hYbvjV6Uo8lKcQ,ethereal mystical enchanting
Enchanted Forest,Sherry Finzer,The Space Between Breaths,2019-09-20,3ZeeFdbqOiUybpP6tfs3Cq,https://open.spotify.com/track/3ZeeFdbqOiUybpP6tfs3Cq,ethereal mystical enchanting
Magic Environment,Yoga Goa,Yoga Ambient Music,2022-07-04,66tmMxjXUpvjpE8NI4HktC,https://open.spotify.com/track/66tmMxjXUpvjpE8NI4HktC,ethereal mystical enchanting
Enchantment,Voices,Fairy Tales,2013-10-21,4tu0RvkRo0zNzRj072Kqga,https://open.spotify.com/track/4tu0RvkRo0zNzRj072Kqga,ethereal mystical enchanting
Mystical River,Ambient Music Sleep Therapy,Ambient Sleep Therapy,2015-11-04,6Nxj7AwlASXt808OalB5SI,https://open.spotify.com/track/6Nxj7AwlASXt808OalB5SI,ethereal mystical enchanting
Aroma Therapy for Senses,Calm Music Masters,"Enchanted Lands - Mystical Fantasy Music for Spa & Massage, Relaxing, Gentle, Slow, Really Soothing Sounds",2017-12-06,4xhu0u81W6Saal1S8JcZmn,https://open.spotify.com/track/4xhu0u81W6Saal1S8JcZmn,ethereal mystical enchanting
Enchantments Awakening,Peter Sterling,Patterns of Reflection,2012-01-06,72sIIJJOMO711vumNpDHUI,https://open.spotify.com/track/72sIIJJOMO711vumNpDHUI,ethereal mystical enchanting
Mystical Garden,Mindfulness Meditation Music Spa Maestro,Inspirational Rest & Total Relax: Nature Ambience 2020,2020-05-14,5ie0Q3MXvkjLFQ6Qpn3IPk,https://open.spotify.com/track/5ie0Q3MXvkjLFQ6Qpn3IPk,ethereal mystical enchanting
Enchanted Forest - Rework,Bahrambient,Exoplanet,2022-05-20,3MIHnpJPp3rk5yAAGR8tqe,https://open.spotify.com/track/3MIHnpJPp3rk5yAAGR8tqe,ethereal mystical enchanting
Ethereal Breath (Sweet Music),Deep Sleep Music Maestro,"111 Hypnotic Music for Lucid Dreams: Mindfulness & Self Hypnosis, REM Sleep Music Dream Cycle, Hypnotherapy, Pure Meditation Music Sessions",2016-09-19,129lrvy0qTDxnEQ0rgUeMp,https://open.spotify.com/track/129lrvy0qTDxnEQ0rgUeMp,ethereal mystical enchanting
Enchanted Spell,Spooky Music,Atmospheric Spooky Music,2024-12-09,1FDcH1QgfGwR6zL3qqajaa,https://open.spotify.com/track/1FDcH1QgfGwR6zL3qqajaa,ethereal mystical enchanting
Enchanted Kingdom,Magnum Opus,Magical Fantasy Adventure,2012-12-14,3DKn1KYfIL0owJbSK4okgI,https://open.spotify.com/track/3DKn1KYfIL0owJbSK4okgI,ethereal mystical enchanting
The Enchanted Forest,Gateway,In The Moment,1996-09-01,6pUotMjptZ4Iup7aLsu1E8,https://open.spotify.com/track/6pUotMjptZ4Iup7aLsu1E8,ethereal mystical enchanting
Ethereal Sleep Rhythms,Ambia Music,Dreamy Lullabies: Sleepy Soundscapes for All Ages,2023-10-06,6D1drtvpZmZLwr5qAsSdEO,https://open.spotify.com/track/6D1drtvpZmZLwr5qAsSdEO,ethereal mystical enchanting
Mystic Environment,Music from the Firmament,"Healing Ritual, Theta Waves Therapy",2018-05-18,67V2YEaf0ypPkgu0H3Q18T,https://open.spotify.com/track/67V2YEaf0ypPkgu0H3Q18T,ethereal mystical enchanting
Enchanted Garden for Deep Meditation and Relaxation,Child Synesthesia,Native American Flute Meditation,2011-10-06,733k7u2GjUxaJPloO6tJC1,https://open.spotify.com/track/733k7u2GjUxaJPloO6tJC1,ethereal mystical enchanting
Enchanted Forest,Tinmixer,Destiny,2020-10-30,2SZRt7vUrUJEUalF6vfPIu,https://open.spotify.com/track/2SZRt7vUrUJEUalF6vfPIu,ethereal mystical enchanting
Mystical Mother - Instrumental,Hennie Bekker,Spectrum: An Anthology of Relaxing Instrumental Music,2011-08-30,0zO77KFc2Zrz3anY0YWJKz,https://open.spotify.com/track/0zO77KFc2Zrz3anY0YWJKz,ethereal mystical enchanting
Enchantment,Wayra,"Contemporary Native american, Faith & Worship Instrumental Flute Music",2005-01-01,05fHUVsHctvV1RcJsSviHr,https://open.spotify.com/track/05fHUVsHctvV1RcJsSviHr,ethereal mystical enchanting
Flowing Dreamscape,Ambientalism,Blissful Serenades,2021-07-07,3mNC8sICPOthtjWZ13uxzE,https://open.spotify.com/track/3mNC8sICPOthtjWZ13uxzE,ethereal mystical enchanting
Enchanting Sleep (with Night Rain and Frogs),Zama Meditation,Enchanting Sleep,2022-06-10,5mcl079HzBC7CsA3KnDkaN,https://open.spotify.com/track/5mcl079HzBC7CsA3KnDkaN,ethereal mystical enchanting
Mystical Wood,Stive Morgan,New Galactic,0000,21n9LntIXq1WPovPtTnBj1,https://open.spotify.com/track/21n9LntIXq1WPovPtTnBj1,ethereal mystical enchanting
Mystic Dance,Irish Celtic Spirit of Relaxation Academy,"Enchanted Melody – Celtic Music, Harp and Flute Songs, Soothing Relaxation, Beautiful Dreams, Mystic Meditation",2018-10-01,2DKhseiHXgPMT5kHwsDcnE,https://open.spotify.com/track/2DKhseiHXgPMT5kHwsDcnE,ethereal mystical enchanting
Magic Forest,Yopy Mystic,Audience,2022-03-24,3qBLc5oI00ui5AckqfzPt8,https://open.spotify.com/track/3qBLc5oI00ui5AckqfzPt8,ethereal mystical enchanting
Enchanting Meadows,Missing Pattern,Calming Instrumental Sleep,2025-01-13,2Rhj79BWWzCNi8CL34Z8CE,https://open.spotify.com/track/2Rhj79BWWzCNi8CL34Z8CE,ethereal mystical enchanting
Enchanted Introspection,Solara Dawn,Relaxing Zen Spa Tones,2020-06-26,5Ao9WC9iR9q9uwRZrQN6lF,https://open.spotify.com/track/5Ao9WC9iR9q9uwRZrQN6lF,ethereal mystical enchanting
The Enchanted Glade,France Ellul,Spirits of the Forest,2009-12-01,58PhxYJal8lCYsmLDDQTK4,https://open.spotify.com/track/58PhxYJal8lCYsmLDDQTK4,ethereal mystical enchanting
Spells of Relaxation,Dreaming Fairy,Enchantment,2022-10-22,0aDY8HDKxPCvKgATrqAjgL,https://open.spotify.com/track/0aDY8HDKxPCvKgATrqAjgL,ethereal mystical enchanting
Elders of the Enchanted Forest,Plant Music,Nurturing Inner Serenity,2024-03-11,5sUNmR78NezPY6Ayncbxel,https://open.spotify.com/track/5sUNmR78NezPY6Ayncbxel,ethereal mystical enchanting
Mysterious Dreams,Meditation Mantras Guru,Calmly: Peaceful Instrumental Ambient Music to Fall Asleep and Sleep Better,2022-09-01,23Q1FLn4Q3EDejbGViSGRh,https://open.spotify.com/track/23Q1FLn4Q3EDejbGViSGRh,ethereal mystical enchanting
Enchanted Forest,Minh Tiến,Beautiful nature,2023,2KFQNh1KgAbefEJM611SW6,https://open.spotify.com/track/2KFQNh1KgAbefEJM611SW6,ethereal mystical enchanting
Enchanted Relaxation,Mist & Moon,Moonrise Over the Dunes,2017-10-15,4ALgMZT9mNX235htBFgtXN,https://open.spotify.com/track/4ALgMZT9mNX235htBFgtXN,ethereal mystical enchanting
Enchanted Forest,Celtic Harp Soundscapes,Celtic Harp Soundscapes,2024-07-20,0GG1WIOs89UFlNhjG9FIzB,https://open.spotify.com/track/0GG1WIOs89UFlNhjG9FIzB,ethereal mystical enchanting
Enchanting Woods,Calming Rainforest Sounds,Rainforest Relaxation,2010-09-07,2UJGkv2L8RH3kOiV9g6wms,https://open.spotify.com/track/2UJGkv2L8RH3kOiV9g6wms,ethereal mystical enchanting
Enchanting Rain,Rain Sounds Lab,Soft Rain,2022-07-06,3q5mXN2DIHjvRep9ESCEpa,https://open.spotify.com/track/3q5mXN2DIHjvRep9ESCEpa,ethereal mystical enchanting
Soothing Adventure - Magic Time,Hypnosis Nature Sounds Universe,"Amazing Sounds of Nature (Harmony & Peace - Gentle Noise, Deep Forest, Water, Music for Total Relaxation, Sleep, Meditation)",2017-07-06,6pKPFXyBKSO9LwInGGN7yz,https://open.spotify.com/track/6pKPFXyBKSO9LwInGGN7yz,ethereal mystical enchanting
Mystical Atmosphere,Sound Therapy Masters,"African Chill Dreams (Soothing & Relaxing Exotic Music, Deep Sleep, Trouble Sleeping, African Relaxation)",2018-03-23,6xw8pExHdgt2mzRf6sKu9c,https://open.spotify.com/track/6xw8pExHdgt2mzRf6sKu9c,ethereal mystical enchanting
Storm Calmer,Ambience Fantasy,Fantasy Lullaby Music: 22 Enchanted Majestic Orchestral Tracks,2022-07-08,0pTJVt2m9QNm1nIt43yJOB,https://open.spotify.com/track/0pTJVt2m9QNm1nIt43yJOB,ethereal mystical enchanting
Ambient Chill,Mystical Guide,"Karma Bliss, Vol. 1: Music for Heart Chakra, Meditation & Healing",2019-06-01,2L1XyUdPmlkrOBJShWtlIe,https://open.spotify.com/track/2L1XyUdPmlkrOBJShWtlIe,ethereal mystical enchanting
Ethereal Massage Bliss,The Yoga Mystics,Slow & Deep Asana Groove (Instrumental),2018-07-28,7GBYLzQ9Qr9Kfh2X8mVyWP,https://open.spotify.com/track/7GBYLzQ9Qr9Kfh2X8mVyWP,ethereal mystical enchanting
Mysterious Atmosphere,Reiki Healing Music Ensemble,Reiki Music - New Age Music Meditation. Reiki Healing Music,2010-09-15,3ftJPhWsR5FsEtymxjTVLa,https://open.spotify.com/track/3ftJPhWsR5FsEtymxjTVLa,ethereal mystical enchanting
Magical Cavern,Ambient Realms,"Massive Ambient Music, Vol. 11",2022-09-01,545qpN9wiGbg7s2JAAIuwj,https://open.spotify.com/track/545qpN9wiGbg7s2JAAIuwj,ethereal mystical enchanting
Enchanting Yoga Nidra,Flute Music Ensemble,"Drowsy Magic Flute - Relaxing Flute Lullabies, Soothing Atmospheres, Complete Serenity, Blissful Dreams",2018-09-11,2QhT1mTpKCAg1VEn4x49sC,https://open.spotify.com/track/2QhT1mTpKCAg1VEn4x49sC,ethereal mystical enchanting
Ambient Haunt,Ambient Realms,"Massive Ambient Music, Vol. 9",2021-07-30,3J89M0wkbMEtYdLTsO0xhD,https://open.spotify.com/track/3J89M0wkbMEtYdLTsO0xhD,ethereal mystical enchanting
Mystical Dream,David Phillips,"Moods, Vol. 3",2016-10-06,2dj10sSkQBQja5oBr842O7,https://open.spotify.com/track/2dj10sSkQBQja5oBr842O7,ethereal mystical enchanting
Enchanted Woods,June Westfield,Spring,2020-05-03,0ar761Rkaf4qWVkUkg0MQJ,https://open.spotify.com/track/0ar761Rkaf4qWVkUkg0MQJ,ethereal mystical enchanting
Enchanted Forest,Chuck Jonkey,Costa Rican Rainforest,2000,1qB6ryb30pNY57tnICfa98,https://open.spotify.com/track/1qB6ryb30pNY57tnICfa98,ethereal mystical enchanting
Magical World,Gentle Crystal Sounds Divine,"Connect with Nature: Feel Bliss – Gentle Soothing Sounds for Deep Sleep, Rest, Walk, Spirit Meditation, Anti Stress",2016-01-08,1tOHIiGUcKm5Ef8GFjdmrg,https://open.spotify.com/track/1tOHIiGUcKm5Ef8GFjdmrg,ethereal mystical enchanting
Enchanting Harp,Sonia White,Eerie Stillness,2018-09-03,1l4SK9N4MbWFTeXmFg9iNa,https://open.spotify.com/track/1l4SK9N4MbWFTeXmFg9iNa,ethereal mystical enchanting
Ethereal Journey,Avi Adir,Woods Whistling,2011-10-03,6mQq3H7pzc3S9FVxpKUFec,https://open.spotify.com/track/6mQq3H7pzc3S9FVxpKUFec,ethereal mystical enchanting
Nature Secrets,Ambient Andromeda,"Mystic Voyage in Nature - Natural Sounds, Relaxing Ambient Music for Visualization Meditation",2015-04-08,2tBXBfjcDRPvyrX1oVD37l,https://open.spotify.com/track/2tBXBfjcDRPvyrX1oVD37l,ethereal mystical enchanting
Enchantment,Epifania,Enchantment,2020-12-23,2wymvQR6g7psWafOKLYVxp,https://open.spotify.com/track/2wymvQR6g7psWafOKLYVxp,ethereal mystical enchanting
Ethereal Dreamscapes,Mediative Flute,Calm Universe,2023-11-11,3UMypcnS4y3KoQ4fh8LeSj,https://open.spotify.com/track/3UMypcnS4y3KoQ4fh8LeSj,ethereal mystical enchanting
Relaxing Magical Atmosphere,Ambience Fantasy,Celtic Fantasy Songs: Relaxing Magical & Beautiful Music,2022-12-22,7pxeZYtK10x4GJBcgzGoll,https://open.spotify.com/track/7pxeZYtK10x4GJBcgzGoll,ethereal mystical enchanting
"Enchanted Forest, Pt. 2",David Sun,The Enchanted Forest,1992-01-01,4sKIvCdEBG00fAGp5r9ymz,https://open.spotify.com/track/4sKIvCdEBG00fAGp5r9ymz,ethereal mystical enchanting
Ethereal Garden,Spa,"Spa Music: Soothing and Relaxing Piano Music for Spa, Yoga Music, Meditation and Relaxation, Healing and Wellness, Massage Therapy, Studying Music and the Best Sleeping Music",2017-04-21,24jeG7sGJYU47tQJTk53Tm,https://open.spotify.com/track/24jeG7sGJYU47tQJTk53Tm,ethereal mystical enchanting
Ambient Instrumental Theme,Ambient Sound Center,"Dramatic Ambient - Gothic Dark Fantasy Ambient, Sad & Somber Background",2019-06-11,6jX3ZxbLz7mHzY7GMVa6LG,https://open.spotify.com/track/6jX3ZxbLz7mHzY7GMVa6LG,ethereal mystical enchanting
Enchanted Echoes,"Sounds Of Nature : Thunderstorm, Rain",Enigmatic Echoes: Voices of the Forest,2023-05-27,3yrDXhpHvLKbPXnuiYjBJX,https://open.spotify.com/track/3yrDXhpHvLKbPXnuiYjBJX,ethereal mystical enchanting
Mystic Halls,Ambient Realms,"Massive Ambient Music, Vol. 4",2016-08-18,1GvqaP0Dm8dUYGxQCdW2bY,https://open.spotify.com/track/1GvqaP0Dm8dUYGxQCdW2bY,ethereal mystical enchanting
The Fairy Garden Awakening,Nature Sound Retreat,Celtic Fantasy Relaxation Music,2022-09-23,4VyV3JRzsqabRbyYRInhRq,https://open.spotify.com/track/4VyV3JRzsqabRbyYRInhRq,ethereal mystical enchanting
Mystical Vision,Deep Sleep Meditation Music,Meditative Sleep Music,2015-11-25,24up6uldIoKj9GXCvUTuWt,https://open.spotify.com/track/24up6uldIoKj9GXCvUTuWt,ethereal mystical enchanting
Mystic Dragon,DragonStern,Dragon Fantasy Music,2021-02-27,4CH7qUKAlVxA4rVUP1JDjb,https://open.spotify.com/track/4CH7qUKAlVxA4rVUP1JDjb,ethereal mystical enchanting
Mystic Forest,Oriental Journey,Relax Lounge,2008-02-01,1Uwc50VcuHmu2PJ6wGreQD,https://open.spotify.com/track/1Uwc50VcuHmu2PJ6wGreQD,ethereal mystical enchanting
Fairy Wind,Magical Strings,Fairy Wind,2016-12-01,6rv1x6OeNqZcGUJ1IwAq9e,https://open.spotify.com/track/6rv1x6OeNqZcGUJ1IwAq9e,ethereal mystical enchanting
Ambient for Spa (Celtic Harp Spa Music),Michaela Malin,Harp String - Pure Harp Music & Relaxing Instrumental Harp Songs (Classics Collection),2016-06-28,0SPSjNT18R6mKRS4Dg45ua,https://open.spotify.com/track/0SPSjNT18R6mKRS4Dg45ua,ethereal mystical enchanting
Secretive Witchcraft,Ambience Mastery,Witch Magic Ambience,2022-12-09,15xGAt6SpJcQYFPt2hzqfL,https://open.spotify.com/track/15xGAt6SpJcQYFPt2hzqfL,ethereal mystical enchanting
Meditation: Ambient Relax,Soothing Motion,Reiki Healing: Relaxing Instrumental Music for Getting a Great Massage,2016-04-04,1x7NLIR4clZeWZ6dFJCD2T,https://open.spotify.com/track/1x7NLIR4clZeWZ6dFJCD2T,ethereal mystical enchanting
Mystical Forest Flute,Flute Music Meditation DEA Channel,"Flute Dreams: Easy Sleep Music, Relaxing Sounds with Gentle Flute",2022-05-03,2o9eMt5HDuvuagznECMwxI,https://open.spotify.com/track/2o9eMt5HDuvuagznECMwxI,ethereal mystical enchanting
Serenity Spell,Dreaming Fairy,Enchantment,2022-10-22,5VmvNzmFQnbkp9XqidhSWk,https://open.spotify.com/track/5VmvNzmFQnbkp9XqidhSWk,ethereal mystical enchanting
Enchanted Pillows,Harper Zen,Calm and Soothing Sleep Music,2017-10-05,4gjlZue3bCrQk4K4CFgtbX,https://open.spotify.com/track/4gjlZue3bCrQk4K4CFgtbX,ethereal mystical enchanting
Enchantment,Capo Productions,Escape,2010-01-06,4cXNlktux19fMHe2AlY7FL,https://open.spotify.com/track/4cXNlktux19fMHe2AlY7FL,ethereal mystical enchanting
Soothing Ambience,Spiritloom,Chilled Illusion Dreamscape,2016-12-29,5VHbfEny06WWDQz8kuLYQG,https://open.spotify.com/track/5VHbfEny06WWDQz8kuLYQG,ethereal mystical enchanting
A Magical Town,Ambience Mastery,Epic Fantasy Adventure Orchestra Ambience,2022-04-10,3kSwBYHm57O0XZS4euHmk8,https://open.spotify.com/track/3kSwBYHm57O0XZS4euHmk8,ethereal mystical enchanting
Serene Awakening,Relaxcation,Ethereal: Drift into Ethereal Thoughts,2022-02-02,4GzWHz2Iqckwa688PFQIF5,https://open.spotify.com/track/4GzWHz2Iqckwa688PFQIF5,ethereal mystical enchanting
Enchanted Isles,Celtic Harp Soundscapes,Celtic Harp Soundscapes,2024-07-20,2R7XGhP6BeZn8g4nuBZZEJ,https://open.spotify.com/track/2R7XGhP6BeZn8g4nuBZZEJ,ethereal mystical enchanting
Moonlight Forest - Loopable,Into the Bliss,Enchanted Forest,2020-10-30,31B3JXRGDB2yqeoaaZXDOw,https://open.spotify.com/track/31B3JXRGDB2yqeoaaZXDOw,ethereal mystical enchanting
Enchanted Forest,Melissa Melbourne,"Relaxation Music Heaven: Ultimate Relaxing Songs, Delta Waves",2015-03-26,6fjoYazNeYlavyc29oEQpS,https://open.spotify.com/track/6fjoYazNeYlavyc29oEQpS,ethereal mystical enchanting
Celestial World,Mystical Guide,The Good Energies: Music for Mood Upliftment and Positive Energy,2019-06-01,24JmyBdd48H4E8gTqAR3i9,https://open.spotify.com/track/24JmyBdd48H4E8gTqAR3i9,ethereal mystical enchanting
Mystic Woodland,Mystical Ambient Music,Wind and Roses,2024-10-07,6OpPyBOuknhAQxKI7qqJYT,https://open.spotify.com/track/6OpPyBOuknhAQxKI7qqJYT,ethereal mystical enchanting
Mystical Forest,Epic Fantasy Adventurers,"Deep Into the Unknown Lands: Epic Medieval Fantasy Music for Gaming and Tabletop RPG, Exploration and Dungeon Background Music for Role-Playing",2022-01-20,0T9hlxgIOCczOezwrZQz2U,https://open.spotify.com/track/0T9hlxgIOCczOezwrZQz2U,ethereal mystical enchanting
Enchanted Eclipse,The Soul of Wind,Mystic Land,2024-02-12,3jtGPpOhgBvBEX97Ulg5Gx,https://open.spotify.com/track/3jtGPpOhgBvBEX97Ulg5Gx,ethereal mystical enchanting
Enchanted Rainforest - New Age Music for Relaxation,Relaxing ASAP,New Age Music for Relaxation,2023-11-22,7FIhbixPHaVN3SshiWsirA,https://open.spotify.com/track/7FIhbixPHaVN3SshiWsirA,ethereal mystical enchanting
Magical Forest,Harmony Nature Sounds Academy,"Natural Relaxation – 50 Sounds of Nature, Soothing & Calming Sounds, Mindfulness Meditation, Yoga in Nature, Spa & Sleep",2017-05-09,0QpWkT98hDGOpplmh8BJ2U,https://open.spotify.com/track/0QpWkT98hDGOpplmh8BJ2U,ethereal mystical enchanting
Hypnotic Relief,Zenith Sky,Enchantment in Daylight's Glow,2020-09-29,3uh2vmPrgMTPoMcWbUmS8D,https://open.spotify.com/track/3uh2vmPrgMTPoMcWbUmS8D,ethereal mystical enchanting
Mystic Tomb,Ambient Realms,"Massive Ambient Music, Vol. 4",2016-08-18,0idD9XgMrWoLDe0ySbSIPD,https://open.spotify.com/track/0idD9XgMrWoLDe0ySbSIPD,ethereal mystical enchanting
Enchanting,Tatono,Tropical Vibe,2016-06-03,1QvIU6oyvEOGhl2kF9Fdnk,https://open.spotify.com/track/1QvIU6oyvEOGhl2kF9Fdnk,ethereal mystical enchanting
Enchanted Grove,Cozy Forest Ambient,Nature,2024-11-07,6QGQGAwdJ5FfnPOUd1BF1C,https://open.spotify.com/track/6QGQGAwdJ5FfnPOUd1BF1C,ethereal mystical enchanting
Celtic Chimes 528Hz Fantasy Cleanse (Loopable),Nature Sound Retreat,Enchanted Celtic Forest,2022-03-11,08X6qhQ55oTiIOFvAWey4E,https://open.spotify.com/track/08X6qhQ55oTiIOFvAWey4E,ethereal mystical enchanting
Ethereal Piano Music with Ocean Waves Effect,Liquid Blue,Mind Relaxing Music - Positive Zen Spa Music for Relaxation and Peace of Mind,2016-03-24,6En1pJlhMYgwkBzgUVNt5s,https://open.spotify.com/track/6En1pJlhMYgwkBzgUVNt5s,ethereal mystical enchanting
Mystical Canyon,Smooth Relaxing Instrumental Group,Peaceful Harp - Tranquil Music for Relaxing,2015-07-14,1qp8tY2ugWtweFDNvM1kf3,https://open.spotify.com/track/1qp8tY2ugWtweFDNvM1kf3,ethereal mystical enchanting
Enchanted Forest Ambience - Magical Forest Sounds,Healing Nature & Meditation,Echoes of the Autumn Forest,2025-09-01,7EQaoBChHgPMoYZ2XMDPjA,https://open.spotify.com/track/7EQaoBChHgPMoYZ2XMDPjA,ethereal mystical enchanting
Ethereal,e-soundtrax,Beauty Inspiration,2018-09-17,143o8GAm4I9o1hSKbZwVmi,https://open.spotify.com/track/143o8GAm4I9o1hSKbZwVmi,ethereal mystical enchanting
Secret to Happiness,Calm Music Masters,"Enchanted Lands - Mystical Fantasy Music for Spa & Massage, Relaxing, Gentle, Slow, Really Soothing Sounds",2017-12-06,1Hka0LAguDCRR4r5C1BiC7,https://open.spotify.com/track/1Hka0LAguDCRR4r5C1BiC7,ethereal mystical enchanting
Enchanted Forest Magic,Drip-Drop,Tranquil Tones (the Perfect Background for Relaxation),2023-04-21,24mjXWeuOz4aVxcQXMbBb6,https://open.spotify.com/track/24mjXWeuOz4aVxcQXMbBb6,ethereal mystical enchanting
"Ambience, Fantasy Dream Atmosphere, Uncertainty, Electronic, Fantasy Ambiences, Sound FX",Sound Effects Library,Magical: Sound Effects,2012-05-15,7pP9T0UDS8si36NjULNvrI,https://open.spotify.com/track/7pP9T0UDS8si36NjULNvrI,ethereal mystical enchanting
Mystical Rain Forest - 432Hz to Manifest Harmonizing Energy for Mindfulness & Connection,Nature Sound Retreat,Manifestation Music,2021-08-20,4I4EW9R2yYlbMflkRJ8HWT,https://open.spotify.com/track/4I4EW9R2yYlbMflkRJ8HWT,ethereal mystical enchanting
Ethereal Enchantment,Healing Ambience Divine Soul Healing Spiritual Meditation Sounds,Melodic Miracles: Calming Tones for Inner Healing,2023-05-23,6q7kJ5FhaBh67fVYYm8u2L,https://open.spotify.com/track/6q7kJ5FhaBh67fVYYm8u2L,ethereal mystical enchanting
Enchanted Dreams,Ambient,Ambient Retreat,2015-12-27,50jpuhm0HVsgAgFfW98S1O,https://open.spotify.com/track/50jpuhm0HVsgAgFfW98S1O,ethereal mystical enchanting
"Relaxation Music, Mystical Music and Sounds, Pt. 2",Farino,Mystical Music and Sounds Instrumental (Mysticism - Relaxation Music),2014-07-07,1GAAjFsqbz1uShSnkMjfHZ,https://open.spotify.com/track/1GAAjFsqbz1uShSnkMjfHZ,ethereal mystical enchanting
Enchanted Forest,Demented Sound Mafia,Goddess Of Destiny,2016-04-12,2HZkt7YUvo2lRi0EKlIPh5,https://open.spotify.com/track/2HZkt7YUvo2lRi0EKlIPh5,ethereal mystical enchanting
Ethereal Dreamscape,Spa Music Experience,Spa Sanctuary,2024-06-14,2fL7KjiPhQCozTWVH3bmzL,https://open.spotify.com/track/2fL7KjiPhQCozTWVH3bmzL,ethereal mystical enchanting
Magical Soothing Folk,Irish Celtic Spirit of Relaxation Academy,"Relaxing Vibes of Celtic Land (Gaelic Serenity, Calm Irish Moonsong, Harp in Paradise, Secret Oasis of Avalon)",2018-11-15,0e6WmyL46wrWNfpnpHyOIh,https://open.spotify.com/track/0e6WmyL46wrWNfpnpHyOIh,ethereal mystical enchanting
The Enchanted Forest,M.R. Miller,Evergate (Original Game Soundtrack),2020-12-04,4K61ygn018e1NlyJZr569T,https://open.spotify.com/track/4K61ygn018e1NlyJZr569T,ethereal mystical enchanting
Enchanted Celtic Music,Frank South,Medieval Focused Atmosphere,2023-04-22,1NtmuLM91CZwfRSjjM0OaN,https://open.spotify.com/track/1NtmuLM91CZwfRSjjM0OaN,ethereal mystical enchanting
Mystic,The Healing Realm,Floating,2022-11-25,0Fw2Ujuordr7ySyKI7tt0s,https://open.spotify.com/track/0Fw2Ujuordr7ySyKI7tt0s,ethereal mystical enchanting
Prelude to an Enchanted River,Ron Clearfield,The Healing Muse,2014-09-01,5IzS5y7Q0XjziQXaQKs4JT,https://open.spotify.com/track/5IzS5y7Q0XjziQXaQKs4JT,ethereal mystical enchanting
Ambient Soundscapes,Mysterious World Music,African Dance: Traditional Drums Music,2019-06-10,2f3XCwGf8efFue8YcS9chd,https://open.spotify.com/track/2f3XCwGf8efFue8YcS9chd,ethereal mystical enchanting
Ethereal Epic Dream,Carlos Estella,Magic,2020-10-23,0Pn00mINmX1PNuNTRn1Sii,https://open.spotify.com/track/0Pn00mINmX1PNuNTRn1Sii,ethereal mystical enchanting
Magical Earth - Earth,Llewellyn,Celtic Music for Relaxation,2013-04-17,5oMb1omFLOaDpfBvcHuc6m,https://open.spotify.com/track/5oMb1omFLOaDpfBvcHuc6m,ethereal mystical enchanting
Bonus Ambient Track: Enchanted Forest,Marta Khosraw,Kingdoms of Camelot : Battle for the North Original Soundtrack - EP,2012-12-14,2LoSNy1Am45BuD2qKkCfHw,https://open.spotify.com/track/2LoSNy1Am45BuD2qKkCfHw,ethereal mystical enchanting
Celtic Soundscapes,Spiritual Music Collection,"Celtic Fantasy Music - Beautiful Music for Relax, Dream, Meditation, Deep Rest, Calm Atmosphere & Mystic Journey",2017-08-18,0wqMRiXBiCsqmVLjPm2hq7,https://open.spotify.com/track/0wqMRiXBiCsqmVLjPm2hq7,ethereal mystical enchanting
Enchanted Walk,Stephen Rhodes,The Lost Garden,2010-05-10,2bJQJNMH5VdfPN1P8aSfA2,https://open.spotify.com/track/2bJQJNMH5VdfPN1P8aSfA2,ethereal mystical enchanting
Magical Sounds,Natural Sounds to Sleep,"Deep Sleeping – Ambient Music for Deep Dreaming, Relaxation and Sleep",2016-12-06,4qAzqqzRHXwE4cf8Tgh2DJ,https://open.spotify.com/track/4qAzqqzRHXwE4cf8Tgh2DJ,ethereal mystical enchanting
Enchanted Kingdom - Instrumental Version,Magnum Opus,Magical Fantasy Adventure,2012-12-14,3VAJ2uKnvdm3NpoC4Rf0sw,https://open.spotify.com/track/3VAJ2uKnvdm3NpoC4Rf0sw,ethereal mystical enchanting
"Ethereal Healing Music, Chakra Healing, Cleanse Negative Energy, Reiki, Meditation",Brainwave Music,Untethered Consciousness,2021-01-06,0w0z1wkj3cFYIS95TRU0gc,https://open.spotify.com/track/0w0z1wkj3cFYIS95TRU0gc,ethereal mystical enchanting
Enchanted Slumber Echoes,Ambia Music,Dreamy Lullabies: Sleepy Soundscapes for All Ages,2023-10-06,1BCVQL77irdUjTR6JCMB7M,https://open.spotify.com/track/1BCVQL77irdUjTR6JCMB7M,ethereal mystical enchanting
Enchanted Forest Meditation,Relaxing Guru,Relaxing Forest Meditation Music Ses. 1,2021-10-01,0KlhwE3N9PBXzIEq1ptX8R,https://open.spotify.com/track/0KlhwE3N9PBXzIEq1ptX8R,ethereal mystical enchanting
Soothing Sleep Music,Final Dragons,Enchanted Land - Fantasy Epic Music Atmospheres,2017-03-29,5a4Seo7cCkgJcrlvvdroPX,https://open.spotify.com/track/5a4Seo7cCkgJcrlvvdroPX,ethereal mystical enchanting
Ethereal Dreamscape (Ethereal Nature),Luna Riviera,Ethereal Dreamscape (Ethereal Nature),2024-03-27,1BP0MKpCB7v9Ol5vtNE5Hh,https://open.spotify.com/track/1BP0MKpCB7v9Ol5vtNE5Hh,ethereal mystical enchanting
Peaceful Relaxation,Magic Music Ensemble,"Mysterious Celtic Harp & Flute - Magical, Beautiful & Relaxing Melodies for Stress Relief, Calm and Soothing Meditation",2017-11-21,1bf4ORW8BfmNTo6AwfuyuP,https://open.spotify.com/track/1bf4ORW8BfmNTo6AwfuyuP,ethereal mystical enchanting
"Relaxation Music, Mystical Music and Sounds, Pt. 1",Farino,Mystical Music and Sounds Instrumental (Mysticism - Relaxation Music),2014-07-07,57eVL4681pCJBE4R2WvT4j,https://open.spotify.com/track/57eVL4681pCJBE4R2WvT4j,ethereal mystical enchanting
Ethereal Echoes - Relaxing Ambient Music,Reading Music Company,Chakra Balance,2024-04-05,0jxqb5Usk7VxazsoBJ5WkW,https://open.spotify.com/track/0jxqb5Usk7VxazsoBJ5WkW,ethereal mystical enchanting
Enchanted Echo,Healing Ambience Divine Soul Healing Spiritual Meditation Sounds,Melodic Miracles: Calming Tones for Inner Healing,2023-05-23,39iZ2O09f30ugnvva1YAmn,https://open.spotify.com/track/39iZ2O09f30ugnvva1YAmn,ethereal mystical enchanting
Enchanting Discoveries,Scorched Score Music,Magical Moments,2020-06-22,79EAXn3xerHeDznYcwTrhQ,https://open.spotify.com/track/79EAXn3xerHeDznYcwTrhQ,ethereal mystical enchanting
Enchanted Drumming,Meditation Music Zone,"Best Authentic Arabian Music (Middle East Instrumental Taste, Essential Arabic Nights, Relaxing Oriental Lounge Music)",2018-04-19,2Quhng0lPvAeoGNbJ6ITNI,https://open.spotify.com/track/2Quhng0lPvAeoGNbJ6ITNI,ethereal mystical enchanting
Enchanted Tribe,Elliot Woods,Shamanic Ceremonial Music,2022-04-02,5pXt5DTX0fv74V96V9Jk5d,https://open.spotify.com/track/5pXt5DTX0fv74V96V9Jk5d,ethereal mystical enchanting
Magical Journey,Only Imagine Meditation Universe,"Music for Tarot Reading – Esoteric Ambient, Oriental Music, Mystic Spiritual Journey, Horoscope Reading, Personal Transformation, New Age",2017-08-25,32wWFe57ZzLsL6H5hhqG8v,https://open.spotify.com/track/32wWFe57ZzLsL6H5hhqG8v,ethereal mystical enchanting
Magical Mysterious Forest,Weightless,Calming Fantasy Ambient Journey,2024-09-30,30OYxX4jUFAMkYptG3nHcV,https://open.spotify.com/track/30OYxX4jUFAMkYptG3nHcV,ethereal mystical enchanting
Fairy Forest,Dreaming Fairy,Magic Spell,2022-10-06,4F56U9pJil3rcgjabikdKE,https://open.spotify.com/track/4F56U9pJil3rcgjabikdKE,ethereal mystical enchanting
Angelic Touch,Celtic Chillout Meditation Academy,Magical Celtic Music: Relaxing Harp with Nature Sounds,2019-07-08,6r6qGD2ggy6D6ipURrmjj7,https://open.spotify.com/track/6r6qGD2ggy6D6ipURrmjj7,ethereal mystical enchanting
Mystery Forest,Bjørn Lynne,Reiki Yoga Melodies,2019-12-21,5M3CNdEtSHcjJOmsprjl4a,https://open.spotify.com/track/5M3CNdEtSHcjJOmsprjl4a,ethereal mystical enchanting
Celestial Egyptian Oasis - Perfect for Relaxation and Meditation,Ethereal Dreams,Pure Deep Relaxation,2009-01-28,3pXqVB2lrdlrecQ1UnM5jc,https://open.spotify.com/track/3pXqVB2lrdlrecQ1UnM5jc,ethereal mystical enchanting
"Ambience, Fantasy - Mysterious Space Drone with High Pitched Shimmering, Sci Fi, Synth Fantasy Ambiences",Sound Effects Library,Magical: Sound Effects,2012-05-15,1nEVx2jF2aCl9hokij9tnL,https://open.spotify.com/track/1nEVx2jF2aCl9hokij9tnL,ethereal mystical enchanting
Ethereal Dreamscape,Massage Music,Blissful Horizons: Spa Relaxation Music,2024-10-08,2TdJ6ckgccHqQOQMVem3DT,https://open.spotify.com/track/2TdJ6ckgccHqQOQMVem3DT,ethereal mystical enchanting
Mystical Celestial,Spa Music Relaxation,Ambience for Spa Relaxation,2024-11-22,211Y2f2EFI75cZy5r9oEVJ,https://open.spotify.com/track/211Y2f2EFI75cZy5r9oEVJ,ethereal mystical enchanting
"Mysticism, Music and Sounds Instrumental, Pt. 2",Farino,Mystical Music and Sounds Instrumental (Mysticism - Relaxation Music),2014-07-07,14zRuLLDrlWaHXum4ZFaSx,https://open.spotify.com/track/14zRuLLDrlWaHXum4ZFaSx,ethereal mystical enchanting
Mystical Meditation,Tranquility Spa Universe,Wellness Music (2018 Best Selection for Spa Massage),2017-12-13,1ieCsYFnAQlQ32A2rq8x44,https://open.spotify.com/track/1ieCsYFnAQlQ32A2rq8x44,ethereal mystical enchanting
The Enchanted Valley,Music Body and Spirit,Native American Flute,2022-04-20,12lD3gNGVxNqwjGztGGW74,https://open.spotify.com/track/12lD3gNGVxNqwjGztGGW74,ethereal mystical enchanting
Enchanted Mists - 15 Minutes Version,Stillness in Motion,Enchanted Mists,2021-08-19,46Ppk6xX3TC4onY7PkHODL,https://open.spotify.com/track/46Ppk6xX3TC4onY7PkHODL,ethereal mystical enchanting
Enchanted Forest,Ressa Schwarzwald,Legends of Eisenwald (Original Game Soundtrack),2015-10-15,0zGre2Exe5eOETTVZhobvH,https://open.spotify.com/track/0zGre2Exe5eOETTVZhobvH,ethereal mystical enchanting
Enchanted Womb Dreamscape,Biologique,Celestial Womb Lullaby,2024-05-24,6qKX4WlVuDKlEita5osWZF,https://open.spotify.com/track/6qKX4WlVuDKlEita5osWZF,ethereal mystical enchanting
Enchanting Echoes,Sounds From Heaven,Ethnic Flute Melodies,2023-11-29,4sA2Bk8gdoQ9ByzjcHvczr,https://open.spotify.com/track/4sA2Bk8gdoQ9ByzjcHvczr,ethereal mystical enchanting
Ambient sleep,Enchanted Feel,Ambient Daydreams,2024-08-21,2k9PN0lYhCw8K34lxdTOXt,https://open.spotify.com/track/2k9PN0lYhCw8K34lxdTOXt,ethereal mystical enchanting
Forest Journey,Nature Spirit,Enchanted Rainforest - A Loopable Meditation and Sleep System,2014-10-14,3bNCdBdeA4zgHnSAF3sCN8,https://open.spotify.com/track/3bNCdBdeA4zgHnSAF3sCN8,ethereal mystical enchanting
Etheral Ambience,Relaxation Auras,Spiritual Relaxation & Meditation Music,2024-07-13,2AqumX2HqrHVKITbnWb9Js,https://open.spotify.com/track/2AqumX2HqrHVKITbnWb9Js,ethereal mystical enchanting
Meditation Music,Zenith Sky,Enchantment in Daylight's Glow,2020-09-29,6hkbaO6yTy4RpDSKRQou8A,https://open.spotify.com/track/6hkbaO6yTy4RpDSKRQou8A,ethereal mystical enchanting
Mystic Forest Ambience,Airship Express,Spirit of the Forest Solfeggio (Harmonic Woodland Oasis),2023-04-27,6JTJTXsHvk1tmTf2QWtKm3,https://open.spotify.com/track/6JTJTXsHvk1tmTf2QWtKm3,ethereal mystical enchanting
Relaxing Music and Gentle Ambience,Zenith Sky,Enchantment in Daylight's Glow,2020-09-29,5UPuahhxlJMAKjGEnuRdnu,https://open.spotify.com/track/5UPuahhxlJMAKjGEnuRdnu,ethereal mystical enchanting
Magical Relaxation,Spa Music Paradise,"Dreamy Spa (30 Relaxing Saxophone for Massage, Spa Wellness and Aromatherapy Room Background)",2017-11-24,6sqVGCGfW8rcmdO1ySM7KX,https://open.spotify.com/track/6sqVGCGfW8rcmdO1ySM7KX,ethereal mystical enchanting
Magical Forest Stream with Celtic Flute Meditation Music & Distant Birds (Loopable),Nature Sound Retreat,Enchanted Celtic Forest,2022-03-11,2Mw0QPpCTL7r1YfQdT69SM,https://open.spotify.com/track/2Mw0QPpCTL7r1YfQdT69SM,ethereal mystical enchanting
The Mystical Aura,Jason Stephenson,The Mystical Aura,2020-04-30,7Ex1DU7wx4jMbjR3LLgRiQ,https://open.spotify.com/track/7Ex1DU7wx4jMbjR3LLgRiQ,ethereal mystical enchanting
Enchanting Embrace of Night,Deep Sleep Music Maestro,"Hypnotic Slumber: Soundscapes for Deep, Restorative Sleep",2025-02-14,5t8j34oDPynvcA2YmyxgKb,https://open.spotify.com/track/5t8j34oDPynvcA2YmyxgKb,ethereal mystical enchanting
Mystic Seashore,Music of the Forest,Unwind with Nature,2017-09-02,3r1304mLZFM3viOQnMbi6r,https://open.spotify.com/track/3r1304mLZFM3viOQnMbi6r,ethereal mystical enchanting
Mystical Melodies of Nature,Rain Sounds,Nature Sounds: Whispers of the Enchanted Woods,2023-05-27,3RMeyFAkpuOKewh2KyyZGK,https://open.spotify.com/track/3RMeyFAkpuOKewh2KyyZGK,ethereal mystical enchanting
Tranquil Etherial Drift,Ambia Music,Enchanted Sleepscapes - For restful Nights,2023-10-06,5OoAz78cIpDn5I8ElsLrBV,https://open.spotify.com/track/5OoAz78cIpDn5I8ElsLrBV,ethereal mystical enchanting
Enchanted Nightfall Melodies,Ambia Music,Enchanted Sleepscapes - For restful Nights,2023-10-06,1hwEw7t4De1Ya9gfNQr7UY,https://open.spotify.com/track/1hwEw7t4De1Ya9gfNQr7UY,ethereal mystical enchanting
Enchanted Slumber Odyssey,Ambia Music,Enchanted Sleepscapes - For restful Nights,2023-10-06,1aVDJVuo7eAv6dcf2u3y3n,https://open.spotify.com/track/1aVDJVuo7eAv6dcf2u3y3n,ethereal mystical enchanting
Ethereal Awakening,Ambiente de Meditación,Meditation Awakening,2023-08-10,5GtbCG4eaQRotAqizoQ7ls,https://open.spotify.com/track/5GtbCG4eaQRotAqizoQ7ls,ethereal mystical enchanting
Ethereal Beauty,Logical Elements,Unexplored Elements,2020-01-09,333bF6nL4Qz0Ioejq2Hk8l,https://open.spotify.com/track/333bF6nL4Qz0Ioejq2Hk8l,ethereal mystical enchanting
Enchanted Ancient Forest - Instrumental Medieval / Renaissance Version,Beyond Adventure,RPG Background Medieval Fantasy Music (Instrumental Volume 1),2025-06-20,2jZwh2FWSqjB2JXRKvmDu2,https://open.spotify.com/track/2jZwh2FWSqjB2JXRKvmDu2,ethereal mystical enchanting
Serene Celtic Ambient,Greatest Kids Lullabies Land,"Fairytale Music for Kids: Background to Read Fairy Bales, Play with Children, Lullabies to Sleep",2020-07-11,3biWWOPElgIHd7doySv1oC,https://open.spotify.com/track/3biWWOPElgIHd7doySv1oC,ethereal mystical enchanting
Into the enchanted forest,Karl Edh,Into the enchanted forest,2022-04-22,3tJBqKlYMCyL2ONms8E7MO,https://open.spotify.com/track/3tJBqKlYMCyL2ONms8E7MO,ethereal mystical enchanting
"Mysticism, Music and Sounds Instrumental, Pt. 3",Farino,Mystical Music and Sounds Instrumental (Mysticism - Relaxation Music),2014-07-07,3odBSZxKHOPppvsouNRIez,https://open.spotify.com/track/3odBSZxKHOPppvsouNRIez,ethereal mystical enchanting
Enchanted Forest,Relaxation Meditation Songs Divine,"3 Hours Of Meditation Music: Relaxing Sounds From Nature & Calming Soft Melodies To Relax, Sleep, Study",2023-08-18,6ZWEZpnzrasJXicyHxgnBO,https://open.spotify.com/track/6ZWEZpnzrasJXicyHxgnBO,ethereal mystical enchanting
Enchanting Sounds Of Earth (432 Hz),Aristides Okoro,Enchanting Sounds Of Earth (432 Hz),2023-03-16,4AEYbfvt2PTEFhE4vlQCJf,https://open.spotify.com/track/4AEYbfvt2PTEFhE4vlQCJf,ethereal mystical enchanting
Magical Noises,Lola Lullaby,Enchanted Flute (Water Lullabies),2022-09-05,56l7FAQXGJg9Tb1n2y9aWx,https://open.spotify.com/track/56l7FAQXGJg9Tb1n2y9aWx,ethereal mystical enchanting
Ethereal Dreamscape Journey,Whispers of the Earth,Soul Flow,2024-10-18,6WQoWD5RbPx1WyXTmr5e0M,https://open.spotify.com/track/6WQoWD5RbPx1WyXTmr5e0M,ethereal mystical enchanting
Enchanted Forest,Ian Cameron Smith,Rhythmist,1995-06-01,3XLDbKvcyaf9hZxM1FThjn,https://open.spotify.com/track/3XLDbKvcyaf9hZxM1FThjn,ethereal mystical enchanting
Mystical Vision,Massage Music,Relax with Massage Music,2015-10-28,5PG2WgnHWh0aqJHVgebrbC,https://open.spotify.com/track/5PG2WgnHWh0aqJHVgebrbC,ethereal mystical enchanting
Mystic,Music Of The Spheres,Vol. 1 (432hz),2017-04-11,2Jy8eR3j9s2JeFGbSf3WnN,https://open.spotify.com/track/2Jy8eR3j9s2JeFGbSf3WnN,ethereal mystical enchanting
Mystical Dream,Gentle Baby Lullabies World,"Celtic Music for Babies - Lullaby for Deep Sleep, Irish Soothing Sounds",2018-01-11,13TsRGay4xd07Mh3SsIziv,https://open.spotify.com/track/13TsRGay4xd07Mh3SsIziv,ethereal mystical enchanting
Wood Elf Healing Forest,Ambient Realms,"Massive Ambient Music, Vol.3",2016-01-14,4lBzJOVeR1UUO39Zkai6YH,https://open.spotify.com/track/4lBzJOVeR1UUO39Zkai6YH,ethereal mystical enchanting
Enchanted Forest,Theo Hill,Interstellar Adventures,2018-05-04,2wXX7SHTfIQ3pBdPDvDERi,https://open.spotify.com/track/2wXX7SHTfIQ3pBdPDvDERi,ethereal mystical enchanting
Ethereal Evening,Ambient Dreamscapes,Night Ambience,2024-05-18,68vlnPrU2jpXVUors6f2aT,https://open.spotify.com/track/68vlnPrU2jpXVUors6f2aT,ethereal mystical enchanting
Enchanted Opening,Solara Dawn,! ! ! ! ! ! ! ! A Natural Spa: Calming Atmospheres ! ! ! ! ! ! ! !,2021-08-17,5U0Ne6VlQCRyAATzKyMWdU,https://open.spotify.com/track/5U0Ne6VlQCRyAATzKyMWdU,ethereal mystical enchanting
Ambient Awakening,Meditation Music Zone,"Magic Garden of Meditation - Positive Affirmations, Find Mindfulness, Relaxation Oasis, Morning Yoga",2018-10-01,4C6JGZVBY7stf8KpgQeB0z,https://open.spotify.com/track/4C6JGZVBY7stf8KpgQeB0z,ethereal mystical enchanting
Ethereal,Ambient Piano Music,Piano Music for Sleep and Meditation,2022-09-06,3gR0kqAFZwbMXwjRKiIJOV,https://open.spotify.com/track/3gR0kqAFZwbMXwjRKiIJOV,ethereal mystical enchanting
Ethereal Dreams,Lola Lullaby,Enchanted Flute (Water Lullabies),2022-09-05,6z5E2p3kn5R2qxjOEfc3WZ,https://open.spotify.com/track/6z5E2p3kn5R2qxjOEfc3WZ,ethereal mystical enchanting
Ethereal Sleep,Music Body and Spirit,Sleep Meditation,2022-03-06,4Hb7jZnmWhxlwXOEvQ3BjJ,https://open.spotify.com/track/4Hb7jZnmWhxlwXOEvQ3BjJ,ethereal mystical enchanting
Whispered Lullabies,Final Dragons,Enchanted Land - Fantasy Epic Music Atmospheres,2017-03-29,6AZPXEtFtCeBFgXthFFlRT,https://open.spotify.com/track/6AZPXEtFtCeBFgXthFFlRT,ethereal mystical enchanting
Magical Mysterious Forest (No Voice Version),Weightless,Calming Fantasy Ambient Journey,2024-09-30,7iIzcfkQPKiF0dtIqHFx8K,https://open.spotify.com/track/7iIzcfkQPKiF0dtIqHFx8K,ethereal mystical enchanting
Mystical Rainforest(Relax Music),Georgii Cherkin,Mystical Rainforest(Relax Music),2012-12-07,70qJDjlD2b19TRRcKbPw4o,https://open.spotify.com/track/70qJDjlD2b19TRRcKbPw4o,ethereal mystical enchanting
Mystic Moonlit Mosaic,Ethereal Drifters,Calm Nebula: Serenades for Deep Dreaming,2023-11-16,4zaeNE6mUHs4KT2xzPPk6k,https://open.spotify.com/track/4zaeNE6mUHs4KT2xzPPk6k,ethereal mystical enchanting
Ethereal Cloud Journey,Massage Music,Light Bath: Soothing Spa Sounds,2024-12-15,6JuZyWA2mLFLxCrIbPXKcs,https://open.spotify.com/track/6JuZyWA2mLFLxCrIbPXKcs,ethereal mystical enchanting
Enchanting Unicorns,Klaus Schønning,Invisible Worlds,2002-01-01,5KLgEfFI6h7wPKSD5bFEVH,https://open.spotify.com/track/5KLgEfFI6h7wPKSD5bFEVH,ethereal mystical enchanting
Mysterious Innocence,Heaven on Earth Instrumental Universe,"Angelic Realm - Deeply Soothing Songs for Mindfulness Meditation, Reiki, Spiritual Healing, Yoga, Deep Sleep",2018-07-23,7oWtT5FDilWx2bygmCMyZA,https://open.spotify.com/track/7oWtT5FDilWx2bygmCMyZA,ethereal mystical enchanting
Enchanted Forest,Crinkles,Soundtrack from a Box 20,2018-01-30,2cSEN78RE5OGomrnLZtEKm,https://open.spotify.com/track/2cSEN78RE5OGomrnLZtEKm,ethereal mystical enchanting
Ethereal Elegance,Dreamweaver Pianist,Enchanted Keys,2023-11-02,2LBQ75aSf443BviFfxoYCT,https://open.spotify.com/track/2LBQ75aSf443BviFfxoYCT,ethereal mystical enchanting
Ethereal,Aiden Appleton,Revelations,2018-09-08,2aIjstC7WxufXufmY3Gp0R,https://open.spotify.com/track/2aIjstC7WxufXufmY3Gp0R,ethereal mystical enchanting
Mystic Vision - Trance Meditation Sounds,Meditation Music Zone,"Top 50 Meditation Background Music (Yoga, Relaxation & Spa, Healing Sounds for Mind, Body & Soul, Serenity Time)",2017-06-12,1p0ZeMhtRESOS3UYBTlxVo,https://open.spotify.com/track/1p0ZeMhtRESOS3UYBTlxVo,ethereal mystical enchanting
Ethereal Relaxation,Solara Dawn,! ! ! ! ! ! ! ! A Natural Spa: Calming Atmospheres ! ! ! ! ! ! ! !,2021-08-17,4n6YVcBKSc1s7wIKeqnzxK,https://open.spotify.com/track/4n6YVcBKSc1s7wIKeqnzxK,ethereal mystical enchanting
Enchantment [Instrumental],Les Ombres,Wait At The Exit,2010-10-17,4U996wBm4TFlJGo5YD3lzm,https://open.spotify.com/track/4U996wBm4TFlJGo5YD3lzm,ethereal mystical enchanting
Enchanted Forest,Forest Sounds,!!#001 Beautiful Forest Sounds,2020-01-22,7sCr8Pvb4uNchBFpBtaE9v,https://open.spotify.com/track/7sCr8Pvb4uNchBFpBtaE9v,ethereal mystical enchanting
Enchanted Embrace,"Sounds Of Nature : Thunderstorm, Rain",Enigmatic Echoes: Voices of the Forest,2023-05-27,6h0oQqyrzu1KI7rOxzU3Cp,https://open.spotify.com/track/6h0oQqyrzu1KI7rOxzU3Cp,ethereal mystical enchanting
Ethereal Journey - Relaxing Ambient Music,Baby Sleeps,Sweet Harmonies,2024-04-10,6MWfKKNuZBHlgIPG1Bql6q,https://open.spotify.com/track/6MWfKKNuZBHlgIPG1Bql6q,ethereal mystical enchanting
Meditation: Ethereal Sensation,Zen Nadir,Spa Relaxation - A Collection of Relaxing Music from the Best Wellness Centers,2016-06-06,22JvnwspKXgL1aV7ac56x5,https://open.spotify.com/track/22JvnwspKXgL1aV7ac56x5,ethereal mystical enchanting
Enchanted Forest,Aetheria,Meditasyon Müzikleri,2025-10-31,5rQl94MJ38MCXyAxdX9Eff,https://open.spotify.com/track/5rQl94MJ38MCXyAxdX9Eff,ethereal mystical enchanting
Magic Mysterious Forest,Sound Collabo,Beautiful Storm Sleep Background,2021-05-26,3cYX5rcCHK1VCMyqwawn2J,https://open.spotify.com/track/3cYX5rcCHK1VCMyqwawn2J,ethereal mystical enchanting
"Enchanted Forest, Pt. 1",David Sun,The Enchanted Forest,1992-01-01,3LL3uwI1pA0DYOMCw8sYvF,https://open.spotify.com/track/3LL3uwI1pA0DYOMCw8sYvF,ethereal mystical enchanting
Magical Ethereal,Piano Relaxation Mood,Acoustic Piano Relaxation,2025-01-27,7IZnm7pwPiInRYSEkwYclU,https://open.spotify.com/track/7IZnm7pwPiInRYSEkwYclU,ethereal mystical enchanting
Flowing Enchantment,Peaceful Ambient,Time in Balance,2023-11-17,2uCNt03b0Ey49JlfW4vDrG,https://open.spotify.com/track/2uCNt03b0Ey49JlfW4vDrG,ethereal mystical enchanting
Enchanted,Misya,Mountain Cabin,2021-08-18,0QlCw9KUBI1Kk7tXBzzMP0,https://open.spotify.com/track/0QlCw9KUBI1Kk7tXBzzMP0,ethereal mystical enchanting
Magical Mysterious Forest (No Piano Version),Weightless,Calming Fantasy Ambient Journey,2024-09-30,7w0JtkSvvq7PU6U0oXzw6S,https://open.spotify.com/track/7w0JtkSvvq7PU6U0oXzw6S,ethereal mystical enchanting
Ethereal Repose,Relaxing Nature Sounds Collection,"Relaxing Nature Etude (Soothing Sounds of Nature, Soothing Singing of Birds)",2023-09-13,44bq2y8tMKtuQbDppoorSD,https://open.spotify.com/track/44bq2y8tMKtuQbDppoorSD,ethereal mystical enchanting
Enriching Intuition,AMBIENT RADIO,Relax And Sleep,2022-05-12,71bgFY41JonzwTklq765qc,https://open.spotify.com/track/71bgFY41JonzwTklq765qc,ethereal mystical enchanting
Mystic Night,Natural Sounds to Sleep,"Deep Sleeping – Ambient Music for Deep Dreaming, Relaxation and Sleep",2016-12-06,3ggi7UqSukt0F42NyRx14U,https://open.spotify.com/track/3ggi7UqSukt0F42NyRx14U,ethereal mystical enchanting
Magic Energy,Mysterious World Music,Celtic Dance of Freedom: 1 Hours of Celtic Fantasy Music 2022,2022-01-25,1J2BQ7oPh1kYv9oAPTEG7N,https://open.spotify.com/track/1J2BQ7oPh1kYv9oAPTEG7N,ethereal mystical enchanting
Mystic Mist (Where Ancient Trees Murmur Secrets in the Veils of Morning Mist),Enchanted Forest,Enchanted Forest,2024-03-26,0INXJAhDErUYNPeYQRfRQt,https://open.spotify.com/track/0INXJAhDErUYNPeYQRfRQt,ethereal mystical enchanting
Magic Forest,Sergeant M,"Mystery Music, Vol. 1",2018-03-02,13Fpg128nUomADe8xO57yR,https://open.spotify.com/track/13Fpg128nUomADe8xO57yR,ethereal mystical enchanting
Ethereal Mist,Lunariaproject,Mist,2015-02-20,7w2NA7YjburgVaSdBUMBTp,https://open.spotify.com/track/7w2NA7YjburgVaSdBUMBTp,ethereal mystical enchanting
Mystical Moonlight,Ambient Dreamscapes,Night Ambience,2024-05-18,2P6JC8gvOyzabOlelHReSZ,https://open.spotify.com/track/2P6JC8gvOyzabOlelHReSZ,ethereal mystical enchanting
"Mystical Nature Ambient Beauty, Pt. 14",Water Soundscapes,White Waterfall,2022-12-28,6ajCRwa64e8ZkfQ6peOOu8,https://open.spotify.com/track/6ajCRwa64e8ZkfQ6peOOu8,ethereal mystical enchanting
Woodland Mystery Atmosphere,Healing Touch Universe,"Serenade of Birds – Relaxing Nature Sounds, Healing Music for Peaceful Ambience, Deep Meditation & Sleep",2016-12-29,1yO7PaG7SOBurcQ00U44dz,https://open.spotify.com/track/1yO7PaG7SOBurcQ00U44dz,ethereal mystical enchanting
Ethereal Arp,Peaceful Tunes,"Inspiring Backgrounds, Vol. 1",2020-05-20,6r2kEChyEd9n0PDvvmfhAX,https://open.spotify.com/track/6r2kEChyEd9n0PDvvmfhAX,ethereal mystical enchanting
Dreamy Piano Ambient – Mystical October,Etrusco Music,Mystical October – Ethereal Ambient Soundscapes,2025-10-12,02u9v1BXBLqnkXaJ5se7aa,https://open.spotify.com/track/02u9v1BXBLqnkXaJ5se7aa,ethereal mystical enchanting
Enchanted Forest,Daisuke MATSUTAKE,Moment,2015-10-10,2TkIdpK0DTSJUo97NRNvkt,https://open.spotify.com/track/2TkIdpK0DTSJUo97NRNvkt,ethereal mystical enchanting
Peaceful Rhythms,Mystic Background Music Masters,"Ethereal Woods: Elven Shamanic Music, Mystical Trance, Tribal Ambient Drums",2023-07-05,4xOhI9n9NvpLf4SlDnVR3v,https://open.spotify.com/track/4xOhI9n9NvpLf4SlDnVR3v,ethereal mystical enchanting
Mystical River,Ambient,Ambient Retreat,2015-12-27,1j2yciLgfkJ7KsZtWjk8t5,https://open.spotify.com/track/1j2yciLgfkJ7KsZtWjk8t5,ethereal mystical enchanting
Ethereal Longing,Enchanted Piano Dream,Dreamer,2023-07-12,2tScoq6SVPGt5ja2f66ute,https://open.spotify.com/track/2tScoq6SVPGt5ja2f66ute,ethereal mystical enchanting
Enchanted Refuge,Spa Music Relaxation,Ambience for Spa Relaxation,2024-11-22,7sXLP9G9WYsNh6XTs3TxNl,https://open.spotify.com/track/7sXLP9G9WYsNh6XTs3TxNl,ethereal mystical enchanting
Ethereal Lullaby,Angelina Voloshenko,Dreamland Lullabies,2024-06-30,2U4YHqW4myzx1txUzApnNQ,https://open.spotify.com/track/2U4YHqW4myzx1txUzApnNQ,ethereal mystical enchanting
Magical Mysterious Forest (No Voice and Piano Version),Weightless,Calming Fantasy Ambient Journey,2024-09-30,3WLxSkwYFmHzJ9ZVJNVTAb,https://open.spotify.com/track/3WLxSkwYFmHzJ9ZVJNVTAb,ethereal mystical enchanting
Mystic Forest,Whispers in the Wind,Rustling Breezes,2023-05-15,5O6kk0r8eO9lx0EvFKJUDC,https://open.spotify.com/track/5O6kk0r8eO9lx0EvFKJUDC,ethereal mystical enchanting
In an Enchanted Woodland Glade,Ralph Lundsten,In the Fairytale World,2010-10-06,5dipYJRE9AymMjj4y5lrkd,https://open.spotify.com/track/5dipYJRE9AymMjj4y5lrkd,ethereal mystical enchanting
Celtic Enchantment,Rebecca Reads Recordings,Celtic Enchantment,2020-12-09,4NgfVEUepfD0pclT3ImTwh,https://open.spotify.com/track/4NgfVEUepfD0pclT3ImTwh,ethereal mystical enchanting
Ethereal,TCO,Healing Music,2014-01-01,6ViNl4t0MoUCVxmM4dQFd6,https://open.spotify.com/track/6ViNl4t0MoUCVxmM4dQFd6,ethereal mystical enchanting
Mystical Dreams,Vaeros,Ethereal,2018-03-14,1yGyxdUKEAe73Rrwy4FCUx,https://open.spotify.com/track/1yGyxdUKEAe73Rrwy4FCUx,ethereal mystical enchanting
Mystic Forest,FarBeyond Studio,Fantasy Music Loops,2016-12-01,293obBeikIodWnGboLzskU,https://open.spotify.com/track/293obBeikIodWnGboLzskU,ethereal mystical enchanting
Enchanted Echoes,Spidery,Silver Reflections,2017-09-02,2T0NWHooadPLgTMlVDVDjJ,https://open.spotify.com/track/2T0NWHooadPLgTMlVDVDjJ,ethereal mystical enchanting
Enchantment,Les Ombres,Travelling,2008-12-01,5KuJ1TtDFmBcgqKUnqu0Bd,https://open.spotify.com/track/5KuJ1TtDFmBcgqKUnqu0Bd,ethereal mystical enchanting
Irish Dreamy Fantasy,Natural Healing Music Zone,"Celtic Woods: Enchanted Relaxing Music, Celtic Meditation, Beautiful Guitar, Harp, Flute",2019-03-11,6QSK9aCnwarKC6Ch3qUIpc,https://open.spotify.com/track/6QSK9aCnwarKC6Ch3qUIpc,ethereal mystical enchanting
Enchanting flowers,Martian,REBORN,2019-07-16,24zvCwWhKDqKJkIbS13Ttd,https://open.spotify.com/track/24zvCwWhKDqKJkIbS13Ttd,ethereal mystical enchanting
Fairy Enchanted Mushroom Forest,Enchanted Nights Ambience,Fairy Enchanted Mushroom Forest,2025-08-23,56zbwYNuYUn7ltkrzXznZz,https://open.spotify.com/track/56zbwYNuYUn7ltkrzXznZz,ethereal mystical enchanting
Enchanted Flute,Healing Oriental Spa Collection,"Sounds of Hammam: Best Turkish Spa Music, Wellness Relaxation, Oriental Turkish Music",2019-03-01,3THuF7G254wyOrbbPDUCwQ,https://open.spotify.com/track/3THuF7G254wyOrbbPDUCwQ,ethereal mystical enchanting
Mystic,Reiki Crystals,Reiki Distance Healing - Universal Life Energy Music for Future & Past Heal Sessions,2017-10-03,4moSTGDOArY98EpeVKDJma,https://open.spotify.com/track/4moSTGDOArY98EpeVKDJma,ethereal mystical enchanting
Mystic Chant,Darshan Atmosphere,Mystical Realms,2020-11-21,5b1qcKsPdHcGFL0tFIYKcj,https://open.spotify.com/track/5b1qcKsPdHcGFL0tFIYKcj,ethereal mystical enchanting
Esoteric Experience,Background Music Collection,"Background Music for Astrology – Reading the Stars, Music for the Night, Watching the Sky, Soothing New Age Music, Calming Sounds, Esoteric Night, Music for Horoscope",2017-07-07,5ud4afHWjRfGk3AkXPJ6DR,https://open.spotify.com/track/5ud4afHWjRfGk3AkXPJ6DR,ethereal mystical enchanting
Enchanted Realms,Melody Explorer,Harmonic Fusion Adventure,2023-11-02,6cMJ3uevwHzcpK2f1pviup,https://open.spotify.com/track/6cMJ3uevwHzcpK2f1pviup,ethereal mystical enchanting
Ethereal Embrace,Massage Music,Velvet Silence: Calming Massage Music,2024-11-06,0owxXoR3zQ33oumy7OfcEM,https://open.spotify.com/track/0owxXoR3zQ33oumy7OfcEM,ethereal mystical enchanting
Enchanted Forest,FIFTYSOUNDS,Film Music V. 2,2021-09-11,2ADTi3GVtlqX8a2P9HocAF,https://open.spotify.com/track/2ADTi3GVtlqX8a2P9HocAF,ethereal mystical enchanting
The Witching Hours (Ambient Pop),Spa Age,"Scarlet Evening Lounge - Music for Quarantine Days, Vol. 6",2020-05-28,5zrY5fRoLuALgQRIIoo999,https://open.spotify.com/track/5zrY5fRoLuALgQRIIoo999,ethereal mystical enchanting
Etheral Ease,Ambient Piano Music,Piano Music for Sleep and Meditation,2022-09-06,7s8cVXShdjAX0eUE6F1gG4,https://open.spotify.com/track/7s8cVXShdjAX0eUE6F1gG4,ethereal mystical enchanting
Mystic Forest,Maya Theravada,Celtic Dreams,2017-10-21,7jjvGhKRJil9JHzph98Vtb,https://open.spotify.com/track/7jjvGhKRJil9JHzph98Vtb,ethereal mystical enchanting
Mysterious Soundscapes,Meditation Relax Club,15 Soft Atmospheres: Lucid Dreaming Meditation Relax Club Music to Sleep Through the Night,2020-04-27,153bPvJSp0jFoC30gs1Hq7,https://open.spotify.com/track/153bPvJSp0jFoC30gs1Hq7,ethereal mystical enchanting
Mystical Reincarnation,Healing Oriental Spa Collection,"Meditation in Solitary: Arabian Journey Through Magical Sand, Arabian Flute",2021-11-15,5cSGw058uuNtnKdT99comM,https://open.spotify.com/track/5cSGw058uuNtnKdT99comM,ethereal mystical enchanting
Forest Enchantment,Solara Dawn,! ! ! ! ! ! ! ! A Natural Spa: Calming Atmospheres ! ! ! ! ! ! ! !,2021-08-17,1U4kutrtWpOzMzLEPUCSxM,https://open.spotify.com/track/1U4kutrtWpOzMzLEPUCSxM,ethereal mystical enchanting
Ethereal Echoes,Ambient Alchemist,Stillness Within,2023-10-24,49RZxcyBCz7Hv76Ald8F1W,https://open.spotify.com/track/49RZxcyBCz7Hv76Ald8F1W,ethereal mystical enchanting
Enchanted Journey,Janne Seppänen,Cinematic Fantasy Game Music Pack,2021-05-16,11MGBQWowjKTsQcPJsHZOg,https://open.spotify.com/track/11MGBQWowjKTsQcPJsHZOg,ethereal mystical enchanting
Mystical Regeneration,Calm Music Zone,Irish Relaxation: Calming Celtic Instrumental Music and Beautiful Nature,2019-02-08,1mPlxzsFDMmolR3xbl7O98,https://open.spotify.com/track/1mPlxzsFDMmolR3xbl7O98,ethereal mystical enchanting
Magical Forest,Nature Sounds,20 Serene Tracks,2018-07-10,2rvoE2YrGiOmRxhzGXDeKR,https://open.spotify.com/track/2rvoE2YrGiOmRxhzGXDeKR,ethereal mystical enchanting
Mystical Exotic Eastern Ambience,Bobby Cole,"Bobby Cole, Vol. 32",2018-02-07,0181MfUhFSpfYNJYU0bn5j,https://open.spotify.com/track/0181MfUhFSpfYNJYU0bn5j,ethereal mystical enchanting
Ethereal Music,Brainwave Studying Music Academy,Study Music - Music for Learning and Studying,2017-02-24,4IINlQLpJhyqo7V2LBjrvh,https://open.spotify.com/track/4IINlQLpJhyqo7V2LBjrvh,ethereal mystical enchanting
Enchanted Forest Dreams,Relaxing BGM Project,Natural Relaxation: Healing through Nature's Melodies,2023-05-03,5UvtyifDenHJgPSIF75Q3I,https://open.spotify.com/track/5UvtyifDenHJgPSIF75Q3I,ethereal mystical enchanting
Soothing Harmonies,Spiritloom,Enchanted Arcadia,2018-12-05,2gDOOZfet2NWXHL1ii895c,https://open.spotify.com/track/2gDOOZfet2NWXHL1ii895c,ethereal mystical enchanting
Ethereal,The Relaxation Principle,Ethereal,2019-07-09,53uZGKRZw2UXOiuMXiINq3,https://open.spotify.com/track/53uZGKRZw2UXOiuMXiINq3,ethereal mystical enchanting
AMBIENT PIANO AND STRINGS,Zakhar Valaha,AMBIENT PIANO AND STRINGS,2019-09-19,5BgEzeprSjcceV3LcE1PT2,https://open.spotify.com/track/5BgEzeprSjcceV3LcE1PT2,ethereal mystical enchanting
Ethereal Glow - Relaxing Ambient Music,Baby Sleeps,Sweet Harmonies,2024-04-10,4Pal9FG3J0HxHIzPE6ASnF,https://open.spotify.com/track/4Pal9FG3J0HxHIzPE6ASnF,ethereal mystical enchanting
Ethereal Passage,Deep Relaxation Ensemble,Elevator to the Moon,2015-02-09,4ldlx7esc28irH2HXz6jxr,https://open.spotify.com/track/4ldlx7esc28irH2HXz6jxr,ethereal mystical enchanting
Enchanted Rainfall,SleepTherapy,Sleep Sounds,2021-02-16,1xo5pNpVQdq8xyxvEXNMWZ,https://open.spotify.com/track/1xo5pNpVQdq8xyxvEXNMWZ,ethereal mystical enchanting
Mystical Land,Marcelo Gallo,Celtic World,2004,6AWHeUjaWzhoT9Uyd232ZS,https://open.spotify.com/track/6AWHeUjaWzhoT9Uyd232ZS,ethereal mystical enchanting
Mystic Voyage Through Yourself,Relaxing Spa Music Zone,"50 Meditation Spaces: Deep Sleep Sounds, Yoga & Spa Massage, Meditation Guru, Healing Music, Relaxing Blissful Time",2017-03-13,4hqvJi4kgcN3CU2YNxnE5c,https://open.spotify.com/track/4hqvJi4kgcN3CU2YNxnE5c,ethereal mystical enchanting
Gentle Springs,Arctic Comfort,Enchanted Walkway Wanderlust,2017-11-06,1GA7RP8BS7Gu9NfWC1T0nu,https://open.spotify.com/track/1GA7RP8BS7Gu9NfWC1T0nu,ethereal mystical enchanting
Music Waterfall,Spiritloom,Enchanted Arcadia,2018-12-05,0OXpTxAnHerJOSMlnye2aE,https://open.spotify.com/track/0OXpTxAnHerJOSMlnye2aE,ethereal mystical enchanting
Mystic Aura - Relaxing Ambient Music,Baby Sleeps,Sweet Harmonies,2024-04-10,3f7VJfoGfXZNxXhCbj4oNY,https://open.spotify.com/track/3f7VJfoGfXZNxXhCbj4oNY,ethereal mystical enchanting
Ethereal,Peaceful Ambient,Peaceful Sleep,2023-04-24,7GOCQIgQFl1spgU4cH1WuV,https://open.spotify.com/track/7GOCQIgQFl1spgU4cH1WuV,ethereal mystical enchanting
