track_name,artist_name,album_name,release_date,track_id,spotify_url,mood_keywords
Prologue,Gísli Gunnarsson,Reverence,2022-08-08,3wq9WcSq254bgomlxL1m8p,https://open.spotify.com/track/3wq9WcSq254bgomlxL1m8p,atmospheric narrative evocative
Ambient Emotional Cinematic,Romansenykmusic,Soft Cinematic Soundtracks,2020-03-19,3iRW391RwTm8QN9jSqjwmQ,https://open.spotify.com/track/3iRW391RwTm8QN9jSqjwmQ,atmospheric narrative evocative
"Enchanted Lands, Vol. I",The Guild of Ambience,"Enchanted Lands, Vol. I",2017-01-03,7y1Tcd50q87U8bIOA9Stda,https://open.spotify.com/track/7y1Tcd50q87U8bIOA9Stda,atmospheric narrative evocative
"Enchanted Lands, Vol. II",The Guild of Ambience,"Enchanted Lands, Vol. II",2017-08-20,3BNjgAYJVWrCG7jP9Sr66l,https://open.spotify.com/track/3BNjgAYJVWrCG7jP9Sr66l,atmospheric narrative evocative
Prelude,Arctic Lake,Closer,2017,5YD2qNHfC58SskuaC88sQm,https://open.spotify.com/track/5YD2qNHfC58SskuaC88sQm,atmospheric narrative evocative
Emotional Ambient Piano,OlexandrMusic,Emotional Ambient Piano,2022-07-08,1F7dGf03Hpf7qkfjQINjSS,https://open.spotify.com/track/1F7dGf03Hpf7qkfjQINjSS,atmospheric narrative evocative
Epilogue,Ólafur Arnalds,Epilogue,2021-02-19,7lEfD3Sz6ibitGq0UanGMr,https://open.spotify.com/track/7lEfD3Sz6ibitGq0UanGMr,atmospheric narrative evocative
Magic Forest,Moonlynx,"Fantasy Ambient, Vol. 1",2022-06-17,2KCzK97irsOOq2395FoiJL,https://open.spotify.com/track/2KCzK97irsOOq2395FoiJL,atmospheric narrative evocative
Remembrance,Sami J. Laine,Remembrance,2021-03-05,1g6xwErgJym8lwLdPowMmb,https://open.spotify.com/track/1g6xwErgJym8lwLdPowMmb,atmospheric narrative evocative
Our Destiny,Dominik A. Hecker,Our Destiny,2017-01-01,0rPnymnzk0DOO2dYiTbq5S,https://open.spotify.com/track/0rPnymnzk0DOO2dYiTbq5S,atmospheric narrative evocative
Ambient Travel,Michael Wyckoff,Bonetones (Original Game Soundtrack),2019-12-10,6xCCgnYGGDWVXqfHzdMkCQ,https://open.spotify.com/track/6xCCgnYGGDWVXqfHzdMkCQ,atmospheric narrative evocative
Enchanted Night,Moonlynx,"Fantasy Ambient, Vol. 1",2022-06-17,3b5gPyK7eA1dDMZYZd0ASi,https://open.spotify.com/track/3b5gPyK7eA1dDMZYZd0ASi,atmospheric narrative evocative
Environments,Berlinist,Gris (Original Game Soundtrack),2018-12-13,05PjXVo8aIYSNZBCWKOFFH,https://open.spotify.com/track/05PjXVo8aIYSNZBCWKOFFH,atmospheric narrative evocative
Fjords,Moonlynx,"Fantasy Ambient, Vol. 2",2022-09-09,4nlUFjtbKbiizC7xUrklWI,https://open.spotify.com/track/4nlUFjtbKbiizC7xUrklWI,atmospheric narrative evocative
A Nostalgic Dream,Peter Gundry,A Nostalgic Dream,2014-05-20,2kMX6CPNN7mC1SgmYhuEge,https://open.spotify.com/track/2kMX6CPNN7mC1SgmYhuEge,atmospheric narrative evocative
Fragment II,Library Tapes,Fragment,2008-12-08,7vv4tJIsMFm3XnDHikiwIc,https://open.spotify.com/track/7vv4tJIsMFm3XnDHikiwIc,atmospheric narrative evocative
Magnificent Journey,Sound Adventures,Epic Trailers,2011-04-04,6474rEea75GEkJbXNSMSWf,https://open.spotify.com/track/6474rEea75GEkJbXNSMSWf,atmospheric narrative evocative
Approaching Light,David A. Molina,Approaching Light,2024-12-20,2vw8vLtWBmtAf9hvF9ejZo,https://open.spotify.com/track/2vw8vLtWBmtAf9hvF9ejZo,atmospheric narrative evocative
Progressive Progress,Howard Harper-Barnes,The Light from Within,2020-02-07,6Marmee2WT50icMbZP31EU,https://open.spotify.com/track/6Marmee2WT50icMbZP31EU,atmospheric narrative evocative
Epilogue,Gísli Gunnarsson,Reverence,2022-08-08,2mc3IRy1y4RQqEKDKkxZpJ,https://open.spotify.com/track/2mc3IRy1y4RQqEKDKkxZpJ,atmospheric narrative evocative
Interlude,Evocativ,Awakening,2016-11-25,7c7RGFR6Z5wsqfQLNAEUMr,https://open.spotify.com/track/7c7RGFR6Z5wsqfQLNAEUMr,atmospheric narrative evocative
Cinematic Piano Ambient,AShamaluevMusic,Cinematic Inspirational Music,2017-01-01,4BVhvnWYe8H6RtcMYI2ZnL,https://open.spotify.com/track/4BVhvnWYe8H6RtcMYI2ZnL,atmospheric narrative evocative
Serene Awakening,Ambientalism,Blissful Serenades,2021-07-07,68xLHUVQwyMAeo68Rqk0cy,https://open.spotify.com/track/68xLHUVQwyMAeo68Rqk0cy,atmospheric narrative evocative
Ambience,Northern Form,Forest Blue,2020-11-27,79W5WV0KQJy72KQMINHcjX,https://open.spotify.com/track/79W5WV0KQJy72KQMINHcjX,atmospheric narrative evocative
short story ten,Analog Heart,short stories,2020-10-13,3ymrBuZSqpzX1DAlXa109u,https://open.spotify.com/track/3ymrBuZSqpzX1DAlXa109u,atmospheric narrative evocative
Epilogue,Ólafur Arnalds,Nomadland (Original Motion Picture Soundtrack),2021-02-19,5LqyJJiZ3X74giX7n0QxjF,https://open.spotify.com/track/5LqyJJiZ3X74giX7n0QxjF,atmospheric narrative evocative
Inner Landscapes,Lauge,Inner Landscapes,2020-06-26,16mPfLo4EGtJjXcFAYPnkN,https://open.spotify.com/track/16mPfLo4EGtJjXcFAYPnkN,atmospheric narrative evocative
Ambient Sleep,Enchanted Feel,Ambient Sleep,2017-07-06,17Xgs4QHZkcKbcAGXfGMxx,https://open.spotify.com/track/17Xgs4QHZkcKbcAGXfGMxx,atmospheric narrative evocative
Bereavement,Avith Ortega,Metastasis,2018-11-21,6tzBmaCtQlCs4eNBfRt9TR,https://open.spotify.com/track/6tzBmaCtQlCs4eNBfRt9TR,atmospheric narrative evocative
Ambient Instrumental Fall Studying and soft rain,Instrumental Music for Study Focus Concentration Sleepp,POV: Fall Autumn Dark Academia Instrumental Study Music vibes with Rain,2023-10-20,2AE0pBQ7UqrbIDZIYCTgId,https://open.spotify.com/track/2AE0pBQ7UqrbIDZIYCTgId,atmospheric narrative evocative
Iridescent Path,Hilyard,Somnolent,2019-10-29,4tHjZx4Z77XSC64Zhai6MG,https://open.spotify.com/track/4tHjZx4Z77XSC64Zhai6MG,atmospheric narrative evocative
Universalis,Hammock,Universalis,2018-12-07,59uFTXSsJoFKBZASI1nymI,https://open.spotify.com/track/59uFTXSsJoFKBZASI1nymI,atmospheric narrative evocative
Understory,Hilyard,United Soundscapes Oriented to Nature [USON01],2020-11-03,2QcNv6TaZEiFBCYuMGWmif,https://open.spotify.com/track/2QcNv6TaZEiFBCYuMGWmif,atmospheric narrative evocative
Forest Ambient Theme,Esteban Mercado,Forests of Augusta (Original Game Soundtrack),2018-11-15,0OjFotpChOKxz8KgoIADpb,https://open.spotify.com/track/0OjFotpChOKxz8KgoIADpb,atmospheric narrative evocative
Deep Cinematic Emotional Ambient,Romansenykmusic,Soft Cinematic Soundtracks,2020-03-19,3jRNm8EjtoBlmtG2yzVwlL,https://open.spotify.com/track/3jRNm8EjtoBlmtG2yzVwlL,atmospheric narrative evocative
Ambient Sad Piano,DS Productions,Ambient Sad Piano,2020-06-24,5EmcZaEDX7da0wWxklX71m,https://open.spotify.com/track/5EmcZaEDX7da0wWxklX71m,atmospheric narrative evocative
Elegy,Hammock,Mysterium,2017-08-25,32INffzZgARvZv1nmnUevY,https://open.spotify.com/track/32INffzZgARvZv1nmnUevY,atmospheric narrative evocative
Ambient Sleep,The 2 Inversions,Ambient Yoga,2018,7jLNHZWFCfOKYf97buGnSc,https://open.spotify.com/track/7jLNHZWFCfOKYf97buGnSc,atmospheric narrative evocative
Stay,The Ambientalist,Stay,2022-09-02,5Z42lXUESohj1cuNeOphlQ,https://open.spotify.com/track/5Z42lXUESohj1cuNeOphlQ,atmospheric narrative evocative
short story eight,Analog Heart,short stories,2020-10-13,58L4mJxggGgp1mjBCet4ZX,https://open.spotify.com/track/58L4mJxggGgp1mjBCet4ZX,atmospheric narrative evocative
Atmospheric Inspiring Piano,DS Productions,Atmospheric Inspiring Piano,2020-11-02,606lhKCyXEYsHgdoutrLxv,https://open.spotify.com/track/606lhKCyXEYsHgdoutrLxv,atmospheric narrative evocative
Cinematic Ambient Corporate Inspiring Emotional,Romansenykmusic,Soft Cinematic Soundtracks,2020-03-19,009zm4nS6Bl2GtHt2iitDA,https://open.spotify.com/track/009zm4nS6Bl2GtHt2iitDA,atmospheric narrative evocative
Preparations,Avith Ortega,Paradise's Reconstruction,2021-03-24,52LUneWfERPZxnaLslQNGq,https://open.spotify.com/track/52LUneWfERPZxnaLslQNGq,atmospheric narrative evocative
Enchanted Forest,Ambient Realms,"Massive Ambient Music, Vol. 4",2016-08-18,4Sy1qiDuiDIiS46x8YrEAS,https://open.spotify.com/track/4Sy1qiDuiDIiS46x8YrEAS,atmospheric narrative evocative
Background for Beauty,Arctic Comfort,Floating Blissful Haze,2018-12-11,1LzTmh3bM3I2FMfj0vMt6F,https://open.spotify.com/track/1LzTmh3bM3I2FMfj0vMt6F,atmospheric narrative evocative
Hourglass,Thomas Farnon,Reverie,2019-01-11,3itYI2O9y2pOoI7IMfhRDa,https://open.spotify.com/track/3itYI2O9y2pOoI7IMfhRDa,atmospheric narrative evocative
Ambient Writer Music,Writing Music Inspire,Jazz for Writing,2019-12-22,3FxeIZ3hv3ZQdUtdrdycCL,https://open.spotify.com/track/3FxeIZ3hv3ZQdUtdrdycCL,atmospheric narrative evocative
Writing Music Ambient,Writing Music Inspire,Writing Music Ambient,2019-12-06,5LYXEa5JPqS9JsNRXkYgd8,https://open.spotify.com/track/5LYXEa5JPqS9JsNRXkYgd8,atmospheric narrative evocative
Ambient Piano,DS Productions,Ambient Piano,2020-06-24,0as5qJbcWkVOEQXVRMawFl,https://open.spotify.com/track/0as5qJbcWkVOEQXVRMawFl,atmospheric narrative evocative
Oneness Unveiled,Ambientalism,Blissful Serenades,2021-07-07,2Ov7Zi0msflEtFrcD4WQuh,https://open.spotify.com/track/2Ov7Zi0msflEtFrcD4WQuh,atmospheric narrative evocative
Biographical Stories,AXS Music,Strings For Storytelling,2017-12-19,3irwgU4ZAxdSaAPK9QAKFa,https://open.spotify.com/track/3irwgU4ZAxdSaAPK9QAKFa,atmospheric narrative evocative
Background Ambient Atmospheres,Maksym Tkhoryk,Chill Ambient,2022-06-07,7H3VqadkTZT1zqKGS9tj8b,https://open.spotify.com/track/7H3VqadkTZT1zqKGS9tj8b,atmospheric narrative evocative
Ambient Emotional Piano,DS Productions,Ambient Emotional Piano,2021-01-02,053kba2hsZW5OuCxSpP3XI,https://open.spotify.com/track/053kba2hsZW5OuCxSpP3XI,atmospheric narrative evocative
Gothic Style,Background Music Attention,"Gothic, Atmospheric, Dark Ambient",2020-01-13,7bdKDW2FlULw5lveXzESjp,https://open.spotify.com/track/7bdKDW2FlULw5lveXzESjp,atmospheric narrative evocative
Forgotten Story,Cosmograph,The Legend,2016-08-14,4S9CNCQtJlB6ovhFQhMfJa,https://open.spotify.com/track/4S9CNCQtJlB6ovhFQhMfJa,atmospheric narrative evocative
A Wandering Path,Guild of Lore,Storm Haven,2019-08-05,5m00wuZNgopHGPd4jnQvSa,https://open.spotify.com/track/5m00wuZNgopHGPd4jnQvSa,atmospheric narrative evocative
Dark Forest,Ambient Realms,"Massive Ambient Music, Vol.1",2015-03-16,5LYl1xi3941tugJr1GML1Y,https://open.spotify.com/track/5LYl1xi3941tugJr1GML1Y,atmospheric narrative evocative
Tranquil Moonlight Melodies,Ambientalism,Blissful Serenades,2021-07-07,26U7PPRoiOtLt2u61a1cgr,https://open.spotify.com/track/26U7PPRoiOtLt2u61a1cgr,atmospheric narrative evocative
The Essence,Peter Gundry,The Unspoken Tales,2017-03-07,3Zf43TZjbSGNesK77WpHsj,https://open.spotify.com/track/3Zf43TZjbSGNesK77WpHsj,atmospheric narrative evocative
Awakenings,Emancipator,Mountain of Memory,2020-04-03,4eqDDFgm5hi96wgpfUQDLd,https://open.spotify.com/track/4eqDDFgm5hi96wgpfUQDLd,atmospheric narrative evocative
Instrumental Atmosphere,Amelia System,New Age Ambient - Relaxing Electronic Music,2020-04-14,5AoFBXRgN14044BNqi7uVx,https://open.spotify.com/track/5AoFBXRgN14044BNqi7uVx,atmospheric narrative evocative
Cinematic Ambient Piano (bonus track),Dmitriy Sevostyanov,Inspiring Piano,2022-08-17,1Jdxraw1lSH7zq04N6SxS1,https://open.spotify.com/track/1Jdxraw1lSH7zq04N6SxS1,atmospheric narrative evocative
Emotional Ambient,AShamaluevMusic,Emotional Ambient,2019-07-18,3jgl9nSnstp1bIsdpvd8AS,https://open.spotify.com/track/3jgl9nSnstp1bIsdpvd8AS,atmospheric narrative evocative
Ambient Skies,Ian Livingstone,Spatial Elegance,2013-08-26,1Y4WsKipdrdJuVsP54ifxx,https://open.spotify.com/track/1Y4WsKipdrdJuVsP54ifxx,atmospheric narrative evocative
Ambient Cinematic Score,Romansenykmusic,Soft Cinematic Soundtracks,2020-03-19,5k8NwGYULYO9qGVWAzjFPu,https://open.spotify.com/track/5k8NwGYULYO9qGVWAzjFPu,atmospheric narrative evocative
Auditory,Binaural Landscapes,Drones,2019-04-01,6CE98IsifEhpDsO2fEFDur,https://open.spotify.com/track/6CE98IsifEhpDsO2fEFDur,atmospheric narrative evocative
Atmospheric Background,Space Radiance,Ambient Space Music,2019-11-03,7yvgHgfDy9kp9aeon8SdsW,https://open.spotify.com/track/7yvgHgfDy9kp9aeon8SdsW,atmospheric narrative evocative
Floating,The Unquiet Sky,The Engineers,2019-07-12,5nxTfBNI1orpsrPcf8mOQN,https://open.spotify.com/track/5nxTfBNI1orpsrPcf8mOQN,atmospheric narrative evocative
Dwelling,Adam Hurst,Dwelling,2007-01-01,21ebEMDYnD4alRKhwTSx9P,https://open.spotify.com/track/21ebEMDYnD4alRKhwTSx9P,atmospheric narrative evocative
Gleam Guiding the Gauntlet of Genius,Ambientalism,Blissful Serenades,2021-07-07,32mZ5fxoKRHbIqWMqfw6jS,https://open.spotify.com/track/32mZ5fxoKRHbIqWMqfw6jS,atmospheric narrative evocative
Industrial Landscapes,Olivier Deriviere,Vampyr,2018-06-04,7bUUH7VtXofh8ALTlLqScY,https://open.spotify.com/track/7bUUH7VtXofh8ALTlLqScY,atmospheric narrative evocative
Experimental Dreamy Ethereal Choir,Rafael Krux,Neoclassical Ambient Choral Works,2022-02-14,3wstjRIVhwHROGv7Avp1Hd,https://open.spotify.com/track/3wstjRIVhwHROGv7Avp1Hd,atmospheric narrative evocative
Experimental Dark Ambient Cellos,Rafael Krux,Experimental Dark Ambient Cellos,2022-08-10,761F82V78gykTirxID9OMJ,https://open.spotify.com/track/761F82V78gykTirxID9OMJ,atmospheric narrative evocative
Upbeat Ambient,Dmitro Khatskevych,Upbeat Ambient,2021-12-20,5E0YTsg8vmE2bdMsmJpcgB,https://open.spotify.com/track/5E0YTsg8vmE2bdMsmJpcgB,atmospheric narrative evocative
Landscapes,Arna Björnsdóttir,Landscapes,2022-02-25,4aWGTMzgThjpBFNvQly80L,https://open.spotify.com/track/4aWGTMzgThjpBFNvQly80L,atmospheric narrative evocative
Interlude,Otonomi,Interlude,2022-12-05,183BaoA1EBVA6UMQgS2HbY,https://open.spotify.com/track/183BaoA1EBVA6UMQgS2HbY,atmospheric narrative evocative
Light,Thomas J. Curran,Light,2020-11-23,4qVLj4OzZYsCOHSk0PTUfw,https://open.spotify.com/track/4qVLj4OzZYsCOHSk0PTUfw,atmospheric narrative evocative
Narrative Device of Choice,Writing Music Inspire,Retro Writer Vibes,2020-01-14,6JJlpNcKfUB5K9trLnFobw,https://open.spotify.com/track/6JJlpNcKfUB5K9trLnFobw,atmospheric narrative evocative
Essay,Warmth,Essay,2016-06-01,2Db7IagztXoVHcNmTBGNmu,https://open.spotify.com/track/2Db7IagztXoVHcNmTBGNmu,atmospheric narrative evocative
Evoke,Slow Meadow,Evoke,2016-04-15,7IhdTf28KS03l7I6McOStV,https://open.spotify.com/track/7IhdTf28KS03l7I6McOStV,atmospheric narrative evocative
Ambient Instrumental Theme,Ambient Sound Center,"Dramatic Ambient - Gothic Dark Fantasy Ambient, Sad & Somber Background",2019-06-11,6jX3ZxbLz7mHzY7GMVa6LG,https://open.spotify.com/track/6jX3ZxbLz7mHzY7GMVa6LG,atmospheric narrative evocative
Cinematic Ambient Piano,Dmitriy Sevostyanov,Inspiring Piano,2022-08-17,2bFrilsMXQgtORwD5nAks4,https://open.spotify.com/track/2bFrilsMXQgtORwD5nAks4,atmospheric narrative evocative
Ambient Cinematic Adventure,DS Productions,Ambient Cinematic Adventure,2020-06-24,6z7z8Lqs42D90ET21mmSOm,https://open.spotify.com/track/6z7z8Lqs42D90ET21mmSOm,atmospheric narrative evocative
Inspirational Piano Ambient,AShamaluevMusic,Inspirational Piano Ambient,2019-06-20,2R1LD6Yd6Cra8qC7fAqD0U,https://open.spotify.com/track/2R1LD6Yd6Cra8qC7fAqD0U,atmospheric narrative evocative
Ethereal,Peter Sandberg,Implode,2016-11-08,7eQdCOCMWce45Nx3wH186d,https://open.spotify.com/track/7eQdCOCMWce45Nx3wH186d,atmospheric narrative evocative
Instrumental Background Music for Writing,Writing Music Inspire,Writing Music Ambient,2019-12-06,5NWtkYVC4ItUxPCWEhiuyp,https://open.spotify.com/track/5NWtkYVC4ItUxPCWEhiuyp,atmospheric narrative evocative
Arisen,The Ambientalist,Arisen,2020-02-07,3NulNf78fHOFjHFVGFiSDb,https://open.spotify.com/track/3NulNf78fHOFjHFVGFiSDb,atmospheric narrative evocative
Ambient Lullabies,Celestial Cascade,Dreamscape's Melancholy,2019-11-18,2bSbQM35jxXmclTHe8DIby,https://open.spotify.com/track/2bSbQM35jxXmclTHe8DIby,atmospheric narrative evocative
Hildaland,Erland Cooper,Hether Blether,2020-05-29,5XcQNtE16c23BBieAyKvj0,https://open.spotify.com/track/5XcQNtE16c23BBieAyKvj0,atmospheric narrative evocative
short story one,Analog Heart,short stories,2020-10-13,3YmtmYTfKvCWcucaYpTdCC,https://open.spotify.com/track/3YmtmYTfKvCWcucaYpTdCC,atmospheric narrative evocative
Ambient,Peaceful Piano Keys,Dreamy Piano,2022-07-14,2q2Rdqs3Seh0dkZUtrPKcW,https://open.spotify.com/track/2q2Rdqs3Seh0dkZUtrPKcW,atmospheric narrative evocative
Environment,Alphaxone,Edge of Solitude,2018-06-12,7j2gdkHAlWzj7jvokpYZ7X,https://open.spotify.com/track/7j2gdkHAlWzj7jvokpYZ7X,atmospheric narrative evocative
Emotional Dramatic Background,DS Productions,Emotional Dramatic Background,2020-11-21,0ui7wPTK4LxepNGJZkHGDs,https://open.spotify.com/track/0ui7wPTK4LxepNGJZkHGDs,atmospheric narrative evocative
Isolation,Nox Arcana,Excelsior,2020-12-21,67UaNByfCaQohiPQS0A86I,https://open.spotify.com/track/67UaNByfCaQohiPQS0A86I,atmospheric narrative evocative
Unfold,Skúli Sverrisson,Epicycle II,2020-08-28,1qsLSdq4jj2q8XiyIfuZH4,https://open.spotify.com/track/1qsLSdq4jj2q8XiyIfuZH4,atmospheric narrative evocative
Seven Veils,Adam Hurst,View from Within,2011-12-02,0TudWz7D9SfntTYeZVLJz9,https://open.spotify.com/track/0TudWz7D9SfntTYeZVLJz9,atmospheric narrative evocative
Islandless Expanse,Max Corbacho,The Ocean Inside,2012-12-13,2U7KZkvgrci6Tp9QXKszkE,https://open.spotify.com/track/2U7KZkvgrci6Tp9QXKszkE,atmospheric narrative evocative
Solar,zakè,Orchestral Tape Studies,2019-06-21,3GYZJXSAt8ojUjsNSXkrTW,https://open.spotify.com/track/3GYZJXSAt8ojUjsNSXkrTW,atmospheric narrative evocative
Dark Nordic Dramæ,Alien Orchestra,Dark Nordic Dramæ,2021-03-25,0dSZ2DtBAFuY6R1twXLfqY,https://open.spotify.com/track/0dSZ2DtBAFuY6R1twXLfqY,atmospheric narrative evocative
Memory Loop,Imaginary Softwoods,Gold Fiction Loop Garden,2019-06-14,7CK5aIEiThVGrpKVM1dsTm,https://open.spotify.com/track/7CK5aIEiThVGrpKVM1dsTm,atmospheric narrative evocative
Ambient Instrumental Theme,Ambient Sound Center,"Dramatic Ambient - Gothic Dark Fantasy Ambient, Sad & Somber Background",2019-06-11,6jX3ZxbLz7mHzY7GMVa6LG,https://open.spotify.com/track/6jX3ZxbLz7mHzY7GMVa6LG,atmospheric narrative evocative
Inspirational Cinematic Ambient,AShamaluevMusic,Inspirational Cinematic Ambient,2018-07-16,0o07y13oIyB17Ipdp6KTVs,https://open.spotify.com/track/0o07y13oIyB17Ipdp6KTVs,atmospheric narrative evocative
Ambient Cinematic Piano,DS Productions,Ambient Cinematic Piano,2020-06-24,0kr4V1nVLhZbNTYHxu7aof,https://open.spotify.com/track/0kr4V1nVLhZbNTYHxu7aof,atmospheric narrative evocative
Ambient Inspiration,DensoMusic,Ambient Corporate Background,2021-03-21,3TusN0gYe1WDnsNm7d25rA,https://open.spotify.com/track/3TusN0gYe1WDnsNm7d25rA,atmospheric narrative evocative
Inspired Piano Ambient,makesound music,Cinematic Emotional Piano,2022-10-18,7hJY0xt1REN2ggKMQwjCvP,https://open.spotify.com/track/7hJY0xt1REN2ggKMQwjCvP,atmospheric narrative evocative
Inspiring Ambient,Dmitriy Sevostyanov,Inspiring Piano,2022-08-17,4q1GqVtnIngCMG149zduup,https://open.spotify.com/track/4q1GqVtnIngCMG149zduup,atmospheric narrative evocative
Ethereal,Imaginary Landscapes,Ethereal,2020-11-18,5Qtxy20ILkjBeOVSEYhS2C,https://open.spotify.com/track/5Qtxy20ILkjBeOVSEYhS2C,atmospheric narrative evocative
Photograph - Ambient Piano Instrumental,Cozy Koala,Photograph - Ambient Piano Instrumental,2022-09-23,3R8BhP8zHh6zqmbSOADf7G,https://open.spotify.com/track/3R8BhP8zHh6zqmbSOADf7G,atmospheric narrative evocative
Beautiful Ambient Cinematic Emotional,Romansenykmusic,Soft Cinematic Soundtracks,2020-03-19,0fA7ULakndESrgGw7QYHY4,https://open.spotify.com/track/0fA7ULakndESrgGw7QYHY4,atmospheric narrative evocative
Ambient Inspiring Piano,DS Productions,Ambient Inspiring Piano,2020-07-25,3vSkSMQqe5CzQZQLHtkbIE,https://open.spotify.com/track/3vSkSMQqe5CzQZQLHtkbIE,atmospheric narrative evocative
Epilogue,Olovson,Storytelling,2022-03-04,7j3WVoQA2Z8icsGdoEpf3D,https://open.spotify.com/track/7j3WVoQA2Z8icsGdoEpf3D,atmospheric narrative evocative
Synesthesia,The Ambientalist,Synesthesia,2022-01-21,6Agpf7qPwZaR9TwHvRew4D,https://open.spotify.com/track/6Agpf7qPwZaR9TwHvRew4D,atmospheric narrative evocative
Trees,Thomas J. Curran,Trees,2019-01-11,1nCUEdxtL5RdZk8XHRbygr,https://open.spotify.com/track/1nCUEdxtL5RdZk8XHRbygr,atmospheric narrative evocative
Inherent to the Hill,Avith Ortega,Trail to the Past,2019-10-11,75v92mdzLvlA0mi7PZQodm,https://open.spotify.com/track/75v92mdzLvlA0mi7PZQodm,atmospheric narrative evocative
Journey,Sabled Sun,2147,2015-02-28,4grSf84GGAUQjV9MLE7SdT,https://open.spotify.com/track/4grSf84GGAUQjV9MLE7SdT,atmospheric narrative evocative
Abandoned City,Joel Schoch,Far: Changing Tides,2022-04-07,1QXw5kpi5VFza9rKZQ9ZPX,https://open.spotify.com/track/1QXw5kpi5VFza9rKZQ9ZPX,atmospheric narrative evocative
Unlocking the Seal,Atrium Carceri,The Untold,2017-10-08,3uqSqBXZtG4ePa5J7Tb2iR,https://open.spotify.com/track/3uqSqBXZtG4ePa5J7Tb2iR,atmospheric narrative evocative
Absence,Silent Cabin,Gently Veiled,2019-08-02,4bk20afFdQJ0miolUa0GgN,https://open.spotify.com/track/4bk20afFdQJ0miolUa0GgN,atmospheric narrative evocative
Across the Water,CHPTRS,Day // Night,2018-09-25,3FnyhATWR2f2PMWp2lmA2R,https://open.spotify.com/track/3FnyhATWR2f2PMWp2lmA2R,atmospheric narrative evocative
Storyteller,Holly Jones,Storyteller,2017-02-06,1KGoWENFK8QnPBBruLPGqN,https://open.spotify.com/track/1KGoWENFK8QnPBBruLPGqN,atmospheric narrative evocative
Tense Piano (Ambient Narrative),MAB Music TTRPG,Tense Piano (Ambient Narrative),2021-09-30,21pLDvC5490lzhuk3npvtt,https://open.spotify.com/track/21pLDvC5490lzhuk3npvtt,atmospheric narrative evocative
Memoirs,The Ambientalist,Memoirs,2020-11-27,6nOHFvP5gHSQcITlpTx0O8,https://open.spotify.com/track/6nOHFvP5gHSQcITlpTx0O8,atmospheric narrative evocative
Storyteller,Hans Johnson,Awake,2020-04-22,2e7O9XgkqUyk2PVcYYPqOW,https://open.spotify.com/track/2e7O9XgkqUyk2PVcYYPqOW,atmospheric narrative evocative
Ethereal Cinematic Ambient,Rafael Krux,The Universe Dreams in Strings,2021-02-01,3pBbfmxEHEOih4q0rfUv0H,https://open.spotify.com/track/3pBbfmxEHEOih4q0rfUv0H,atmospheric narrative evocative
Reverse Piano Ambient Heaven,Bobby Cole,Evocative Cinematic Symphony,2018-10-29,2uetbc8QLih7v8u1K2j7fC,https://open.spotify.com/track/2uetbc8QLih7v8u1K2j7fC,atmospheric narrative evocative
Ambient Delusion,Les Cieu,Ambient Delusion,2017-11-10,0U4IPLole7Et879mX4sTR1,https://open.spotify.com/track/0U4IPLole7Et879mX4sTR1,atmospheric narrative evocative
Atmos,Somniscape,"Calm, Vol. 2",2019-04-16,6zrQS0vc9YcLY5ttLjDWQ7,https://open.spotify.com/track/6zrQS0vc9YcLY5ttLjDWQ7,atmospheric narrative evocative
Inspirational Piano Background,makesound music,Cinematic Emotional Piano,2022-10-18,2rRSRgHXd0OsSQVoeXrvW7,https://open.spotify.com/track/2rRSRgHXd0OsSQVoeXrvW7,atmospheric narrative evocative
Storytelling Background,Nikitsan,Storytelling Background,2021-03-06,3rmz9VeJZOYwDFabcQ5Xju,https://open.spotify.com/track/3rmz9VeJZOYwDFabcQ5Xju,atmospheric narrative evocative
Inherent Mosaic,Eluvium,Pianoworks,2019-05-31,47B3whc15OlFTE7K5y7mjQ,https://open.spotify.com/track/47B3whc15OlFTE7K5y7mjQ,atmospheric narrative evocative
Etheric,Elephant Music,Prophet,2019-05-04,02LCzkGKc6XJmCD1KthfQb,https://open.spotify.com/track/02LCzkGKc6XJmCD1KthfQb,atmospheric narrative evocative
Exospheres: I. Prelude,SØLYS,Exospheres,2022-07-08,7EBnelKr2tdI5jsXPEYmeg,https://open.spotify.com/track/7EBnelKr2tdI5jsXPEYmeg,atmospheric narrative evocative
Druid Forest,Ambient Realms,"Massive Ambient Music, Vol.3",2016-01-14,0jDJix6qwCRyPLiybcCd8K,https://open.spotify.com/track/0jDJix6qwCRyPLiybcCd8K,atmospheric narrative evocative
"Storyteller, Pt. 1",Analog Heart,"Storyteller, Vol. 1",2022-10-31,7ifsNnnKlEsqX5qn5U7lbJ,https://open.spotify.com/track/7ifsNnnKlEsqX5qn5U7lbJ,atmospheric narrative evocative
III,Benoît Pioulard,Stanza I-III,2016-10-16,60lT2KTD7jz7RIpyYBFNsO,https://open.spotify.com/track/60lT2KTD7jz7RIpyYBFNsO,atmospheric narrative evocative
Drifter,Biosphere,The Petrified Forest,2017-05-12,5xgAiOzfGQIDB4H12rnFbL,https://open.spotify.com/track/5xgAiOzfGQIDB4H12rnFbL,atmospheric narrative evocative
Epilogue,Solace Music,Angel,2017-08-11,0NItp9PgpIz2RAQNHDMyjd,https://open.spotify.com/track/0NItp9PgpIz2RAQNHDMyjd,atmospheric narrative evocative
Mysterious Forest Sounds | Fantasy Nature Ambience,The Guild of Ambience,Mysterious Forest Sounds | Fantasy Nature Ambience,2021-06-23,6VbGT6OMjgyK75Vh6dKeOd,https://open.spotify.com/track/6VbGT6OMjgyK75Vh6dKeOd,atmospheric narrative evocative
short story nine,Analog Heart,short stories,2020-10-13,5rI9f2sl9fnIBIebfZPDeh,https://open.spotify.com/track/5rI9f2sl9fnIBIebfZPDeh,atmospheric narrative evocative
Ambivalence,Tanuki,The Fire. The Fear. The Fall,2018-01-23,3Rn3s71xAP3ecEO10u0HWs,https://open.spotify.com/track/3Rn3s71xAP3ecEO10u0HWs,atmospheric narrative evocative
Hypnotic Ambience for Creative Sky,Autumn Jazz Ambient,Ambiance for Morning Victory,2022-10-20,6NczuTvabl3u4JTCNjrUQt,https://open.spotify.com/track/6NczuTvabl3u4JTCNjrUQt,atmospheric narrative evocative
Atmospheric Strings,Ambient Space,Ambient Relaxation,2021-05-06,57c5s4nnpsmpSTfR1ey1QN,https://open.spotify.com/track/57c5s4nnpsmpSTfR1ey1QN,atmospheric narrative evocative
Atmospheric Sea,Instrumental Jazz Music Ambient,"Bedtime Piano Jazz (Soothing and Relaxing Acoustic Baby Lullabies, Peaceful Sleepy Music)",2018-05-29,3cnkPZAHTjTQyE6bHvXn7A,https://open.spotify.com/track/3cnkPZAHTjTQyE6bHvXn7A,atmospheric narrative evocative
Dark Ambient,Background Music Attention,"Gothic, Atmospheric, Dark Ambient",2020-01-13,7k4XRuYWSKR9aNVbV9dCh4,https://open.spotify.com/track/7k4XRuYWSKR9aNVbV9dCh4,atmospheric narrative evocative
Gates,Instrumental Core,Gates,2014-04-18,51H89LG1oQW03VYMiYcicG,https://open.spotify.com/track/51H89LG1oQW03VYMiYcicG,atmospheric narrative evocative
Forest Cathedral,Trevor Morris,The Pillars Of The Earth (Original Television Soundtrack),2010-09-21,1PvZhxpJ2DxaNyr3NYRbr0,https://open.spotify.com/track/1PvZhxpJ2DxaNyr3NYRbr0,atmospheric narrative evocative
Prologue,Grandbrothers,Dilation,2015-02-23,2zk105CAbiHY17gLvecXFx,https://open.spotify.com/track/2zk105CAbiHY17gLvecXFx,atmospheric narrative evocative
Prologue,Olovson,Storytelling,2022-03-04,6L5AYnCD3YHgB0hfvrBFZM,https://open.spotify.com/track/6L5AYnCD3YHgB0hfvrBFZM,atmospheric narrative evocative
Breathing All,Orkestra Macabre,A Symphony of the Desolate for the Isolated,2021-10-22,7Cj8wVw2rtMB5tTZe7UA9u,https://open.spotify.com/track/7Cj8wVw2rtMB5tTZe7UA9u,atmospheric narrative evocative
Awakenings,Emoter,Awakenings,2021-05-13,5kP22gudZ46lotea4NzfqA,https://open.spotify.com/track/5kP22gudZ46lotea4NzfqA,atmospheric narrative evocative
VIII,Benoît Pioulard,Stanza I-III,2016-10-16,1VZhplPGRE46Sy3ITUkN6u,https://open.spotify.com/track/1VZhplPGRE46Sy3ITUkN6u,atmospheric narrative evocative
Atmospheres,Musica Cthulhiana,The Fourth,2003-10-23,1o8L68cIW8QlajKB4R2KgY,https://open.spotify.com/track/1o8L68cIW8QlajKB4R2KgY,atmospheric narrative evocative
Prophecy,Full Tilt,Ethos,2014-11-11,7J3D3iFByLCcMOWGaJ8FNQ,https://open.spotify.com/track/7J3D3iFByLCcMOWGaJ8FNQ,atmospheric narrative evocative
II,Benoît Pioulard,Stanza I-III,2016-10-16,21ci7cYldb1sa381OzCQSy,https://open.spotify.com/track/21ci7cYldb1sa381OzCQSy,atmospheric narrative evocative
Ambient Backgrounds,Space Radiance,Ambient Space Music,2019-11-03,3PHxwLGyQpYoG0dgevAeCI,https://open.spotify.com/track/3PHxwLGyQpYoG0dgevAeCI,atmospheric narrative evocative
IV,Benoît Pioulard,Stanza I-III,2016-10-16,2nWEGzzZBKjJR1oODRNpla,https://open.spotify.com/track/2nWEGzzZBKjJR1oODRNpla,atmospheric narrative evocative
Ethereal Void,Project Divinity,Divinity,2006,3kaG5TgDtWB0vXhPJ3Ggip,https://open.spotify.com/track/3kaG5TgDtWB0vXhPJ3Ggip,atmospheric narrative evocative
Cathedrals,Phil France,Circle,2018-08-31,2VILepgdUTtE87TZD3NUR4,https://open.spotify.com/track/2VILepgdUTtE87TZD3NUR4,atmospheric narrative evocative
Dark Maze,Ambient Realms,"Massive Ambient Music, Vol.1",2015-03-16,35KZVznTrcnLq47cGsaQEg,https://open.spotify.com/track/35KZVznTrcnLq47cGsaQEg,atmospheric narrative evocative
Nostalgia,Sapphire Skies,Nostalgia,2021-01-23,6vOtegO4n75B5e7EnRTkUj,https://open.spotify.com/track/6vOtegO4n75B5e7EnRTkUj,atmospheric narrative evocative
Instrumental Atmosphere,Sleep Rain Memories,Deep Sleep Soothing Loopable Rain Sounds for a Perfect Sleep,2022-03-12,0zISyAdLrFI81PtixmCVW2,https://open.spotify.com/track/0zISyAdLrFI81PtixmCVW2,atmospheric narrative evocative
Ambient Inspiring,Metrow Ar,Inspiring,2021-10-03,5DMjsibItwlmRxICOeqYQO,https://open.spotify.com/track/5DMjsibItwlmRxICOeqYQO,atmospheric narrative evocative
The Quiet City,Library Tapes,The Quiet City,2020-07-31,3alXDHJyLNSE5jBECDIK70,https://open.spotify.com/track/3alXDHJyLNSE5jBECDIK70,atmospheric narrative evocative
Graphical Update,Alternate Skies,Digital Forecast,2018-03-30,1vcbeM4LVXYTw4b7G8mWdR,https://open.spotify.com/track/1vcbeM4LVXYTw4b7G8mWdR,atmospheric narrative evocative
Projection Mapping,Jeff Kryka,The Imagineering Story (Original Soundtrack),2020-06-19,1nUixGx2M9o2wqhktES0BD,https://open.spotify.com/track/1nUixGx2M9o2wqhktES0BD,atmospheric narrative evocative
Echoes,The Ambientalist,Echoes,2018-06-22,4SvSHeganyboO5la8jgkkv,https://open.spotify.com/track/4SvSHeganyboO5la8jgkkv,atmospheric narrative evocative
Awake,Elephant Music,Prophet,2019-05-04,1UgwIounx7zsR50AqsisFB,https://open.spotify.com/track/1UgwIounx7zsR50AqsisFB,atmospheric narrative evocative
narrative,Inverted Silence,luminance,2018-05-31,7JgU10QTO8eRpHmDm92gox,https://open.spotify.com/track/7JgU10QTO8eRpHmDm92gox,atmospheric narrative evocative
Nomads,Synæsthesia,Ephemeral,1997,0tU9JTktOW6aAf1D4cLNPa,https://open.spotify.com/track/0tU9JTktOW6aAf1D4cLNPa,atmospheric narrative evocative
Empty Sectors,Hilyard,Furthermore,2018-11-20,5EGU9gyf4mf58d8y6HwSTl,https://open.spotify.com/track/5EGU9gyf4mf58d8y6HwSTl,atmospheric narrative evocative
Winterscape,Osirois Music,Winterscape,2022-06-14,5Uz4hpFKYK6XprIa9fSmnX,https://open.spotify.com/track/5Uz4hpFKYK6XprIa9fSmnX,atmospheric narrative evocative
The Garden,Kelly Andrew,Revelation,2021-05-14,0EO18W4oeyg8hhsvyoYmKR,https://open.spotify.com/track/0EO18W4oeyg8hhsvyoYmKR,atmospheric narrative evocative
Furia,Benoît Pioulard,Avocationals,2019-03-15,5RDV5TQlePxZazQ0TeNGRV,https://open.spotify.com/track/5RDV5TQlePxZazQ0TeNGRV,atmospheric narrative evocative
Awakening,Whitesand,Beyond Horizon,2018-01-22,6PW3C8fxHPaiSp6NTPF7MD,https://open.spotify.com/track/6PW3C8fxHPaiSp6NTPF7MD,atmospheric narrative evocative
Ambisonic,Imaginary Landscapes,Ambisonic,2021-03-24,49RbRfWSM19ld8PQ8dEsO0,https://open.spotify.com/track/49RbRfWSM19ld8PQ8dEsO0,atmospheric narrative evocative
Colliding Spheres,Orkestra Macabre,A Symphony of the Desolate for the Isolated,2021-10-22,643fZq1kgIx6B6OcUaeS8x,https://open.spotify.com/track/643fZq1kgIx6B6OcUaeS8x,atmospheric narrative evocative
Almond Blossom,Alex S.Tsigkourakos,Ambivalence,2020-02-03,3FcfvTzS202PRAQJLVN43f,https://open.spotify.com/track/3FcfvTzS202PRAQJLVN43f,atmospheric narrative evocative
The Cathedral Interior,Jim Guthrie,Below (Original Soundtrack),2018-12-10,5RQ07iEFxOrrBiNSexAiTG,https://open.spotify.com/track/5RQ07iEFxOrrBiNSexAiTG,atmospheric narrative evocative
Avantgarde,AK,Assorted Cinematic Works,2017-08-23,5Tjmpx7dJ4lBkDCtFRvPdG,https://open.spotify.com/track/5Tjmpx7dJ4lBkDCtFRvPdG,atmospheric narrative evocative
Escapist,Tapes and Topographies,Monomials,2021-09-10,2yjmdpr6pjbgdH7hJwlR9Y,https://open.spotify.com/track/2yjmdpr6pjbgdH7hJwlR9Y,atmospheric narrative evocative
Dramatic Ambient,Ambient Sound Center,"Dramatic Ambient - Gothic Dark Fantasy Ambient, Sad & Somber Background",2019-06-11,75OxPGrERexNVSqos3hoN5,https://open.spotify.com/track/75OxPGrERexNVSqos3hoN5,atmospheric narrative evocative
Ambience,Synæsthesia,The Collection,2001,7rpgIq5kPw6epRehAxZtse,https://open.spotify.com/track/7rpgIq5kPw6epRehAxZtse,atmospheric narrative evocative
Unity Within,Ambientalism,Blissful Serenades,2021-07-07,5dXKs8uuQRIMWdnUYbF1kM,https://open.spotify.com/track/5dXKs8uuQRIMWdnUYbF1kM,atmospheric narrative evocative
Ambience,Synæsthesia,The Collection,2001,7qKcJFBy3RxbWXIYNJI9sp,https://open.spotify.com/track/7qKcJFBy3RxbWXIYNJI9sp,atmospheric narrative evocative
The Epilogue - Instrumental,CHPTRS,Chapter One,2017-06-16,10azyIYUsEr6n2w816Mq6v,https://open.spotify.com/track/10azyIYUsEr6n2w816Mq6v,atmospheric narrative evocative
Dark Magical Forest,Ambient Realms,"Massive Ambient Music, Vol. 8",2021-04-02,2lSFC0mxEe6bgDYXf2ajPR,https://open.spotify.com/track/2lSFC0mxEe6bgDYXf2ajPR,atmospheric narrative evocative
Space Sounds,Emotional Healing Intrumental Academy,"Another World – Cosmic Meditation, Epic Space Music, Background for Inner Journey, Deep Experience, Lucid Dream",2018-02-09,75inxErMsoUx9wz3fgx8QC,https://open.spotify.com/track/75inxErMsoUx9wz3fgx8QC,atmospheric narrative evocative
Prologue,Hologramme,Felicity,2019-08-30,0ZeOq5cyO2xQfRZ8ZvNtew,https://open.spotify.com/track/0ZeOq5cyO2xQfRZ8ZvNtew,atmospheric narrative evocative
A Short Story,Beyond the Moving Lights,Empty Corridor,2021-05-13,6dqhUU5SpQKB9K1knOrfaj,https://open.spotify.com/track/6dqhUU5SpQKB9K1knOrfaj,atmospheric narrative evocative
Resilience,Immediate,Dream Worlds,2018-12-15,6txQAZrWfZocIvJPOSqhro,https://open.spotify.com/track/6txQAZrWfZocIvJPOSqhro,atmospheric narrative evocative
Berg,Biosphere,The Senja Recordings,2019-06-07,1OOA3NNFUiQiyJ6TthJDiF,https://open.spotify.com/track/1OOA3NNFUiQiyJ6TthJDiF,atmospheric narrative evocative
Tale Of The Lost Dragon,The Ambientalist,Tale Of The Lost Dragon,2018-11-30,0L5kfu2tNMHccLnlzSdz1A,https://open.spotify.com/track/0L5kfu2tNMHccLnlzSdz1A,atmospheric narrative evocative
Passages,Lauge,Oceanography,2020-06-10,3b5DFcH1gvpxUPv8iKRRCD,https://open.spotify.com/track/3b5DFcH1gvpxUPv8iKRRCD,atmospheric narrative evocative
Cozy Library,Michael Ghelfi,"RPG / D&D Ambiences and Atmospheres, Vol. 1, Pt. 1",2021-06-19,46Gwly8lQ5x7mv4qcPPQ7C,https://open.spotify.com/track/46Gwly8lQ5x7mv4qcPPQ7C,atmospheric narrative evocative
Abandoned Castle,Background Music Attention,"Gothic, Atmospheric, Dark Ambient",2020-01-13,02uHvYy2Ly0bsjUyfoVhtl,https://open.spotify.com/track/02uHvYy2Ly0bsjUyfoVhtl,atmospheric narrative evocative
Ambient Suspenseful Background (Original Motion Picture Soundtrack),Acoustic Instrumental Vibes,Ambient Suspenseful Background (Original Motion Picture Soundtrack),2022-10-18,1M6GOFvY9YviLMRlTUZm1V,https://open.spotify.com/track/1M6GOFvY9YviLMRlTUZm1V,atmospheric narrative evocative
Arcadia,Elephant Music,Prophet,2019-05-04,50ZKWlej9fnldL8uvjiETP,https://open.spotify.com/track/50ZKWlej9fnldL8uvjiETP,atmospheric narrative evocative
Sunny Ambient,Tomasz Bednarczyk,Illustrations for Those Who,2018-11-16,23Pc6pK9bKqGycs17AdPaT,https://open.spotify.com/track/23Pc6pK9bKqGycs17AdPaT,atmospheric narrative evocative
Intro,Daniel Spaleniak,Burning Sea,2019-02-15,03kJPKHGAoLPDlq28r7Bnj,https://open.spotify.com/track/03kJPKHGAoLPDlq28r7Bnj,atmospheric narrative evocative
Short Stories Part Six,Mathias Grassow,Short Stories,2022-01-27,0CuHc7rTIv1ZaX7ChBRneu,https://open.spotify.com/track/0CuHc7rTIv1ZaX7ChBRneu,atmospheric narrative evocative
Inspirational Present Narrative,BlueTreeAudio,Corporate Ambient Sound,2020-07-17,6RaPUxjCNokQE61zA5cCmC,https://open.spotify.com/track/6RaPUxjCNokQE61zA5cCmC,atmospheric narrative evocative
Ambient Documentary Piano Instrumental,BlueWhaleMusic,Documentary Piano,2022-01-31,2lncLUplL1t2Kh3brUoaeK,https://open.spotify.com/track/2lncLUplL1t2Kh3brUoaeK,atmospheric narrative evocative
Homestead's Quiet Legacy,Ambientalism,Blissful Serenades,2021-07-07,3V2jnnbRDTGR10QCoFUYjJ,https://open.spotify.com/track/3V2jnnbRDTGR10QCoFUYjJ,atmospheric narrative evocative
Lullaby of Peace,Ambientalism,Blissful Serenades,2021-07-07,7FqQUCFL5sLtpikAhKZw0F,https://open.spotify.com/track/7FqQUCFL5sLtpikAhKZw0F,atmospheric narrative evocative
An Epic Adventure,Narek Mirzaei,An Epic Adventure,2019-01-15,15x2AM8MxLqjDBn2WY7ErG,https://open.spotify.com/track/15x2AM8MxLqjDBn2WY7ErG,atmospheric narrative evocative
Prologue (Instrumental),Kardashev,The Almanac (Instrumental),2018-10-31,5FbsC5JoxFqzes2BPmTwdQ,https://open.spotify.com/track/5FbsC5JoxFqzes2BPmTwdQ,atmospheric narrative evocative
Short Stories Part One,Mathias Grassow,Short Stories,2022-01-27,1WpVSYFbcIq3TVvAcDcnEn,https://open.spotify.com/track/1WpVSYFbcIq3TVvAcDcnEn,atmospheric narrative evocative
Echoes - 2019 Extended Mix,The Ambientalist,A Longer Story,2019-08-02,3bn5mNXC8rXlPiyVFfoiKT,https://open.spotify.com/track/3bn5mNXC8rXlPiyVFfoiKT,atmospheric narrative evocative
Cinematic Ambient,AShamaluevMusic,Cinematic Ambient,2018-05-21,66J11WSLx2E2PHNOMi90ve,https://open.spotify.com/track/66J11WSLx2E2PHNOMi90ve,atmospheric narrative evocative
Darker Reflections,Maps and Diagrams,The Town Beneath The Sea,2011-10-26,5YKqb29YLAAEbVFiVFmkAv,https://open.spotify.com/track/5YKqb29YLAAEbVFiVFmkAv,atmospheric narrative evocative
Atmospheric Piano,Ambient Space,Ambient Relaxation,2021-05-06,0Z21V50CjznFQQPdBn6jDI,https://open.spotify.com/track/0Z21V50CjznFQQPdBn6jDI,atmospheric narrative evocative
Abandoned Castle,Background Music Attention,"Gothic, Atmospheric, Dark Ambient",2020-01-13,02uHvYy2Ly0bsjUyfoVhtl,https://open.spotify.com/track/02uHvYy2Ly0bsjUyfoVhtl,atmospheric narrative evocative
Piano Inspirational,makesound music,Cinematic Emotional Piano,2022-10-18,7hGUGe7xZZtorvC0KfPebQ,https://open.spotify.com/track/7hGUGe7xZZtorvC0KfPebQ,atmospheric narrative evocative
Ambient Piano Sleep,Piano Peace,"Instrumental Piano For Studying Music, Music For Reading, Focus and Concentration",2020-11-27,75RGFOS74dNP6nHkh1tsVk,https://open.spotify.com/track/75RGFOS74dNP6nHkh1tsVk,atmospheric narrative evocative
Intro,Daniel Spaleniak,Burning Sea,2019-02-15,03kJPKHGAoLPDlq28r7Bnj,https://open.spotify.com/track/03kJPKHGAoLPDlq28r7Bnj,atmospheric narrative evocative
Atmospheric Entry,David Eman,Atmosphere,2018-06-18,6TdccQUXkPMtVayxNElyT3,https://open.spotify.com/track/6TdccQUXkPMtVayxNElyT3,atmospheric narrative evocative
Ortuo,SiJ,Reflections Under the Sky,2016-02-02,0IjYb0DPNfgZMhP9lClwhY,https://open.spotify.com/track/0IjYb0DPNfgZMhP9lClwhY,atmospheric narrative evocative
Incredibly Inspiring,Instrumental Jazz Music Ambient,"Relaxing Jazz for Kids - Easy Listening for Sleep, Study, Relax, Morning Music for Classroom, Better Concentration, Relaxation",2018-03-13,3nvRHeMwTbAfB4Jwa2ANd0,https://open.spotify.com/track/3nvRHeMwTbAfB4Jwa2ANd0,atmospheric narrative evocative
Dramatic Piano Moments,DS Productions,Dramatic Piano Moments,2020-08-29,4Hqdy6AHV66UpzV5z8SHFd,https://open.spotify.com/track/4Hqdy6AHV66UpzV5z8SHFd,atmospheric narrative evocative
Reunion,Ambient Endeavors,Reunion,2020-03-26,0AfLGNCe0IQvkyCwxsZ0GA,https://open.spotify.com/track/0AfLGNCe0IQvkyCwxsZ0GA,atmospheric narrative evocative
Flowing Dreamscape,Ambientalism,Blissful Serenades,2021-07-07,3mNC8sICPOthtjWZ13uxzE,https://open.spotify.com/track/3mNC8sICPOthtjWZ13uxzE,atmospheric narrative evocative
Epic Adventure,makesound music,Epic Dramatic Adventure,2022-09-23,0vdr90jBfgc0gCOVQMprHj,https://open.spotify.com/track/0vdr90jBfgc0gCOVQMprHj,atmospheric narrative evocative
Holographic Serenity,Ambientalism,Blissful Serenades,2021-07-07,4bBHaJ8JHvsOofTrhffXYW,https://open.spotify.com/track/4bBHaJ8JHvsOofTrhffXYW,atmospheric narrative evocative
Inspirational Ambient,Mapa,Ambient,2021-12-24,6rk6VGnE7bMKtQbWR9PZ5J,https://open.spotify.com/track/6rk6VGnE7bMKtQbWR9PZ5J,atmospheric narrative evocative
Ambient Haunt,Ambient Realms,"Massive Ambient Music, Vol. 9",2021-07-30,3J89M0wkbMEtYdLTsO0xhD,https://open.spotify.com/track/3J89M0wkbMEtYdLTsO0xhD,atmospheric narrative evocative
It Whispered Within,Ambientalism,Blissful Serenades,2021-07-07,3YcsDjYxJNiVIAuWJWwW7u,https://open.spotify.com/track/3YcsDjYxJNiVIAuWJWwW7u,atmospheric narrative evocative
Invite Stillness Within,Ambientalism,Blissful Serenades,2021-07-07,3ITPT8nSHIhifZPZSPgiY2,https://open.spotify.com/track/3ITPT8nSHIhifZPZSPgiY2,atmospheric narrative evocative
Storytale Soundscapes Mov. IV,Kyle Landry,Storytale Soundscapes,2014-09-05,2cyHYnletdwXe8OCsrrfUy,https://open.spotify.com/track/2cyHYnletdwXe8OCsrrfUy,atmospheric narrative evocative
Intimacy of the Unknown,Hior Chronik,Blind Heaven,2019-11-08,7KJu0n1QLnqjTalXQWtDj9,https://open.spotify.com/track/7KJu0n1QLnqjTalXQWtDj9,atmospheric narrative evocative
Short Stories Part Eleven,Mathias Grassow,Short Stories,2022-01-27,3Z2oxzt1lET3m5IbVLRznt,https://open.spotify.com/track/3Z2oxzt1lET3m5IbVLRznt,atmospheric narrative evocative
Quiet,Ambient Realms,"Massive Ambient Music, Vol. 2",2015-02-23,7drdFSpqLtX7don9tLIlfj,https://open.spotify.com/track/7drdFSpqLtX7don9tLIlfj,atmospheric narrative evocative
Epic Ascent,Gothic Storm,Epic Orchestral Euphoria,2018-09-13,79RGKyBoI3Ye62hoOkjXYc,https://open.spotify.com/track/79RGKyBoI3Ye62hoOkjXYc,atmospheric narrative evocative
Mist,Marco Belloni,"Increspature, Vol. I: Mist",2019-07-31,64TT0JHBiVIXbXZW86kGF5,https://open.spotify.com/track/64TT0JHBiVIXbXZW86kGF5,atmospheric narrative evocative
Atmospheric Sounds,Ambient Space,Ambient Relaxation,2021-05-06,5pcp6tycG23FEGVNbl5OwV,https://open.spotify.com/track/5pcp6tycG23FEGVNbl5OwV,atmospheric narrative evocative
Short Stories Part Twelve,Mathias Grassow,Short Stories,2022-01-27,4lUtdmz0hb0BHZDt1i5xVm,https://open.spotify.com/track/4lUtdmz0hb0BHZDt1i5xVm,atmospheric narrative evocative
Awakening,Sound Adventures,Awakening,2017-11-24,31VflOAbDpAegVrz400gpe,https://open.spotify.com/track/31VflOAbDpAegVrz400gpe,atmospheric narrative evocative
Piano with Inspiring Strings,makesound music,Cinematic Emotional Piano,2022-10-18,2LAJGza2zk4YcFvztnozC9,https://open.spotify.com/track/2LAJGza2zk4YcFvztnozC9,atmospheric narrative evocative
Silent Escape (Ambient Version),Ninian,The Season of Ambience,2021-04-03,52jeCSrkORlJQayT8gmJNd,https://open.spotify.com/track/52jeCSrkORlJQayT8gmJNd,atmospheric narrative evocative
Arc of Thralls,Randal Collier-Ford,Promethean,2017-08-08,5ZjgFKnn4xPWBuwrRqy4KQ,https://open.spotify.com/track/5ZjgFKnn4xPWBuwrRqy4KQ,atmospheric narrative evocative
Inspiring,Dmitriy Sevostyanov,Inspiring Piano,2022-08-17,1Q7sn5ysJ8Wqx5R10T0VaI,https://open.spotify.com/track/1Q7sn5ysJ8Wqx5R10T0VaI,atmospheric narrative evocative
Instrumental Background,Liquid Spirit Out,Music For Relaxation - Quiet Relaxing Music,2017-04-04,2KcU5JQ3Sm7yG3bazSyimK,https://open.spotify.com/track/2KcU5JQ3Sm7yG3bazSyimK,atmospheric narrative evocative
Journey to Wholeness,Ambientalism,Blissful Serenades,2021-07-07,6Wr04EikCtdcy4s6Q7Krks,https://open.spotify.com/track/6Wr04EikCtdcy4s6Q7Krks,atmospheric narrative evocative
Silent River Passage,Ambientalism,Blissful Serenades,2021-07-07,7wqcAtmx20OJqO1gplM1TJ,https://open.spotify.com/track/7wqcAtmx20OJqO1gplM1TJ,atmospheric narrative evocative
Spring Rain,Auditory Canvas,Fabric of Life,2008,3btZnBahkkLJvhXdg6ic8z,https://open.spotify.com/track/3btZnBahkkLJvhXdg6ic8z,atmospheric narrative evocative
Ethereal,Liquid Memoirs,Oblivion,2019-12-09,3xTuTXa2ShSxPYsBtzLY9N,https://open.spotify.com/track/3xTuTXa2ShSxPYsBtzLY9N,atmospheric narrative evocative
Ambient Space Atmosphere,cleanmindsounds,Ambient Space Atmosphere,2022-11-30,3k11itGbh2qZiiDgH9UPzl,https://open.spotify.com/track/3k11itGbh2qZiiDgH9UPzl,atmospheric narrative evocative
Enchanted Land,Brian Delgado,Fable (Fantasy Adventure Orchestral Tracks),2020-07-15,7fMxMmFejZoLUkItFeSuqw,https://open.spotify.com/track/7fMxMmFejZoLUkItFeSuqw,atmospheric narrative evocative
Traversing Rails,Enisle,Capillary Waves,2018-04-19,0zogDKbhFYnMsBvcU4GbM4,https://open.spotify.com/track/0zogDKbhFYnMsBvcU4GbM4,atmospheric narrative evocative
Awakening,Composer Squad,Awakening,2020-07-24,2VitmeIkxS02bOvpkc3QvW,https://open.spotify.com/track/2VitmeIkxS02bOvpkc3QvW,atmospheric narrative evocative
Epic Choir,Allen Grey,Epic,2020-12-09,2ntXw8V80ie0QEMKNyVlCH,https://open.spotify.com/track/2ntXw8V80ie0QEMKNyVlCH,atmospheric narrative evocative
The Grand Halls,Ambient Realms,"Massive Ambient Music, Vol. 5",2019-01-01,7ltquk4X9ifbYnroSZeEki,https://open.spotify.com/track/7ltquk4X9ifbYnroSZeEki,atmospheric narrative evocative
Epilogue (Instrumental),Kardashev,The Almanac (Instrumental),2018-10-31,0P6JBINXtI7gjvLo0F0BfU,https://open.spotify.com/track/0P6JBINXtI7gjvLo0F0BfU,atmospheric narrative evocative
Ambivalence,Fantasy Groove,"Cinematic Diversions, Vol. 4",2022-05-18,71Xnw83OwmAitXWZYLF9Yr,https://open.spotify.com/track/71Xnw83OwmAitXWZYLF9Yr,atmospheric narrative evocative
Adventure Travels,Ambient Realms,"Massive Ambient Music, Vol. 4",2016-08-18,3Ilfsd6duJY50XPp49l2Mo,https://open.spotify.com/track/3Ilfsd6duJY50XPp49l2Mo,atmospheric narrative evocative
Piano and Strings,Ambient Space,Ambient Relaxation,2021-05-06,6WDwb1ST60HZgN249lVu0e,https://open.spotify.com/track/6WDwb1ST60HZgN249lVu0e,atmospheric narrative evocative
Haven,Headlund,The Alder Cabin,2011-11-11,4ER9poFUAIel9HDUdpJRtx,https://open.spotify.com/track/4ER9poFUAIel9HDUdpJRtx,atmospheric narrative evocative
Apocryphos Grief,Apocryphos,Tomb of Wights,2021-02-16,2QiqPSzHydl7TfUlIvqBZ3,https://open.spotify.com/track/2QiqPSzHydl7TfUlIvqBZ3,atmospheric narrative evocative
Ancient Forest,Ambient Realms,"Massive Ambient Music, Vol. 4",2016-08-18,6xXBElVjQZRT7VfMNeHxPT,https://open.spotify.com/track/6xXBElVjQZRT7VfMNeHxPT,atmospheric narrative evocative
Creepy Soundscapes,Background Music Attention,"Gothic, Atmospheric, Dark Ambient",2020-01-13,6h9yPo4uEVgMAJ8HASVFVI,https://open.spotify.com/track/6h9yPo4uEVgMAJ8HASVFVI,atmospheric narrative evocative
Inward Voice,Brock Hewitt: Stories in Sound,Inward Voice,2022-06-03,2fePNmRKsnqvjXaBd8wpQM,https://open.spotify.com/track/2fePNmRKsnqvjXaBd8wpQM,atmospheric narrative evocative
Orchestra Drama,Ambient Realms,"Massive Ambient Music, Vol. 2",2015-02-23,2UL3vdKVxSGOL03BAmNuWx,https://open.spotify.com/track/2UL3vdKVxSGOL03BAmNuWx,atmospheric narrative evocative
Apparition,Innesti,In Currents,2018-12-13,2pXhXOmxJnhIz2CyXKlXwJ,https://open.spotify.com/track/2pXhXOmxJnhIz2CyXKlXwJ,atmospheric narrative evocative
Cinematic Piano Ambient,AShamaluevMusic,Cinematic Piano Ambient,2017-10-15,3eSreCYlZ8pRg3fDkO2POI,https://open.spotify.com/track/3eSreCYlZ8pRg3fDkO2POI,atmospheric narrative evocative
Belonging,Revolt Production Music,Reflections of Hope,2015-12-06,2klJUHe8V8wgW86tnzZ7WW,https://open.spotify.com/track/2klJUHe8V8wgW86tnzZ7WW,atmospheric narrative evocative
Empirical,Isorinne,Echoic Memoir,2016-10-24,0adMNWH3XP2TZ4mTWy2HQJ,https://open.spotify.com/track/0adMNWH3XP2TZ4mTWy2HQJ,atmospheric narrative evocative
Ambient Piano Soundscape,Allen Grey,Soundscape Collection,2020-12-09,7BbHs9LSiiODXcnQLVKZJ2,https://open.spotify.com/track/7BbHs9LSiiODXcnQLVKZJ2,atmospheric narrative evocative
Dramatic Ambient Piano,cleanmindsounds,Dramatic Ambient Piano,2023-02-28,0MsqXbvUW0XXoUuIkwVSlS,https://open.spotify.com/track/0MsqXbvUW0XXoUuIkwVSlS,atmospheric narrative evocative
Ambience - Instrumental,4everfreebrony,Ambience (Ambient.White Original Soundtrack),2021-10-03,3Ay0iwbgeYFoy38oYhSWZj,https://open.spotify.com/track/3Ay0iwbgeYFoy38oYhSWZj,atmospheric narrative evocative
Elevation,Gothic Storm,Rebirth: Majestic Emotional Strings,2018-09-18,09M2VjSxPLiNcEDhd58Sn3,https://open.spotify.com/track/09M2VjSxPLiNcEDhd58Sn3,atmospheric narrative evocative
Aspen,Curtis Schweitzer,Short Stories,2016-10-04,6DFUai0S0z9fxIUswdQFhz,https://open.spotify.com/track/6DFUai0S0z9fxIUswdQFhz,atmospheric narrative evocative
Melancholic Ambient Cinematic,cleanmindsounds,Melancholic Ambient Cinematic,2022-12-30,4yb5atua5uahIwODVz7tXH,https://open.spotify.com/track/4yb5atua5uahIwODVz7tXH,atmospheric narrative evocative
Storytale Soundscapes Mov. III,Kyle Landry,Storytale Soundscapes,2014-09-05,6PHljqYX9weP3hof0iYF5g,https://open.spotify.com/track/6PHljqYX9weP3hof0iYF5g,atmospheric narrative evocative
Lights Ambient,Library Of The Human Soul,Christmas (Ambient Edition),2016-01-10,764GGhDlVo4DwsQVDno6vs,https://open.spotify.com/track/764GGhDlVo4DwsQVDno6vs,atmospheric narrative evocative
Atmosphere,Allen Grey,Soundscape Collection,2020-12-09,7HyAllSd99Ft0SNDelPNal,https://open.spotify.com/track/7HyAllSd99Ft0SNDelPNal,atmospheric narrative evocative
Ambience,Stephan Sechi,Ambient Minimalism (Edited),2019-11-01,1kL5wXvzJNNkphnOY88z33,https://open.spotify.com/track/1kL5wXvzJNNkphnOY88z33,atmospheric narrative evocative
Oceanography - Rhythmic Pulse Edit,Lauge,Oceanography,2020-06-10,5IgKcLPfKU7nOYu7ejWmx1,https://open.spotify.com/track/5IgKcLPfKU7nOYu7ejWmx1,atmospheric narrative evocative
Instrumental,Emily Wells,Mama,2012-04-10,2HosfKCLCCfKeDqsCX7Fxh,https://open.spotify.com/track/2HosfKCLCCfKeDqsCX7Fxh,atmospheric narrative evocative
A Futuristic Lounge,Ambience Mastery,Cyberpunk Epic City Ambience,2022-11-26,67oftYQbCeOJnOm3k5ZLK2,https://open.spotify.com/track/67oftYQbCeOJnOm3k5ZLK2,atmospheric narrative evocative
Individuals,Ambient,Ambient Dreamscapes,2022-03-05,7FPt50RX7plKumOc8vC2XO,https://open.spotify.com/track/7FPt50RX7plKumOc8vC2XO,atmospheric narrative evocative
A Whirling Leaf,Peter J. Malmsjö,Northern Moods (Piano Solo - 432Hz),2020-04-24,0lbXwWBRoN3jJKR8tYpSC1,https://open.spotify.com/track/0lbXwWBRoN3jJKR8tYpSC1,atmospheric narrative evocative
Inspirational Ambient,AShamaluevMusic,Inspirational Ambient,2019-09-30,34JnRqjUHjo1EPWWObtPz9,https://open.spotify.com/track/34JnRqjUHjo1EPWWObtPz9,atmospheric narrative evocative
Ambient Orchestral Landscape,Rafael Krux,Ambient Orchestral Landscape,2022-06-08,709s9Yy3h1WI1CoxRAKKce,https://open.spotify.com/track/709s9Yy3h1WI1CoxRAKKce,atmospheric narrative evocative
Epic Adventures Journey,Audiosphere,Epic & Cinematic,2020-04-20,2b5klMb0tW73DXyw84HKU0,https://open.spotify.com/track/2b5klMb0tW73DXyw84HKU0,atmospheric narrative evocative
Spa Escape,Ambientalism,Blissful Serenades,2021-07-07,0JworWC6eGOB7KmnOni3a5,https://open.spotify.com/track/0JworWC6eGOB7KmnOni3a5,atmospheric narrative evocative
Tragic Stories,AXS Music,Strings For Storytelling,2017-12-19,0YYMtQfLuCW7CGy8V3HP3g,https://open.spotify.com/track/0YYMtQfLuCW7CGy8V3HP3g,atmospheric narrative evocative
Velvet Moonlight Moments,Ambientalism,Blissful Serenades,2021-07-07,0vJgRHSf1lXLngak6v8kCU,https://open.spotify.com/track/0vJgRHSf1lXLngak6v8kCU,atmospheric narrative evocative
Endless (In Ambient),Apple & Stone,Legendary in Ambient,2018-12-08,5mhiL4wm292Hpgl5HKt8Fs,https://open.spotify.com/track/5mhiL4wm292Hpgl5HKt8Fs,atmospheric narrative evocative
Dark Matter,Ambient Realms,"Massive Ambient SciFi Music, Vol. Two",2018-02-05,40iCJWZDd4S5tpCOXTLWXP,https://open.spotify.com/track/40iCJWZDd4S5tpCOXTLWXP,atmospheric narrative evocative
Soar,Curtis Schweitzer,Short Stories,2016-10-04,1KY5wKqSUlr6lrGRVzlc51,https://open.spotify.com/track/1KY5wKqSUlr6lrGRVzlc51,atmospheric narrative evocative
Ambient Inspire,StereojamMusic,Inspirational Corporate Music,2016-10-15,6AXIhu57GTipzXn65wnvw2,https://open.spotify.com/track/6AXIhu57GTipzXn65wnvw2,atmospheric narrative evocative
Memories,Origin ST,Memories / Everlasting,2020-10-15,0HBVWUILn8X2Yf6S6Owhb1,https://open.spotify.com/track/0HBVWUILn8X2Yf6S6Owhb1,atmospheric narrative evocative
Dark Crystal,Ambient Realms,"Massive Ambient SciFi Music, Vol. Two",2018-02-05,7dwpzdrusuIKHhn7QbRxnJ,https://open.spotify.com/track/7dwpzdrusuIKHhn7QbRxnJ,atmospheric narrative evocative
The Ambiguity of Words,Innesti,Filament and Place,2021-04-30,2kfdbJ1Q5IN8vJE6IDCFgA,https://open.spotify.com/track/2kfdbJ1Q5IN8vJE6IDCFgA,atmospheric narrative evocative
Ethereal Blossom,Alex Roe,Invoke,2018-10-15,5IhtGE9JX7tdbKDxIkMoow,https://open.spotify.com/track/5IhtGE9JX7tdbKDxIkMoow,atmospheric narrative evocative
Etheric Imprints,Steve Roach,Etheric Imprints,2015-07-24,4AoUCqiem3L4UkKp7VYFlm,https://open.spotify.com/track/4AoUCqiem3L4UkKp7VYFlm,atmospheric narrative evocative
Reading Space,Ambient BGM channel,Calm Lake,2020-06-19,63WVpaDSkVmpMtozOcdPj7,https://open.spotify.com/track/63WVpaDSkVmpMtozOcdPj7,atmospheric narrative evocative
Dreamy Ambient Piano,The Deep Sleep Scientists,Sleeping Music: Music to Sleep to. Gentle Calm Piano and Relaxing Soothing Sounds for a Relaxing Sleep.,2020-07-17,23ClN9Xd1xsAmVoNQysa3B,https://open.spotify.com/track/23ClN9Xd1xsAmVoNQysa3B,atmospheric narrative evocative
Stories,Martin Rott,Circles - EP,2020-08-21,0ABQZCRqLr3g7xFLkq5BQM,https://open.spotify.com/track/0ABQZCRqLr3g7xFLkq5BQM,atmospheric narrative evocative
Oblivion,Whitesand,Vision,2018-01-25,76nw0WbmLyyDcrrX5yb7aJ,https://open.spotify.com/track/76nw0WbmLyyDcrrX5yb7aJ,atmospheric narrative evocative
Choreographer,Sean McCann,Ten Impressions for Piano and Strings,2020-06-05,1nmC7mOoHHLwVqWW3gBXDz,https://open.spotify.com/track/1nmC7mOoHHLwVqWW3gBXDz,atmospheric narrative evocative
Ambient Ethnic Cinematic,cleanmindsounds,Ambient Ethnic Cinematic,2022-11-30,2kQygUJZmhZUgMzKnfmeXF,https://open.spotify.com/track/2kQygUJZmhZUgMzKnfmeXF,atmospheric narrative evocative
Ambient Electro Cinematic Trailer,Carlos Estella,Epic,2020-06-23,0vi0ftPEdNKLL3KaBWh5Hn,https://open.spotify.com/track/0vi0ftPEdNKLL3KaBWh5Hn,atmospheric narrative evocative
Inside Story - Orchestral Edition,Gothic Storm,Stories of Hope (Orchestral Edition),2017-09-26,2LZ3qOQPSGShRDeD6yU4Qp,https://open.spotify.com/track/2LZ3qOQPSGShRDeD6yU4Qp,atmospheric narrative evocative
Short Stories Part Four,Mathias Grassow,Short Stories,2022-01-27,3FWU1jmO4CqgkyOgSGiSHF,https://open.spotify.com/track/3FWU1jmO4CqgkyOgSGiSHF,atmospheric narrative evocative
Lost Forest,Ambient Realms,"Massive Horror Ambience, Vol. 1",2018-10-11,6CbGJGpmvaxZ1VidVMCiqp,https://open.spotify.com/track/6CbGJGpmvaxZ1VidVMCiqp,atmospheric narrative evocative
Inspiring Ambient,DensoMusic,Ambient Corporate Background,2021-03-21,7qUv81aCnBV7hbIhxqX7J0,https://open.spotify.com/track/7qUv81aCnBV7hbIhxqX7J0,atmospheric narrative evocative
Contemplation,Silent Cabin,Echoes,2020-06-30,7aj1G1Hf1QYn5I8v5FeZNY,https://open.spotify.com/track/7aj1G1Hf1QYn5I8v5FeZNY,atmospheric narrative evocative
A Safe Place,The Ambientalist,A Safe Place,2020-12-11,4AihZh0OmvxUDFug1vGX3v,https://open.spotify.com/track/4AihZh0OmvxUDFug1vGX3v,atmospheric narrative evocative
Echoes,Silent Cabin,Echoes,2020-06-30,5XduXWlYhM1vRroG6OQIel,https://open.spotify.com/track/5XduXWlYhM1vRroG6OQIel,atmospheric narrative evocative
Short Stories Part Three,Mathias Grassow,Short Stories,2022-01-27,6oxXuJFPbiLxLxUhbxK4cy,https://open.spotify.com/track/6oxXuJFPbiLxLxUhbxK4cy,atmospheric narrative evocative
Inspirational Corporate Ambient,AShamaluevMusic,Inspirational Corporate Ambient,2019-03-11,2iTLUC9qHK6auBy45Ar4Eg,https://open.spotify.com/track/2iTLUC9qHK6auBy45Ar4Eg,atmospheric narrative evocative
An Epic Tale,Shadow's Symphony,Beneath the Dark,2013-12-06,6KJi5bZeTRwYjJWTlA2qgV,https://open.spotify.com/track/6KJi5bZeTRwYjJWTlA2qgV,atmospheric narrative evocative
Remembrance,Ryan Amon,Providence,2018-06-22,7wRA3JXTMn2a9a3lyfJb4F,https://open.spotify.com/track/7wRA3JXTMn2a9a3lyfJb4F,atmospheric narrative evocative
Atmosphere & Landscape,Felt Body,Music for Autumn Walk,2020-04-24,06HHrefMPK43Rh0BvgT7uY,https://open.spotify.com/track/06HHrefMPK43Rh0BvgT7uY,atmospheric narrative evocative
Room Four,Ambienti Coassiali,Vol. 1 (Room 1-6),2018-04-13,4xRGL2mc2d5oDfGhq3oNbC,https://open.spotify.com/track/4xRGL2mc2d5oDfGhq3oNbC,atmospheric narrative evocative
Memórias,Pierini,Fronteiras,1999,3O2stNraeOtwPMM6qVBNLX,https://open.spotify.com/track/3O2stNraeOtwPMM6qVBNLX,atmospheric narrative evocative
The Creepy Forest,Ambient Realms,"Massive Ambient Music, Vol. 7",2020-03-17,7c2xoge5XpBtzJAyb7w4Am,https://open.spotify.com/track/7c2xoge5XpBtzJAyb7w4Am,atmospheric narrative evocative
Scary Atmosphere,Background Music Attention,"Gothic, Atmospheric, Dark Ambient",2020-01-13,3jQZGOMBLkTYY7beFwubax,https://open.spotify.com/track/3jQZGOMBLkTYY7beFwubax,atmospheric narrative evocative
Mémoire,Marihiko Hara,Flora,2013-11-22,7xdYMLtUAJ6zQ2K5LnRzGg,https://open.spotify.com/track/7xdYMLtUAJ6zQ2K5LnRzGg,atmospheric narrative evocative
"Upon the Endless, Open Sea",Joel Clarkson,Story Book Soundscapes,2019-07-01,2xBiZq4jAKSReuuvUPZF3g,https://open.spotify.com/track/2xBiZq4jAKSReuuvUPZF3g,atmospheric narrative evocative
Inspiring Relaxed Narrative,BlueTreeAudio,Corporate Ambient Sound,2020-07-17,15H3Xc0zc1TL1FZ0VaMouY,https://open.spotify.com/track/15H3Xc0zc1TL1FZ0VaMouY,atmospheric narrative evocative
A Tense Situation - Epic Cinematic Style Instrumental,Ambience Mastery,In Search of Adventure (Epic Cinematic Style Instrumentals),2021-07-15,6JxVJK8LYJpZ7zTc4iZAc8,https://open.spotify.com/track/6JxVJK8LYJpZ7zTc4iZAc8,atmospheric narrative evocative
Ethereal Atmosphere,Allen Grey,Soundscape Collection,2020-12-09,4a2K7BWR4QX88opDDYjjlS,https://open.spotify.com/track/4a2K7BWR4QX88opDDYjjlS,atmospheric narrative evocative
Sanft,Ambientalism,Blissful Serenades,2021-07-07,5lgcxvz1oCL8eDCHFJX99Q,https://open.spotify.com/track/5lgcxvz1oCL8eDCHFJX99Q,atmospheric narrative evocative
Lounge,Shades of TL,Flight 0012,2017-01-29,2us0wHwwjDzk024cgMJZhu,https://open.spotify.com/track/2us0wHwwjDzk024cgMJZhu,atmospheric narrative evocative
Home Stories,Hainbach,Home Stories,2021-08-10,3zKh4uoo7A7Mu6nuASKTDt,https://open.spotify.com/track/3zKh4uoo7A7Mu6nuASKTDt,atmospheric narrative evocative
Strings For Storytelling,AXS Music,Strings For Storytelling,2017-12-19,7x2PW7FGYV324YXHs18kYL,https://open.spotify.com/track/7x2PW7FGYV324YXHs18kYL,atmospheric narrative evocative
Loss Ambient,Library Of The Human Soul,Sadness (Ambient Edition),2016-01-10,4w1cnM9JtYC5kqP1BZ09sh,https://open.spotify.com/track/4w1cnM9JtYC5kqP1BZ09sh,atmospheric narrative evocative
Close to the Nexus,Ambientalism,Blissful Serenades,2021-07-07,2CXWHgpCB5cyNrjzqijnsL,https://open.spotify.com/track/2CXWHgpCB5cyNrjzqijnsL,atmospheric narrative evocative
Ambient Space,Amelia System,New Age Ambient - Relaxing Electronic Music,2020-04-14,2Uyl8g0ivI5LVG5kiHIuL9,https://open.spotify.com/track/2Uyl8g0ivI5LVG5kiHIuL9,atmospheric narrative evocative
Emotional,Florews,Inspiration,2020-08-04,2Af83J657MSwf4JzEbSlqt,https://open.spotify.com/track/2Af83J657MSwf4JzEbSlqt,atmospheric narrative evocative
Ambiance,Jamal Green,Equilinox (Original Game Soundtrack),2018-01-16,7p2ovUKBbtU9PW1g7pS4A2,https://open.spotify.com/track/7p2ovUKBbtU9PW1g7pS4A2,atmospheric narrative evocative
A Powerful Corporation (Instrumental),Ambience Mastery,Cyberpunk Vibes (Electronic Instrumentals),2021-08-27,3fo8CmMyOcPGXfiR57d2ud,https://open.spotify.com/track/3fo8CmMyOcPGXfiR57d2ud,atmospheric narrative evocative
Awakening,John D. Boswell,"Works for Film, Vol. 1",2017-08-01,3WOlCzs3ccehtpOnBjd0WN,https://open.spotify.com/track/3WOlCzs3ccehtpOnBjd0WN,atmospheric narrative evocative
Haunted Chateau,Ambient Realms,"Massive Ambient Music, Vol. 8",2021-04-02,7CnRRD2C1TDC4cZaXFjBJG,https://open.spotify.com/track/7CnRRD2C1TDC4cZaXFjBJG,atmospheric narrative evocative
Quay,Biosphere,Insomnia,1997,4gU96pbhptvxbYSXrM9WxR,https://open.spotify.com/track/4gU96pbhptvxbYSXrM9WxR,atmospheric narrative evocative
Storytelling,David Celeste,Autumnus,2014-10-17,161cG5y3PZDhsXlcqlDJLI,https://open.spotify.com/track/161cG5y3PZDhsXlcqlDJLI,atmospheric narrative evocative
The Hidden Path,The Ambientalist,The Hidden Path,2019-02-15,7vamTlOrl2qEwCLJ9druSB,https://open.spotify.com/track/7vamTlOrl2qEwCLJ9druSB,atmospheric narrative evocative
Derelict Ship,Ambient Realms,"Massive Ambient SciFi Music, Vol. Two",2018-02-05,3jbbh1xpPzOBkahOrVcV1G,https://open.spotify.com/track/3jbbh1xpPzOBkahOrVcV1G,atmospheric narrative evocative
Leave,Endless Melancholy,A Quiet Recollection,2016-02-12,09Dhfmpa2EST9bKzAzAT3y,https://open.spotify.com/track/09Dhfmpa2EST9bKzAzAT3y,atmospheric narrative evocative
Hunter,Ambient Realms,"Massive Horror Ambience, Vol. 1",2018-10-11,1bWsZmo2nry9MSNFHYIdT9,https://open.spotify.com/track/1bWsZmo2nry9MSNFHYIdT9,atmospheric narrative evocative
Ambient Documentary Cinematic,cleanmindsounds,Ambient Documentary Cinematic,2022-10-29,1yNpG7bwvAMfX0tZZvfLXn,https://open.spotify.com/track/1yNpG7bwvAMfX0tZZvfLXn,atmospheric narrative evocative
Ambient,Drøme,Drøme,2022-04-08,0AcUrDzL8fb74CmLN8O9N1,https://open.spotify.com/track/0AcUrDzL8fb74CmLN8O9N1,atmospheric narrative evocative
Realization,Alex Roe,Tides of Time,2015-08-31,7wf8rhIGoHgSXPEqXE7DXp,https://open.spotify.com/track/7wf8rhIGoHgSXPEqXE7DXp,atmospheric narrative evocative
Sanctuary,Ambient Realms,"Massive Ambient Music, Vol. 10",2021-12-04,5O5bDyw2CSL6fr8ERXxWBE,https://open.spotify.com/track/5O5bDyw2CSL6fr8ERXxWBE,atmospheric narrative evocative
Inspiring Music,Ambience Fantasy,Instrumental Music for Reading Comics,2022-09-01,6Cbh4nIe0K9x9EIJSPkieZ,https://open.spotify.com/track/6Cbh4nIe0K9x9EIJSPkieZ,atmospheric narrative evocative
Between Heartbeats,Ambientalism,Blissful Serenades,2021-07-07,37BM6VPNrSMgFHgHrOtNPW,https://open.spotify.com/track/37BM6VPNrSMgFHgHrOtNPW,atmospheric narrative evocative
prologue,films,messenger,2010-05-14,6QkUW4RxT3nNVqCVgtoUWU,https://open.spotify.com/track/6QkUW4RxT3nNVqCVgtoUWU,atmospheric narrative evocative
Scanner,Ambient Realms,"Massive Ambient SciFi Music, Vol. Two",2018-02-05,6VrsFpL3a3SyOLS2EzZXGg,https://open.spotify.com/track/6VrsFpL3a3SyOLS2EzZXGg,atmospheric narrative evocative
"Every Day, Another Mile Closer",Ambientalism,Blissful Serenades,2021-07-07,7DEgv0M0uzXGXYcqp1PpUR,https://open.spotify.com/track/7DEgv0M0uzXGXYcqp1PpUR,atmospheric narrative evocative
Dramatic and Inspirational Trailer - Subdued Version,Keith Merrill,Emotion,2014-07-11,79FuoV2ZwwP5EScXcFw8RC,https://open.spotify.com/track/79FuoV2ZwwP5EScXcFw8RC,atmospheric narrative evocative
StrahlendesJuwel,Ambientalism,Blissful Serenades,2021-07-07,60mItISaCN78hPIaku8LYU,https://open.spotify.com/track/60mItISaCN78hPIaku8LYU,atmospheric narrative evocative
Cinematic Ambient,Sergey Wednesday,Another World,2020-10-07,1xaC8EGLQOeRAZE6qcpQ3A,https://open.spotify.com/track/1xaC8EGLQOeRAZE6qcpQ3A,atmospheric narrative evocative
Reflection,Synapse Trailer Music,Outlier,2019-04-05,0TAmYNBMowHnLzPvWadCVX,https://open.spotify.com/track/0TAmYNBMowHnLzPvWadCVX,atmospheric narrative evocative
Ambient Dream,Bjokib,Ambient Dream,2020-03-28,6lld9jk3e9qw88xe1kzq0t,https://open.spotify.com/track/6lld9jk3e9qw88xe1kzq0t,atmospheric narrative evocative
Ambivalent Thoughts,Magnus Ringblom,Ambivalent Thoughts,2015-09-25,71YylZbkEPDGEhNJ7TZyXs,https://open.spotify.com/track/71YylZbkEPDGEhNJ7TZyXs,atmospheric narrative evocative
Urban Lightshow,ERSATZ,In,2009-11-13,68nS2UHL8UutQ7wxljjaAR,https://open.spotify.com/track/68nS2UHL8UutQ7wxljjaAR,atmospheric narrative evocative
Approaching Danger,Background Music Attention,"Gothic, Atmospheric, Dark Ambient",2020-01-13,1D98KKJ0fri0YgpruDK3C9,https://open.spotify.com/track/1D98KKJ0fri0YgpruDK3C9,atmospheric narrative evocative
Deep Suspence,Background Music Attention,"Gothic, Atmospheric, Dark Ambient",2020-01-13,54mTvoP1xsKruVs3FiMsIW,https://open.spotify.com/track/54mTvoP1xsKruVs3FiMsIW,atmospheric narrative evocative
Eternal Dream - 2021 Extended Mix,The Ambientalist,"A Longer Story, Pt. 5",2021-06-25,6fD0gpCTBy5nKQIbcAxDCe,https://open.spotify.com/track/6fD0gpCTBy5nKQIbcAxDCe,atmospheric narrative evocative
Emotional Cinematic Ambient,AShamaluevMusic,Emotional Cinematic Ambient,2018-12-31,7vBOdpZSovoUjFgtYKPzfE,https://open.spotify.com/track/7vBOdpZSovoUjFgtYKPzfE,atmospheric narrative evocative
Inspired Music for Repeating Nights,Autumn Jazz Ambient,Ambiance for Morning Victory,2022-10-20,4pWFsEMlyV6X63OgiL6EC2,https://open.spotify.com/track/4pWFsEMlyV6X63OgiL6EC2,atmospheric narrative evocative
Mystical Four,Djinotan,Your Story Interactive ( Arcanum ) [Original Score],2022-08-16,3mab86Mxbtlg4nuy1ZJrYA,https://open.spotify.com/track/3mab86Mxbtlg4nuy1ZJrYA,atmospheric narrative evocative
Sad and Dramatic Music,Inside Your Soul,"Sad and Dramatic Music: Dark Ambient Collection, Synth Relaxation",2019-11-30,02SYCJRLrMB42KVhbGP56m,https://open.spotify.com/track/02SYCJRLrMB42KVhbGP56m,atmospheric narrative evocative
Grounded in the Great Unknown,Ambientalism,Blissful Serenades,2021-07-07,4lJnW0zs7BVmizHLd3AbWl,https://open.spotify.com/track/4lJnW0zs7BVmizHLd3AbWl,atmospheric narrative evocative
Atmospheric Phenomenon,Ambiente Solstice,Abandoned Peace,2021-07-09,7qnvTqBhYdZvIPIblWncNw,https://open.spotify.com/track/7qnvTqBhYdZvIPIblWncNw,atmospheric narrative evocative
Rydoria,Acherontic Dawn,Contingency,2015-05-03,66wlrIdzFG4AmUb34f4Jmf,https://open.spotify.com/track/66wlrIdzFG4AmUb34f4Jmf,atmospheric narrative evocative
"Ambience, Fantasy - Dramatic Shimmering Synth Ambience Fantasy Ambiences",Sound Effects Library,Magical: Sound Effects,2012-05-15,1uUKw1KYoZN2e4z4owZ4Eo,https://open.spotify.com/track/1uUKw1KYoZN2e4z4owZ4Eo,atmospheric narrative evocative
Ambient Piano Music for Writing,Brain Study Music Guys,"Ambient Piano Music for Writing – Calm Soothing Music, Creative Inspiration, Mental Renewal, Deep Focus, Clear Your Mind, Music for Reading & Studying, Exam Study, Ambient Sounds",2017-06-13,64UqQnUttctCqgzDO4ePxD,https://open.spotify.com/track/64UqQnUttctCqgzDO4ePxD,atmospheric narrative evocative
Epic Darkness,Ambient Realms,"Massive Horror Ambience Music, Vol. 2",2020-10-13,2QbEuOzOpNNQr1eVCekhOk,https://open.spotify.com/track/2QbEuOzOpNNQr1eVCekhOk,atmospheric narrative evocative
Before You Sleep - 2019 Extended Mix,The Ambientalist,"A Longer Story, Pt. 2",2019-11-15,4kH2B40Kwzr0M820nH2XLi,https://open.spotify.com/track/4kH2B40Kwzr0M820nH2XLi,atmospheric narrative evocative
Into The Expanse,Liquid Cinema,Lumina: Epic Emotional Trailers,2015-09-04,3mg0FSTghBe5i6qczflDoq,https://open.spotify.com/track/3mg0FSTghBe5i6qczflDoq,atmospheric narrative evocative
Lysbotn,Biosphere,The Senja Recordings,2019-06-07,2R0jtHqv1V0J3iFCM2VNnh,https://open.spotify.com/track/2R0jtHqv1V0J3iFCM2VNnh,atmospheric narrative evocative
Expanding World,Thomas Howe,Magical Fantasy,2015-03-03,5ZKygGBp3GzjOSGuaJupeG,https://open.spotify.com/track/5ZKygGBp3GzjOSGuaJupeG,atmospheric narrative evocative
Memories - Instrumental,Graupel,Bereavement (Instrumental Edition),2020-06-16,7o5niILBifx3vwsbyZd0FM,https://open.spotify.com/track/7o5niILBifx3vwsbyZd0FM,atmospheric narrative evocative
Untold Stories,Hotel Neon,All Is Memory,2021-01-01,5IjZunIUlzV0dAfGqhajfK,https://open.spotify.com/track/5IjZunIUlzV0dAfGqhajfK,atmospheric narrative evocative
Inspirational,Colin Hall,Looking at a Peaceful Landscape,2018-02-09,7N3zHC4MzCauCKSUjDQW0i,https://open.spotify.com/track/7N3zHC4MzCauCKSUjDQW0i,atmospheric narrative evocative
Light Beyond,Encloaked,Encloaked,2019-12-21,1IyayBZ87Qccix5Tg8fewJ,https://open.spotify.com/track/1IyayBZ87Qccix5Tg8fewJ,atmospheric narrative evocative
All That's Left,The Ambientalist,Memoirs,2020-11-27,0H9IR598UpvW06ehpavFHu,https://open.spotify.com/track/0H9IR598UpvW06ehpavFHu,atmospheric narrative evocative
Hollow Forest,Ambient Realms,"Massive Ambient Music, Vol. 5",2019-01-01,3RiDHE1LxdJc6Ma7W20ouF,https://open.spotify.com/track/3RiDHE1LxdJc6Ma7W20ouF,atmospheric narrative evocative
Background Story,Panoram,Background Story,2015,0JiDqAoADpypTg3zbNUR8A,https://open.spotify.com/track/0JiDqAoADpypTg3zbNUR8A,atmospheric narrative evocative
Prologue,Immediate,State of Grace,2018-07-09,2ZzPnttBaC4NKf3hDLjXCK,https://open.spotify.com/track/2ZzPnttBaC4NKf3hDLjXCK,atmospheric narrative evocative
Soothing Ambience,Doug Kilgore,Essential Ambience,2015-07-25,24PLemoZrQjDbt2124ck62,https://open.spotify.com/track/24PLemoZrQjDbt2124ck62,atmospheric narrative evocative
Bright Backdrops for Repeating Nights,Autumn Jazz Ambient,Ambiance for Morning Victory,2022-10-20,67qFoDa7AV2FxZEt2Atm1c,https://open.spotify.com/track/67qFoDa7AV2FxZEt2Atm1c,atmospheric narrative evocative
The Rebirth of the Self,Ambientalism,Blissful Serenades,2021-07-07,5C9LIJrRAkAe9qg4l29y3H,https://open.spotify.com/track/5C9LIJrRAkAe9qg4l29y3H,atmospheric narrative evocative
Mind,Ambient Sounds for Reading,Ambient Stories,2018-06-09,4foSAIZP6vKsHF9aSCnnsl,https://open.spotify.com/track/4foSAIZP6vKsHF9aSCnnsl,atmospheric narrative evocative
Instrumental,The Red Death,External Frames of Reference,2005-04-19,3eYq3QTVayUW0cSq5IRHSd,https://open.spotify.com/track/3eYq3QTVayUW0cSq5IRHSd,atmospheric narrative evocative
Sad Dramatic Story,Alexei Surovykh,Cinematic Stories,2021-02-19,441gqVf5TEBjIHpjkvHNDl,https://open.spotify.com/track/441gqVf5TEBjIHpjkvHNDl,atmospheric narrative evocative
Stories of the Untold,Whitesand,Stories of Untold,2020-09-14,0vIxjdalzCcirbgM75UXJi,https://open.spotify.com/track/0vIxjdalzCcirbgM75UXJi,atmospheric narrative evocative
Instrumental,The Wrath Of Vesuvius,Portals Through Ophiuchus,2010-11-24,5E5DulaCt9Niut0GmsNpf9,https://open.spotify.com/track/5E5DulaCt9Niut0GmsNpf9,atmospheric narrative evocative
Revelation,Gothic Storm,The Melodic Dawn,2020-03-08,12ujbm5RAMaKiCnsXogPCj,https://open.spotify.com/track/12ujbm5RAMaKiCnsXogPCj,atmospheric narrative evocative
Star Traveler,Ambient Realms,"Massive Ambient SciFi Music, Vol. Two",2018-02-05,4o8mJC5h9AcK8J4EBy6YxK,https://open.spotify.com/track/4o8mJC5h9AcK8J4EBy6YxK,atmospheric narrative evocative
Exospheres: III. Remembrance,SØLYS,Exospheres,2022-07-08,4DbdLJ0LJQDMvrukmlepPG,https://open.spotify.com/track/4DbdLJ0LJQDMvrukmlepPG,atmospheric narrative evocative
Acoustic Landscape IV,Max Ablitzer,Acoustic Landscapes,2017-04-18,74PwSsbTknGf8H7QGbIk5d,https://open.spotify.com/track/74PwSsbTknGf8H7QGbIk5d,atmospheric narrative evocative
The Moment Before - 2020 Extended Mix,The Ambientalist,"A Longer Story, Pt. 3",2020-05-29,3aVRv9JwFJzIwepRhBwalv,https://open.spotify.com/track/3aVRv9JwFJzIwepRhBwalv,atmospheric narrative evocative
Nature of Another,Alex Roe,Invoke,2018-10-15,4iE1sbcyuRpoRs9Zgt9LQD,https://open.spotify.com/track/4iE1sbcyuRpoRs9Zgt9LQD,atmospheric narrative evocative
Orientalis,Bryan El,Boundaries of Imagination,2012-06-13,0p8haNBW9K9cuUU0FgnGgP,https://open.spotify.com/track/0p8haNBW9K9cuUU0FgnGgP,atmospheric narrative evocative
Landscape,Picture Music,Picture Music,2021-12-15,25M2SHXQfHg3a230ZVbcPU,https://open.spotify.com/track/25M2SHXQfHg3a230ZVbcPU,atmospheric narrative evocative
Gravity,David Eman,Atmosphere,2018-06-18,76NcCHThaDakarPgKIFsnW,https://open.spotify.com/track/76NcCHThaDakarPgKIFsnW,atmospheric narrative evocative
&c.,Benoît Pioulard,Lignin Poise,2017-09-08,7yHGALTkZralkViSWhiYQz,https://open.spotify.com/track/7yHGALTkZralkViSWhiYQz,atmospheric narrative evocative
Prelude,Jun Mitsui,Evacuation,2019-10-12,44PIhE8lrCCIRyMvklSHFh,https://open.spotify.com/track/44PIhE8lrCCIRyMvklSHFh,atmospheric narrative evocative
Bright Backdrops for Repeating Nights,Autumn Jazz Ambient,Ambiance for Morning Victory,2022-10-20,67qFoDa7AV2FxZEt2Atm1c,https://open.spotify.com/track/67qFoDa7AV2FxZEt2Atm1c,atmospheric narrative evocative
Ambienteuse,Roman Flügel,Balmy Evening,2022-10-14,6Go6dOhFjDTLE39BCblEWu,https://open.spotify.com/track/6Go6dOhFjDTLE39BCblEWu,atmospheric narrative evocative
Mind,Ambient Sounds for Reading,Ambient Stories,2018-06-09,4foSAIZP6vKsHF9aSCnnsl,https://open.spotify.com/track/4foSAIZP6vKsHF9aSCnnsl,atmospheric narrative evocative
Cinematic Adventures,Frederic Sans,Cinematic Adventures,2013-06-12,1P0M7laZc1P9P1W7ekPEGZ,https://open.spotify.com/track/1P0M7laZc1P9P1W7ekPEGZ,atmospheric narrative evocative
Ambient Mild Documentary - Ambient Mild Documentary,DepasRec,Ambient Mild Documentary,2018-11-15,1UJLBquYvjQBkc3gWPsirV,https://open.spotify.com/track/1UJLBquYvjQBkc3gWPsirV,atmospheric narrative evocative
Ambient Inspiration,DensoMusic,Ambient Soft Corporate Collection,2022-04-25,6d4Q9xiU7MsPzrFJiXBaBR,https://open.spotify.com/track/6d4Q9xiU7MsPzrFJiXBaBR,atmospheric narrative evocative
Effervescent,Alex Roe,Tides of Time,2015-08-31,4lnajeLDrDgPsSMWcsQsrw,https://open.spotify.com/track/4lnajeLDrDgPsSMWcsQsrw,atmospheric narrative evocative
Acoustic Landscape VIII,Max Ablitzer,Acoustic Landscapes,2017-04-18,47GqYBoWHW1rbQlNj8ZY2A,https://open.spotify.com/track/47GqYBoWHW1rbQlNj8ZY2A,atmospheric narrative evocative
The Expanse Within - No Vocals,Thomas J. Curran,The Expanse Within,2021-05-20,1mFFocIR1VjpIwztzal1KJ,https://open.spotify.com/track/1mFFocIR1VjpIwztzal1KJ,atmospheric narrative evocative
Entrapment,Full Tilt,Convergence,2015-03-24,76gRkZnOotBkpgaKX0Maeh,https://open.spotify.com/track/76gRkZnOotBkpgaKX0Maeh,atmospheric narrative evocative
Dramatic Exit,Caleb Tarmak,Daredreamer,2020-02-19,2RiHeY4klaAlkLKyqaqmQD,https://open.spotify.com/track/2RiHeY4klaAlkLKyqaqmQD,atmospheric narrative evocative
Sad Dramatic Story,Alexei Surovykh,Cinematic Stories,2021-02-19,441gqVf5TEBjIHpjkvHNDl,https://open.spotify.com/track/441gqVf5TEBjIHpjkvHNDl,atmospheric narrative evocative
Ascension,Ambient Realms,"Massive Horror Ambience, Vol. 1",2018-10-11,3r1xwBDqKzzbY6THg7Y6IK,https://open.spotify.com/track/3r1xwBDqKzzbY6THg7Y6IK,atmospheric narrative evocative
Acoustic Landscape IV,Max Ablitzer,Acoustic Landscapes,2017-04-18,74PwSsbTknGf8H7QGbIk5d,https://open.spotify.com/track/74PwSsbTknGf8H7QGbIk5d,atmospheric narrative evocative
Nothing Beyond,Background Music Attention,"Gothic, Atmospheric, Dark Ambient",2020-01-13,3DtXovhbnVbSsfYldqwz1A,https://open.spotify.com/track/3DtXovhbnVbSsfYldqwz1A,atmospheric narrative evocative
Entangled,Curtis Schweitzer,Short Stories,2016-10-04,1z1KlkVhL25cZxySbkEqUW,https://open.spotify.com/track/1z1KlkVhL25cZxySbkEqUW,atmospheric narrative evocative
Night Fog,Ambient Realms,"Massive Horror Ambience, Vol. 1",2018-10-11,1FyE0sV7hYnkURezMnaTHW,https://open.spotify.com/track/1FyE0sV7hYnkURezMnaTHW,atmospheric narrative evocative
Acoustic Landscape III,Max Ablitzer,Acoustic Landscapes,2017-04-18,1hyAGaKftwVzPA7sqn8Nh1,https://open.spotify.com/track/1hyAGaKftwVzPA7sqn8Nh1,atmospheric narrative evocative
Melancholic,Kyellan,"10 Minute World, Vol. 1 (Western Fantasy RPG Atmospheres)",2022-07-21,5FzAvgvCV3NNHm7ulAqa2X,https://open.spotify.com/track/5FzAvgvCV3NNHm7ulAqa2X,atmospheric narrative evocative
Atmospheric Instrumental Music for Unwinding,Seven Loves,Keep Walking,2016-11-07,4fGONwMp41nEculXtOStxA,https://open.spotify.com/track/4fGONwMp41nEculXtOStxA,atmospheric narrative evocative
Inspired Ambient,makesound music,Ambient Corporate,2022-10-17,39b7a18GZH0H9cttl84CNT,https://open.spotify.com/track/39b7a18GZH0H9cttl84CNT,atmospheric narrative evocative
Somber,Ambient Realms,"Massive Horror Ambience, Vol. 1",2018-10-11,0nxNs2cXI7R7WJ2TSahT23,https://open.spotify.com/track/0nxNs2cXI7R7WJ2TSahT23,atmospheric narrative evocative
Documentary Ambient,Stereo Color,Epic Inspiration,2022-08-22,1HcpJfnwl1SCAr72RDAmho,https://open.spotify.com/track/1HcpJfnwl1SCAr72RDAmho,atmospheric narrative evocative
Documentary Background Ambient,cleanmindsounds,Documentary Background Ambient,2022-06-28,5uPOfwm7x1LwVPFeeFHSGG,https://open.spotify.com/track/5uPOfwm7x1LwVPFeeFHSGG,atmospheric narrative evocative
Background Documentary Ambient,cleanmindsounds,Background Documentary Ambient,2022-04-30,7yXQ7ShjT7FW85okgBDRNp,https://open.spotify.com/track/7yXQ7ShjT7FW85okgBDRNp,atmospheric narrative evocative
Reunion,Dominik Alexander Hecker,Fantasy & Adventure Stories,2018-02-15,1hpt2TlKicPjfXqOAFoSOK,https://open.spotify.com/track/1hpt2TlKicPjfXqOAFoSOK,atmospheric narrative evocative
Embrace,Atlas Reach,Emergence,2020-06-14,2r5RIHukpibEzSX66F5tZr,https://open.spotify.com/track/2r5RIHukpibEzSX66F5tZr,atmospheric narrative evocative
Dark Wilderness,Ambient Realms,"Massive Ambient Music, Vol. 10",2021-12-04,3KfAfoxB2bbWcddKqTRWbd,https://open.spotify.com/track/3KfAfoxB2bbWcddKqTRWbd,atmospheric narrative evocative
Extra Terrestrial,Dynamic Music,Eerie Analogue Tension,2017-02-23,6YSHUw1Uv9iRNx1PEqlHhS,https://open.spotify.com/track/6YSHUw1Uv9iRNx1PEqlHhS,atmospheric narrative evocative
Above the Earth,Gothic Storm,Epic Emotional,2020-03-08,2FXqATUOQmXOWBmBkMwojZ,https://open.spotify.com/track/2FXqATUOQmXOWBmBkMwojZ,atmospheric narrative evocative
Short Stories Part Seven,Mathias Grassow,Short Stories,2022-01-27,2F4e2EhoiQth1UzkMLIWRS,https://open.spotify.com/track/2F4e2EhoiQth1UzkMLIWRS,atmospheric narrative evocative
Mystery,Atmøsphäre,Landscapes,2017-01-01,72Q8DswpgXSWB9lYPwnpSw,https://open.spotify.com/track/72Q8DswpgXSWB9lYPwnpSw,atmospheric narrative evocative
Rydoria (No Choir),Acherontic Dawn,Contingency,2015-05-03,0SDrPaA5Pd4eJhOVby0475,https://open.spotify.com/track/0SDrPaA5Pd4eJhOVby0475,atmospheric narrative evocative
Acoustic Landscape VII,Max Ablitzer,Acoustic Landscapes,2017-04-18,1vwj808jalIzVoP4kt1Zrw,https://open.spotify.com/track/1vwj808jalIzVoP4kt1Zrw,atmospheric narrative evocative
Landscape,Fitch,Ambiencellist,2003-02-19,2yamLEyeEHY7Ga60quslA3,https://open.spotify.com/track/2yamLEyeEHY7Ga60quslA3,atmospheric narrative evocative
Human Stories,AXS Music,Strings For Storytelling,2017-12-19,59fsjnWQWx2wisG4JNKLO3,https://open.spotify.com/track/59fsjnWQWx2wisG4JNKLO3,atmospheric narrative evocative
Orchestral Tension,The Ambient Composer,Modern Medieval Fantasy Soundtrack,2017-05-02,3DNK5HfNG1og3sGDg3kdob,https://open.spotify.com/track/3DNK5HfNG1og3sGDg3kdob,atmospheric narrative evocative
Nature of the East,Ambient Realms,"Massive Ambient Music, Vol. 2",2015-02-23,6rFEBubFA57KVIFfFtoavc,https://open.spotify.com/track/6rFEBubFA57KVIFfFtoavc,atmospheric narrative evocative
Forbidden,Ambient Realms,"Massive Ambient SciFi Music, Vol. 1",2016-11-03,3r6GM1uExG4VUhaecOUqnB,https://open.spotify.com/track/3r6GM1uExG4VUhaecOUqnB,atmospheric narrative evocative
Inspiration and Hope Narrative,BlueTreeAudio,Corporate Ambient,2020-07-17,6yOHjQMNi2NfCZNLyxoSvt,https://open.spotify.com/track/6yOHjQMNi2NfCZNLyxoSvt,atmospheric narrative evocative
Dramatic Movement,Dark Ambient Creator,"Dark Ambient Drones for Relaxing, Dreaming, Chilling and Tripping, Vol. 1",2015-08-31,5ia41cYSynwzyOdY3sjMmg,https://open.spotify.com/track/5ia41cYSynwzyOdY3sjMmg,atmospheric narrative evocative
Drama Ambient Piano,cleanmindsounds,Drama Ambient Piano,2022-10-29,0DQBq7b8kDHF0O3EPLxPcb,https://open.spotify.com/track/0DQBq7b8kDHF0O3EPLxPcb,atmospheric narrative evocative
Dark Palace,Ambient Realms,"Massive Ambient SciFi Music, Vol. 1",2016-11-03,11Z8zYNx3dFyhCzE1gQHWh,https://open.spotify.com/track/11Z8zYNx3dFyhCzE1gQHWh,atmospheric narrative evocative
Guardians,Gothic Storm,Sweeping Fantasy Adventure,2020-06-02,3YjLEKZ0YRk9VQF7NbNnaw,https://open.spotify.com/track/3YjLEKZ0YRk9VQF7NbNnaw,atmospheric narrative evocative
Dark Emotional Soundscape,Allen Grey,Soundscape Collection,2020-12-09,3OLVpNUec4g85oYL0hQugo,https://open.spotify.com/track/3OLVpNUec4g85oYL0hQugo,atmospheric narrative evocative
Acoustic Landscape IX,Max Ablitzer,Acoustic Landscapes,2017-04-18,6k4riKyVkxb5KwlCMFSZNb,https://open.spotify.com/track/6k4riKyVkxb5KwlCMFSZNb,atmospheric narrative evocative
narratives,Teodor Wolgers,narratives,2020-10-09,4d4J8PmmhiWR1TrxtcDQiQ,https://open.spotify.com/track/4d4J8PmmhiWR1TrxtcDQiQ,atmospheric narrative evocative
prelude,AT4G,Soundtrack for the Uninspired,2018-03-16,7mvgaAoTMAStBtBuLhE4BC,https://open.spotify.com/track/7mvgaAoTMAStBtBuLhE4BC,atmospheric narrative evocative
Dark Ambient Documentary Cello,Rafael Krux,Dark Ambient Documentary Cello,2022-08-19,3bCj1Szog4FZJ1GZBengSi,https://open.spotify.com/track/3bCj1Szog4FZJ1GZBengSi,atmospheric narrative evocative
Awakening,Evocativ,Awakening,2016-11-25,3QcPdgz35sNMc5XMcWDXkD,https://open.spotify.com/track/3QcPdgz35sNMc5XMcWDXkD,atmospheric narrative evocative
VII,Sky Burial,The Forcing Season,2019-08-09,71A8sxtv31giVDJSPlTpPz,https://open.spotify.com/track/71A8sxtv31giVDJSPlTpPz,atmospheric narrative evocative
Messenger - Instrumental,Hans Johnson,Awake,2020-04-22,5UuDrpaLbdKT5JAkMsOD0a,https://open.spotify.com/track/5UuDrpaLbdKT5JAkMsOD0a,atmospheric narrative evocative
Melancholic Objects,From Overseas,Melancholic Objects,2020-02-28,5HUJkGzQr6KF0A59WbnhTN,https://open.spotify.com/track/5HUJkGzQr6KF0A59WbnhTN,atmospheric narrative evocative
Lake,58918012,"132,480 minutes",2021-09-01,6AoLOMsEI4cClgbpxi6y5D,https://open.spotify.com/track/6AoLOMsEI4cClgbpxi6y5D,atmospheric narrative evocative
Beyond the Blink,Ambientalism,Blissful Serenades,2021-07-07,3vHQAp3rxnv5CEVNhN2v2C,https://open.spotify.com/track/3vHQAp3rxnv5CEVNhN2v2C,atmospheric narrative evocative
Transmission,Themushroomsound,Event[0] (Original Game Soundtrack),2017-07-19,0e2QH5xoPMkkFKBfoVnnK5,https://open.spotify.com/track/0e2QH5xoPMkkFKBfoVnnK5,atmospheric narrative evocative
SciFi,Ambient Realms,"Massive Ambient SciFi Music, Vol. 1",2016-11-03,39YHy3iVPtM6hTxMu5NYKf,https://open.spotify.com/track/39YHy3iVPtM6hTxMu5NYKf,atmospheric narrative evocative
Dark Senses,Ambient Realms,"Massive Horror Ambience, Vol. 1",2018-10-11,3Qx6h2iteJYOLlpwIa8ssz,https://open.spotify.com/track/3Qx6h2iteJYOLlpwIa8ssz,atmospheric narrative evocative
Shadow,Kazuma Okabayashi,Lyrical Ambient,2022-07-22,6ubDKac639MTB2TVoJN1YK,https://open.spotify.com/track/6ubDKac639MTB2TVoJN1YK,atmospheric narrative evocative
Underwater Forest,Inspired,Orchestral Landscapes,2016-01-04,4ApFrTQTDYO4lFEeA5YqE3,https://open.spotify.com/track/4ApFrTQTDYO4lFEeA5YqE3,atmospheric narrative evocative
Epilogue,Rebekka Karijord,Music For Film And Theatre,2014-01-20,3XGETEd9tDRMBlawMUr24X,https://open.spotify.com/track/3XGETEd9tDRMBlawMUr24X,atmospheric narrative evocative
Inspirational Tale,Tunestogo,Inspirational Ambient,2021-03-26,2h2sBNWj7yOKNnwbtvSrkE,https://open.spotify.com/track/2h2sBNWj7yOKNnwbtvSrkE,atmospheric narrative evocative
Ambient Motivational Corporate,StereojamMusic,Inspirational Corporate Music,2016-10-15,7f3f3rOEkagYu3urWwKR1y,https://open.spotify.com/track/7f3f3rOEkagYu3urWwKR1y,atmospheric narrative evocative
Ambient Documentary Dramatic,cleanmindsounds,Ambient Documentary Dramatic,2023-02-28,164fUHVLbmBbl1Dm5L8nrW,https://open.spotify.com/track/164fUHVLbmBbl1Dm5L8nrW,atmospheric narrative evocative
Vision,36,Revisionist History (Compilation Works),2020-06-11,3UzpXvVHYnvxVOS8MI3K94,https://open.spotify.com/track/3UzpXvVHYnvxVOS8MI3K94,atmospheric narrative evocative
Stories and Spaces,Laurent Dury,Cinematic Elegance,2018-08-21,3W99s7WQeIqHbaiS5WKtTA,https://open.spotify.com/track/3W99s7WQeIqHbaiS5WKtTA,atmospheric narrative evocative
Ambience,Inside Your Soul,While Painting: Soft Inspirational Music to Listen to While Painting,2021-11-05,2g0RjElZOJe0lVP3RXLRIi,https://open.spotify.com/track/2g0RjElZOJe0lVP3RXLRIi,atmospheric narrative evocative
Ambient Journey,Robbins Island Music Group,"Ambient Mood Music: Ambient Instrumental Music for Deep Sleep, Stress Relief, Bedtime Music, Meditation & Spa Treatments",2014-06-04,5ncCkYAt4fNn8p4cACLRIf,https://open.spotify.com/track/5ncCkYAt4fNn8p4cACLRIf,atmospheric narrative evocative
Forest Night,Ambient Realms,"Massive Ambient Music, Vol. 4",2016-08-18,1TaTZWRHLIHt59Axa2JGd9,https://open.spotify.com/track/1TaTZWRHLIHt59Axa2JGd9,atmospheric narrative evocative
Exhilarating Stories,AXS Music,Strings For Storytelling,2017-12-19,7gm4DkWeMorB4qgj1nwtGx,https://open.spotify.com/track/7gm4DkWeMorB4qgj1nwtGx,atmospheric narrative evocative
Observatory 22,Solstice,Observatory 22,2021-01-29,3sJcwoyE48P7SwD6phh8ff,https://open.spotify.com/track/3sJcwoyE48P7SwD6phh8ff,atmospheric narrative evocative
Restoration,Immediate,Existence,2018-07-09,7spzqVIG44m4Rjs9mASU1Z,https://open.spotify.com/track/7spzqVIG44m4Rjs9mASU1Z,atmospheric narrative evocative
Abyss,Ambient Realms,"Massive Ambient Music, Vol.3",2016-01-14,1PS6PYX0VoFNNm2mMzkWcH,https://open.spotify.com/track/1PS6PYX0VoFNNm2mMzkWcH,atmospheric narrative evocative
Pastoral Stories,AXS Music,Strings For Storytelling,2017-12-19,4o4uy6XLRutJxSsGCV9Oq2,https://open.spotify.com/track/4o4uy6XLRutJxSsGCV9Oq2,atmospheric narrative evocative
Ambient Fantasy,World of Fantasy,Ambient Fantasy - Night Time RPG Ambience,2019-07-31,1aOL4xRxsmev8EB3h24Xjr,https://open.spotify.com/track/1aOL4xRxsmev8EB3h24Xjr,atmospheric narrative evocative
Still Quiet,The Ambientalist,Memoirs,2020-11-27,22r6O1ZYyIzqub1f3SMlDo,https://open.spotify.com/track/22r6O1ZYyIzqub1f3SMlDo,atmospheric narrative evocative
Awakening,Anatomy of the Bear,Awakening,2010-02-02,7Ct0194nkfmypdFIzwIquj,https://open.spotify.com/track/7Ct0194nkfmypdFIzwIquj,atmospheric narrative evocative
Charm,Ambient Realms,"Massive Ambient Music, Vol.1",2015-03-16,1xUc1FM2ak86XG6Rtsfee1,https://open.spotify.com/track/1xUc1FM2ak86XG6Rtsfee1,atmospheric narrative evocative
Tempora,36,The Lower Lights,2019-07-01,63VFcmP3gzAgPwDEeoeQ6i,https://open.spotify.com/track/63VFcmP3gzAgPwDEeoeQ6i,atmospheric narrative evocative
Immersion,Alex S.Tsigkourakos,Ambivalence,2020-02-03,3V73OO2JTOI0YN9iNBT0HP,https://open.spotify.com/track/3V73OO2JTOI0YN9iNBT0HP,atmospheric narrative evocative
Piano Atmosphere,Ambient Space,Piano Atmosphere,2021-05-06,7GYzscD1DAB5XW5ZfLx59V,https://open.spotify.com/track/7GYzscD1DAB5XW5ZfLx59V,atmospheric narrative evocative
Cinematic Minimalist Ambient Piano,Rafael Krux,Cinematic Piano,2022-05-23,2iG0xob7wNKUyUFLoZaWhk,https://open.spotify.com/track/2iG0xob7wNKUyUFLoZaWhk,atmospheric narrative evocative
Inspirational Epic,makesound music,Epic Cinematic Inspirational,2022-10-08,5niM17Zyq4AOijaJVRILF2,https://open.spotify.com/track/5niM17Zyq4AOijaJVRILF2,atmospheric narrative evocative
Inspiring Ambient,Bohoman,Inspiring Ambient,2021-05-04,1RsEcf1WtT4VIasSRXN2vD,https://open.spotify.com/track/1RsEcf1WtT4VIasSRXN2vD,atmospheric narrative evocative
Dark Ambient New Age,Soundscapes,Soundscapes – Ambient Sounds Relaxation Music,2015-01-13,6nVQaq1wGd0wu45w5RAr8G,https://open.spotify.com/track/6nVQaq1wGd0wu45w5RAr8G,atmospheric narrative evocative
Transformative,Imaginary Landscapes,Transformative,2022-12-15,0mY5sTRAELAp77OGLAZDF4,https://open.spotify.com/track/0mY5sTRAELAp77OGLAZDF4,atmospheric narrative evocative
Speak,Storyinsoil,Confined,2019-09-17,1teB4L5vyK5eD71jSriVGP,https://open.spotify.com/track/1teB4L5vyK5eD71jSriVGP,atmospheric narrative evocative
Selenitic,Innesti,Formless,2019-02-25,5ok2M5Y0ZbFC6S3uLyNjYr,https://open.spotify.com/track/5ok2M5Y0ZbFC6S3uLyNjYr,atmospheric narrative evocative
Ambient Corporate,StereojamMusic,Inspirational Corporate Music,2016-10-15,1DCiUDHRk7EV5Wcj648v1B,https://open.spotify.com/track/1DCiUDHRk7EV5Wcj648v1B,atmospheric narrative evocative
Ascent,Gothic Storm,Rockestral Euphoria,2012-12-05,29Ci4gLIMzDvSYbbf5lyVC,https://open.spotify.com/track/29Ci4gLIMzDvSYbbf5lyVC,atmospheric narrative evocative
Drama,makesound music,Dramatic Inspiring Cinematic Trailer,2022-10-13,3h2QPZsK5iAmfoFYR7ndWH,https://open.spotify.com/track/3h2QPZsK5iAmfoFYR7ndWH,atmospheric narrative evocative
Adventure Stories,AXS Music,Strings For Storytelling,2017-12-19,3ZoSgPaqumAhoRClLVmVky,https://open.spotify.com/track/3ZoSgPaqumAhoRClLVmVky,atmospheric narrative evocative
Intense Stories,AXS Music,Strings For Storytelling,2017-12-19,5OXrFLFmSvocMgTBlZph1g,https://open.spotify.com/track/5OXrFLFmSvocMgTBlZph1g,atmospheric narrative evocative
Essence,Ethereal Isolation,Instrumental Electronic Music,2020-09-06,4ZvCgK1YSr633qobYOA1dB,https://open.spotify.com/track/4ZvCgK1YSr633qobYOA1dB,atmospheric narrative evocative
Ambient Nuance,MORO,Pieces of Anda,1999,7r7UAch3iecm0GmC3AY0RP,https://open.spotify.com/track/7r7UAch3iecm0GmC3AY0RP,atmospheric narrative evocative
StrahlenderSchmuckstein,Ambientalism,Blissful Serenades,2021-07-07,6351JHPIVm0AcNgaCv44Uw,https://open.spotify.com/track/6351JHPIVm0AcNgaCv44Uw,atmospheric narrative evocative
Atmosphere,Daniel Birch,"Music for TV, Film & Games, Vol. 3",2018-07-10,0sdXZY45Qa6LLdbFAAY2Sm,https://open.spotify.com/track/0sdXZY45Qa6LLdbFAAY2Sm,atmospheric narrative evocative
BrillanterFeueropal,Ambientalism,Blissful Serenades,2021-07-07,1Pqu46vtYPxOmowBigxCnp,https://open.spotify.com/track/1Pqu46vtYPxOmowBigxCnp,atmospheric narrative evocative
Orpo,Hilyard,Ovo/Orpo,2019-12-18,3qwv9yajXTRVEe7GWHrN5Q,https://open.spotify.com/track/3qwv9yajXTRVEe7GWHrN5Q,atmospheric narrative evocative
Cinematic Ambient,Mapa,Planet Earth,2021-04-30,1phUY0AKK7rEU54R08KI5t,https://open.spotify.com/track/1phUY0AKK7rEU54R08KI5t,atmospheric narrative evocative
Inspiring Adventure,Composer Squad,Inspiring Adventure,2022-01-22,2qPBADOA9JZ1BWk0F85FIq,https://open.spotify.com/track/2qPBADOA9JZ1BWk0F85FIq,atmospheric narrative evocative
Ambient Slideshow,Oleg Kashchenko,Uplifting Ambient,2020-12-29,30eNQn9NEKio1eZLFtmmIe,https://open.spotify.com/track/30eNQn9NEKio1eZLFtmmIe,atmospheric narrative evocative
Ambient Instrumental Music,Dave Herson,Bali Chillout Music,2015-05-11,1tOoA9oFqsr6eS1or3O96x,https://open.spotify.com/track/1tOoA9oFqsr6eS1or3O96x,atmospheric narrative evocative
Projectal,Auditive Escape,Synesthesia,2013-11-15,4lWmJ8W7D8y5JfELe6YO3V,https://open.spotify.com/track/4lWmJ8W7D8y5JfELe6YO3V,atmospheric narrative evocative
Ambient Cinematic Atmosphere,cleanmindsounds,Ambient Cinematic Atmosphere,2022-11-30,6ucIacBrD3SiOr2pedEq0L,https://open.spotify.com/track/6ucIacBrD3SiOr2pedEq0L,atmospheric narrative evocative
Observatory 22,Solstice,Atla,2022-04-22,4bkf2SFLKbBL009i0VRd32,https://open.spotify.com/track/4bkf2SFLKbBL009i0VRd32,atmospheric narrative evocative
Ambient Documentary,cleanmindsounds,Ambient Documentary,2022-09-30,1CkaBMu2z9oPYXdtlaAqYC,https://open.spotify.com/track/1CkaBMu2z9oPYXdtlaAqYC,atmospheric narrative evocative
Ethereal Element,Quiet Quest,"Post Rock & Ambient Music, Vol. 2",2019-10-03,4LINUtjYej5ToRYwDCKo31,https://open.spotify.com/track/4LINUtjYej5ToRYwDCKo31,atmospheric narrative evocative
Experiment 7,Dark Fantasy Studio,Cult,2019-04-10,3vpVZLlaMW6sd6qCnR6J5z,https://open.spotify.com/track/3vpVZLlaMW6sd6qCnR6J5z,atmospheric narrative evocative
Lost,Ambient Realms,"Massive Ambient Music, Vol. 4",2016-08-18,5VIQl3GyaIy7L3x1k6SSBA,https://open.spotify.com/track/5VIQl3GyaIy7L3x1k6SSBA,atmospheric narrative evocative
Approaching the End,Ceiri Torjussen,Dark Atmospheric Tension,2019-04-16,0Fx0anXLSeFVAuTCJ7AD73,https://open.spotify.com/track/0Fx0anXLSeFVAuTCJ7AD73,atmospheric narrative evocative
Awake,Ambient Endeavors,Awake,2018-05-18,3P3nt41TMBaJLFjQJOaprj,https://open.spotify.com/track/3P3nt41TMBaJLFjQJOaprj,atmospheric narrative evocative
Calming Ambience,The Deep Sleep Scientists,Bedtime Bliss,2020-10-06,20EfIEjrRYmmRVXtf4gSRK,https://open.spotify.com/track/20EfIEjrRYmmRVXtf4gSRK,atmospheric narrative evocative
Forlorn,Hiemal,Septentrional Tales,2018-02-17,2hdzoGivRCZtSP9ie2dfz9,https://open.spotify.com/track/2hdzoGivRCZtSP9ie2dfz9,atmospheric narrative evocative
Awakening,Soundcritters,The Living Flame,2014-08-01,4Hd2akPjb4xqZaUJ1B53hF,https://open.spotify.com/track/4Hd2akPjb4xqZaUJ1B53hF,atmospheric narrative evocative
Prelude,Studio OST,Scenes (2012-2015),2016-04-19,22yCZPUUOSPV84loWcaEad,https://open.spotify.com/track/22yCZPUUOSPV84loWcaEad,atmospheric narrative evocative
Prelude,Voyager 12,Pictures,2017-06-28,18t1KSwpXsRvMwJfqnGiu5,https://open.spotify.com/track/18t1KSwpXsRvMwJfqnGiu5,atmospheric narrative evocative
Bone Desert,Gothic Storm,Dark Fantasy Intros,2019-03-11,7kGLsCa6yHqhyFiTClFUPY,https://open.spotify.com/track/7kGLsCa6yHqhyFiTClFUPY,atmospheric narrative evocative
Codex,Colossal Trailer Music,Eclipticon,2020-01-22,79lSIhHMhrAH1nl3SfcdGy,https://open.spotify.com/track/79lSIhHMhrAH1nl3SfcdGy,atmospheric narrative evocative
Dramatic Atmospheres,Wall Of Noise,Classical Quiddity,2022-05-12,2ZKjYdMN6GEFB7jBpd6JTf,https://open.spotify.com/track/2ZKjYdMN6GEFB7jBpd6JTf,atmospheric narrative evocative
Ambient Cinematic Documentary,cleanmindsounds,Ambient Cinematic Documentary,2022-06-28,0VjSKyl25l1uKhi3DrostF,https://open.spotify.com/track/0VjSKyl25l1uKhi3DrostF,atmospheric narrative evocative
Oblique,Lomea,Narratives,2016-07-30,7L2fvFmm7HxdMbicywnUBL,https://open.spotify.com/track/7L2fvFmm7HxdMbicywnUBL,atmospheric narrative evocative
Mystic Meditation,Ambience Fantasy,Fantasy Lullaby Music: 22 Enchanted Majestic Orchestral Tracks,2022-07-08,5vDdioinNQNlO1I9tuWpzr,https://open.spotify.com/track/5vDdioinNQNlO1I9tuWpzr,atmospheric narrative evocative
Prophecy,Felicia Farerre,Prophecy,2022-06-13,0Zywj47WxXKgX8OqwL9i8N,https://open.spotify.com/track/0Zywj47WxXKgX8OqwL9i8N,atmospheric narrative evocative
Onslaught,Amorphous Nature,Apocalyptica,2022-09-16,5kp6JmgIQkqNEG3ATd5xLp,https://open.spotify.com/track/5kp6JmgIQkqNEG3ATd5xLp,atmospheric narrative evocative
Natural Unfolding,Rinnovare,"Sustain Series, Vol. 2",2021-07-09,70AiMYEz6OdNeTBPEl12IH,https://open.spotify.com/track/70AiMYEz6OdNeTBPEl12IH,atmospheric narrative evocative
Epic,makesound music,Epic Cinematic Inspirational,2022-10-08,6eloDqn9H3boT7cBBdQAPh,https://open.spotify.com/track/6eloDqn9H3boT7cBBdQAPh,atmospheric narrative evocative
Echoes,Sayl,Echoes,2020-05-08,0bBJuzCni4FRJjqhx3wkyc,https://open.spotify.com/track/0bBJuzCni4FRJjqhx3wkyc,atmospheric narrative evocative
Abyss Two,Ambient Realms,"Massive Ambient Music, Vol.3",2016-01-14,1Tw8yQxFyOKthb5YRYTAsD,https://open.spotify.com/track/1Tw8yQxFyOKthb5YRYTAsD,atmospheric narrative evocative
Appeasements,Biosphere: Nature Sounds & Music,Voyage,2007-06-19,2x3j5BCQsO6ePnEoKewIZx,https://open.spotify.com/track/2x3j5BCQsO6ePnEoKewIZx,atmospheric narrative evocative
All Within a Whisper,Quinn,Beneath the Quiet,2003-01-01,00nwfz2QDT8mefyNIVpuhz,https://open.spotify.com/track/00nwfz2QDT8mefyNIVpuhz,atmospheric narrative evocative
Landscapes - Orginal,AKMusique,Lounge nordique,2009-12-24,6B9QVRKIF8LHjLnJKJsjgV,https://open.spotify.com/track/6B9QVRKIF8LHjLnJKJsjgV,atmospheric narrative evocative
Forgotten Forest,Atmøsphäre,Arboreal,2022-03-18,5WCK4BdqsCGkAQolnYAH9F,https://open.spotify.com/track/5WCK4BdqsCGkAQolnYAH9F,atmospheric narrative evocative
Writing Instruments,The Hypnotist,Hypnotist Makes Music for Films,2019-11-01,5KAWDPPkZmUGyI3q6ieOB8,https://open.spotify.com/track/5KAWDPPkZmUGyI3q6ieOB8,atmospheric narrative evocative
Experiment 6,Dark Fantasy Studio,Cult,2019-04-10,3iZ0AQOFXai9uMaakJTqzK,https://open.spotify.com/track/3iZ0AQOFXai9uMaakJTqzK,atmospheric narrative evocative
Mysteries,Brian Estes,Mysteries,2020-04-10,34oBxNHYN9FdjAP59cLcY8,https://open.spotify.com/track/34oBxNHYN9FdjAP59cLcY8,atmospheric narrative evocative
Dune,Inspirative,"inertia, Pt. 2",2020-11-13,6A1OqRKBzJrP7qeWc6KOHR,https://open.spotify.com/track/6A1OqRKBzJrP7qeWc6KOHR,atmospheric narrative evocative
Drone,Ambient Realms,"Massive Ambient SciFi Music, Vol. 1",2016-11-03,7AUEMA96FvjoC5wmevcS5s,https://open.spotify.com/track/7AUEMA96FvjoC5wmevcS5s,atmospheric narrative evocative
Awakening,Jerome Molnar Orchestra,Awakening,2020-09-28,5HUMyewS1PkE2KNPuBxBHw,https://open.spotify.com/track/5HUMyewS1PkE2KNPuBxBHw,atmospheric narrative evocative
Epical Emotive Inspiring,makesound music,Epic Cinematic Inspirational,2022-10-08,5OTVJekzgnCcMX7j9pu3Z5,https://open.spotify.com/track/5OTVJekzgnCcMX7j9pu3Z5,atmospheric narrative evocative
Dauntless,Melodrama,Dauntless,2022-12-15,3iSGTjGNqei1SZOTdBCXSw,https://open.spotify.com/track/3iSGTjGNqei1SZOTdBCXSw,atmospheric narrative evocative
Ambient Industrial Dronescape,Sprites,Modern Gameplay,2006,3aye7QC1E424HiOAOltIl5,https://open.spotify.com/track/3aye7QC1E424HiOAOltIl5,atmospheric narrative evocative
Ambient Piano,Allen Grey,Soundscape Collection,2020-12-09,2E0y9OsqpfFxXlxZGZbziZ,https://open.spotify.com/track/2E0y9OsqpfFxXlxZGZbziZ,atmospheric narrative evocative
Epical,makesound music,Epic Cinematic Inspirational,2022-10-08,6OVP5kuUDHNIRVD3rcWInE,https://open.spotify.com/track/6OVP5kuUDHNIRVD3rcWInE,atmospheric narrative evocative
A Tragic Landscape,Ajna,Inevitable Mortality,2016-04-15,2TwVR7SWkVZOBS4dACFkqn,https://open.spotify.com/track/2TwVR7SWkVZOBS4dACFkqn,atmospheric narrative evocative
Surge - Orchestral Edition,Gothic Storm,Stories of Hope (Orchestral Edition),2017-09-26,4mwRR0jUaJa8vrXGUvHvtL,https://open.spotify.com/track/4mwRR0jUaJa8vrXGUvHvtL,atmospheric narrative evocative
Epic Track,makesound music,Epic Cinematic Inspirational,2022-10-08,2KnBRXdroiTBpvmr4dMJ9w,https://open.spotify.com/track/2KnBRXdroiTBpvmr4dMJ9w,atmospheric narrative evocative
Passage,Dark Fantasy Studio,Dark skies and other disasters,2016-01-01,0bHLI3mYHpdWT37xmf2Cg3,https://open.spotify.com/track/0bHLI3mYHpdWT37xmf2Cg3,atmospheric narrative evocative
Mantic Dungeon,Ambient Realms,"Massive Ambient Music, Vol. 5",2019-01-01,66FVTi0aWcq467uSqxo4lx,https://open.spotify.com/track/66FVTi0aWcq467uSqxo4lx,atmospheric narrative evocative
Positive Energy,Ambience Fantasy,Instrumental Music for Reading Comics,2022-09-01,6VhTg5ETa5wUbX4QKAkOQa,https://open.spotify.com/track/6VhTg5ETa5wUbX4QKAkOQa,atmospheric narrative evocative
Evolution,Norbert Grzegorczyk,Evolution,2019-08-04,7ixj1eOJNhtzFj9OVuMoEC,https://open.spotify.com/track/7ixj1eOJNhtzFj9OVuMoEC,atmospheric narrative evocative
Snow Burial,Gothic Storm,Epic Synthetic,2018-08-16,2FEExn5m3ZMgykAArO7BEn,https://open.spotify.com/track/2FEExn5m3ZMgykAArO7BEn,atmospheric narrative evocative
"Dark Room, Pt. 1",Dark Ambient Orchestra,"Dark Ambient, Vol. 1",2014-05-10,6pTG7HTcRfppBHzNiBDSU1,https://open.spotify.com/track/6pTG7HTcRfppBHzNiBDSU1,atmospheric narrative evocative
Dramatica,Paul Barker,Dramatica,2016-11-12,0q5I8NkH1AFhc2ImKrbUCl,https://open.spotify.com/track/0q5I8NkH1AFhc2ImKrbUCl,atmospheric narrative evocative
Throe,Mortiis,Throe,2020-12-04,4AtVXiwSsJsjGRlmGlGMzH,https://open.spotify.com/track/4AtVXiwSsJsjGRlmGlGMzH,atmospheric narrative evocative
Amazing Ambient,Soothing Motion,Journaling Soundscapes: Soft Music to Start Journaling and Take Notes of your Thoughts and Feelings,2022-03-14,4cifrAjQHabHOCpeUWPfiZ,https://open.spotify.com/track/4cifrAjQHabHOCpeUWPfiZ,atmospheric narrative evocative
Above,Bedroom,Invisible Choirs,2018-10-09,7jLwAqmSgkjivqJUn6uUbE,https://open.spotify.com/track/7jLwAqmSgkjivqJUn6uUbE,atmospheric narrative evocative
A New Sky,Auditive Escape,Light Finder,2013-10-02,2t6PCzUxEOVImjUqBYZ2Mr,https://open.spotify.com/track/2t6PCzUxEOVImjUqBYZ2Mr,atmospheric narrative evocative
Epic,Djinotan,Your Story Interactive ( Arcanum ) [Original Score],2022-08-16,10P7twSJPYI6usREqinzjB,https://open.spotify.com/track/10P7twSJPYI6usREqinzjB,atmospheric narrative evocative
Inspiring Instrumental Ambience for Writers,Mental Detox Series,"Music for Writing Essays: Inspiring Instrumental Ambience for Writers, Poets, Artists & Schoolwork",2022-02-21,227gXAyCLs2A9FhIqP2yr6,https://open.spotify.com/track/227gXAyCLs2A9FhIqP2yr6,atmospheric narrative evocative
Epic Background Cinematic,Kornev Music,Inspiring Emotional Adventure,2022-08-25,1FxnqWliciYxdQl40aVfuV,https://open.spotify.com/track/1FxnqWliciYxdQl40aVfuV,atmospheric narrative evocative
Cinematic Ambient Cello,Rafael Krux,Cinematic Ambient Cello,2022-08-15,388vl2hSEfzQvh1VNurfs9,https://open.spotify.com/track/388vl2hSEfzQvh1VNurfs9,atmospheric narrative evocative
Epic Films,Alan Al,Instrumental,2017-01-07,4HSSNWbnGuY2HeSi2Z1TNA,https://open.spotify.com/track/4HSSNWbnGuY2HeSi2Z1TNA,atmospheric narrative evocative
Unfolding Skyline,Daniela Orvin,The Writings,2019-04-12,1iNUJo679wlw1gReGYg7pm,https://open.spotify.com/track/1iNUJo679wlw1gReGYg7pm,atmospheric narrative evocative
Resonant Chambers,Ambient Realms,"Massive Ambient Music, Vol.3",2016-01-14,6345FQ2VM7XwNVk1ycqbfD,https://open.spotify.com/track/6345FQ2VM7XwNVk1ycqbfD,atmospheric narrative evocative
Prelude,Immediate,State of Grace,2018-07-09,3kJAidoaQx90IpZeWQD2xg,https://open.spotify.com/track/3kJAidoaQx90IpZeWQD2xg,atmospheric narrative evocative
Ambient/Safe (Amnesia: The Dark Descent),Amie Waters,"VGM, Vol. 5",2021-10-08,6sMCWzMVsFYiuiXgzgVCxq,https://open.spotify.com/track/6sMCWzMVsFYiuiXgzgVCxq,atmospheric narrative evocative
Ambisonic (Meditation),Imaginary Landscapes,Ambisonic,2021-03-24,7BpRzXhtL50cKXB5RxVrlC,https://open.spotify.com/track/7BpRzXhtL50cKXB5RxVrlC,atmospheric narrative evocative
Ambient,Fyodor the DJ,NEO GEO,2017-05-04,5l0PxQXArFD7GOwSAkSWWP,https://open.spotify.com/track/5l0PxQXArFD7GOwSAkSWWP,atmospheric narrative evocative
Improv at the Inn,The Ambient Composer,Modern Medieval Fantasy Soundtrack,2017-05-02,19MFBQ35AX4zSHBIrQOuJW,https://open.spotify.com/track/19MFBQ35AX4zSHBIrQOuJW,atmospheric narrative evocative
Epic Adventure Trailer,Wolfgang Woehrle,Open World,2021-03-09,2ZwXuUrh3ZvXdvyZQs7czc,https://open.spotify.com/track/2ZwXuUrh3ZvXdvyZQs7czc,atmospheric narrative evocative
Whispering Forest - Ambience Mix,Olexandr Ignatov,Whispering Forest,2021-10-15,6bqpn52OVVE9EopYPMPoI3,https://open.spotify.com/track/6bqpn52OVVE9EopYPMPoI3,atmospheric narrative evocative
Biodome,Gothic Storm,Epic Synthetic,2018-08-16,3zdzE6A9esygqSHIB5mu6a,https://open.spotify.com/track/3zdzE6A9esygqSHIB5mu6a,atmospheric narrative evocative
Stories From the Forest - Part 11,Thom Brennan,Stories from the Forest,2008-01-01,5oPN7hbwna9B0iXPjDP2JE,https://open.spotify.com/track/5oPN7hbwna9B0iXPjDP2JE,atmospheric narrative evocative
Nature,Positive Sound,Marketing,2022-10-22,2OUEvVoBHJRN2chhtATrvu,https://open.spotify.com/track/2OUEvVoBHJRN2chhtATrvu,atmospheric narrative evocative
Evolution 2.0,Survival Spheres,Selection 1 (Save Room Ambience),2020-10-24,3VMUm9h6GCh8Dh8mLSH61i,https://open.spotify.com/track/3VMUm9h6GCh8Dh8mLSH61i,atmospheric narrative evocative
Ambient Worlds,Pure Ambient Drone,Ambient Techno,2017-01-07,1FCiypQgdqeYjkaRwOLMBq,https://open.spotify.com/track/1FCiypQgdqeYjkaRwOLMBq,atmospheric narrative evocative
Defeat,Olivier Alary,Fiction / Non-Fiction,2017-03-17,5MshPvKrrY64VgFAdcXEI5,https://open.spotify.com/track/5MshPvKrrY64VgFAdcXEI5,atmospheric narrative evocative
Mystical Forest Relaxing Ambience for Sleep and Meditation (1 HOUR),Cozy Atmospheres,Mystical Forest Relaxing Ambience for Sleep and Meditation (1 HOUR),2020-11-18,3HOtK3Ez8bxzEmIZe3He1l,https://open.spotify.com/track/3HOtK3Ez8bxzEmIZe3He1l,atmospheric narrative evocative
Dramatic Inspiring,Background Music Lab,Epic Motivational Music,2022-09-10,0t7lt12pBoslXdHjjNOAYi,https://open.spotify.com/track/0t7lt12pBoslXdHjjNOAYi,atmospheric narrative evocative
Convergence,Bytheway-May,Atmospheres,2019-12-31,2fDWRLhrUMkcVj7cx7etpV,https://open.spotify.com/track/2fDWRLhrUMkcVj7cx7etpV,atmospheric narrative evocative
From Source to Sea,Cavendish Music,Landscapes: Inspiring Minimalism,2018-08-21,6S9ZCfu6cRJFxCt1zXhwb5,https://open.spotify.com/track/6S9ZCfu6cRJFxCt1zXhwb5,atmospheric narrative evocative
Epic Adventure,Richard Philip Birdsall,Space & Planet Earth,2016-10-07,47ZSua5WiJ5Ai7dQRKNVyT,https://open.spotify.com/track/47ZSua5WiJ5Ai7dQRKNVyT,atmospheric narrative evocative
Dramatic Action Battle,Composer Squad,Dramatic Survival,2020-05-04,4iAyV9jwrqOPb13UmAhrNw,https://open.spotify.com/track/4iAyV9jwrqOPb13UmAhrNw,atmospheric narrative evocative
Approaching,Sound Adventures,Cinematic Identity,2011-04-01,7jLRuMFvQQ8gM7e45fowqw,https://open.spotify.com/track/7jLRuMFvQQ8gM7e45fowqw,atmospheric narrative evocative
Inspiration II,Alcmène,Inspiration II,2021-02-02,3fzdcfjgSkSoJD91nJb5Up,https://open.spotify.com/track/3fzdcfjgSkSoJD91nJb5Up,atmospheric narrative evocative
Panacea,Nicolas Sávva,Panacea,2018-11-30,1yr64MlcWHop6kNQtw6c0x,https://open.spotify.com/track/1yr64MlcWHop6kNQtw6c0x,atmospheric narrative evocative
Atmospheric Conditions,Thomas E Rouch,The Pathfinder,2019-04-04,3vwztduodphdM1iklJZiSn,https://open.spotify.com/track/3vwztduodphdM1iklJZiSn,atmospheric narrative evocative
Emotional Documentary Background,cleanmindsounds,Emotional Documentary Background,2022-08-30,5crLFNO9WYfoSfo4SXlXLa,https://open.spotify.com/track/5crLFNO9WYfoSfo4SXlXLa,atmospheric narrative evocative
(untitled ambience 1) 2008,zYnthetic,ERA,2014-07-26,11CuZYClfcSw8okPHHftnc,https://open.spotify.com/track/11CuZYClfcSw8okPHHftnc,atmospheric narrative evocative
Ambience,Sean Deason,Allegory & Metaphor 2.0,2000,2SNZYI7nUF6UffAS4klInb,https://open.spotify.com/track/2SNZYI7nUF6UffAS4klInb,atmospheric narrative evocative
An Age of Innocence,Andrew Heath,Evenfall,2018-09-21,0bVz1f1Li0KLZAJd6ao4Lj,https://open.spotify.com/track/0bVz1f1Li0KLZAJd6ao4Lj,atmospheric narrative evocative
Woodland Magic,Gothic Storm,Quest: Epic Adventure,2018-07-10,0X47T2g17qmGnFxGAHqvZt,https://open.spotify.com/track/0X47T2g17qmGnFxGAHqvZt,atmospheric narrative evocative
Landscape,Jon Algar,Malavenda,2016-01-29,78dbtmbxB2uueIUoGnEaSd,https://open.spotify.com/track/78dbtmbxB2uueIUoGnEaSd,atmospheric narrative evocative
Anteclipse,Radiarc,Perception,2017-06-04,7Go6ThjL8fDHQIBMbH9i83,https://open.spotify.com/track/7Go6ThjL8fDHQIBMbH9i83,atmospheric narrative evocative
Ambience A,Bassel,Danse Macabre,2014-03-03,1jjwq9B8xGpQSINgZy40sH,https://open.spotify.com/track/1jjwq9B8xGpQSINgZy40sH,atmospheric narrative evocative
Calming Oceans,Spectacles Wallet and Watch,Vanishing Point,2015-05-08,1mulf3jPdVY6vPEOLhkz3w,https://open.spotify.com/track/1mulf3jPdVY6vPEOLhkz3w,atmospheric narrative evocative
Kingdom,Acoustic Labs,Reverential,2017-04-04,71iWKowWnNrcxoqiK16zTg,https://open.spotify.com/track/71iWKowWnNrcxoqiK16zTg,atmospheric narrative evocative
Dark Swamp,Ambient Realms,"Massive Ambient Music, Vol. 8",2021-04-02,77vC9BkPET5B8tc4SfASxU,https://open.spotify.com/track/77vC9BkPET5B8tc4SfASxU,atmospheric narrative evocative
Inspiring Instrumental Ambience for Writers,Mental Detox Series,"Music for Writing Essays: Inspiring Instrumental Ambience for Writers, Poets, Artists & Schoolwork",2022-02-21,227gXAyCLs2A9FhIqP2yr6,https://open.spotify.com/track/227gXAyCLs2A9FhIqP2yr6,atmospheric narrative evocative
AMBIENT PIANO AND STRINGS,Zakhar Valaha,AMBIENT PIANO AND STRINGS,2019-09-19,5BgEzeprSjcceV3LcE1PT2,https://open.spotify.com/track/5BgEzeprSjcceV3LcE1PT2,atmospheric narrative evocative
Sad Story,Vadim Kiselev,Une Autre Vie,2015-11-11,3EeXyso45KU7OmbxptgqCd,https://open.spotify.com/track/3EeXyso45KU7OmbxptgqCd,atmospheric narrative evocative
Dramatic Inspiring,Background Music Lab,Epic Motivational Music,2022-09-10,0t7lt12pBoslXdHjjNOAYi,https://open.spotify.com/track/0t7lt12pBoslXdHjjNOAYi,atmospheric narrative evocative
Convergence,Bytheway-May,Atmospheres,2019-12-31,2fDWRLhrUMkcVj7cx7etpV,https://open.spotify.com/track/2fDWRLhrUMkcVj7cx7etpV,atmospheric narrative evocative
Epic Films,Alan Al,Instrumental,2017-01-07,4HSSNWbnGuY2HeSi2Z1TNA,https://open.spotify.com/track/4HSSNWbnGuY2HeSi2Z1TNA,atmospheric narrative evocative
Inspiring Epic Trailer,Kornev Music,Inspiring Epic Trailers,2022-05-10,5zZ923SEHbuLTHrrqlrQBW,https://open.spotify.com/track/5zZ923SEHbuLTHrrqlrQBW,atmospheric narrative evocative
Nordic Landscapes,Marcus Bressler,Cinematic Music,2019-09-22,5iXQar45Jdi8ncFSpJ0ZPL,https://open.spotify.com/track/5iXQar45Jdi8ncFSpJ0ZPL,atmospheric narrative evocative
Afterglow,Evolving Sound,Pianoscapes,2019-05-10,5BlNVUCWGoWHI1sC1ZlxYS,https://open.spotify.com/track/5BlNVUCWGoWHI1sC1ZlxYS,atmospheric narrative evocative
Inspiring Piano Epic Trailer,Kornev Music,Inspiring Emotional Adventure,2022-08-25,32Cv0YNGWEmR1vXETqAXvH,https://open.spotify.com/track/32Cv0YNGWEmR1vXETqAXvH,atmospheric narrative evocative
Inspiration II,Alcmène,Inspiration II,2021-02-02,3fzdcfjgSkSoJD91nJb5Up,https://open.spotify.com/track/3fzdcfjgSkSoJD91nJb5Up,atmospheric narrative evocative
Massive,Dynamedion,"Action Thriller, Set 6",2021-09-10,1xHbhSSbZ817VGmhjFTYRc,https://open.spotify.com/track/1xHbhSSbZ817VGmhjFTYRc,atmospheric narrative evocative
Epilogue,Levithan,Lost,2017-05-12,0oXlcjLAdVlpAHpC5uxw2R,https://open.spotify.com/track/0oXlcjLAdVlpAHpC5uxw2R,atmospheric narrative evocative
Our tresspasses,Rapoon,Easterly 6 or 7,2003-08-02,27VhrRTw109P3yQ1CSAlVd,https://open.spotify.com/track/27VhrRTw109P3yQ1CSAlVd,atmospheric narrative evocative
Channeling the Nostalgia,The Intangible,Into The Night,2017-11-07,5JTv3ssjAaRrsRHXoVVMfM,https://open.spotify.com/track/5JTv3ssjAaRrsRHXoVVMfM,atmospheric narrative evocative
Improv at the Inn,The Ambient Composer,Modern Medieval Fantasy Soundtrack,2017-05-02,19MFBQ35AX4zSHBIrQOuJW,https://open.spotify.com/track/19MFBQ35AX4zSHBIrQOuJW,atmospheric narrative evocative
Glass Halls,Ambient Realms,"Massive Ambient Music, Vol.3",2016-01-14,7147SfQLzmDdEmh4Kool6g,https://open.spotify.com/track/7147SfQLzmDdEmh4Kool6g,atmospheric narrative evocative
Woodland Adventure,June Westfield,Library of Magic,2019-06-21,0C8eUtkqQQjfZpgX5sg0mp,https://open.spotify.com/track/0C8eUtkqQQjfZpgX5sg0mp,atmospheric narrative evocative
Ashen,Evolving Sound,Pianoscapes,2019-05-10,0wKwNALVfCrBQv64TTBk17,https://open.spotify.com/track/0wKwNALVfCrBQv64TTBk17,atmospheric narrative evocative
Kingdom,Acoustic Labs,Reverential,2017-04-04,71iWKowWnNrcxoqiK16zTg,https://open.spotify.com/track/71iWKowWnNrcxoqiK16zTg,atmospheric narrative evocative
Atmospheric Cinematic Ambient,AShamaluevMusic,Atmospheric Cinematic Ambient,2019-12-22,0HAm6iXLZUZaQc8eN3DVKU,https://open.spotify.com/track/0HAm6iXLZUZaQc8eN3DVKU,atmospheric narrative evocative
Heroic Ascension Trailer,Yannick Kalfayan,Dramatic Heroic Trailers,2019-11-23,6ACIoRAD7sznFNWStPcyPv,https://open.spotify.com/track/6ACIoRAD7sznFNWStPcyPv,atmospheric narrative evocative
Dramatic,Denis Maksimov,"Legacy, Pt. 2",2021-12-04,5Y7LlbntIcNt17nBcJ2K5U,https://open.spotify.com/track/5Y7LlbntIcNt17nBcJ2K5U,atmospheric narrative evocative
From Source to Sea,Cavendish Music,Landscapes: Inspiring Minimalism,2018-08-21,6S9ZCfu6cRJFxCt1zXhwb5,https://open.spotify.com/track/6S9ZCfu6cRJFxCt1zXhwb5,atmospheric narrative evocative
Epic Adventure,Richard Philip Birdsall,Space & Planet Earth,2016-10-07,47ZSua5WiJ5Ai7dQRKNVyT,https://open.spotify.com/track/47ZSua5WiJ5Ai7dQRKNVyT,atmospheric narrative evocative
Within,Fearless Motivation Instrumentals,Abounding Ambient (Background Music),2018-11-09,0gpINEsxsYHpcr7MXK6Edd,https://open.spotify.com/track/0gpINEsxsYHpcr7MXK6Edd,atmospheric narrative evocative
Dramatic Action Battle,Composer Squad,Dramatic Survival,2020-05-04,4iAyV9jwrqOPb13UmAhrNw,https://open.spotify.com/track/4iAyV9jwrqOPb13UmAhrNw,atmospheric narrative evocative
Ponderous Stories,AXS Music,Strings For Storytelling,2017-12-19,0fB76nIrvZjDdkHxXOTkBU,https://open.spotify.com/track/0fB76nIrvZjDdkHxXOTkBU,atmospheric narrative evocative
For Within,øjeRum,Through The Archway Of Mouths,2019-10-18,5aQg2Nhy6HJ8Ge0fivqUjA,https://open.spotify.com/track/5aQg2Nhy6HJ8Ge0fivqUjA,atmospheric narrative evocative
Atmospheric Conditions,Thomas E Rouch,The Pathfinder,2019-04-04,3vwztduodphdM1iklJZiSn,https://open.spotify.com/track/3vwztduodphdM1iklJZiSn,atmospheric narrative evocative
Emotional Documentary Background,cleanmindsounds,Emotional Documentary Background,2022-08-30,5crLFNO9WYfoSfo4SXlXLa,https://open.spotify.com/track/5crLFNO9WYfoSfo4SXlXLa,atmospheric narrative evocative
(untitled ambience 1) 2008,zYnthetic,ERA,2014-07-26,11CuZYClfcSw8okPHHftnc,https://open.spotify.com/track/11CuZYClfcSw8okPHHftnc,atmospheric narrative evocative
1,Celer,Interiors,2016-05-01,1uUUJZJgZijWdhUnC9eHEF,https://open.spotify.com/track/1uUUJZJgZijWdhUnC9eHEF,atmospheric narrative evocative
Epic Dreams,Cavendish Music,Analogue Dreams,2018-08-21,6z9P0T5F1xUeeZqMW0HGjn,https://open.spotify.com/track/6z9P0T5F1xUeeZqMW0HGjn,atmospheric narrative evocative
Reflections,Climatic,Ambient,2018-09-25,0eoKqbzm8MEaaAvP3wX0kZ,https://open.spotify.com/track/0eoKqbzm8MEaaAvP3wX0kZ,atmospheric narrative evocative
Cinematic Background,Mapa,Ambient Background,2022-04-29,6NZUlVeJQBrCmOsf8SsvOd,https://open.spotify.com/track/6NZUlVeJQBrCmOsf8SsvOd,atmospheric narrative evocative
Oases,Austin Wintory,Remnants,2019-08-02,3Vgn4KwqyDxt53w0Nfehir,https://open.spotify.com/track/3Vgn4KwqyDxt53w0Nfehir,atmospheric narrative evocative
Ambience,Sean Deason,Allegory & Metaphor 2.0,2000,2SNZYI7nUF6UffAS4klInb,https://open.spotify.com/track/2SNZYI7nUF6UffAS4klInb,atmospheric narrative evocative
Forêt,Olivier Alary,Fiction / Non-Fiction,2017-03-17,6Vt4yeWhx20EGiLK3Ju6hA,https://open.spotify.com/track/6Vt4yeWhx20EGiLK3Ju6hA,atmospheric narrative evocative
Terror,Ambient Realms,"Massive Horror Ambience, Vol. 1",2018-10-11,2g2bc2tAP3JZBZw6eQjmh5,https://open.spotify.com/track/2g2bc2tAP3JZBZw6eQjmh5,atmospheric narrative evocative
Narrative,Inigo Kennedy,Vaudeville,2014,1Qn226umJLhBGA9Z19vraM,https://open.spotify.com/track/1Qn226umJLhBGA9Z19vraM,atmospheric narrative evocative
Radiant Light,Ambient Realms,"Massive Ambient Music, Vol.3",2016-01-14,2MVIAPNj4T8vi3ea4TAStf,https://open.spotify.com/track/2MVIAPNj4T8vi3ea4TAStf,atmospheric narrative evocative
Ambient Piano,Study Time,"Instrumental Piano, Relaxation, Study, Chill, Sleep, Meditation, Yoga, Zen, Babies, Soft, Calm",2018-10-11,48Ug5CETajWILH8mOrUOde,https://open.spotify.com/track/48Ug5CETajWILH8mOrUOde,atmospheric narrative evocative
Approaching the Gate,Umwelt,Subversive Territory,2021-12-13,5POvZ0zauDyoCLmZpT3TDy,https://open.spotify.com/track/5POvZ0zauDyoCLmZpT3TDy,atmospheric narrative evocative
Prologue,Christoph Berg,Conversations,2017-04-28,74dvHSI5qIYm0oib3qTiHG,https://open.spotify.com/track/74dvHSI5qIYm0oib3qTiHG,atmospheric narrative evocative
Memories on Tape,Ambidextrous,Geek Mythology,2016-11-11,4mxd6HUmnWrpeUYzuAemQz,https://open.spotify.com/track/4mxd6HUmnWrpeUYzuAemQz,atmospheric narrative evocative
Ambient,331Music,Uplifting Music,2022-03-25,0ZmcIsaEf10z8lM6MJNksz,https://open.spotify.com/track/0ZmcIsaEf10z8lM6MJNksz,atmospheric narrative evocative
Inspirational and Optimistic,BlueTreeAudio,Corporate Ambient Sound,2020-07-17,78oCjdLknx2xdhQsskPxce,https://open.spotify.com/track/78oCjdLknx2xdhQsskPxce,atmospheric narrative evocative
Beyond,Utho Riley,Light of Arcturus,2020-12-24,0CwUHR9uXhLn6t6gRofALS,https://open.spotify.com/track/0CwUHR9uXhLn6t6gRofALS,atmospheric narrative evocative
An Epic Journey,Jan Baumann,Epic Inspirational Soundtracks,2018-09-14,4yKSBmw0yAFUjCAkJ456iM,https://open.spotify.com/track/4yKSBmw0yAFUjCAkJ456iM,atmospheric narrative evocative
Ambient - Instrumental Music,Meditation Relax Club,Slow Calming Music for Your Peace – Relaxing Sounds Background Music for Yoga,2017-09-28,7Ieu8yPmLyrMqpd1X3iuUm,https://open.spotify.com/track/7Ieu8yPmLyrMqpd1X3iuUm,atmospheric narrative evocative
Ambient Surface Tension,Xenon Fox,Power Ambience,2018-11-03,6yHF3cJ2m6DVUKDwI7l8tf,https://open.spotify.com/track/6yHF3cJ2m6DVUKDwI7l8tf,atmospheric narrative evocative
Amazing Nature,Jan Baumann,Epic Inspirational Soundtracks,2018-09-14,6SyL56oxLjdN2XkH8QMuuC,https://open.spotify.com/track/6SyL56oxLjdN2XkH8QMuuC,atmospheric narrative evocative
Prologue,Kai Engel,Calls and Echoes,2015-04-13,575CzzZaukGmIubgQCamCX,https://open.spotify.com/track/575CzzZaukGmIubgQCamCX,atmospheric narrative evocative
Living Legacy,Kelly Andrew,Epoch Dawn,2014-03-14,7rwCdffAodca9w6qBusr6H,https://open.spotify.com/track/7rwCdffAodca9w6qBusr6H,atmospheric narrative evocative
Transition,Space Ambient,Dream of Moon,2017-10-07,4a9QmvTeFrguC7Axx2rtmf,https://open.spotify.com/track/4a9QmvTeFrguC7Axx2rtmf,atmospheric narrative evocative
Canopy,Audioknap,Epitaph,2022-04-13,3iTtJY3ttnasfksai6RJWL,https://open.spotify.com/track/3iTtJY3ttnasfksai6RJWL,atmospheric narrative evocative
Stoirmeil,Invercauld,Tiamhaidh,2004,3eK3Z3Jbx81QkLP7oeDRiq,https://open.spotify.com/track/3eK3Z3Jbx81QkLP7oeDRiq,atmospheric narrative evocative
Stalker,Ambient Realms,"Massive Horror Ambience, Vol. 1",2018-10-11,0bKDz3zAM4OlJQfqdBmfpJ,https://open.spotify.com/track/0bKDz3zAM4OlJQfqdBmfpJ,atmospheric narrative evocative
Wanderer,Ambient Realms,"Massive Ambient Music, Vol. 2",2015-02-23,6M8ha2499FGWgMKnWZdCG7,https://open.spotify.com/track/6M8ha2499FGWgMKnWZdCG7,atmospheric narrative evocative
Emotional Intimate,Library Of The Human Soul,Dramatic (Intimate Edition),2016-01-10,6ObASmeUVEQ8TdT8l2RvZp,https://open.spotify.com/track/6ObASmeUVEQ8TdT8l2RvZp,atmospheric narrative evocative
Atmospheric Piano,Ambient Space,Atmospheric Piano,2021-05-06,2cZh7UbhcLF7pADKRkd67a,https://open.spotify.com/track/2cZh7UbhcLF7pADKRkd67a,atmospheric narrative evocative
Ambient Piano & Strings,Zakhar Valaha,Angels & Piano,2021-02-05,6v1FozSisnauIRRuUiAMZI,https://open.spotify.com/track/6v1FozSisnauIRRuUiAMZI,atmospheric narrative evocative
Stores (Epilogue),Phillip Stonage,Ambient for Lockdown,2021-02-13,1OYnPR3ZqVonzU5KrNuUma,https://open.spotify.com/track/1OYnPR3ZqVonzU5KrNuUma,atmospheric narrative evocative
Electronic Dark Ambient,Eduard Perelyhin,Electronic Dark Ambient,2021-08-30,7h6KZqfNVzJgCXCZlswXhE,https://open.spotify.com/track/7h6KZqfNVzJgCXCZlswXhE,atmospheric narrative evocative
Backgrounder,Seasonal,Heading Nowhere,2019-01-30,5HbTed7N5QePW1CQ5DmCfT,https://open.spotify.com/track/5HbTed7N5QePW1CQ5DmCfT,atmospheric narrative evocative
Subtle,Endless Melancholy,Subtle And Closer,2016-04-15,3CHYMguGT6xZn9iq5VEcBn,https://open.spotify.com/track/3CHYMguGT6xZn9iq5VEcBn,atmospheric narrative evocative
Epilogue,Djinotan,Your Story Interactive (Moonborn Original Score),2022-11-24,74dqvOuCBCTZGXQn7VjzQh,https://open.spotify.com/track/74dqvOuCBCTZGXQn7VjzQh,atmospheric narrative evocative
Exciting Journey,Composer Squad,Exciting Adventures,2020-05-13,7JmredgkGaHqi8Ts9Izfa6,https://open.spotify.com/track/7JmredgkGaHqi8Ts9Izfa6,atmospheric narrative evocative
Emotional Climax,Audiosphere,"Emotional Climax: Inspirational, Epic, Exciting, Cinematic Background Music",2021-09-09,0jKjBcmxkBf1D482CLRFsG,https://open.spotify.com/track/0jKjBcmxkBf1D482CLRFsG,atmospheric narrative evocative
Fae,Meydän,Four Orchestral Works,2020-07-07,54pcuicntiW2hl39Y9MW0J,https://open.spotify.com/track/54pcuicntiW2hl39Y9MW0J,atmospheric narrative evocative
Minimal Relaxing Piano Atmosphere,Rafael Krux,Cinematic Piano,2022-05-23,4bJ7o76sH3gLqTklhK4bVJ,https://open.spotify.com/track/4bJ7o76sH3gLqTklhK4bVJ,atmospheric narrative evocative
Ambient Music,State of Deep Focus,Focus Music for Work – Increase Focus and Creative Thinking with Sounds of Nature and Instrumental Background Music,2019-10-01,4blLOYqecrjwGXdt8nKT4E,https://open.spotify.com/track/4blLOYqecrjwGXdt8nKT4E,atmospheric narrative evocative
Conclusive,Domotic,Descriptions of an Unfolding Event,2022-02-25,7EPScqOsaKnWhzU491xfhJ,https://open.spotify.com/track/7EPScqOsaKnWhzU491xfhJ,atmospheric narrative evocative
Absolution,Frederic Sans,Emotive Trailers,2021-06-16,3f1bS2knifZ5HzJXbj2y8s,https://open.spotify.com/track/3f1bS2knifZ5HzJXbj2y8s,atmospheric narrative evocative
Untold Tales,Markus Huber,Untold Tales,2019,4YRPBhjW3zNswvCRAPEkWm,https://open.spotify.com/track/4YRPBhjW3zNswvCRAPEkWm,atmospheric narrative evocative
Piano Dreams,Dark Ambient Creator,"Dark Ambient Drones for Relaxing, Dreaming, Chilling and Tripping, Vol. 1",2015-08-31,5g1MRVVIN7TM94jEjWsly3,https://open.spotify.com/track/5g1MRVVIN7TM94jEjWsly3,atmospheric narrative evocative
Awakening Moss,Aglaia,Water Inside the Light,2017-06-21,7eDaQ9yhC0nk5tt2v0FBAa,https://open.spotify.com/track/7eDaQ9yhC0nk5tt2v0FBAa,atmospheric narrative evocative
Choral,Climatic,Ambient,2018-09-25,044IXElIltbw4tOhxdVaXz,https://open.spotify.com/track/044IXElIltbw4tOhxdVaXz,atmospheric narrative evocative
"Ambient and Inspiring Power Background Music (Inspirational, Interstellar)",Lesfm,"Ambient and Inspiring Power Background Music (Inspirational, Interstellar)",2021-01-04,29ev392izTKG4zyYkgwRex,https://open.spotify.com/track/29ev392izTKG4zyYkgwRex,atmospheric narrative evocative
Epic Inspiring Dramatic,makesound music,Epic Dramatic Adventure,2022-09-23,2rtIipwEeAvXBvvH5JA63W,https://open.spotify.com/track/2rtIipwEeAvXBvvH5JA63W,atmospheric narrative evocative
Epic Emotional,makesound music,Epic Dramatic Adventure,2022-09-23,2UGMtbLau79klpKyaYgZ7D,https://open.spotify.com/track/2UGMtbLau79klpKyaYgZ7D,atmospheric narrative evocative
Storyteller Passion,Geoff Levin,Filmscore: Atmospheres,2008-04-11,1ON7K7AVEILQGdIySGLPl1,https://open.spotify.com/track/1ON7K7AVEILQGdIySGLPl1,atmospheric narrative evocative
Atmospheric,Ambient Space,Focus Mode,2021-05-12,4UnbYSM6fR5SIr7APB31KV,https://open.spotify.com/track/4UnbYSM6fR5SIr7APB31KV,atmospheric narrative evocative
1817,Storyinsoil,passage,2021-10-14,5Zczxp9Yh8ult0tnm6ReYo,https://open.spotify.com/track/5Zczxp9Yh8ult0tnm6ReYo,atmospheric narrative evocative
Pale Shelter,Evolving Sound,Pianoscapes,2019-05-10,7Lez8T46OEtBVQlVEKEB2N,https://open.spotify.com/track/7Lez8T46OEtBVQlVEKEB2N,atmospheric narrative evocative
Consolation - Ambient Sleep Edit,Atmospheric Lights,Consolation,2022-07-29,7MU8T269RF6sUcHVdwx8lb,https://open.spotify.com/track/7MU8T269RF6sUcHVdwx8lb,atmospheric narrative evocative
Mountain Path,Atmøsphäre,Environment,2017-01-01,2nPwzobwuODPiVjNOyELTE,https://open.spotify.com/track/2nPwzobwuODPiVjNOyELTE,atmospheric narrative evocative
Environment,Atmøsphäre,Environment,2017-01-01,6sAfUQTkD1VQ2b4VfB6L8v,https://open.spotify.com/track/6sAfUQTkD1VQ2b4VfB6L8v,atmospheric narrative evocative
Unbroken,Sonic Beat,Dramatic Strings,2020-11-04,7oJXWJSLrXbZbfXPqcFzRp,https://open.spotify.com/track/7oJXWJSLrXbZbfXPqcFzRp,atmospheric narrative evocative
Remnant,ambinate,Studies,2020-06-05,3oQhNTDg33zUx0WCg8xH1f,https://open.spotify.com/track/3oQhNTDg33zUx0WCg8xH1f,atmospheric narrative evocative
Celestial Sphere,Aglaia,Latitude,2016-11-09,3FfGhEv2f9zUafOmjsiOSG,https://open.spotify.com/track/3FfGhEv2f9zUafOmjsiOSG,atmospheric narrative evocative
Epilogue,Olivier Alary,Fiction / Non-Fiction,2017-03-17,0anHUceGIEAdv5rzL9UbIp,https://open.spotify.com/track/0anHUceGIEAdv5rzL9UbIp,atmospheric narrative evocative
The Alchemist's Muse,Andrew Heath,The Alchemist's Muse,2020-09-11,31IWvxXnSfdb8Iqpx8uF9v,https://open.spotify.com/track/31IWvxXnSfdb8Iqpx8uF9v,atmospheric narrative evocative
Unwoken City,D. Rothon,Nightscapes,2018-12-14,0SOH6VPaFSDXjZuvhHUni4,https://open.spotify.com/track/0SOH6VPaFSDXjZuvhHUni4,atmospheric narrative evocative
Epilogue,Johan Söderqvist,The Absent One (Original Motion Picture Soundtrack),2016-06-03,4CNIn1hnooeWSuA4qTbJwO,https://open.spotify.com/track/4CNIn1hnooeWSuA4qTbJwO,atmospheric narrative evocative
A Better Tomorrow,Caleb Etheridge,Andante,2021-02-01,0cXDz896ZKOVekg8MHczzn,https://open.spotify.com/track/0cXDz896ZKOVekg8MHczzn,atmospheric narrative evocative
After Dawn,Atmøsphäre,Native Woodlands,2022-11-04,3ZkNtmWVgM146h7KTPtLim,https://open.spotify.com/track/3ZkNtmWVgM146h7KTPtLim,atmospheric narrative evocative
Sut,Juv,Juv,2011-02-18,5m4EZpnQOkTubQYh7jDvY9,https://open.spotify.com/track/5m4EZpnQOkTubQYh7jDvY9,atmospheric narrative evocative
Ambient Soundscape,Flame,Ethereal Flow,2021-05-28,6LB6FtPJPWztuucIR5dzZj,https://open.spotify.com/track/6LB6FtPJPWztuucIR5dzZj,atmospheric narrative evocative
A Narrative,Matthias Köbler,Piano Reflections (New Classics & Improvisations),2021-11-05,1DwUgs1vMexGVDLlNYA6F6,https://open.spotify.com/track/1DwUgs1vMexGVDLlNYA6F6,atmospheric narrative evocative
Epic Dramatic,makesound music,Epic Dramatic Adventure,2022-09-23,2hdUhbXKeH58exG2fIENpW,https://open.spotify.com/track/2hdUhbXKeH58exG2fIENpW,atmospheric narrative evocative
Epic Dramatic Adventure,makesound music,Epic Dramatic Adventure,2022-09-23,0Oiqy2ZP7tD4UhNC6RDLSd,https://open.spotify.com/track/0Oiqy2ZP7tD4UhNC6RDLSd,atmospheric narrative evocative
An Epical Adventure Cinematic,makesound music,Epic Dramatic Adventure,2022-09-23,0J7LCjnGGjv79dTW8qe3dS,https://open.spotify.com/track/0J7LCjnGGjv79dTW8qe3dS,atmospheric narrative evocative
Ambience,Zyntetix,Experimental 1-3,2013-09-04,4165mX7Rwum8y7YKlddY9e,https://open.spotify.com/track/4165mX7Rwum8y7YKlddY9e,atmospheric narrative evocative
Epic Inspirational Intro,makesound music,Epic Dramatic Adventure,2022-09-23,0NiDfB76PFBAnwEgr8bR4Y,https://open.spotify.com/track/0NiDfB76PFBAnwEgr8bR4Y,atmospheric narrative evocative
Distant Lights,Atmøsphäre,Into The Stars,2017-01-01,1zFOP3oubxozGOuodoy5cT,https://open.spotify.com/track/1zFOP3oubxozGOuodoy5cT,atmospheric narrative evocative
Dreamy Piano,Ambient Space,Atmospheric Piano,2021-05-06,3B2EBrfVrE6MHaugsEqHfJ,https://open.spotify.com/track/3B2EBrfVrE6MHaugsEqHfJ,atmospheric narrative evocative
Ambient Lounge,AShamaluevMusic,Ambient Lounge,2019-09-05,7i3rZ5REJk1hh2JNk4PJex,https://open.spotify.com/track/7i3rZ5REJk1hh2JNk4PJex,atmospheric narrative evocative
Motivational Adventure Cinematic,makesound music,Emotional Cinematic Violins,2022-10-18,3bu2zmymzBJZOXUCBX4B0f,https://open.spotify.com/track/3bu2zmymzBJZOXUCBX4B0f,atmospheric narrative evocative
Forest Sadhana,Atmøsphäre,Dimensions Within,2022-05-20,0tXfqjJEIhHywCMMviV5qy,https://open.spotify.com/track/0tXfqjJEIhHywCMMviV5qy,atmospheric narrative evocative
DarkAmbient,Hazumi,アンビエント Vol.7 -Instrumental BGM- by Audiostock,2020-11-18,7twrWcej3VRAHvntQxqshv,https://open.spotify.com/track/7twrWcej3VRAHvntQxqshv,atmospheric narrative evocative
Inspirational & Calm Cinematic,Dmitriy Sevostyanov,Inspirational & Calm Cinematic,2022-08-06,6NnbbPRscZwcY4kIrxx07N,https://open.spotify.com/track/6NnbbPRscZwcY4kIrxx07N,atmospheric narrative evocative
Mindscape,Deep Imagination,Scapes,2008-06-20,1aHkDg5DuCVl8q7U5DtEHI,https://open.spotify.com/track/1aHkDg5DuCVl8q7U5DtEHI,atmospheric narrative evocative
Ambient Out,Stave,ATK: EP,2018-07-27,2GxFuZJwFyw8QvirYIjoWc,https://open.spotify.com/track/2GxFuZJwFyw8QvirYIjoWc,atmospheric narrative evocative
"Interlude, Pt. 1",Jonas Bonnetta,All This Here,2018-04-27,4Vfmiqh8HPD0EIUAgaF3if,https://open.spotify.com/track/4Vfmiqh8HPD0EIUAgaF3if,atmospheric narrative evocative
Haunted (Ambient),Bill McCarthy,"Epic Soundtracks, Vol. 3",2017-02-24,6tT1nTax1NUOhWZv0Ho7ib,https://open.spotify.com/track/6tT1nTax1NUOhWZv0Ho7ib,atmospheric narrative evocative
Distant Spires,Isobel Raven,Ancient Atmospheres Vol. 1,2019-06-01,40O3H27Q9VeJcV6N8yYotB,https://open.spotify.com/track/40O3H27Q9VeJcV6N8yYotB,atmospheric narrative evocative
Interlude,YORK,Traveller,2016-07-08,0sIDNHHDaQVRqgQAFEdMW0,https://open.spotify.com/track/0sIDNHHDaQVRqgQAFEdMW0,atmospheric narrative evocative
Cinematic Documentary Ambient,e-soundtrax,Gravity,2022-03-10,2XDVIJVT4Ez49PfuWIu5NP,https://open.spotify.com/track/2XDVIJVT4Ez49PfuWIu5NP,atmospheric narrative evocative
Sleep Piano Ambience,Ambient Space,Atmospheric Piano,2021-05-06,55cp4rRDe08UlKvoyxpeU3,https://open.spotify.com/track/55cp4rRDe08UlKvoyxpeU3,atmospheric narrative evocative
Dramatic Epic Intro Trailer,makesound music,Epic Dramatic Adventure,2022-09-23,68LrMO472sv9lDaB0SOmyA,https://open.spotify.com/track/68LrMO472sv9lDaB0SOmyA,atmospheric narrative evocative
Epic Cinematic Inspiring,makesound music,Epic Dramatic Adventure,2022-09-23,7C5VbFzVcOjFBlgYdvCt2x,https://open.spotify.com/track/7C5VbFzVcOjFBlgYdvCt2x,atmospheric narrative evocative
Ambientic,Cygnotic,Reflections from the Future,2008-08-08,0OTcEllikS9lKWxNNam76h,https://open.spotify.com/track/0OTcEllikS9lKWxNNam76h,atmospheric narrative evocative
narratives,Teodor Wolgers,narratives,2020-11-06,0pUsBQTcL1dMYG0ekQxIpe,https://open.spotify.com/track/0pUsBQTcL1dMYG0ekQxIpe,atmospheric narrative evocative
Ambient Corporate,MaxKoMusic,Ambient Corporate,2021-02-10,3qorrVnpLDxEgNQBStGfiL,https://open.spotify.com/track/3qorrVnpLDxEgNQBStGfiL,atmospheric narrative evocative
A Universe Unfolds,Gothic Storm,Epic Emotional Electronica,2014-07-10,1tgEg8MfZBFv2PbR9Viv3q,https://open.spotify.com/track/1tgEg8MfZBFv2PbR9Viv3q,atmospheric narrative evocative
Dramatic Trailer Background,cleanmindsounds,Dramatic Trailer Background,2022-11-30,502fTFks3CRvppxTmMs4hL,https://open.spotify.com/track/502fTFks3CRvppxTmMs4hL,atmospheric narrative evocative
Ambient Cinematic Drone,Zakhar Valaha,Angels & Piano,2021-02-05,48a0QiPSiR1SnJiOA0V4oU,https://open.spotify.com/track/48a0QiPSiR1SnJiOA0V4oU,atmospheric narrative evocative
Heavenly Relaxing Inspiring Ambient,Quarto Secreto,"Quarto Secreto, Vol. 12",2022-05-13,0y3qgFGNb1c2mkdBQC1Rbc,https://open.spotify.com/track/0y3qgFGNb1c2mkdBQC1Rbc,atmospheric narrative evocative
Inspirational Cinematic,Background Music Lab,Epic Background Music,2022-08-10,3mxOqPqfVFMkytJsNTlZOi,https://open.spotify.com/track/3mxOqPqfVFMkytJsNTlZOi,atmospheric narrative evocative
Background Ambient Corporate,makesound music,Corporate Ambient Inspiring,2022-10-10,4s15v2Fxb9sBDWjerJZrMX,https://open.spotify.com/track/4s15v2Fxb9sBDWjerJZrMX,atmospheric narrative evocative
Storm Interlude,Pedro Janela,We Are All Lost,2019-01-01,507QardOXHjsrYBT9p8iOp,https://open.spotify.com/track/507QardOXHjsrYBT9p8iOp,atmospheric narrative evocative
Interlude,Tender Central,The Garden,2021-01-22,3KwhslILVmYsdSzcvb9ITy,https://open.spotify.com/track/3KwhslILVmYsdSzcvb9ITy,atmospheric narrative evocative
Ambience,Denis Stelmakh,Ambience,2016-08-10,5YfgUWilUCyeanZsGMHHnT,https://open.spotify.com/track/5YfgUWilUCyeanZsGMHHnT,atmospheric narrative evocative
Dark Epic,StudioKolomna,Legacy pt.2,2021-12-04,3grHUVbbes2LCRNZlBXpjP,https://open.spotify.com/track/3grHUVbbes2LCRNZlBXpjP,atmospheric narrative evocative
Peaceful Ambient,makesound music,Chill Lounge Music,2022-10-15,6qYRHf21DUhUJJe0zSPLtO,https://open.spotify.com/track/6qYRHf21DUhUJJe0zSPLtO,atmospheric narrative evocative
Lake Lullaby,Ambient Space Background,Mountain Music - Nature Sounds and Relaxing Spiritual Music,2020-09-30,4C3cYFsiGITkuGmZuPsm7N,https://open.spotify.com/track/4C3cYFsiGITkuGmZuPsm7N,atmospheric narrative evocative
Interpretations,Apogee,Endurance of the Obsolete,2020-10-17,2Rx2HUQlld2fFDDRYXflE2,https://open.spotify.com/track/2Rx2HUQlld2fFDDRYXflE2,atmospheric narrative evocative
Epic Inspiring Cinematic,makesound music,Epic Dramatic Adventure,2022-09-23,1W7FQQjxGF6SPFgCoF39nc,https://open.spotify.com/track/1W7FQQjxGF6SPFgCoF39nc,atmospheric narrative evocative
Adventure Dramatic Cinematic Trailer,makesound music,Epic Dramatic Adventure,2022-09-23,7bSd4urHDwRYnwaqica6WC,https://open.spotify.com/track/7bSd4urHDwRYnwaqica6WC,atmospheric narrative evocative
Dramatic Epical Cinematic,makesound music,Epic Dramatic Adventure,2022-09-23,2sLX09C0U0IkiHkfAL40J1,https://open.spotify.com/track/2sLX09C0U0IkiHkfAL40J1,atmospheric narrative evocative
Dramatic Epic Cinematic,makesound music,Epic Dramatic Adventure,2022-09-23,55oOgPxP1WXLM0ElgTHT8v,https://open.spotify.com/track/55oOgPxP1WXLM0ElgTHT8v,atmospheric narrative evocative
Dramatic Epic Intro,makesound music,Epic Dramatic Adventure,2022-09-23,6sdZbPR7YYv6P8zDLGrbFN,https://open.spotify.com/track/6sdZbPR7YYv6P8zDLGrbFN,atmospheric narrative evocative
Interlude,audiodefectwave,Strings/Keys,2020-04-18,5u34HjMZPtOikwPbnF8qbZ,https://open.spotify.com/track/5u34HjMZPtOikwPbnF8qbZ,atmospheric narrative evocative
Dramatical History,makesound music,Epic Dramatic Adventure,2022-09-23,4KnRSr7602cGfs4EIW2H9h,https://open.spotify.com/track/4KnRSr7602cGfs4EIW2H9h,atmospheric narrative evocative
Epic Dramatic Intro,makesound music,Epic Dramatic Adventure,2022-09-23,7Jecyfzwp4sabjQcaT6qFj,https://open.spotify.com/track/7Jecyfzwp4sabjQcaT6qFj,atmospheric narrative evocative
Calm Inspired,makesound music,Motivational Uplifting Ambient,2022-10-23,2FRwKHADhyTFfLDHQIFVsR,https://open.spotify.com/track/2FRwKHADhyTFfLDHQIFVsR,atmospheric narrative evocative
Reflection,Ambient Space,Atmospheric Piano,2021-05-06,0nJfkKYqgbDpbVVTfSQx75,https://open.spotify.com/track/0nJfkKYqgbDpbVVTfSQx75,atmospheric narrative evocative
Forest Whispering,Denis Stelmakh,Ambience,2016-08-10,551GqfcQsF20EETmwC1z8i,https://open.spotify.com/track/551GqfcQsF20EETmwC1z8i,atmospheric narrative evocative
Uncertain Memory,Inspired,Intriguing Ensembles,2018-07-04,7m9PAPLdZH4Yz5mSiYuxb1,https://open.spotify.com/track/7m9PAPLdZH4Yz5mSiYuxb1,atmospheric narrative evocative
Touch,Ambient Space,Atmospheric Piano,2021-05-06,6LhmbHkEJjyuudBgbTQjPY,https://open.spotify.com/track/6LhmbHkEJjyuudBgbTQjPY,atmospheric narrative evocative
Cinematic Documentary Atmosphere,e-soundtrax,Gravity,2022-03-10,2eKu8682SbD22zprlTGn5O,https://open.spotify.com/track/2eKu8682SbD22zprlTGn5O,atmospheric narrative evocative
Dramatic,Duende Sounds,Evince,2020-02-13,6vLj6kdgp2kJ9yj3VV9vzR,https://open.spotify.com/track/6vLj6kdgp2kJ9yj3VV9vzR,atmospheric narrative evocative
Transcending Time,Immediate,Lumina,2018-07-09,6E31a5xMIxsHxx9kHfJSae,https://open.spotify.com/track/6E31a5xMIxsHxx9kHfJSae,atmospheric narrative evocative
Dark Ambient,Dark Sci-Fi Space,"Space Ambient Harmonics: Starship Sleeping Music, Relaxing Ambience",2021-04-12,5rsnE4OLFEDBNaz4atznPp,https://open.spotify.com/track/5rsnE4OLFEDBNaz4atznPp,atmospheric narrative evocative
Transcend,Gothic Storm,Slow Burners,2018-07-05,4osls0GCa9gs1qHmKQmGy3,https://open.spotify.com/track/4osls0GCa9gs1qHmKQmGy3,atmospheric narrative evocative
Piano Focus,Ambient Space,Focus Mode,2021-05-12,0RC4nWSwKj2aFg3GlhUrRh,https://open.spotify.com/track/0RC4nWSwKj2aFg3GlhUrRh,atmospheric narrative evocative
Auras,Auditive Escape,Synesthesia,2013-11-15,6gTAZ14Ff1DgJBl3tK5QCF,https://open.spotify.com/track/6gTAZ14Ff1DgJBl3tK5QCF,atmospheric narrative evocative
Theia - Ambient Version,Aldebaran,Theia,2020-09-11,6teg3wNdg4dRYbdZG4FkOO,https://open.spotify.com/track/6teg3wNdg4dRYbdZG4FkOO,atmospheric narrative evocative
Epic Cinematic Adventure,makesound music,Epic Dramatic Adventure,2022-09-23,3ppILI15S1oubpb0xkL9F8,https://open.spotify.com/track/3ppILI15S1oubpb0xkL9F8,atmospheric narrative evocative
Dramatic Epic Battle Action,makesound music,Epic Dramatic Adventure,2022-09-23,3MPxFavcd4cQRZzrtO90Dz,https://open.spotify.com/track/3MPxFavcd4cQRZzrtO90Dz,atmospheric narrative evocative
Inspirational Fantasy Orchestra,3KTrack,ファンタジー Vol.6 -Instrumental BGM- by Audiostock,2021-01-06,2GZSSt1gitn4rAXzXmMU8q,https://open.spotify.com/track/2GZSSt1gitn4rAXzXmMU8q,atmospheric narrative evocative
Stories - Cinematic,The Library Of The Human Soul,Mythology,2016,7eJs4jk8o0uxZHClYEZrUd,https://open.spotify.com/track/7eJs4jk8o0uxZHClYEZrUd,atmospheric narrative evocative
Dramatic Intense Trailer,Melatronic,Dramatic Intense Trailer,2019-01-11,0AZvlkDJYyEFSXbXYi2Rs0,https://open.spotify.com/track/0AZvlkDJYyEFSXbXYi2Rs0,atmospheric narrative evocative
Dramatic Epical Cinematic Trailer,makesound music,Epic Dramatic Adventure,2022-09-23,5cRN14ZD2HpeOWCIQoMSF5,https://open.spotify.com/track/5cRN14ZD2HpeOWCIQoMSF5,atmospheric narrative evocative
Introspection,Ambient Space,Atmospheric Piano,2021-05-06,4HasWZiXRZPx500JvI7nfS,https://open.spotify.com/track/4HasWZiXRZPx500JvI7nfS,atmospheric narrative evocative
Memoir,Apostolos Angelis,Mythocosmos,2022-10-03,4DCisrTqE5EWEcYKwauPSn,https://open.spotify.com/track/4DCisrTqE5EWEcYKwauPSn,atmospheric narrative evocative
The Epic,Alan Al,Instrumental,2017-01-07,21le9wpu3S4xzWEZ0hY7st,https://open.spotify.com/track/21le9wpu3S4xzWEZ0hY7st,atmospheric narrative evocative
Breaking Epic Dramatical,makesound music,Epic Dramatic Adventure,2022-09-23,53ydOLWUXmQrLv8ySfiz08,https://open.spotify.com/track/53ydOLWUXmQrLv8ySfiz08,atmospheric narrative evocative
Ambience,Celestial Cascade,Echoing Whispers of Change,2020-09-20,49XCoN9QUZNFOUxZ9UN8mw,https://open.spotify.com/track/49XCoN9QUZNFOUxZ9UN8mw,atmospheric narrative evocative
Action Epic Adventure,makesound music,Epic Dramatic Adventure,2022-09-23,6oSVQ7xgOsm4nGWBJ7XQq3,https://open.spotify.com/track/6oSVQ7xgOsm4nGWBJ7XQq3,atmospheric narrative evocative
Dramatic Action Intro,makesound music,Epic Dramatic Adventure,2022-09-23,323jut8qZbUQwZmSrj3jFN,https://open.spotify.com/track/323jut8qZbUQwZmSrj3jFN,atmospheric narrative evocative
Evocation,Andre Walter,"Dark Listening, Vol.1 + 2",2015-01-16,2DR1bH5REtwMHi14jYZJzX,https://open.spotify.com/track/2DR1bH5REtwMHi14jYZJzX,atmospheric narrative evocative
Dramatic Orchestra,Mapa,Cinematic Dubstep,2019-10-03,1sxPYFArMTo2KbN5s2MejJ,https://open.spotify.com/track/1sxPYFArMTo2KbN5s2MejJ,atmospheric narrative evocative
Divination,Clifford White,The Healing Touch (Ascension II),2010-01-01,46HW5k2CxIZyLVcewcIQVu,https://open.spotify.com/track/46HW5k2CxIZyLVcewcIQVu,atmospheric narrative evocative
Anabatic,Chronity,The Abandoned Path,2020-02-16,3EpzAEdM9XJLhCsXuSXfEh,https://open.spotify.com/track/3EpzAEdM9XJLhCsXuSXfEh,atmospheric narrative evocative
Stories,Calm,Calm,2010-09-15,47vdF4UyVGm18qaOpXvNT9,https://open.spotify.com/track/47vdF4UyVGm18qaOpXvNT9,atmospheric narrative evocative
Library,Magnus Moone,"Cinematic Cues, Vol. 2 - Magical Electric Nature",2020-04-03,1sUv9icw1RNqhSnqNieobk,https://open.spotify.com/track/1sUv9icw1RNqhSnqNieobk,atmospheric narrative evocative
Gentle Atmospheric Piano,Ambient Space,Atmospheric Piano,2021-05-06,2hKY82CIN5i2QzfHTv1OZk,https://open.spotify.com/track/2hKY82CIN5i2QzfHTv1OZk,atmospheric narrative evocative
Epic Motivational Adventure Cinematic,makesound music,Epic Dramatic Adventure,2022-09-23,4Exjr8wnkWBcVOlwFyMpLM,https://open.spotify.com/track/4Exjr8wnkWBcVOlwFyMpLM,atmospheric narrative evocative
Peaceful Ambience,Arctic Comfort,Melodic Drops of Calm,2018-12-10,2tN1VOJSUQLpsps00v3h4f,https://open.spotify.com/track/2tN1VOJSUQLpsps00v3h4f,atmospheric narrative evocative
Uplifting Corporate,Zakhar Valaha,Uplifting Corporate,2017-03-05,1F7SHEtcyFrmCLjga0Gfym,https://open.spotify.com/track/1F7SHEtcyFrmCLjga0Gfym,atmospheric narrative evocative
Corporate Ambient,Mapa,Ambient,2021-12-24,0qGBGPfaQvRrgyngjJsoVH,https://open.spotify.com/track/0qGBGPfaQvRrgyngjJsoVH,atmospheric narrative evocative
Documentary Dark Background,e-soundtrax,Gravity,2022-03-10,5Rtd04Airx57gUdkwDlOgW,https://open.spotify.com/track/5Rtd04Airx57gUdkwDlOgW,atmospheric narrative evocative
Epic Dramatic Cinematic,makesound music,Epic Dramatic Adventure,2022-09-23,3E4C77QeB1ltl6e6gQ0YPo,https://open.spotify.com/track/3E4C77QeB1ltl6e6gQ0YPo,atmospheric narrative evocative
The Apocryph,Andre Walter,"Dark Listening, Vol.1 + 2",2015-01-16,7mLXX6aJURqhAkyLEXgCwl,https://open.spotify.com/track/7mLXX6aJURqhAkyLEXgCwl,atmospheric narrative evocative
Epic Heroic Trailer,makesound music,Epic Dramatic Adventure,2022-09-23,2Z05ZAlbtRmmO46fJqz4iE,https://open.spotify.com/track/2Z05ZAlbtRmmO46fJqz4iE,atmospheric narrative evocative
Calming Piano,Ambient Space,Atmospheric Piano,2021-05-06,7244ioOvUNAIJY0InsWlmW,https://open.spotify.com/track/7244ioOvUNAIJY0InsWlmW,atmospheric narrative evocative
Awakening Reprise,Antonio Fraioli,Awakening Reprise,2022-03-30,3Hs6c64NzzU9gJH0jlA5N5,https://open.spotify.com/track/3Hs6c64NzzU9gJH0jlA5N5,atmospheric narrative evocative
Mystery Drive,Alan Fillip,"Spheres & Atmospheres, Vol. 5",2011-04-04,1erwal1BHJfyiHYzTvzWUm,https://open.spotify.com/track/1erwal1BHJfyiHYzTvzWUm,atmospheric narrative evocative
Piano Ambient,Sound Gallery by Dmitry Taras,Piano Ambient,2021-05-13,1GZ6ee1tBPcSjryi5sYToP,https://open.spotify.com/track/1GZ6ee1tBPcSjryi5sYToP,atmospheric narrative evocative
Landscape,Ambient Music Garden,Meditate Volume 1,2020-11-10,5fjFs86VoKoD5SAfz1TdrW,https://open.spotify.com/track/5fjFs86VoKoD5SAfz1TdrW,atmospheric narrative evocative
Mystical Tale,Andrew John Skeet,Cinematic Reflections,2014-10-10,2HrzO7smKHt4rUUmRdnm50,https://open.spotify.com/track/2HrzO7smKHt4rUUmRdnm50,atmospheric narrative evocative
Dramatic Epic Cinema,makesound music,Epic Dramatic Adventure,2022-09-23,7Jx1JJPJyPtxZc8khXJC9s,https://open.spotify.com/track/7Jx1JJPJyPtxZc8khXJC9s,atmospheric narrative evocative
Uplifting Adventure Cinematic,makesound music,Emotional Cinematic Violins,2022-10-18,13fb38l84UklGCvdidIKsd,https://open.spotify.com/track/13fb38l84UklGCvdidIKsd,atmospheric narrative evocative
Ethereal Drone,Peter Mayne,Beds & Pulses: Dark & Brooding,2017-06-28,5zwLiNYLMo3a6FzohXisni,https://open.spotify.com/track/5zwLiNYLMo3a6FzohXisni,atmospheric narrative evocative
Abrolhos,Pierini,Santuário,2001,6UBX1I8Apsso82mUFlj3ze,https://open.spotify.com/track/6UBX1I8Apsso82mUFlj3ze,atmospheric narrative evocative
Above All,Orinova,Moonlit Masquerade Mirage,2018-12-19,7I89xGUO0uSHai0YzZT21m,https://open.spotify.com/track/7I89xGUO0uSHai0YzZT21m,atmospheric narrative evocative
Dramatic Epic Cinema,makesound music,Epic Dramatic Adventure,2022-09-23,7Jx1JJPJyPtxZc8khXJC9s,https://open.spotify.com/track/7Jx1JJPJyPtxZc8khXJC9s,atmospheric narrative evocative
Lost,Ambient Space,Atmospheric Piano,2021-05-06,4FJJvun1ewPJRtzRgYOkEP,https://open.spotify.com/track/4FJJvun1ewPJRtzRgYOkEP,atmospheric narrative evocative
