track_name,artist_name,album_name,release_date,track_id,spotify_url,mood_keywords
Nostalgic Synthwave (Sleep Music),Silent Rhythm,Space Ambient (Sleep Music),2022-08-15,73aA37o4yNP390HLuxnpGh,https://open.spotify.com/track/73aA37o4yNP390HLuxnpGh,nostalgic solemn pensive
Emotional Ambient Piano,OlexandrMusic,Emotional Ambient Piano,2022-07-08,1F7dGf03Hpf7qkfjQINjSS,https://open.spotify.com/track/1F7dGf03Hpf7qkfjQINjSS,nostalgic solemn pensive
Ambient Sad Piano,DS Productions,Ambient Sad Piano,2020-06-24,5EmcZaEDX7da0wWxklX71m,https://open.spotify.com/track/5EmcZaEDX7da0wWxklX71m,nostalgic solemn pensive
Mélancolie,Endless Melancholy,Music for Quiet Mornings,2012-03-12,7i9JxjOzYk7y1dFgCdUPoG,https://open.spotify.com/track/7i9JxjOzYk7y1dFgCdUPoG,nostalgic solemn pensive
Nostalgic Sentiment - Violin Version,Nature Dreams,Nostalgic Sentiment,2023-02-03,7rFpou1bChWvk4k64aRQqQ,https://open.spotify.com/track/7rFpou1bChWvk4k64aRQqQ,nostalgic solemn pensive
Nostalgia,Floyd Nova,Nostalgia,2023-11-17,391l8re8aew1rvyNOXUYDD,https://open.spotify.com/track/391l8re8aew1rvyNOXUYDD,nostalgic solemn pensive
Sad Sadness (Piano & Orchestra) - Melancholic Music Sentimental Emotional Instrumental Love Song,Sad Piano Music Instrumental Collective Australia,Sad Piano Music 2: Emotional Sentimental Dramatic Melancholy Instrumental Love Songs,2016-12-06,2UHv6ccJEtPQOlDVRMoHj2,https://open.spotify.com/track/2UHv6ccJEtPQOlDVRMoHj2,nostalgic solemn pensive
A Nostalgic Dream,Peter Gundry,A Nostalgic Dream,2014-05-20,2kMX6CPNN7mC1SgmYhuEge,https://open.spotify.com/track/2kMX6CPNN7mC1SgmYhuEge,nostalgic solemn pensive
Ambient Instrumental Fall Studying and soft rain,Instrumental Music for Study Focus Concentration Sleepp,POV: Fall Autumn Dark Academia Instrumental Study Music vibes with Rain,2023-10-20,2AE0pBQ7UqrbIDZIYCTgId,https://open.spotify.com/track/2AE0pBQ7UqrbIDZIYCTgId,nostalgic solemn pensive
Nostalgic Sentiment - Piano Version,Nature Dreams,Nostalgic Sentiment,2023-02-03,7BKWmDFoSkiLsl6U06Kqbf,https://open.spotify.com/track/7BKWmDFoSkiLsl6U06Kqbf,nostalgic solemn pensive
Nostalgic Sentiment - Cello Version,Nature Dreams,Nostalgic Sentiment,2023-02-03,4gXkD3j35mLyekvYU1lAT1,https://open.spotify.com/track/4gXkD3j35mLyekvYU1lAT1,nostalgic solemn pensive
Melancholic Moment - Strings Version,Slow Rising Hope,Two Trios (Strings Version),2022-01-08,3tApqv72ZIdIItTnXT5woL,https://open.spotify.com/track/3tApqv72ZIdIItTnXT5woL,nostalgic solemn pensive
Melancholy Requiem,Akira Yamaoka,SILENT HILL4 -THE ROOM- (Original Soundtrack),2004-06-17,2DA9BqKsDLxqGjwTfsNrmx,https://open.spotify.com/track/2DA9BqKsDLxqGjwTfsNrmx,nostalgic solemn pensive
Nostalgia,Melosense,Nostalgia,2019-12-11,0Vtwa1eRykSFTGXbDBq7d2,https://open.spotify.com/track/0Vtwa1eRykSFTGXbDBq7d2,nostalgic solemn pensive
Simply Nostalgic,Piano Fruits Music,Simply Nostalgic,2020-04-03,2Gt0hNiLX5UlxcjB6cBVHE,https://open.spotify.com/track/2Gt0hNiLX5UlxcjB6cBVHE,nostalgic solemn pensive
Melancholia II,William Basinski,Melancholia,2003-08-12,243SYVzBHECQf3paZxeHGd,https://open.spotify.com/track/243SYVzBHECQf3paZxeHGd,nostalgic solemn pensive
Nostalgic Goodbye,Harmony Night,Shifting Sands,2022-02-27,0OW3u5QgIe8gEOezK3Z96V,https://open.spotify.com/track/0OW3u5QgIe8gEOezK3Z96V,nostalgic solemn pensive
Melancholy,Jonas Sandberg,Mosaic,2023-06-22,569aPavFjL3WvPwZepX67d,https://open.spotify.com/track/569aPavFjL3WvPwZepX67d,nostalgic solemn pensive
Melancholy Snowfall,Michele McLaughlin,Christmas - Plain & Simple II,2010-10-01,4el8KbyBzSPic1tQLdY56n,https://open.spotify.com/track/4el8KbyBzSPic1tQLdY56n,nostalgic solemn pensive
Melancholy Moonlit Piano,Sleepy Penguin,Tranquil Piano Sonata,2023-05-12,1WV0mvxE56sRdaNHRzdwH8,https://open.spotify.com/track/1WV0mvxE56sRdaNHRzdwH8,nostalgic solemn pensive
Nostalgia,Endless Melancholy,A Quiet Recollection,2016-02-12,3SiOf8RkwsPdWnILJ5L7yF,https://open.spotify.com/track/3SiOf8RkwsPdWnILJ5L7yF,nostalgic solemn pensive
Nostalgic sunset,Peace Music,Nostalgic sunset,2024-04-12,1A2NeKmN2W5VOYCpCVl49H,https://open.spotify.com/track/1A2NeKmN2W5VOYCpCVl49H,nostalgic solemn pensive
Nostalgic Sentiment - Harp Version,Nature Dreams,Nostalgic Sentiment (Harp Version),2023-02-05,4K7nJcclMDXaAcmKsXD6lQ,https://open.spotify.com/track/4K7nJcclMDXaAcmKsXD6lQ,nostalgic solemn pensive
Emotional Ambient Sounds for Introspective Moments,Shiroishi,Quiet Piano Music for Introspective Evenings,2025-09-12,6Uib5vh2V6cDbl0c2YFgfz,https://open.spotify.com/track/6Uib5vh2V6cDbl0c2YFgfz,nostalgic solemn pensive
Memories - Ambient Piano Instrumental,Cozy Koala,Memories - Ambient Piano Instrumental,2022-09-30,7wI5U0nKjIk5FIeyf2Q3Y2,https://open.spotify.com/track/7wI5U0nKjIk5FIeyf2Q3Y2,nostalgic solemn pensive
Ambient Emotional Piano,DS Productions,Ambient Emotional Piano,2021-01-02,053kba2hsZW5OuCxSpP3XI,https://open.spotify.com/track/053kba2hsZW5OuCxSpP3XI,nostalgic solemn pensive
Nostalgic Goodbye - Violin Version,Ivory Light,Shifting Sands Reimagined (Violin Version),2022-02-27,67371HHdhVTVBUkFQndiXo,https://open.spotify.com/track/67371HHdhVTVBUkFQndiXo,nostalgic solemn pensive
Ambient Emotional Cinematic,Romansenykmusic,Soft Cinematic Soundtracks,2020-03-19,3iRW391RwTm8QN9jSqjwmQ,https://open.spotify.com/track/3iRW391RwTm8QN9jSqjwmQ,nostalgic solemn pensive
A Nostalgic Prelude,Edin Kaso,Felt Piano Stories,2023-12-29,1r6SKi9QAeTsfZ2QP8CGXZ,https://open.spotify.com/track/1r6SKi9QAeTsfZ2QP8CGXZ,nostalgic solemn pensive
Interwoven Nostalgia,Yu-Peng Chen,Genshin Impact - Realm of Tranquil Eternity (Original Game Soundtrack),2021-09-22,4EJ8u6FBT6o5ga7MFUmn2k,https://open.spotify.com/track/4EJ8u6FBT6o5ga7MFUmn2k,nostalgic solemn pensive
Nostalgia,Mediterranean Nights,Azure,2010-10-01,2uExNxLcVxcJeXjJ8aoXru,https://open.spotify.com/track/2uExNxLcVxcJeXjJ8aoXru,nostalgic solemn pensive
A Nostalgic Mind (Solo Piano Version),Jacob Mühlrad,study music that is actually motivating,2024-09-27,4UuVm3n10VGoltUfao73Sk,https://open.spotify.com/track/4UuVm3n10VGoltUfao73Sk,nostalgic solemn pensive
Melancholy,Sangam,Distance Amongst Us,2017-02-27,5psD8O8glBTB27afIoS5bK,https://open.spotify.com/track/5psD8O8glBTB27afIoS5bK,nostalgic solemn pensive
Nostalgica,Thom Nelson,Nostalgica,2023-02-14,0N0Rxym9LnsVtwAdAVcWrQ,https://open.spotify.com/track/0N0Rxym9LnsVtwAdAVcWrQ,nostalgic solemn pensive
Melancholia VI,William Basinski,Melancholia,2003-08-12,7HfZJvZMAG5TRecSfLwzZN,https://open.spotify.com/track/7HfZJvZMAG5TRecSfLwzZN,nostalgic solemn pensive
Ambient Study Piano – Melancholy Minimal,Dreamshift,The Study of Silence: Piano for Deep Work,2025-10-22,0Qz6SLaSIussYbk7f1A2lj,https://open.spotify.com/track/0Qz6SLaSIussYbk7f1A2lj,nostalgic solemn pensive
Nostalgia,Cristof Walters,Nostalgia,2021-01-05,6jG4atMZzjJsY60lpGcxzc,https://open.spotify.com/track/6jG4atMZzjJsY60lpGcxzc,nostalgic solemn pensive
Melancholia III,William Basinski,Melancholia,2003-08-12,5AniZlYsEWadl7dPhKoL8s,https://open.spotify.com/track/5AniZlYsEWadl7dPhKoL8s,nostalgic solemn pensive
Nighttime Melancholy,Sleep Fruits Music,Best Sleep Album,2024-02-26,4qzP7ZilEsG3gqXcGG3csr,https://open.spotify.com/track/4qzP7ZilEsG3gqXcGG3csr,nostalgic solemn pensive
Nostalgia,Secret Garden,Storyteller,2019-04-26,1euTFn2nCr9ddc57r9PbFh,https://open.spotify.com/track/1euTFn2nCr9ddc57r9PbFh,nostalgic solemn pensive
Nostalgic,Relaxing Instrumental Jazz Ensemble,"Instrumental Music to Love, Smooth Jazz Cool Blues Spanish Guitar for Massage, Dinner Party, Intimate Moments...",2011-04-25,5m86G83uK2wAW2XzyhYjkg,https://open.spotify.com/track/5m86G83uK2wAW2XzyhYjkg,nostalgic solemn pensive
Nostalgic Reflections,Mae Ji-Yoon,Dark Academia Piano,2024-08-21,0zhfyO21EKFynbecq9S9tx,https://open.spotify.com/track/0zhfyO21EKFynbecq9S9tx,nostalgic solemn pensive
Melancholy and Sadness,Celestial Aeon Project,Magic of the Summer Solstice,2025-08-01,1GidAN0HW3oG7HvJoplIt9,https://open.spotify.com/track/1GidAN0HW3oG7HvJoplIt9,nostalgic solemn pensive
Poignant (Emotional Piano Instrumental),Moesync,Melting (Emotional Piano Instrumentals),2024-10-06,0Jx0cXXr3CM9zv8zrFmy7n,https://open.spotify.com/track/0Jx0cXXr3CM9zv8zrFmy7n,nostalgic solemn pensive
Nostalgic Memory,DawRos,Silent Tears,2023-08-01,3oA8Wiu8HzplX3LwFyb26T,https://open.spotify.com/track/3oA8Wiu8HzplX3LwFyb26T,nostalgic solemn pensive
Meditative Melancholy,Strings of Peace,Guitar Meditation I.,2024-04-03,0iGS1zHIVKC6cTmz97A6Jm,https://open.spotify.com/track/0iGS1zHIVKC6cTmz97A6Jm,nostalgic solemn pensive
Melancholy Memories,Nox Arcana,Gothic,2015-10-05,2FU4jbswgTlqu8nLdF1x2F,https://open.spotify.com/track/2FU4jbswgTlqu8nLdF1x2F,nostalgic solemn pensive
Sad Cinematic Ambient,Max-Music,Sad Cinematic Ambient,2021-01-29,5UhMhfwFokBMwwBhlwRDYu,https://open.spotify.com/track/5UhMhfwFokBMwwBhlwRDYu,nostalgic solemn pensive
Melancholy Moods (Rain & Sleep),Eithne Maier,Rain Sleepscapes,2024-04-12,0iO9LUbnoZgSjtTCPzL5im,https://open.spotify.com/track/0iO9LUbnoZgSjtTCPzL5im,nostalgic solemn pensive
Melancholia,Violin Sky,Northern Lights,2022-03-18,2Ru4shB13kJQQQGYmwoTOD,https://open.spotify.com/track/2Ru4shB13kJQQQGYmwoTOD,nostalgic solemn pensive
a Nostalgic Winter,Jordy Chandra,a Nostalgic Winter,2022-11-25,4gfQDNOnwE5Mqkb8hEwF5Z,https://open.spotify.com/track/4gfQDNOnwE5Mqkb8hEwF5Z,nostalgic solemn pensive
Nostalgic Night - Violin Version,Willow Valley,Nostalgic Night,2021-11-17,0JnKDarOekkB3YGcldoOc5,https://open.spotify.com/track/0JnKDarOekkB3YGcldoOc5,nostalgic solemn pensive
Nostalgic Drawings,Hanna Lindgren,Nostalgic Drawings,2022-05-27,20ZTsszQOyWehsuwT3jFS1,https://open.spotify.com/track/20ZTsszQOyWehsuwT3jFS1,nostalgic solemn pensive
Nostalgie,The Strings Of Paris,Golden Piano Melodies,1988-02-15,75gGVzru3BCETmUB5sFVxt,https://open.spotify.com/track/75gGVzru3BCETmUB5sFVxt,nostalgic solemn pensive
Melancholic Lullaby,Mike McKee,From Within,2024-07-15,149GPopdEJWoMTJOv4XFLY,https://open.spotify.com/track/149GPopdEJWoMTJOv4XFLY,nostalgic solemn pensive
Melancholia IX,William Basinski,Melancholia,2003-08-12,6SyRUC1tL5Cmr6SusQ3z6j,https://open.spotify.com/track/6SyRUC1tL5Cmr6SusQ3z6j,nostalgic solemn pensive
Melancholy Rain on the Courtyard,Rain Sounds,Nostalgic Rain Sound,2025-11-01,2byziPJw0CtxH1uokDhWa6,https://open.spotify.com/track/2byziPJw0CtxH1uokDhWa6,nostalgic solemn pensive
Melancholy,Chris Pandolfi,Looking Glass,2009-01-01,5rE8y3XD8mv6PSFzP7j2TK,https://open.spotify.com/track/5rE8y3XD8mv6PSFzP7j2TK,nostalgic solemn pensive
Nostalgia,Kassidy Adams,Nostalgia,2023-09-01,0OQ5RhC1ViIaHfAmhQAv6i,https://open.spotify.com/track/0OQ5RhC1ViIaHfAmhQAv6i,nostalgic solemn pensive
Nostalgia,Hania Rani,Ghosts,2023-10-06,6KqYsGeLABmTF8STsYk7OZ,https://open.spotify.com/track/6KqYsGeLABmTF8STsYk7OZ,nostalgic solemn pensive
Melancholie (Emotional Piano Instrumentals),Moesync,Silent Reflections (Emotional Piano Instrumentals),2024-12-23,1DMcKA8343sZ4iogdrGXSK,https://open.spotify.com/track/1DMcKA8343sZ4iogdrGXSK,nostalgic solemn pensive
Nostalgia,Jonathan Roth,Meditations,2005-01-01,5JS0VROkVMzRhzkkxNvuUP,https://open.spotify.com/track/5JS0VROkVMzRhzkkxNvuUP,nostalgic solemn pensive
Silent Nostalgia,Erik Wøllo,"Blue Sky, Red Guitars",2004-10-05,6Ovr3lssvjOrR4DLDZNrD1,https://open.spotify.com/track/6Ovr3lssvjOrR4DLDZNrD1,nostalgic solemn pensive
Soft Ambient Music for Thinking Alone,Shiroishi,Quiet Piano Music for Introspective Evenings,2025-09-12,5CTgj4xLBWMtg2MrBQFfQZ,https://open.spotify.com/track/5CTgj4xLBWMtg2MrBQFfQZ,nostalgic solemn pensive
Nostalgic,Oleg Kirilkov,Piano & Cello,2019-10-22,6jL2Q4WGOksKZjnZ55WwRl,https://open.spotify.com/track/6jL2Q4WGOksKZjnZ55WwRl,nostalgic solemn pensive
Nostalgic Serenade,Crescent City Swingers,Lost In Time,2023-07-07,3ZT5UenhLy6jw689mL31Hg,https://open.spotify.com/track/3ZT5UenhLy6jw689mL31Hg,nostalgic solemn pensive
Nocturnal Reflections in Moonlight,Ambientalism,Blissful Serenades,2021-07-07,0UZHuO5tKxx3CHM42JMG8S,https://open.spotify.com/track/0UZHuO5tKxx3CHM42JMG8S,nostalgic solemn pensive
Nostalgia – solo Baritone guitar,Cinematic Adventures,Nostalgia – solo Baritone guitar,2022-11-03,2b5DYfJdTS7ufGZWufn7OG,https://open.spotify.com/track/2b5DYfJdTS7ufGZWufn7OG,nostalgic solemn pensive
Nostalgic Thoughts,Eternal Spring,Once Upon A Time,2022-04-19,1oOZ8I1JZ5vo3PAXyxpL7c,https://open.spotify.com/track/1oOZ8I1JZ5vo3PAXyxpL7c,nostalgic solemn pensive
Nostalgy,Steve Hall,The Gift Of Love,1995,6SIHIc4gTXvZr6KdiPtp61,https://open.spotify.com/track/6SIHIc4gTXvZr6KdiPtp61,nostalgic solemn pensive
Nostalgia - Choir,Violin Sky,Sound of Silence,2024-12-06,40bcfwCYF2BQGc8sax3Wa5,https://open.spotify.com/track/40bcfwCYF2BQGc8sax3Wa5,nostalgic solemn pensive
Melancholic Flashback,Justus Rümenapp,Melancholic Flashback,2020-05-01,5yHMZmdMXxYcd3lKPkTC5M,https://open.spotify.com/track/5yHMZmdMXxYcd3lKPkTC5M,nostalgic solemn pensive
Nostalgy,Martin Bloch,Anima,2018-02-25,29odFcuubTMM0bchGwUhSo,https://open.spotify.com/track/29odFcuubTMM0bchGwUhSo,nostalgic solemn pensive
Melancholia XI,William Basinski,Melancholia,2003-08-12,6o34Ba8ezCCZZ7rlXG1ZYQ,https://open.spotify.com/track/6o34Ba8ezCCZZ7rlXG1ZYQ,nostalgic solemn pensive
Nostalgic,Sean Watkins,Let It Fall,2001-01-01,1mU85Tw2CLQDGJ2Nkt2Pd0,https://open.spotify.com/track/1mU85Tw2CLQDGJ2Nkt2Pd0,nostalgic solemn pensive
Melancholia VII,William Basinski,Melancholia,2003-08-12,3MI2yqtuKVFPdNJOWQFoNr,https://open.spotify.com/track/3MI2yqtuKVFPdNJOWQFoNr,nostalgic solemn pensive
Melancholia XIII,William Basinski,Melancholia,2003-08-12,1JcZhWJdDk6Gb07luBszCa,https://open.spotify.com/track/1JcZhWJdDk6Gb07luBszCa,nostalgic solemn pensive
Cinematic Piano Ambient,AShamaluevMusic,Cinematic Inspirational Music,2017-01-01,4BVhvnWYe8H6RtcMYI2ZnL,https://open.spotify.com/track/4BVhvnWYe8H6RtcMYI2ZnL,nostalgic solemn pensive
Melancholic Serenade - Rainy Day Version,Elliott Chambers,Melancholic Serenade (Rainy Day Version),2024-07-12,6gjkK3e1NNRCuQOXVWOFxl,https://open.spotify.com/track/6gjkK3e1NNRCuQOXVWOFxl,nostalgic solemn pensive
Nostalgia,Moonlight Echoes,Emotions,2020-10-05,3otbJ56Ghh12pfbvE3HsCg,https://open.spotify.com/track/3otbJ56Ghh12pfbvE3HsCg,nostalgic solemn pensive
Relaxing Ambient Nostalgia - Chillwave 2025,Synthwave Nation,California Sunset,2025-03-05,53dJz7VdeYbqxa1y4E7vsK,https://open.spotify.com/track/53dJz7VdeYbqxa1y4E7vsK,nostalgic solemn pensive
Nostalgia,Instrumental Meditation Music,Floating Meditation and Sleep Music,2022-09-06,03BaUq1LHyFgsTVfkcRCXD,https://open.spotify.com/track/03BaUq1LHyFgsTVfkcRCXD,nostalgic solemn pensive
Nostalgic Night,Hazy,Nirvana,2020-05-20,2gXQapvTyO12fh6c2U0oIQ,https://open.spotify.com/track/2gXQapvTyO12fh6c2U0oIQ,nostalgic solemn pensive
Nostalgic Piano,Vernon,Have Deep Affection,2018-04-21,66eUTTQQYSJlJaYblH4GsY,https://open.spotify.com/track/66eUTTQQYSJlJaYblH4GsY,nostalgic solemn pensive
Sad Sadness (Instrumental Piano & Orchestral Strings) - Emotional Sentimental Melancholy Music,Sad Piano Music Instrumental Collective Australia,Sad Sadness (Instrumental Piano & Orchestral Strings) - Emotional Sentimental Melancholy Music,2016-11-15,2A1pVQTRhYP9EOCC2qcefu,https://open.spotify.com/track/2A1pVQTRhYP9EOCC2qcefu,nostalgic solemn pensive
Melancholy and the Depth of Sorrow,Lingering Emotions Still Live,Alone,2023-04-14,4ZIFoQ36AVpxxvOsIEYNIb,https://open.spotify.com/track/4ZIFoQ36AVpxxvOsIEYNIb,nostalgic solemn pensive
Ambient Piano Sleep Music,Deep Sleep Relaxation,Deep Sleep Music: Nature Sounds of Ocean Waves and Instrumental Piano Music For Sleeping and Relaxation,2019-04-05,0wAiiArBmwHIVv07ylJYTo,https://open.spotify.com/track/0wAiiArBmwHIVv07ylJYTo,nostalgic solemn pensive
Nostalgic Memories,Lewisia,Cafe Restaurant Hotel Lounge Luxurious Music to Listen to on a Rainy Day [Cloudy And Rain],2022-01-17,1Pi3KRqdBKi5ET5G7DPb4P,https://open.spotify.com/track/1Pi3KRqdBKi5ET5G7DPb4P,nostalgic solemn pensive
Melancholic Reflection,Magnus Ludvigsson,Melancholic Reflection,2023-03-17,6pdHYfFTRDHf8VBBnUT9rB,https://open.spotify.com/track/6pdHYfFTRDHf8VBBnUT9rB,nostalgic solemn pensive
a Nostalgic Winter (Short Version),Jordy Chandra,a Nostalgic Winter (Chamber Version),2022-12-21,1g9NSUvCfBh44iIrPybUn1,https://open.spotify.com/track/1g9NSUvCfBh44iIrPybUn1,nostalgic solemn pensive
Nostalgic Night - Harp Version,Willow Valley,Nostalgic Night,2021-11-17,7H8YhHwGjsey45NAcKlPeK,https://open.spotify.com/track/7H8YhHwGjsey45NAcKlPeK,nostalgic solemn pensive
Ambient Music For Deep Sleep,Sleeping Music Experience,Sleeping Music: Soft Relaxing Piano Music For Deep Sleep Music and Relaxation Music,2018-08-28,1VDnTYqbSB0SmEOLrAQEjt,https://open.spotify.com/track/1VDnTYqbSB0SmEOLrAQEjt,nostalgic solemn pensive
Melancholia VIII,William Basinski,Melancholia,2003-08-12,1bhXIB6hXajAUOz2UniqGw,https://open.spotify.com/track/1bhXIB6hXajAUOz2UniqGw,nostalgic solemn pensive
Nostalgia,Francisco José Villaescusa,Nostalgia,2016-03-30,7ptfXFytzgJG8QK4PMCssI,https://open.spotify.com/track/7ptfXFytzgJG8QK4PMCssI,nostalgic solemn pensive
Nostalgia,Billy Belmondo,Nocturnal Breeze,2020-11-12,6dGoDOe85caqcrYydVHe8m,https://open.spotify.com/track/6dGoDOe85caqcrYydVHe8m,nostalgic solemn pensive
Pastor Solitario,Grupo Nostalgia,La Flauta del Mundo,2017-11-22,4hGUwsVtcSWJzXvtYpa8V9,https://open.spotify.com/track/4hGUwsVtcSWJzXvtYpa8V9,nostalgic solemn pensive
Light,Endless Melancholy,Music for Quiet Mornings,2012-03-12,1uBIsWIOaWWOox8blr0YO5,https://open.spotify.com/track/1uBIsWIOaWWOox8blr0YO5,nostalgic solemn pensive
Nostalgia,Strings of Kin,Gentle Guitar Lullabies for Sleep: Soothing Melodies to Calm Your Children for Bedtime,2021-06-11,74jkJjWgwiKnPjMuheAvZR,https://open.spotify.com/track/74jkJjWgwiKnPjMuheAvZR,nostalgic solemn pensive
Melancholy,Martin Czerny,Sad Cello & Piano VII,2020-11-13,7uVtSNLVRj8vuB29GMaEUR,https://open.spotify.com/track/7uVtSNLVRj8vuB29GMaEUR,nostalgic solemn pensive
Nostalgy,Patrick Péronne,The Moonlight Piano - 50 Quiet Pieces for Piano,2014-05-26,4PoJ8lWCZU2bjjWmdCTsdj,https://open.spotify.com/track/4PoJ8lWCZU2bjjWmdCTsdj,nostalgic solemn pensive
Lullaby for Soleda (Instrumental Piano Solo) - Sad Music Melancholic Love Song,Sad Piano Music Instrumental Collective Australia,Sad Piano Music 1: Instrumental Love Songs Sentimental Emotional Dramatic Melancholic,2016-12-19,1aaQtWQ2fCqBS8QRsSIA9C,https://open.spotify.com/track/1aaQtWQ2fCqBS8QRsSIA9C,nostalgic solemn pensive
Nostalgic Melancholy Emotional Story,Romansenykmusic,Unreleased,2022-10-26,2YhSJrD62q4rplrN7KDffz,https://open.spotify.com/track/2YhSJrD62q4rplrN7KDffz,nostalgic solemn pensive
Nostalgic,Michael Marc & The Gypsy Flamenco Masters,Moody Road,2010,04TBixgkeNn5fVLhHEE68A,https://open.spotify.com/track/04TBixgkeNn5fVLhHEE68A,nostalgic solemn pensive
Melancolie,Along term,Baby,2022-05-12,3HDaM2Bt2sYOBIeiw6aUpd,https://open.spotify.com/track/3HDaM2Bt2sYOBIeiw6aUpd,nostalgic solemn pensive
Sophisticated Nostalgia,Nordicwaves,Sophisticated Nostalgia,2022-04-29,7j4LqtJZxmuopfZeQcCTzN,https://open.spotify.com/track/7j4LqtJZxmuopfZeQcCTzN,nostalgic solemn pensive
Nostalgia,Fredrik Johansson,A Peaceful Guitar Collection,2022-08-26,1p40kgfTIT1aR5p7d3vYeL,https://open.spotify.com/track/1p40kgfTIT1aR5p7d3vYeL,nostalgic solemn pensive
Horizont (Emotional Piano Instrumentals),Moesync,Silent Reflections (Emotional Piano Instrumentals),2024-12-23,0ednVu8ARm4IrtkHpsaEdZ,https://open.spotify.com/track/0ednVu8ARm4IrtkHpsaEdZ,nostalgic solemn pensive
Ambient Piano Atmospheres Soundscapes,Maksym Tkhoryk,Chill Ambient,2022-06-07,7wMyGH57o1eiakpPmm99lw,https://open.spotify.com/track/7wMyGH57o1eiakpPmm99lw,nostalgic solemn pensive
a Nostalgic Winter (Chamber Version),Jordy Chandra,a Nostalgic Winter (Chamber Version),2022-12-21,33StFwq6nnPO9E63xfEmDN,https://open.spotify.com/track/33StFwq6nnPO9E63xfEmDN,nostalgic solemn pensive
"Nostalgia, Pt. 1",Maxence Cyrin,Aurora,2020-03-06,7zhlJ3If6eaQNkDRBJ4ORj,https://open.spotify.com/track/7zhlJ3If6eaQNkDRBJ4ORj,nostalgic solemn pensive
Melancholic Sunrise,Ivory Light,"Harp Mornings, Vol. 2",2022-02-05,0u4WmIFLcqwDyXdjeVQXOl,https://open.spotify.com/track/0u4WmIFLcqwDyXdjeVQXOl,nostalgic solemn pensive
Cinematic Ambient Corporate Inspiring Emotional,Romansenykmusic,Soft Cinematic Soundtracks,2020-03-19,009zm4nS6Bl2GtHt2iitDA,https://open.spotify.com/track/009zm4nS6Bl2GtHt2iitDA,nostalgic solemn pensive
Nostalgic Feeling,"Sarah, the Illstrumentalist",Evening Wind-Down,2025-10-01,2aUnPzYR9Arrr5C10j2djl,https://open.spotify.com/track/2aUnPzYR9Arrr5C10j2djl,nostalgic solemn pensive
3 Pieces for Flute & Harp: I. Ricordanza,Elizabeth Poston,Nostalgica,2022-03-04,7jEcherl9EbFoBnoWqJSMj,https://open.spotify.com/track/7jEcherl9EbFoBnoWqJSMj,nostalgic solemn pensive
Nostalgique,Cafe Accordion Orchestra,CAO 10,2016-07-29,3BVeBjeV1pErRYa6wB2nr5,https://open.spotify.com/track/3BVeBjeV1pErRYa6wB2nr5,nostalgic solemn pensive
Nostalgy,AShamaluevMusic,Nostalgy,2019-01-14,63Kk3svhhglUbxhzyeosh4,https://open.spotify.com/track/63Kk3svhhglUbxhzyeosh4,nostalgic solemn pensive
Nostalgic Smile,Ambient BGM channel,Autumn Leaves,2020-10-09,71VGBJxGlXkkHZi8JeFYH2,https://open.spotify.com/track/71VGBJxGlXkkHZi8JeFYH2,nostalgic solemn pensive
Nostalgy,The O'Neill Brothers Group,Background Music for the Classroom: Instrumental Piano,2013-07-12,3YnIwn3PFw6XqRygeJ1Ywp,https://open.spotify.com/track/3YnIwn3PFw6XqRygeJ1Ywp,nostalgic solemn pensive
Melancholy Weather,Sleep Rain Memories,"Ambient Rainforest: Nature Sounds For Sleep, Stress Relief, Meditation, Mindfulness",2022-03-22,3XrVy4GNG0rc3rbUR7zHjn,https://open.spotify.com/track/3XrVy4GNG0rc3rbUR7zHjn,nostalgic solemn pensive
Beautiful Ambient Cinematic Emotional,Romansenykmusic,Soft Cinematic Soundtracks,2020-03-19,0fA7ULakndESrgGw7QYHY4,https://open.spotify.com/track/0fA7ULakndESrgGw7QYHY4,nostalgic solemn pensive
Emotional Ambient,AShamaluevMusic,Emotional Ambient,2019-07-18,3jgl9nSnstp1bIsdpvd8AS,https://open.spotify.com/track/3jgl9nSnstp1bIsdpvd8AS,nostalgic solemn pensive
Somber & Melancholy Music,Sad Violin Music,Somber & Melancholy Music,2022-03-17,2I5XCy8qTJdnyd3QG3Yo2j,https://open.spotify.com/track/2I5XCy8qTJdnyd3QG3Yo2j,nostalgic solemn pensive
Interstellar Nostalgia,Celestial Aeon Project,Space Banjo Ambient,2025-03-04,5E6Mjt3fH4rhtc4n6d8iEL,https://open.spotify.com/track/5E6Mjt3fH4rhtc4n6d8iEL,nostalgic solemn pensive
Nostalgic Sonata,Chill Ambient,Nostalgic Sonata,2024-01-24,1xzMOVSxzX9MROTOBZkPMp,https://open.spotify.com/track/1xzMOVSxzX9MROTOBZkPMp,nostalgic solemn pensive
Spiegelung (Emotional Piano Instrumentals),Moesync,Silent Reflections (Emotional Piano Instrumentals),2024-12-23,0pRhtwV5peMO6yVZZ4rNHp,https://open.spotify.com/track/0pRhtwV5peMO6yVZZ4rNHp,nostalgic solemn pensive
"Musical Ambient Melodies for Peaceful Thoughts, Pt. 4",Quiet Meditation Music,Musical Ambient Melodies for Peaceful Thoughts,2022-07-29,1qMhuoqUXwz2pJniLoxUUO,https://open.spotify.com/track/1qMhuoqUXwz2pJniLoxUUO,nostalgic solemn pensive
"Musical Ambient Melodies for Peaceful Thoughts, Pt. 9",Quiet Meditation Music,Musical Ambient Melodies for Peaceful Thoughts,2022-07-29,1f6l8TyunmOIQKctRvxXvs,https://open.spotify.com/track/1f6l8TyunmOIQKctRvxXvs,nostalgic solemn pensive
"Musical Ambient Melodies for Peaceful Thoughts, Pt. 14",Quiet Meditation Music,Musical Ambient Melodies for Peaceful Thoughts,2022-07-29,345Rk9sNqYuG2G895Muf14,https://open.spotify.com/track/345Rk9sNqYuG2G895Muf14,nostalgic solemn pensive
"Musical Ambient Melodies for Peaceful Thoughts, Pt. 5",Quiet Meditation Music,Musical Ambient Melodies for Peaceful Thoughts,2022-07-29,0hK8bGj8FQlsf0QTriD7Sa,https://open.spotify.com/track/0hK8bGj8FQlsf0QTriD7Sa,nostalgic solemn pensive
Ruhe (Emotional Piano Instrumentals),Moesync,Silent Reflections (Emotional Piano Instrumentals),2024-12-23,4u5YyqhNrA5Qv8JKioy9tg,https://open.spotify.com/track/4u5YyqhNrA5Qv8JKioy9tg,nostalgic solemn pensive
Nostalgic Melody,Siri Umann,Moonlight,2023-10-17,4JImSF9jC8iuqBHdFjOGTn,https://open.spotify.com/track/4JImSF9jC8iuqBHdFjOGTn,nostalgic solemn pensive
Nostalgy - Piano & Chords,Richard Clayderman,Lettre à ma mère,1979-01-01,41Z8MtjmuaDOYzLAFbK1NW,https://open.spotify.com/track/41Z8MtjmuaDOYzLAFbK1NW,nostalgic solemn pensive
Ambient,Peaceful Piano Keys,Dreamy Piano,2022-07-14,2q2Rdqs3Seh0dkZUtrPKcW,https://open.spotify.com/track/2q2Rdqs3Seh0dkZUtrPKcW,nostalgic solemn pensive
Minimalismus (Emotional Piano Instrumentals),Moesync,Silent Reflections (Emotional Piano Instrumentals),2024-12-23,7DC1NgDUyIyEEEqmfNPpvP,https://open.spotify.com/track/7DC1NgDUyIyEEEqmfNPpvP,nostalgic solemn pensive
One Heart,Snowfall Dreamscapes,Sad Ambient 2023,2023-11-03,0Edr8VOJ6r9rmNhkn1Ka0p,https://open.spotify.com/track/0Edr8VOJ6r9rmNhkn1Ka0p,nostalgic solemn pensive
Distant Past (Emotional Piano Instrumentals),Moesync,Time Lost (Emotional Piano Instrumentals),2024-10-08,2L7hwPMk6V2FMMD7QMjn5r,https://open.spotify.com/track/2L7hwPMk6V2FMMD7QMjn5r,nostalgic solemn pensive
Nostalgia,Silent Sun,Meditation Ambience,2025-09-19,7mlcNx16KBG2lKEcI5odpA,https://open.spotify.com/track/7mlcNx16KBG2lKEcI5odpA,nostalgic solemn pensive
Nostalgic Cherry,Helios Relaxing Space,Dreamy Apricot,2023-03-24,5gHI0HQYNVtVj653zu2uUz,https://open.spotify.com/track/5gHI0HQYNVtVj653zu2uUz,nostalgic solemn pensive
Nostalgic Tones,Soft Piano Jazz,Soothing Piano Backgrounds,2019-07-19,3Kzs7fOSi097boWTZRxJbB,https://open.spotify.com/track/3Kzs7fOSi097boWTZRxJbB,nostalgic solemn pensive
Melancholy Memories,Nature Sounds for Sleep and Relaxation,Naturesounds: into the Heart of the Woodlands,2023-05-27,54cOI0YtH01I6OWwPzqA68,https://open.spotify.com/track/54cOI0YtH01I6OWwPzqA68,nostalgic solemn pensive
Nostalgia,LiteBeats,Fleeting Emotions,2022-12-25,1C1W1BtUlCZGN8S87rwDhM,https://open.spotify.com/track/1C1W1BtUlCZGN8S87rwDhM,nostalgic solemn pensive
Nostalgia,The Present Sound,Nostalgia,2022-04-22,03OrQ64AAciDd8ChBZAYST,https://open.spotify.com/track/03OrQ64AAciDd8ChBZAYST,nostalgic solemn pensive
Remembrance (Emotional Piano Instrumentals),Moesync,Time Lost (Emotional Piano Instrumentals),2024-10-08,56YEoCRHcoiEk3ibSIM3gZ,https://open.spotify.com/track/56YEoCRHcoiEk3ibSIM3gZ,nostalgic solemn pensive
"Musical Ambient Melodies for Peaceful Thoughts, Pt. 10",Quiet Meditation Music,Musical Ambient Melodies for Peaceful Thoughts,2022-07-29,5EDucIBCfQB4qmybBFFpyV,https://open.spotify.com/track/5EDucIBCfQB4qmybBFFpyV,nostalgic solemn pensive
"Musical Ambient Melodies for Peaceful Thoughts, Pt. 18",Quiet Meditation Music,Musical Ambient Melodies for Peaceful Thoughts,2022-07-29,0gGf4F0U7V1DiAMNCpo6BQ,https://open.spotify.com/track/0gGf4F0U7V1DiAMNCpo6BQ,nostalgic solemn pensive
"Musical Ambient Melodies for Peaceful Thoughts, Pt. 15",Quiet Meditation Music,Musical Ambient Melodies for Peaceful Thoughts,2022-07-29,7aIC7klgCX3wxnsj4ce2Xx,https://open.spotify.com/track/7aIC7klgCX3wxnsj4ce2Xx,nostalgic solemn pensive
"Musical Ambient Melodies for Peaceful Thoughts, Pt. 16",Quiet Meditation Music,Musical Ambient Melodies for Peaceful Thoughts,2022-07-29,0KYkwKbpHpBe5Hnh2P0TyV,https://open.spotify.com/track/0KYkwKbpHpBe5Hnh2P0TyV,nostalgic solemn pensive
"Musical Ambient Melodies for Peaceful Thoughts, Pt. 12",Quiet Meditation Music,Musical Ambient Melodies for Peaceful Thoughts,2022-07-29,08L9pNQB5NhoZExlDPytgi,https://open.spotify.com/track/08L9pNQB5NhoZExlDPytgi,nostalgic solemn pensive
"Musical Ambient Melodies for Peaceful Thoughts, Pt. 7",Quiet Meditation Music,Musical Ambient Melodies for Peaceful Thoughts,2022-07-29,1ufBExFuVQXLNue0KW89TM,https://open.spotify.com/track/1ufBExFuVQXLNue0KW89TM,nostalgic solemn pensive
"Musical Ambient Melodies for Peaceful Thoughts, Pt. 11",Quiet Meditation Music,Musical Ambient Melodies for Peaceful Thoughts,2022-07-29,5znowBhVHwCCjcH6qMeI7t,https://open.spotify.com/track/5znowBhVHwCCjcH6qMeI7t,nostalgic solemn pensive
"Musical Ambient Melodies for Peaceful Thoughts, Pt. 17",Quiet Meditation Music,Musical Ambient Melodies for Peaceful Thoughts,2022-07-29,2aE20ETe1YNMwe8HFWmlr3,https://open.spotify.com/track/2aE20ETe1YNMwe8HFWmlr3,nostalgic solemn pensive
Melancholic Memories,Jacques Blacque,Blue Nostalgia,2025-04-10,21RLbnXIJHv7zGdSZZ4VlJ,https://open.spotify.com/track/21RLbnXIJHv7zGdSZZ4VlJ,nostalgic solemn pensive
Nostalgic Echoes from Afar,Relaxing Jazz Trio,Elegant Jazz for a Sophisticated Wine Bar,2025-03-08,1RTcYb085upQU1n9rDt8bL,https://open.spotify.com/track/1RTcYb085upQU1n9rDt8bL,nostalgic solemn pensive
Melancholy Morning,Spiritloom,Echoes Among the Vines,2016-12-29,4Ve7RK97cr5vusHdr2gVVN,https://open.spotify.com/track/4Ve7RK97cr5vusHdr2gVVN,nostalgic solemn pensive
Nostalgie,Peter Pearson,Intimate Moments,2017-09-22,3mMwCb9pp9jYNl83RXOa7v,https://open.spotify.com/track/3mMwCb9pp9jYNl83RXOa7v,nostalgic solemn pensive
Nostalgic Nocturne,Piano Girls,10 Piano Tracks for Crying: Melancholy Piano Ballads for Reflective Sad Moments,2023-11-13,1FW4gT0nwjWs7CouzGgAl0,https://open.spotify.com/track/1FW4gT0nwjWs7CouzGgAl0,nostalgic solemn pensive
Nostalgic Melodies,Random Instrumental Meditation,Echoes of Eternity,2024-02-16,4pI16IzIA8l7isYJpiaNdc,https://open.spotify.com/track/4pI16IzIA8l7isYJpiaNdc,nostalgic solemn pensive
Time (Instrumental Piano & Orchestra) - Sad Music Emotional Melancholic Love Song,Sad Piano Music Instrumental Collective Australia,Sad Piano Music 1: Instrumental Love Songs Sentimental Emotional Dramatic Melancholic,2016-12-19,1Cbwd8zK5WgZhik3Z5B1Iw,https://open.spotify.com/track/1Cbwd8zK5WgZhik3Z5B1Iw,nostalgic solemn pensive
Dreamy Ambient Music,Sleeping Music,"Deep Sleep Music: Soothing Piano Music for Sleeping, Calm Music Sleep Aid, Ambient Relaxation Music and Relaxing Sleeping Music",2017-08-13,0g9SmtUThn071hLDHAOFka,https://open.spotify.com/track/0g9SmtUThn071hLDHAOFka,nostalgic solemn pensive
Dreamy Ambient Music For Sleep,Ambient Music Therapy,Dreamy Ambient Music For Sleep,2009-01-01,1HfRKGvJlPPl6DZlUOxITg,https://open.spotify.com/track/1HfRKGvJlPPl6DZlUOxITg,nostalgic solemn pensive
Ambient Inspiring Piano,DS Productions,Ambient Inspiring Piano,2020-07-25,3vSkSMQqe5CzQZQLHtkbIE,https://open.spotify.com/track/3vSkSMQqe5CzQZQLHtkbIE,nostalgic solemn pensive
Sadness (Instrumental Piano & Orchestra) - Sad Music Emotional Melancholic Love Song,Sad Piano Music Instrumental Collective Australia,Sad Piano Music 1: Instrumental Love Songs Sentimental Emotional Dramatic Melancholic,2016-12-19,5dULw5wnqm0MunHD20YK3z,https://open.spotify.com/track/5dULw5wnqm0MunHD20YK3z,nostalgic solemn pensive
Nautical Nostalgia Tranquility,Rainstorm Rhapsody,Wise Pirate's Wooden Shelter Soundscapes,2024-05-03,5KaWKlnC6A97L4YFyURzik,https://open.spotify.com/track/5KaWKlnC6A97L4YFyURzik,nostalgic solemn pensive
Melancholy Piano Lofi,Study Beat Sensei,Back to School Lo-Fi Study Beats (Copyright Free),2024-08-20,12pMORhLBrcVQNUykMBLih,https://open.spotify.com/track/12pMORhLBrcVQNUykMBLih,nostalgic solemn pensive
Among My Souvenirs,The Melachrino Strings,Stardust,1988-03-16,5VcrXAPkjvfZ3yzA83P8TF,https://open.spotify.com/track/5VcrXAPkjvfZ3yzA83P8TF,nostalgic solemn pensive
Nostalgic Winds,Assaf Brown,Nostalgic Winds,2024-11-29,1HQ1qQzncgN1B7AV6ewayL,https://open.spotify.com/track/1HQ1qQzncgN1B7AV6ewayL,nostalgic solemn pensive
Nostalgic Lofi Piano Reflections,Lofi,Spooky Lofi Beats for Halloween Night Vibes,2025-10-29,1M3iX5L1xMwYHw1BjdRD0l,https://open.spotify.com/track/1M3iX5L1xMwYHw1BjdRD0l,nostalgic solemn pensive
nostalgia,Ryuichi Sakamoto,out of noise,2009-03-04,6at18jEHXw3vnubR3zMMGC,https://open.spotify.com/track/6at18jEHXw3vnubR3zMMGC,nostalgic solemn pensive
Ambient Sleep Music,Pensamiento Positivo,"Музыка Для Сна: Колыбельная И Новый Век, Медитация",2012-12-05,1DlG43dZj7UmNgFn5lSrn3,https://open.spotify.com/track/1DlG43dZj7UmNgFn5lSrn3,nostalgic solemn pensive
Memory (Emotional Piano Instrumentals),Moesync,Time Lost (Emotional Piano Instrumentals),2024-10-08,0fdTtM7YS6DZcPgB4lGlI5,https://open.spotify.com/track/0fdTtM7YS6DZcPgB4lGlI5,nostalgic solemn pensive
Nostalgic Chant,Silk Tape,Emerald Reflections,2024-08-30,30usZRIutMMnlY9S1yAQbI,https://open.spotify.com/track/30usZRIutMMnlY9S1yAQbI,nostalgic solemn pensive
Solitary Meditation,Nonemis,Melancholic Landscapes,2020-01-29,25qU38xgKFLxLa5umSNQNi,https://open.spotify.com/track/25qU38xgKFLxLa5umSNQNi,nostalgic solemn pensive
Melancholia,Gentle Baby Zzz,"On the Beach Sleep Music Lullabies with Nature Sounds, Ocean Waves Relaxing",2011-05-26,31EgwPU6gJlfXcpKe0KaaG,https://open.spotify.com/track/31EgwPU6gJlfXcpKe0KaaG,nostalgic solemn pensive
"Musical Ambient Melodies for Peaceful Thoughts, Pt. 27",Quiet Meditation Music,Sweet Redemption,2022-07-22,7sZjqkQ50oMVqPGsASPsW9,https://open.spotify.com/track/7sZjqkQ50oMVqPGsASPsW9,nostalgic solemn pensive
"Musical Ambient Melodies for Peaceful Thoughts, Pt. 20",Quiet Meditation Music,Sweet Redemption,2022-07-22,3j42Wb9SF53f8TI493SXei,https://open.spotify.com/track/3j42Wb9SF53f8TI493SXei,nostalgic solemn pensive
Ambient Instrumental Theme,Ambient Sound Center,"Dramatic Ambient - Gothic Dark Fantasy Ambient, Sad & Somber Background",2019-06-11,6jX3ZxbLz7mHzY7GMVa6LG,https://open.spotify.com/track/6jX3ZxbLz7mHzY7GMVa6LG,nostalgic solemn pensive
Nostalgic Recollections,Calm Music,1 Ambient Night: Honey Drift Atlas,2025-05-09,13KpgUk3FrpiIHg1mlefve,https://open.spotify.com/track/13KpgUk3FrpiIHg1mlefve,nostalgic solemn pensive
Nostalgic Lofi Piano on a Snowy Night,DailySoundChannel,Subtle Vibrations of Joy : Sunny Day Lo-Fi,2025-11-18,0E4jGoW8szxQCkng3zP0zy,https://open.spotify.com/track/0E4jGoW8szxQCkng3zP0zy,nostalgic solemn pensive
Nostalgic,Mark Eliyahu,Tehran (Apple TV+ Original Series Soundtrack),2020-09-25,6homoOkir5P1uUqgSh9LHJ,https://open.spotify.com/track/6homoOkir5P1uUqgSh9LHJ,nostalgic solemn pensive
City Soundscapes From Heaven,Sad Music,Piano & Sentimental Moments,2023-05-07,2w7k1C4vyrXNks1ikOW9O6,https://open.spotify.com/track/2w7k1C4vyrXNks1ikOW9O6,nostalgic solemn pensive
Nostalgic Piano,Slow Piano,Slow Piano Instrumentals,2025-04-01,4XvmmlwZNBYyk4z6ksO4MT,https://open.spotify.com/track/4XvmmlwZNBYyk4z6ksO4MT,nostalgic solemn pensive
Melancholy Reflections,Mike Schoenmehl,Sofony,2019-05-18,0dyZCWr1tY81qEq0eyaYNh,https://open.spotify.com/track/0dyZCWr1tY81qEq0eyaYNh,nostalgic solemn pensive
Ambient Suspenseful Background (Original Motion Picture Soundtrack),Acoustic Instrumental Vibes,Ambient Suspenseful Background (Original Motion Picture Soundtrack),2022-10-18,1M6GOFvY9YviLMRlTUZm1V,https://open.spotify.com/track/1M6GOFvY9YviLMRlTUZm1V,nostalgic solemn pensive
Nostalgic for a Fairytale,Study Music Project,Winter Semester,2024-01-01,7LGtreBvGRhjmaTWjNojCN,https://open.spotify.com/track/7LGtreBvGRhjmaTWjNojCN,nostalgic solemn pensive
Transcend,Snowfall Dreamscapes,Sad Ambient 2023,2023-11-03,4oucxycWMhESVND5x5rtTw,https://open.spotify.com/track/4oucxycWMhESVND5x5rtTw,nostalgic solemn pensive
Ambient Piano Music,Deep Sleep Music Experience,"Rain Sounds Sleep: Soft Piano Music and Asmr Rain Sounds For Deep Sleep, Relaxing Sleep Aid and Soothing Sleeping Music",2019-05-11,3uTNISKKu3gJbNgR4Kmpv3,https://open.spotify.com/track/3uTNISKKu3gJbNgR4Kmpv3,nostalgic solemn pensive
a Nostalgic Winter (Slowed + Reverbed),Jordy Chandra,a Nostalgic Winter (Slowed + Reverbed),2024-01-26,4nfloyTtIhToyn5Iu8JwmC,https://open.spotify.com/track/4nfloyTtIhToyn5Iu8JwmC,nostalgic solemn pensive
Nostalgy - Piano Solo,Richard Clayderman,Lettre à ma mère,1979-01-01,7spw0pdztHWMJTzhJK9kdR,https://open.spotify.com/track/7spw0pdztHWMJTzhJK9kdR,nostalgic solemn pensive
"Musical Ambient Melodies for Peaceful Thoughts, Pt. 19",Quiet Meditation Music,Sweet Redemption,2022-07-22,6Lha1QPDapx4MI7qiVNtzr,https://open.spotify.com/track/6Lha1QPDapx4MI7qiVNtzr,nostalgic solemn pensive
"Musical Ambient Melodies for Peaceful Thoughts, Pt. 21",Quiet Meditation Music,Sweet Redemption,2022-07-22,73YaFI98t2XgCelKxrol3x,https://open.spotify.com/track/73YaFI98t2XgCelKxrol3x,nostalgic solemn pensive
"Musical Ambient Melodies for Peaceful Thoughts, Pt. 24",Quiet Meditation Music,Sweet Redemption,2022-07-22,4g1eeWEay6v8maS0peXI9u,https://open.spotify.com/track/4g1eeWEay6v8maS0peXI9u,nostalgic solemn pensive
"Musical Ambient Melodies for Peaceful Thoughts, Pt. 23",Quiet Meditation Music,Sweet Redemption,2022-07-22,0pua0LrYunjMJPWVND0GIT,https://open.spotify.com/track/0pua0LrYunjMJPWVND0GIT,nostalgic solemn pensive
"Musical Ambient Melodies for Peaceful Thoughts, Pt. 25",Quiet Meditation Music,Sweet Redemption,2022-07-22,37RM70OCpM0SW9TOGdtrqy,https://open.spotify.com/track/37RM70OCpM0SW9TOGdtrqy,nostalgic solemn pensive
Melancholic Jazz,Sentimental Piano Music Oasis,"Relaxation Piano Moods - Soft Instrumental Piano Jazz, Well Being, Good Mood, Relaxing Lounge Music, Chill Out & Sleep",2017-02-02,1J52NTLsrqjj2aPOYvcAbd,https://open.spotify.com/track/1J52NTLsrqjj2aPOYvcAbd,nostalgic solemn pensive
Nostalgic Piano,Relaxing Spa Sessions,Meditation Valley - Retreats for Optimal Health,2020-04-17,41Xhlc6Yrj696RZ5yEsuZq,https://open.spotify.com/track/41Xhlc6Yrj696RZ5yEsuZq,nostalgic solemn pensive
Nostalgia,David Everson,An Empty Study,2020-09-25,0KK6RyMirtxIXrD3K3C0dz,https://open.spotify.com/track/0KK6RyMirtxIXrD3K3C0dz,nostalgic solemn pensive
Relaxing Ambient Sounds,Gentle Instrumental Music Paradise,"50 Relaxing Ambient Sounds (Inner Power, Deep Sleep, Healing Instrumental Music, Relaxation, Meditation, Yoga, Rest, Stress Relief)",2018-05-21,1yCgDCMk3ErJv5T046IbzW,https://open.spotify.com/track/1yCgDCMk3ErJv5T046IbzW,nostalgic solemn pensive
Nostalgic Aroma,Green Music BGM channel,Moonlight,2020-09-25,6IsEHcoZjrgLN44r9IqW1y,https://open.spotify.com/track/6IsEHcoZjrgLN44r9IqW1y,nostalgic solemn pensive
Ambient Piano Nights,The Deep Sleep Scientists,Sleeping Music: Music to Sleep to. Gentle Calm Piano and Relaxing Soothing Sounds for a Relaxing Sleep.,2020-07-17,4TpvucSpeqHtAH7QzuOjoW,https://open.spotify.com/track/4TpvucSpeqHtAH7QzuOjoW,nostalgic solemn pensive
Nostalgias,Instrumental Logic,"Saxo Instrumental, Vol. 2",2015-05-27,4jWdMZByK4mk7tLU3kIBhg,https://open.spotify.com/track/4jWdMZByK4mk7tLU3kIBhg,nostalgic solemn pensive
Nostalgic Autumn Jazz,Coffee Lounge Collection,November Jazz Playlist: Café Background Music for Cozy Autumn Mornings,2021-11-18,1F2Ee5B9PynDRANBfotoh8,https://open.spotify.com/track/1F2Ee5B9PynDRANBfotoh8,nostalgic solemn pensive
Melancholy Day,"Silver, Wood & Ivory",Reflections,2004-01-26,3wL2713j3tt8PCfIKXWSvK,https://open.spotify.com/track/3wL2713j3tt8PCfIKXWSvK,nostalgic solemn pensive
Am Morgen (Emotional Piano Instrumentals),Moesync,Silent Reflections (Emotional Piano Instrumentals),2024-12-23,0qz8Y0wY6GD78Dc9ywGIIw,https://open.spotify.com/track/0qz8Y0wY6GD78Dc9ywGIIw,nostalgic solemn pensive
Floating (Emotional Piano Instrumental),Moesync,Melting (Emotional Piano Instrumentals),2024-10-06,0Msr3sh0kAPxGpaujmatZj,https://open.spotify.com/track/0Msr3sh0kAPxGpaujmatZj,nostalgic solemn pensive
Melancholy,Adrián Berenguer,The Art of Loneliness,2019-09-02,4OAEgKXzWodyKmEi8ImPg1,https://open.spotify.com/track/4OAEgKXzWodyKmEi8ImPg1,nostalgic solemn pensive
Parisian Reflections,Sad Piano and Violin,Sad Piano & Violin Instrumental,2021-12-24,01D9F7DRlGML9DmTu1vPF3,https://open.spotify.com/track/01D9F7DRlGML9DmTu1vPF3,nostalgic solemn pensive
Nostalgia,Paul Cardall,The Looking Glass,1999-01-01,7DDIxsZf1cW8LGHg1RzHC7,https://open.spotify.com/track/7DDIxsZf1cW8LGHg1RzHC7,nostalgic solemn pensive
Nostalgia,Ryuichi Sakamoto,THREE,2012-10-17,3kaiHYYH4RE5QITWM4qJKL,https://open.spotify.com/track/3kaiHYYH4RE5QITWM4qJKL,nostalgic solemn pensive
Nostalgic Melody - Cut Mix,Siri Umann,26 Essentials Chill,2024-03-18,2uQhrLTVgedgpz63zytqyo,https://open.spotify.com/track/2uQhrLTVgedgpz63zytqyo,nostalgic solemn pensive
Nostalgy,Alex Syedin,Out of Homeland,2024-05-24,5tUhPBzDEXlHNw59oIBvA4,https://open.spotify.com/track/5tUhPBzDEXlHNw59oIBvA4,nostalgic solemn pensive
Mourners Walk,Sad Piano and Violin,Powerful Emotive Instrumental Music,2021-12-14,2enM2BGINfebxbEyv9GnRt,https://open.spotify.com/track/2enM2BGINfebxbEyv9GnRt,nostalgic solemn pensive
Nostalgic Farm - Instrumental,Easy Listening Music Lounge,Nostalgic Farm (Instrumental),2020-09-02,6zdpiUi3Zn7e6sygnHVmOp,https://open.spotify.com/track/6zdpiUi3Zn7e6sygnHVmOp,nostalgic solemn pensive
Dramatic Ambient Piano,cleanmindsounds,Dramatic Ambient Piano,2023-02-28,0MsqXbvUW0XXoUuIkwVSlS,https://open.spotify.com/track/0MsqXbvUW0XXoUuIkwVSlS,nostalgic solemn pensive
Nostalgia & Grief,Mindspring Memories,Nostalgia & Grief,2021-12-16,6cGCitHCIEvHYImrDwGctf,https://open.spotify.com/track/6cGCitHCIEvHYImrDwGctf,nostalgic solemn pensive
Nostalgic Dreamscape,Jacques Blacque,Beyond Twilight,2023-08-24,07z1rMZnnR3C9T4G7Fnlbi,https://open.spotify.com/track/07z1rMZnnR3C9T4G7Fnlbi,nostalgic solemn pensive
Melancholic Rainy Day,Burcu Gönül,"Dark Academia, Vol I",2021-05-05,4btd9nvd1ZYitXNmduFRxE,https://open.spotify.com/track/4btd9nvd1ZYitXNmduFRxE,nostalgic solemn pensive
Nostalgia,Wuauquikuna,Best of Meditation II,2021-01-08,3X8zNUedsFRBfgRLRPDRWq,https://open.spotify.com/track/3X8zNUedsFRBfgRLRPDRWq,nostalgic solemn pensive
Dreamy Ambient Piano,The Deep Sleep Scientists,Sleeping Music: Music to Sleep to. Gentle Calm Piano and Relaxing Soothing Sounds for a Relaxing Sleep.,2020-07-17,23ClN9Xd1xsAmVoNQysa3B,https://open.spotify.com/track/23ClN9Xd1xsAmVoNQysa3B,nostalgic solemn pensive
Melancholia,Massage Music,Massage Music,2005-04-01,0BUrIfmGAMXGmIzIy8GZue,https://open.spotify.com/track/0BUrIfmGAMXGmIzIy8GZue,nostalgic solemn pensive
Piano Nostalgy,Calm Peaceful Piano,Calm Peaceful Piano,2025-04-01,1y70AVSq0koSO6P6YNaJMx,https://open.spotify.com/track/1y70AVSq0koSO6P6YNaJMx,nostalgic solemn pensive
Nostalgia for Infinity,AstroPilot,Solar Sails,2022-12-09,5HL69WcDLZWsQo31aAr1bq,https://open.spotify.com/track/5HL69WcDLZWsQo31aAr1bq,nostalgic solemn pensive
Ambient Piano Sleep,Piano Peace,"Instrumental Piano For Studying Music, Music For Reading, Focus and Concentration",2020-11-27,75RGFOS74dNP6nHkh1tsVk,https://open.spotify.com/track/75RGFOS74dNP6nHkh1tsVk,nostalgic solemn pensive
Atmospheric Piano,Ambient Space,Ambient Relaxation,2021-05-06,0Z21V50CjznFQQPdBn6jDI,https://open.spotify.com/track/0Z21V50CjznFQQPdBn6jDI,nostalgic solemn pensive
Moody Atmosphere,Instrumental Jazz Music Group,Old Smooth Jazz: Vintage Rhythms of Jazz Music,2019-02-28,0X5zFdPhm64HVfni9Z8bKl,https://open.spotify.com/track/0X5zFdPhm64HVfni9Z8bKl,nostalgic solemn pensive
Nostalgia (with Strings),Moises Daniel,Nostalgia,2023-04-21,6wWgPWretvH1Qm6gIsaNka,https://open.spotify.com/track/6wWgPWretvH1Qm6gIsaNka,nostalgic solemn pensive
Melancholic Dream,Serenity,Melancholic Dream,2024-03-15,2IqW0E9pOjZhoztl9DGyoS,https://open.spotify.com/track/2IqW0E9pOjZhoztl9DGyoS,nostalgic solemn pensive
Peaceful Calm Piano,makesound music,Cinematic Emotional Piano,2022-10-18,3tMqZBNd5NCqD6dWwXDCCE,https://open.spotify.com/track/3tMqZBNd5NCqD6dWwXDCCE,nostalgic solemn pensive
Nostalgia,Chinese Lantern,Nostalgia,2022-03-17,0Nn5OjcvBP6fQoMn6FMIkd,https://open.spotify.com/track/0Nn5OjcvBP6fQoMn6FMIkd,nostalgic solemn pensive
Perpetual,Snowfall Dreamscapes,Sad Ambient 2023,2023-11-03,1BVE8CXk8BkNFnSqDEZgs9,https://open.spotify.com/track/1BVE8CXk8BkNFnSqDEZgs9,nostalgic solemn pensive
Melancholia,Classical Piano Academy,"Hotel Lobby Classical Piano Melodies: Relaxing Lounge Piano, Spa Music, Wellness Center, Office Work, Hotel Reception Background Music, Restaurant & Dinner",2022-05-05,6jLyK52SAPaEn6vK3WGZNI,https://open.spotify.com/track/6jLyK52SAPaEn6vK3WGZNI,nostalgic solemn pensive
Peaceful,Piano Music,"The World's Most Relaxing Massage Piano Music - Instrumental Piano, Meditation Music, Romantic Piano, Spa Music, Spa Piano, Piano Meditation And Relaxation, Relaxing Piano",2011-07-27,3oGdTpXEZiotI08naWAaoG,https://open.spotify.com/track/3oGdTpXEZiotI08naWAaoG,nostalgic solemn pensive
Beautiful Melancholic Day,Soothing Piano Music Universe,"Melancholic Piano Music for a Quiet Evening: Time for Dreams and Memories, Instrumental Piano Lounge",2021-03-05,3DBbC0AGr9BEEfCQDZJIdG,https://open.spotify.com/track/3DBbC0AGr9BEEfCQDZJIdG,nostalgic solemn pensive
Nostalgic Wilderness,Music For Relaxation,"Soothing Nature Sounds and Relaxing Guitar Music for Massage Therapy, Meditation and Focus",2017-05-06,3lK9dYzSl9WAwDtQxAtloD,https://open.spotify.com/track/3lK9dYzSl9WAwDtQxAtloD,nostalgic solemn pensive
Nostalgic Samba,Instrumental Music Ensemble,"Evening in Puerto Rico: Latin Jazz with Saxophone and Guitar, Cheerful Bossa Nova Instrumentals to Boost Your Mood",2023-06-01,3TzPf8dkGIyah8s3rwe7Ao,https://open.spotify.com/track/3TzPf8dkGIyah8s3rwe7Ao,nostalgic solemn pensive
Nostalgia,Will Carano,Ambient Sleep,2022-10-26,50t4cFVFDCrTv4mspmtupu,https://open.spotify.com/track/50t4cFVFDCrTv4mspmtupu,nostalgic solemn pensive
Nostalgic,Tranquility Spa Universe,"Calming Spa Music: 30 Tracks Relaxing Music, Relaxation, Yoga, Massage & Welness, Soothing Music",2016-10-04,4QItwhY1mUjXch8ZaIfWut,https://open.spotify.com/track/4QItwhY1mUjXch8ZaIfWut,nostalgic solemn pensive
Melancholic Notes,Peter Moslener,Mellow Moods,2012-04-05,2m8LQ9BSnaBl4NP0nJKUZw,https://open.spotify.com/track/2m8LQ9BSnaBl4NP0nJKUZw,nostalgic solemn pensive
Quiet,Endless Melancholy,Music for Quiet Mornings,2012-03-12,3hQnuZyKtu4C9h2CFF7Vki,https://open.spotify.com/track/3hQnuZyKtu4C9h2CFF7Vki,nostalgic solemn pensive
Grieving (Piano & Orchestra) - Sad Music Sentimental Emotional Melancholy Instrumental Love Song,Sad Piano Music Instrumental Collective Australia,Sad Piano Music 2: Emotional Sentimental Dramatic Melancholy Instrumental Love Songs,2016-12-06,0gyufEctY6gGLhTRSz81qf,https://open.spotify.com/track/0gyufEctY6gGLhTRSz81qf,nostalgic solemn pensive
Melancholic jazz with piano in the background,Musics For everyday,Melancholic jazz with piano in the background,2022-09-01,0zgjeeYcmatcEtZrKwjID9,https://open.spotify.com/track/0zgjeeYcmatcEtZrKwjID9,nostalgic solemn pensive
Nostalgia,Luminescent,Nuages,2017-12-21,1ALoNRJmpHIssW94h3CIbb,https://open.spotify.com/track/1ALoNRJmpHIssW94h3CIbb,nostalgic solemn pensive
Nostalgia,Lenny Ibizarre,Ambient Collection Vol. 4,2001,6Z09RQmExlBzR6wtyZF5Y7,https://open.spotify.com/track/6Z09RQmExlBzR6wtyZF5Y7,nostalgic solemn pensive
Atmospheric Strings,Ambient Space,Ambient Relaxation,2021-05-06,57c5s4nnpsmpSTfR1ey1QN,https://open.spotify.com/track/57c5s4nnpsmpSTfR1ey1QN,nostalgic solemn pensive
Orchestral Sentimental Cinematic Piano,makesound music,Cinematic Emotional Piano,2022-10-18,1A59qG544YjjYA2VewGDQj,https://open.spotify.com/track/1A59qG544YjjYA2VewGDQj,nostalgic solemn pensive
Mellow Reflections,Sad Piano Music Collective,Tender Fall: Romantic Piano Music,2025-06-20,10BnNwvhkRkrApDqXVEbBB,https://open.spotify.com/track/10BnNwvhkRkrApDqXVEbBB,nostalgic solemn pensive
Melancholy,Peter Guja,Nostalgia,2013-02-03,1FR6cS205rs3UsTam8UryA,https://open.spotify.com/track/1FR6cS205rs3UsTam8UryA,nostalgic solemn pensive
Piano Ambient Sleep,Piano Melody Zone,Dream Whispers: Piano Music for Work,2025-06-27,5pie8cIFYm8jeR9UPwsi1c,https://open.spotify.com/track/5pie8cIFYm8jeR9UPwsi1c,nostalgic solemn pensive
Ambient Sleep Music (Piano & Saxophone),RW Sleep Piano Music,"Deep Sleep Piano Music – Calm Instrumental Songs for Kids and Adults, Deep Sleep, Relaxing Ambience, Insomnia Cure, Good Night Sleeping, BGM",2019-10-30,1lzxL2Ofy2uLCnzEoQKaJK,https://open.spotify.com/track/1lzxL2Ofy2uLCnzEoQKaJK,nostalgic solemn pensive
Ambient Inspiration,DensoMusic,Ambient Corporate Background,2021-03-21,3TusN0gYe1WDnsNm7d25rA,https://open.spotify.com/track/3TusN0gYe1WDnsNm7d25rA,nostalgic solemn pensive
Quiet Thoughts of You (Instrumental Piano & Orchestra) - Sad Music Love Song,Sad Piano Music Instrumental Collective Australia,Sad Piano Music 1: Instrumental Love Songs Sentimental Emotional Dramatic Melancholic,2016-12-19,3EmzMFZ7NX7LgQlvsviaLu,https://open.spotify.com/track/3EmzMFZ7NX7LgQlvsviaLu,nostalgic solemn pensive
Ambient Guitar Sleeping Music (Soothing Wave Sounds),Deep Sleep Music Collective,Sleep Music With Asmr Ocean Waves Sounds for Deep Sleep and Ambient Guitar Sleeping Music,2017-11-21,6I6AAECXYGGZIb5ibbXXrJ,https://open.spotify.com/track/6I6AAECXYGGZIb5ibbXXrJ,nostalgic solemn pensive
Nostalgic Melodies,Study Jazz,Slow Jazz Trumpet Solo Music for Relax,2021-12-22,6TJK14KYI9mTVVg5ki7JEd,https://open.spotify.com/track/6TJK14KYI9mTVVg5ki7JEd,nostalgic solemn pensive
Dramatic Ambient,Ambient Sound Center,"Dramatic Ambient - Gothic Dark Fantasy Ambient, Sad & Somber Background",2019-06-11,75OxPGrERexNVSqos3hoN5,https://open.spotify.com/track/75OxPGrERexNVSqos3hoN5,nostalgic solemn pensive
Ambient Dissolution Into Nostalgic Dreams,hanging moss,Autumn Journeys & Reflections,2013-11-07,4B6wQc2k9MwS7MVSaTBPqH,https://open.spotify.com/track/4B6wQc2k9MwS7MVSaTBPqH,nostalgic solemn pensive
Nostalgic Dread - Instrumental,Desolate Blight,Nostalgic Dread (Instrumental),2021-01-01,7jc9eerUFY9YOPrrQdrlUX,https://open.spotify.com/track/7jc9eerUFY9YOPrrQdrlUX,nostalgic solemn pensive
Nostalgia,breezy brooks,Nostalgia,2024-10-25,2rUSAuDUNNaLUJgdnO4dbK,https://open.spotify.com/track/2rUSAuDUNNaLUJgdnO4dbK,nostalgic solemn pensive
Nostalgic - Instrumental,GLDNHR,Nostalgic,2022-04-29,2ibkb5BwudzQiuNcwvvzBM,https://open.spotify.com/track/2ibkb5BwudzQiuNcwvvzBM,nostalgic solemn pensive
Melancholic Saxophone,Jazz Instrumental Relax Center,Calming Jazz for Reading: Soothing Evening with Cozy Instrumental Background,2022-02-02,0AYqXFsYx9feWW3GhpIZDx,https://open.spotify.com/track/0AYqXFsYx9feWW3GhpIZDx,nostalgic solemn pensive
Nostalgia,AK,Assorted Cinematic Works,2017-08-23,2bkOM6uRYFVYfliDxvvYCI,https://open.spotify.com/track/2bkOM6uRYFVYfliDxvvYCI,nostalgic solemn pensive
Soft Piano Ambience,Sad Music,Piano & Sentimental Moments,2023-05-07,7t7Hxh6NJ08m5lplUWz68g,https://open.spotify.com/track/7t7Hxh6NJ08m5lplUWz68g,nostalgic solemn pensive
Nostalgic Reflections,Emily Rubye,One Thought,2023-07-28,2CX7RR0bIxRq4zbeegVYO3,https://open.spotify.com/track/2CX7RR0bIxRq4zbeegVYO3,nostalgic solemn pensive
Ambient Piano Deep Sleep,Piano Peace,"Instrumental Piano For Studying Music, Music For Reading, Focus and Concentration",2020-11-27,0WEgM06tOIqGLnkCUPTQRw,https://open.spotify.com/track/0WEgM06tOIqGLnkCUPTQRw,nostalgic solemn pensive
Nostalgic Moment,menolamp,Nostalgic Moment,2024-06-21,0MFgcCM164ZvIJlb3GB5oa,https://open.spotify.com/track/0MFgcCM164ZvIJlb3GB5oa,nostalgic solemn pensive
Ambient Guitar Sleep Music,Deep Sleep Music Collective,"Sweet Dreams: Sleep Soundly, Peacefully and All Night Long",2023-01-06,12prYVHnSnWywoGpIffLyJ,https://open.spotify.com/track/12prYVHnSnWywoGpIffLyJ,nostalgic solemn pensive
Sad Cello Strings,Melancholic Moon Period,"Sad, Melancholic Classical Cello Music (Best of Sad Cinematic Background, Emotional Dramatic Instrumental Music)",2020-06-08,6tJcXgGy92AQcGUQMduOpV,https://open.spotify.com/track/6tJcXgGy92AQcGUQMduOpV,nostalgic solemn pensive
Nostalgia,Brightsand,Nostalgia,2023-10-27,1FRXrwUeJGw2FIsHq4l1SR,https://open.spotify.com/track/1FRXrwUeJGw2FIsHq4l1SR,nostalgic solemn pensive
Melancholic Night,Kaae & Batz,Bordertown (Original Series Soundtrack),2018-10-14,6EyRisiCr1DGQo4pA1vY3N,https://open.spotify.com/track/6EyRisiCr1DGQo4pA1vY3N,nostalgic solemn pensive
Relaxing Ambient Music,Goodbye Depression,"Music For Anxiety: Relaxation Music For Depression, Stress Relief and Soothing Zen Sounds for Happiness",2021-09-01,0wb4MwyY1m64bbVT9s9D7J,https://open.spotify.com/track/0wb4MwyY1m64bbVT9s9D7J,nostalgic solemn pensive
Forbidden Land (Instrumental Piano Solo) - Sad Music Emotional Melancholic Love Song,Sad Piano Music Instrumental Collective Australia,Sad Piano Music 1: Instrumental Love Songs Sentimental Emotional Dramatic Melancholic,2016-12-19,4r0n15lKN4nrHrzH534e72,https://open.spotify.com/track/4r0n15lKN4nrHrzH534e72,nostalgic solemn pensive
Nostalgic Lofi Piano by the Seaside - 528Hz,DailySoundChannel,Lo-Fi Cafe: The Whispering of a Cybernetic Eye,2025-11-12,6hu3D1mV8EwxtDS17HlvoI,https://open.spotify.com/track/6hu3D1mV8EwxtDS17HlvoI,nostalgic solemn pensive
Melancolia,Pascal Schumacher,SOL,2020-06-05,4VEK5pQOEF1u4ZR8kYyGq2,https://open.spotify.com/track/4VEK5pQOEF1u4ZR8kYyGq2,nostalgic solemn pensive
Nostalgy,Serge de Saint Laurent,30 Romantic Melodies for Piano,2014-09-08,0hjPeOOEMwSApa1HWWxWTy,https://open.spotify.com/track/0hjPeOOEMwSApa1HWWxWTy,nostalgic solemn pensive
Melancholic Music,Piano & Violin,Relaxing Study with Ocean Waves,2022-03-03,5bv8wcN91acOx0F0KXDO2E,https://open.spotify.com/track/5bv8wcN91acOx0F0KXDO2E,nostalgic solemn pensive
Melancholic Piano,Sad Pianist,"Sad Piano Music vol 1: Songs Instrumental, Emotional, Dramatic, Love",2019-11-20,7N04jHgd5yhmrSTaKF0gVD,https://open.spotify.com/track/7N04jHgd5yhmrSTaKF0gVD,nostalgic solemn pensive
Melancholy Moods of Music,NyKuo,Quietness of Calm,2023-02-06,0Yil16pOSruofEJG6UOcn9,https://open.spotify.com/track/0Yil16pOSruofEJG6UOcn9,nostalgic solemn pensive
Nostalgia,Morninglightmusic,Seven,2019-10-25,5eTNmfxLSxBfcBOvoC21Cg,https://open.spotify.com/track/5eTNmfxLSxBfcBOvoC21Cg,nostalgic solemn pensive
Ambient Piano Sleep Music,Fall Asleep Fast Music,"Sleep: Music for Asleep, Calm All Night Rest and Relaxation",2024-06-22,5F260G5PYQV5JjmltUQu5u,https://open.spotify.com/track/5F260G5PYQV5JjmltUQu5u,nostalgic solemn pensive
Nebulae Nostalgia,Ambient Owl Music,Elysian Echoes,2023-07-03,6nzCwOnKY5zAz7mKfhDS8S,https://open.spotify.com/track/6nzCwOnKY5zAz7mKfhDS8S,nostalgic solemn pensive
Nostalgia,Akira Kosemura,Afterglow,2007-09-01,0mzsN4U00tkqhc4MDLbk7z,https://open.spotify.com/track/0mzsN4U00tkqhc4MDLbk7z,nostalgic solemn pensive
Nostalgia,Instrumental,Lover's Romance 101,2012-07-18,5Hyzai4MVYf1tTmOrFueDU,https://open.spotify.com/track/5Hyzai4MVYf1tTmOrFueDU,nostalgic solemn pensive
Nostalgia: Warm Piano Melody With Forest Sounds for Online Blogging,Official Library Study Collection,"Brain Music (Songs for Studying, Reading, Concentrating & Mental Focus)",2013-03-08,5YxPmc5SBaUsOqh3PjMiTq,https://open.spotify.com/track/5YxPmc5SBaUsOqh3PjMiTq,nostalgic solemn pensive
Pointless Nostalgic,Gregory Alley,Best of Smooth and Relaxing Jazz (Instrumental Songs),2018-02-21,2w2FhOwInZ6wYoen6DlPAg,https://open.spotify.com/track/2w2FhOwInZ6wYoen6DlPAg,nostalgic solemn pensive
Floating Above the Forest,Sad Music,Piano & Sentimental Moments,2023-05-07,4OkH8jNFuKbOLGkDVcwNh2,https://open.spotify.com/track/4OkH8jNFuKbOLGkDVcwNh2,nostalgic solemn pensive
Ambient Cinematic Adventure,DS Productions,Ambient Cinematic Adventure,2020-06-24,6z7z8Lqs42D90ET21mmSOm,https://open.spotify.com/track/6z7z8Lqs42D90ET21mmSOm,nostalgic solemn pensive
Nostalgia,David Reichelt,Epic Soundtracks and Orchestral Music,2020-04-17,1BUNxEq8MACoQO1dL73g9k,https://open.spotify.com/track/1BUNxEq8MACoQO1dL73g9k,nostalgic solemn pensive
Melancholia,Jeff Pearce,Bleed,2002,3YJlFaUuxQbfEJivineAUG,https://open.spotify.com/track/3YJlFaUuxQbfEJivineAUG,nostalgic solemn pensive
Ambient Piano Spa Music,Massage Music,Massage Music,2005-04-01,1iGicdBbtzFDbU4MAvKYpH,https://open.spotify.com/track/1iGicdBbtzFDbU4MAvKYpH,nostalgic solemn pensive
Nostalgic2,PeriTune,Celtic and Medieval,2021-01-30,6dgrkvqKIUCjeg5asI4EGk,https://open.spotify.com/track/6dgrkvqKIUCjeg5asI4EGk,nostalgic solemn pensive
Melancholy,Sad Piano,"Morning Piano Music: Relaxation, Lounge, Zen, Serenity, Working Mood, Inner Focus, Peaceful Mind, Easy-Listening Melody",2019-06-05,7KG9TKhP2VLN61RjtmeTeb,https://open.spotify.com/track/7KG9TKhP2VLN61RjtmeTeb,nostalgic solemn pensive
Rustling Leaves (Emotional Piano Instrumentals),Moesync,Time Lost (Emotional Piano Instrumentals),2024-10-08,22xttEyCWtilGx1H6FJhEm,https://open.spotify.com/track/22xttEyCWtilGx1H6FJhEm,nostalgic solemn pensive
Abandonment (Instrumental Piano & Orchestra) Sad Music Dramatic Emotional Love Song,Sad Piano Music Instrumental Collective Australia,Abandonment (Instrumental Piano & Orchestra) Sad Music Dramatic Emotional Love Song,2016-12-09,2nqMoLA4yPSPPKnX0JzBRH,https://open.spotify.com/track/2nqMoLA4yPSPPKnX0JzBRH,nostalgic solemn pensive
Sad and Dramatic Music,Inside Your Soul,"Sad and Dramatic Music: Dark Ambient Collection, Synth Relaxation",2019-11-30,02SYCJRLrMB42KVhbGP56m,https://open.spotify.com/track/02SYCJRLrMB42KVhbGP56m,nostalgic solemn pensive
Quiet Nostalgia,Piano Pianissimo,Majestic Mood,2024-12-23,1N1wCaWFO2kO9hSlCvNyC1,https://open.spotify.com/track/1N1wCaWFO2kO9hSlCvNyC1,nostalgic solemn pensive
Ambient Sleep Music,Deep Sleep Music Lab,Ambient Sleep Music,2022-06-08,1u07dlbO6gDoaTAVKGYhbY,https://open.spotify.com/track/1u07dlbO6gDoaTAVKGYhbY,nostalgic solemn pensive
Melancholy Jazz,Gareth Mick,Ambient Instrumental Vibes,2017-11-25,0uGE0ZY5KcwHFXw3UeTGdj,https://open.spotify.com/track/0uGE0ZY5KcwHFXw3UeTGdj,nostalgic solemn pensive
Nostalgic Oriental Memories,3KTrack,和風のリラックスBGM -箏や尺八、篠笛などの日本の伝統的な-,2020-07-15,5kNLQQLYtDfKMORNfwgAYW,https://open.spotify.com/track/5kNLQQLYtDfKMORNfwgAYW,nostalgic solemn pensive
Nostalgia,Vastoic,Nostalgia,2022-10-20,4K5eEVrg9BD47xoGQ4ZDUa,https://open.spotify.com/track/4K5eEVrg9BD47xoGQ4ZDUa,nostalgic solemn pensive
Melancholy - Instrumental,Monster Rally,Foreign Pedestrians,2015-01-27,57rYyv2l9cZyjpfKxYjHPu,https://open.spotify.com/track/57rYyv2l9cZyjpfKxYjHPu,nostalgic solemn pensive
Nostalgie,BGM channel,Winter Piano,2020-12-28,5e3E6ahMHtmw4Ng26SB37z,https://open.spotify.com/track/5e3E6ahMHtmw4Ng26SB37z,nostalgic solemn pensive
Melancholic,Inclasick,Space,2020-10-30,3SLLUiLcciI69CuaWHMhZU,https://open.spotify.com/track/3SLLUiLcciI69CuaWHMhZU,nostalgic solemn pensive
Emotional Piano Soundscape,Allen Grey,Soundscape Collection,2020-12-09,1qjdcyIybpzRxKBGfy6nND,https://open.spotify.com/track/1qjdcyIybpzRxKBGfy6nND,nostalgic solemn pensive
Nostalgic,Gypsy Flamenco Masters,"Romantic Flamenco Music- Acoustic Guitar Songs For Romance, Dining, Latin Party, Lounge & Relaxation",2011-11-23,1u2CQ5paAEbiaK1sHComTD,https://open.spotify.com/track/1u2CQ5paAEbiaK1sHComTD,nostalgic solemn pensive
Sad & Soft Instrumental Background,Sad Violin,Sad & Soft Instrumental Background,2022-02-03,0lJvhiDpPLXDgIjzqnzKmz,https://open.spotify.com/track/0lJvhiDpPLXDgIjzqnzKmz,nostalgic solemn pensive
nostalgia,dylanwesch,interior listening,2023-09-01,4XVcJBRamK6CSG3Fuz1CMv,https://open.spotify.com/track/4XVcJBRamK6CSG3Fuz1CMv,nostalgic solemn pensive
Nostalgia,Floating Motion,Nostalgia,2024-02-14,0cwuBVJ2TFmwKjgos2eXCK,https://open.spotify.com/track/0cwuBVJ2TFmwKjgos2eXCK,nostalgic solemn pensive
Nostalgia,M. Ljungström,Nostalgia,2022-11-26,0LfuzY7sNDBBtoRRcJS8Z5,https://open.spotify.com/track/0LfuzY7sNDBBtoRRcJS8Z5,nostalgic solemn pensive
Nostalgia,Jiří Horák,Nostalgia,2018-07-02,2kQccRDurapRNZwmr1mw5c,https://open.spotify.com/track/2kQccRDurapRNZwmr1mw5c,nostalgic solemn pensive
Nostalgia In Waves,Steve Roach,Nostalgia for the Future,2017-08-18,62OXZdpjzy1MtUpSkWK4Bu,https://open.spotify.com/track/62OXZdpjzy1MtUpSkWK4Bu,nostalgic solemn pensive
Melancholic Autumn Saxophone,Coffee Lounge Collection,November Jazz Playlist: Café Background Music for Cozy Autumn Mornings,2021-11-18,6vfX6EySgvL9vFZ7Vq795P,https://open.spotify.com/track/6vfX6EySgvL9vFZ7Vq795P,nostalgic solemn pensive
Nostalgia,Le Code,Illumina,2022-09-23,6O5Siw0Wxq1UgEoRRD7S8K,https://open.spotify.com/track/6O5Siw0Wxq1UgEoRRD7S8K,nostalgic solemn pensive
Melancholy,Waterlily Lake,Sad Piano Music- Sad Piano Songs and Melancholy Music,2010-09-15,4W5Bh14r3Ji2WLajfJ5acc,https://open.spotify.com/track/4W5Bh14r3Ji2WLajfJ5acc,nostalgic solemn pensive
Melancholy Reflecions,Ambience in Alpha,liminal hall,2025-01-31,1qUTBSh5ecRQpz78TiAD6N,https://open.spotify.com/track/1qUTBSh5ecRQpz78TiAD6N,nostalgic solemn pensive
Nostalgic Tomorrow - instrumental,Vampillia,Nostalgic Tomorrow,2022-05-20,2am08HjruDph3P5rdj9LQo,https://open.spotify.com/track/2am08HjruDph3P5rdj9LQo,nostalgic solemn pensive
Depression Ambient,Library Of The Human Soul,Sadness (Ambient Edition),2016-01-10,4Au7SD2N5oWEyT5dwXyAKZ,https://open.spotify.com/track/4Au7SD2N5oWEyT5dwXyAKZ,nostalgic solemn pensive
Nostalgic Music,Background Music for Videos,"Background Music, Vol. 4",2022-02-18,1SqSO7PLs3EchGb851pA3r,https://open.spotify.com/track/1SqSO7PLs3EchGb851pA3r,nostalgic solemn pensive
Emotional Ambient Strings,Rafael Krux,The Universe Dreams in Strings,2021-02-01,767qpoZEZmkhj1GB6wY5Qo,https://open.spotify.com/track/767qpoZEZmkhj1GB6wY5Qo,nostalgic solemn pensive
A Nostalgic Love,Matt Carlson,Restful Sleep Music on Ukulele,2020-02-25,7cexP9AphCmSoujJ9emfbl,https://open.spotify.com/track/7cexP9AphCmSoujJ9emfbl,nostalgic solemn pensive
Nostalgia - Instrumental,José Sabre Marroquín,The Land Of The Sun,2004-01-01,3xLmgqhSOocGYj0VjCMu5G,https://open.spotify.com/track/3xLmgqhSOocGYj0VjCMu5G,nostalgic solemn pensive
Melancholie,B. Fleischmann,Melancholie & Schubert,2007-02-16,44EIG285kL3cB1QVpAIVY6,https://open.spotify.com/track/44EIG285kL3cB1QVpAIVY6,nostalgic solemn pensive
Nostalgic Stories,Junichi Kamiyama J.Project,Vital Sleep,2014-09-24,5ipT0zGDmlAvbo07jxk7v4,https://open.spotify.com/track/5ipT0zGDmlAvbo07jxk7v4,nostalgic solemn pensive
Deep Nostalgia,Dmitry Khlynin,Deep Nostalgia,2022-08-03,6FqdEgZVeGliqrnp9GSJq4,https://open.spotify.com/track/6FqdEgZVeGliqrnp9GSJq4,nostalgic solemn pensive
Melancholic Ambient Cinematic,cleanmindsounds,Melancholic Ambient Cinematic,2022-12-30,4yb5atua5uahIwODVz7tXH,https://open.spotify.com/track/4yb5atua5uahIwODVz7tXH,nostalgic solemn pensive
Nostalgía,Sóley,HEX (original album soundtrack),2024-03-01,48jmB7Z78R0z5hhJz3Va5D,https://open.spotify.com/track/48jmB7Z78R0z5hhJz3Va5D,nostalgic solemn pensive
Beautiful Sadness,Piano Melancolía,"Piano Dreamland – Romantic Melodies for Relaxation, Deep Sleep, Spa, Stress Relief, Wellness, Meditation, Yoga and Health",2013-09-02,0qWvna4xTEmDnW0OzV4040,https://open.spotify.com/track/0qWvna4xTEmDnW0OzV4040,nostalgic solemn pensive
Melancholy,Easy Jazz Instrumentals Academy,"Jazz with Nature for Stress Relief - Ocean Waves, Gentle Rain, Soothing Relaxation Music",2018-02-12,4gt6Ewd1M6onq0BGvSdKPa,https://open.spotify.com/track/4gt6Ewd1M6onq0BGvSdKPa,nostalgic solemn pensive
Peaceful Heart's Journey,Ambientalism,Blissful Serenades,2021-07-07,74pMoUBrx2vpcNGJoxj43z,https://open.spotify.com/track/74pMoUBrx2vpcNGJoxj43z,nostalgic solemn pensive
Melancholy Nocturne,Random Instrumental Meditation,Echoes of Eternity,2024-02-16,4dVnM3eshl8eH244RIrYY7,https://open.spotify.com/track/4dVnM3eshl8eH244RIrYY7,nostalgic solemn pensive
Nostalgia,Emmanuelle Salieri,My Relaxing Piano ( Chill Piano ),2012-07-17,33R970cxwQjTP6tExyYLt1,https://open.spotify.com/track/33R970cxwQjTP6tExyYLt1,nostalgic solemn pensive
Nostalgia,Pedro Meirelles,Immersi,2012-11-13,3Igpxp1FTn6uTVGOKMlWOK,https://open.spotify.com/track/3Igpxp1FTn6uTVGOKMlWOK,nostalgic solemn pensive
Nostalgium,Beyond The Guitar,Nostalgium,2020-06-05,0X0SpHPzTTA4X9Mir7aUrQ,https://open.spotify.com/track/0X0SpHPzTTA4X9Mir7aUrQ,nostalgic solemn pensive
Gentle Nostalgia,Peaceful Ambient,Time in Balance,2023-11-17,51YTvUooeoWPBrOn6klQBt,https://open.spotify.com/track/51YTvUooeoWPBrOn6klQBt,nostalgic solemn pensive
Melancholy Dreams,Zerofuturism,Fall Ambient Collection,2022-11-01,2xayQd0dLUsQJxFm3CClI5,https://open.spotify.com/track/2xayQd0dLUsQJxFm3CClI5,nostalgic solemn pensive
Melancholia (Sad Instrumental Music),Waterlily Lake,Sad Music: Sad Instrumental Piano Songs (Sad Songs that Make you Cry),2012-03-10,3CeZ2bYxMdcrDPNj6D3itF,https://open.spotify.com/track/3CeZ2bYxMdcrDPNj6D3itF,nostalgic solemn pensive
Nostalgia,Kumi Takahara,See-Through,2021-02-24,1n5usZJ20ONrxxXteTkXBX,https://open.spotify.com/track/1n5usZJ20ONrxxXteTkXBX,nostalgic solemn pensive
Nostalgic Maximalism,Psilovangton,Air Square,2022-06-23,1N9FoDm2uUdv6kths1HnQf,https://open.spotify.com/track/1N9FoDm2uUdv6kths1HnQf,nostalgic solemn pensive
Dark Ambient x Nostalgia Soundscape – Snowfall,MC Pint Beatz,Dark Ambient x Nostalgia Soundscape – Snowfall,2025-10-12,21Esm8H3MANCCDHXWqP2Bv,https://open.spotify.com/track/21Esm8H3MANCCDHXWqP2Bv,nostalgic solemn pensive
Nostalgic LoFi - Instrumental,P.I.S.,PIS VOL 2 (Instrumental),2025-01-03,6uulLuQi0ppCq9dagra3gA,https://open.spotify.com/track/6uulLuQi0ppCq9dagra3gA,nostalgic solemn pensive
Ambient Music,Easy Sleep Music,"Ambient Deep Sleep Remedy: 15 New Age Soft Deep Tracks for Total Relaxation, De-Stress, Calm Down, Cure Insomnia, Sleep Healthy & Dream Beautiful",2019-03-22,3FBGblj3yOAmtC2tJvUZ3P,https://open.spotify.com/track/3FBGblj3yOAmtC2tJvUZ3P,nostalgic solemn pensive
Nostalgique - Instrumental,Gunstylero,"Gunstyl Mood Day n' Night, Vol. 5",2019-01-03,3oC4TTIAvmIzk0ys1MEoNa,https://open.spotify.com/track/3oC4TTIAvmIzk0ys1MEoNa,nostalgic solemn pensive
Sad Ambient LoFi,LO-FI BEATS,"!!!"" Lofi Beats For Deep Sleep ""!!!",2022-09-19,6ahgkTClVSlaq774qqJRbC,https://open.spotify.com/track/6ahgkTClVSlaq774qqJRbC,nostalgic solemn pensive
Ambient Piano Music Relaxation,Deep Sleep Music Collective,Music for Sleep and Soft Piano Sleeping Music,2017-10-27,02EFKh80dB5BHVDkufTanM,https://open.spotify.com/track/02EFKh80dB5BHVDkufTanM,nostalgic solemn pensive
Into a Portal,Sad Music,Piano & Sentimental Moments,2023-05-07,0CB607UzrxLbJinvgHOIkb,https://open.spotify.com/track/0CB607UzrxLbJinvgHOIkb,nostalgic solemn pensive
Nostalgia,Tomasz Trzcinski,"Piano Exploration, Vol. 6: Nostalgia, Preludiana, Flying, Evolutions",2014,0lgHlrUUBhDCy6P4LCMum9,https://open.spotify.com/track/0lgHlrUUBhDCy6P4LCMum9,nostalgic solemn pensive
Melancholy,Melancholic Moon Period,"Sad, Melancholic Classical Cello Music (Best of Sad Cinematic Background, Emotional Dramatic Instrumental Music)",2020-06-08,1Jccw7Cdf3l4cvt0OiFj5r,https://open.spotify.com/track/1Jccw7Cdf3l4cvt0OiFj5r,nostalgic solemn pensive
Nostalgia,David Rose Project Orchestra,The David Rose Centennial Recordings,2010-09-29,3J2K3Fo3ZsFzAiMFm6QvIg,https://open.spotify.com/track/3J2K3Fo3ZsFzAiMFm6QvIg,nostalgic solemn pensive
Nostalgic for Something I've Never Lived,Anastasis Kats,Nostalgic for Something I've Never Lived,2019-07-19,2VfV2QITLs24afRAeqs2p8,https://open.spotify.com/track/2VfV2QITLs24afRAeqs2p8,nostalgic solemn pensive
Nostalgic Haze,Hyggelig,Melancholy Echoes,2024-06-05,2vBwOAiPOjSwed9FOcWAkj,https://open.spotify.com/track/2vBwOAiPOjSwed9FOcWAkj,nostalgic solemn pensive
Melancholic Dancemoves,napcast,Volume One,2022-01-30,3gw5y80P9RI4j7jWMD10ru,https://open.spotify.com/track/3gw5y80P9RI4j7jWMD10ru,nostalgic solemn pensive
Piano Music - Old Memories,Piano Luke,Sleepy Piano Music,2022-01-16,2Zw0t1DWvlA71YYUxtzahT,https://open.spotify.com/track/2Zw0t1DWvlA71YYUxtzahT,nostalgic solemn pensive
Gefuehl Von Weite (Emotional Piano Instrumentals),Moesync,Silent Reflections (Emotional Piano Instrumentals),2024-12-23,2Gly2qN0CYglt2sFmALamu,https://open.spotify.com/track/2Gly2qN0CYglt2sFmALamu,nostalgic solemn pensive
Einsamkeit (Emotional Piano Instrumentals),Moesync,Silent Reflections (Emotional Piano Instrumentals),2024-12-23,6MmqYV8K3z6SF083Ur2u6o,https://open.spotify.com/track/6MmqYV8K3z6SF083Ur2u6o,nostalgic solemn pensive
Nostalgic,Spa,Spa Music: Gentle Soothing Guitar Massage Songs for Yoga Meditation and Healing Deep Sleep,2014-07-22,7CQaPeky7MGUZdfPKQbfhE,https://open.spotify.com/track/7CQaPeky7MGUZdfPKQbfhE,nostalgic solemn pensive
Melancholy Mood - Instrumental,Deep Thought,Deep Thought,2020-04-29,5SHhYWFcDhPTqdrkHoWy4n,https://open.spotify.com/track/5SHhYWFcDhPTqdrkHoWy4n,nostalgic solemn pensive
Ambient Sleep Music,Robbins Island Music Group,"Ambient Mood Music: Ambient Instrumental Music for Deep Sleep, Stress Relief, Bedtime Music, Meditation & Spa Treatments",2014-06-04,5zOttNk3K0bGrVEXgt4iOL,https://open.spotify.com/track/5zOttNk3K0bGrVEXgt4iOL,nostalgic solemn pensive
Ambient Piano Soundscape,Allen Grey,Soundscape Collection,2020-12-09,7BbHs9LSiiODXcnQLVKZJ2,https://open.spotify.com/track/7BbHs9LSiiODXcnQLVKZJ2,nostalgic solemn pensive
Nostalgia 1,Saito Koji,Nostalgia,2012-06-20,2wPpMeBWp07CA02n1vfmkl,https://open.spotify.com/track/2wPpMeBWp07CA02n1vfmkl,nostalgic solemn pensive
Ambient Piano Sleep Music,Deep Sleep Music Collective,Music for Sleep and Soft Piano Sleeping Music,2017-10-27,3CyFmUUWKULbYIRD66uvQT,https://open.spotify.com/track/3CyFmUUWKULbYIRD66uvQT,nostalgic solemn pensive
Melancholy - Ambient Version,A.e.r.o.,Melancholy,2024-02-22,1Uw7CaaCX6Esqvijp3fxFK,https://open.spotify.com/track/1Uw7CaaCX6Esqvijp3fxFK,nostalgic solemn pensive
Melancholy Memories,Matthew Parker,Bigger Picture - EP (Re-Release),2013-11-18,3apOlhDgnRv92EcENVm6i3,https://open.spotify.com/track/3apOlhDgnRv92EcENVm6i3,nostalgic solemn pensive
Nostalgia for Sound,Tuscany Moods,Instrumental Guitar Songs - Instrumental Relaxing Guitar Music for Yoga,2025-04-24,4f09dxXl8ddxpqQtfUBG2e,https://open.spotify.com/track/4f09dxXl8ddxpqQtfUBG2e,nostalgic solemn pensive
Nowstalgia,Alex Haas,Nowstalgia,2018-01-16,7xy7dDtEdDAI1xyvY3Tkkq,https://open.spotify.com/track/7xy7dDtEdDAI1xyvY3Tkkq,nostalgic solemn pensive
Nostalgic Evening Jazz Whispers,Classic Cozy Jazz,Classic Cozy Jazz,2023-11-09,2Kczws5BacI5VnLGC4Xwgn,https://open.spotify.com/track/2Kczws5BacI5VnLGC4Xwgn,nostalgic solemn pensive
Slowly Ambient,NyKuo,Serenity Serenades,2023-09-10,3BQp8yuogGJC2CBftesn53,https://open.spotify.com/track/3BQp8yuogGJC2CBftesn53,nostalgic solemn pensive
Ambient Ambience,Guitar Instrumentals,Gentle Guitar Music,2024-06-07,7eMYRXSAFJMNj6kJ5UpUdO,https://open.spotify.com/track/7eMYRXSAFJMNj6kJ5UpUdO,nostalgic solemn pensive
Sadness,Melancholic Moon Period,"Sad, Melancholic Classical Cello Music (Best of Sad Cinematic Background, Emotional Dramatic Instrumental Music)",2020-06-08,1cZ8ykyueyLDUKwKuKZYrV,https://open.spotify.com/track/1cZ8ykyueyLDUKwKuKZYrV,nostalgic solemn pensive
Ambient Instrumental Study,Study Music Project,Fall Semester,2023-09-23,0JUw7Oncgdf9YB4KEyiM2f,https://open.spotify.com/track/0JUw7Oncgdf9YB4KEyiM2f,nostalgic solemn pensive
Nostalgia,David Hicken,Continuum,2024-11-08,4VzxHkb01elsIqaW8hOxX7,https://open.spotify.com/track/4VzxHkb01elsIqaW8hOxX7,nostalgic solemn pensive
Heliotrope,Sad Violin Music,Somber & Melancholy Music,2022-03-17,0m3X5ajzVirD8ftIvVdFro,https://open.spotify.com/track/0m3X5ajzVirD8ftIvVdFro,nostalgic solemn pensive
Nostalgia,Profetus,The Sadness Of Time Passing,2019-11-22,6IJRWzbmIu9bDQOsSP1Gxe,https://open.spotify.com/track/6IJRWzbmIu9bDQOsSP1Gxe,nostalgic solemn pensive
Melancholia,Piano Keys,Serenity,2024-11-29,7Jif3b515WwnjqkwIBqAt5,https://open.spotify.com/track/7Jif3b515WwnjqkwIBqAt5,nostalgic solemn pensive
Nostalgic Melancholy,Regular Citizen,Sleeping Unique,2019-05-31,5itt7uGoHXENiEJbs2EPZW,https://open.spotify.com/track/5itt7uGoHXENiEJbs2EPZW,nostalgic solemn pensive
Smooth Melancholy Lounge,Jazz Instrumental Relax Center,"Amazing Jazz Music – Relaxing Free Time with Instrumental Sounds, Smooth Piano, Guitar & Saxophone Music, Moody Mellow Chillout",2017-01-13,0vNRiIHGKzO9r1vUFZ0Fig,https://open.spotify.com/track/0vNRiIHGKzO9r1vUFZ0Fig,nostalgic solemn pensive
Sprites and Angels,Nostalgia,Beyond horizon,2007-02-05,12e2dB0psmo688I1EDlEAp,https://open.spotify.com/track/12e2dB0psmo688I1EDlEAp,nostalgic solemn pensive
Nostalgic Nocturne,Restaurant Background Music Academy,Autumn Dinner in Restaurant by Piano: Melancholy Time in Evening,2024-09-03,4TM8YoAeq8cfjQuToPks2p,https://open.spotify.com/track/4TM8YoAeq8cfjQuToPks2p,nostalgic solemn pensive
Nostalgia Artifice,Obfusc,Midnight Dome,2011-11-24,3YuPayuEjusDeB4A51G1D6,https://open.spotify.com/track/3YuPayuEjusDeB4A51G1D6,nostalgic solemn pensive
Nostalgic Flashbacks,Spaceouters,Nostalgic Flashbacks,2018-06-24,7d6L6joOPRcN16kYetkuE0,https://open.spotify.com/track/7d6L6joOPRcN16kYetkuE0,nostalgic solemn pensive
A Melancholy Moment,Robin Miller,New Horizons,2007-10-04,5S9ARG6jCASOAtQKWn3mDa,https://open.spotify.com/track/5S9ARG6jCASOAtQKWn3mDa,nostalgic solemn pensive
Nostalgia Forevermore,NyKuo,Reflection Garden,2024-01-13,69cptW9pXblOOfhiD1YmN9,https://open.spotify.com/track/69cptW9pXblOOfhiD1YmN9,nostalgic solemn pensive
Ambient Piano Sleeping Music,Deep Sleep Music Collective,Music for Sleep and Soft Piano Sleeping Music,2017-10-27,2g8yHhtAOqe3B6p062w76M,https://open.spotify.com/track/2g8yHhtAOqe3B6p062w76M,nostalgic solemn pensive
Nostalgic Classical,Florews,Classical Mood,2021-04-03,4wLO3SPrHanVChcPrNwW0A,https://open.spotify.com/track/4wLO3SPrHanVChcPrNwW0A,nostalgic solemn pensive
Nostalgic Moments,Unknown Archipelago Jazz,Coffee House Ghosts & Café Memories,2020-02-27,7I8mq1mIrJt8e18pzJCFOM,https://open.spotify.com/track/7I8mq1mIrJt8e18pzJCFOM,nostalgic solemn pensive
Ambient Piano,Soft Relax Piano,"Easy Listening Piano - Chillout and Relax with Lounge Music, Healing Piano Ballads for Relaxation.",2016-01-20,5Q53A8D09bHeLzter4rgyB,https://open.spotify.com/track/5Q53A8D09bHeLzter4rgyB,nostalgic solemn pensive
Melancholic,Florews,Through Hardship to the Stars,2021-08-20,60xVj6eUKnSsIzLJhu3Nh9,https://open.spotify.com/track/60xVj6eUKnSsIzLJhu3Nh9,nostalgic solemn pensive
Nostalgia,Animal Hospital,Memory,2009-03-03,5eHByYuSzI2XjWbjv1E6mZ,https://open.spotify.com/track/5eHByYuSzI2XjWbjv1E6mZ,nostalgic solemn pensive
Nostalgic Memories,Drackfreeee,Falling into Nothing...,2021-03-07,7uWAE9630g0jEANSFlK4fk,https://open.spotify.com/track/7uWAE9630g0jEANSFlK4fk,nostalgic solemn pensive
Ambient Piano,Peaceful Piano Temple,Peaceful Piano,2022-11-23,5DqF8DX7mVXxmsmLsXy33r,https://open.spotify.com/track/5DqF8DX7mVXxmsmLsXy33r,nostalgic solemn pensive
Melancholia,Etienne Roussel,Just a Stone's Throw,2015-04-03,2sgTKa6zL6rzRUQcGDmYDa,https://open.spotify.com/track/2sgTKa6zL6rzRUQcGDmYDa,nostalgic solemn pensive
Nostalgia - Inspiration Mix,Life Is My Soundtrack,"Inspiration, Vol. 01",2015-04-09,2ZYAWI34rYPRWICw3HUOUD,https://open.spotify.com/track/2ZYAWI34rYPRWICw3HUOUD,nostalgic solemn pensive
Wind of Change (Instrumental Piano Solo) - Sad Music Melancholic Love Song,Sad Piano Music Instrumental Collective Australia,Sad Piano Music 1: Instrumental Love Songs Sentimental Emotional Dramatic Melancholic,2016-12-19,7gO9swh3azBeuEgG9NjQYE,https://open.spotify.com/track/7gO9swh3azBeuEgG9NjQYE,nostalgic solemn pensive
Reflection,Sad Piano and Violin,Powerful Emotive Instrumental Music,2021-12-14,5CRm5bUXRjpU4T1BOv5AM1,https://open.spotify.com/track/5CRm5bUXRjpU4T1BOv5AM1,nostalgic solemn pensive
Melancholic mood,Background Piano studio,Melancholic music for piano,2017-08-16,3hDjzXB3IvygdvY3Ff7dwC,https://open.spotify.com/track/3hDjzXB3IvygdvY3Ff7dwC,nostalgic solemn pensive
Nostalgia,Darian Stavans,Interiores / Interiors,2009-01-01,6BL1gYMCMyo6F7ipDib4n9,https://open.spotify.com/track/6BL1gYMCMyo6F7ipDib4n9,nostalgic solemn pensive
Ambient Piano Suspense,cleanmindsounds,Ambient Piano Suspense,2022-10-29,0AbTgDHYXwiqIGewkY6Msh,https://open.spotify.com/track/0AbTgDHYXwiqIGewkY6Msh,nostalgic solemn pensive
Nostalgia,Glaciaere,Shower,2020-05-25,1bq4TDqiQkNHMHpTyMjPev,https://open.spotify.com/track/1bq4TDqiQkNHMHpTyMjPev,nostalgic solemn pensive
Nostalgic Reminiscence,UniqueSound,Pianist's Touch,2020-05-28,2uzUtEHbwtsuntxQxV5fZu,https://open.spotify.com/track/2uzUtEHbwtsuntxQxV5fZu,nostalgic solemn pensive
Ambient Gentle Reflection,Calming Piano Feelings,Peaceful Melodic Retreat,2024-08-02,79VNWvJev4qZClYMBZ0m2e,https://open.spotify.com/track/79VNWvJev4qZClYMBZ0m2e,nostalgic solemn pensive
Nostalgic Echo - Solitude,Klaus Schulze,"La vie électronique, Vol. 5",2010-06-25,4leFsTTzKI5VNnyMVDCkN4,https://open.spotify.com/track/4leFsTTzKI5VNnyMVDCkN4,nostalgic solemn pensive
Nostalgic Vibes,Gary Stevens Trio,The Quiet Rush,2019-07-25,1n5xwsM3cQ9i1Q03WAlLlA,https://open.spotify.com/track/1n5xwsM3cQ9i1Q03WAlLlA,nostalgic solemn pensive
Ambient Study Music - Piano Piece,Ambient Piano Works,Silent Piano Grove Focus,2024-10-29,3OS2WPhcOXSmvrnklAyriq,https://open.spotify.com/track/3OS2WPhcOXSmvrnklAyriq,nostalgic solemn pensive
Nostalgia,Marsen Jules,Nostalgia,2011-06-09,6j3eE3BxEarq2tA6pUrUvy,https://open.spotify.com/track/6j3eE3BxEarq2tA6pUrUvy,nostalgic solemn pensive
Instrumental Atmosphere,Amelia System,New Age Ambient - Relaxing Electronic Music,2020-04-14,5AoFBXRgN14044BNqi7uVx,https://open.spotify.com/track/5AoFBXRgN14044BNqi7uVx,nostalgic solemn pensive
Melancholia,Roy Burns,Pianoforte,2020-02-04,4u4b9gCW5AocOYGxqSruVv,https://open.spotify.com/track/4u4b9gCW5AocOYGxqSruVv,nostalgic solemn pensive
Ambient Piano Music for Sleeping,Deep Sleep Music Collective,Music for Sleep and Soft Piano Sleeping Music,2017-10-27,7eQzIP1yhtKzZZ92mn6PLM,https://open.spotify.com/track/7eQzIP1yhtKzZZ92mn6PLM,nostalgic solemn pensive
Melancholic Serenade,Charlie Glass,"Goodbye Moments, Vol. 1",2022-03-26,1bx1H8TElWFIBBEQFoi4Cc,https://open.spotify.com/track/1bx1H8TElWFIBBEQFoi4Cc,nostalgic solemn pensive
Sadness,Piano Melodies Jazz Specialist,"Melancholic Piano Music for a Quiet Evening: Time for Dreams and Memories, Instrumental Piano Lounge",2021-03-05,3mMbCXK79dB086whDgHPGF,https://open.spotify.com/track/3mMbCXK79dB086whDgHPGF,nostalgic solemn pensive
Abandonment (Piano & Orchestra) - Sad Music Dramatic Emotional Instrumental Love Song,Sad Piano Music Instrumental Collective Australia,Sad Piano Music 2: Emotional Sentimental Dramatic Melancholy Instrumental Love Songs,2016-12-06,4dHnO4sdhnFI61oiXHhlIT,https://open.spotify.com/track/4dHnO4sdhnFI61oiXHhlIT,nostalgic solemn pensive
Ambient Instrumental,Jazz Guitar Music Zone,"Jazz Music Relaxation – Easy Listening Smooth Jazz, After Work Relax, Ambient Instrumental Soft Jazz, Cool Modern Jazz",2017-04-04,5IVs7bFrvGa6lAdNlzbdcn,https://open.spotify.com/track/5IVs7bFrvGa6lAdNlzbdcn,nostalgic solemn pensive
Melancholic Objects,From Overseas,Melancholic Objects,2020-02-28,5HUJkGzQr6KF0A59WbnhTN,https://open.spotify.com/track/5HUJkGzQr6KF0A59WbnhTN,nostalgic solemn pensive
Nostalgic Memories,Sooth Beats,Synaptic Groove,2025-08-01,3wUhIZMxZWvgSuu5KQjv4g,https://open.spotify.com/track/3wUhIZMxZWvgSuu5KQjv4g,nostalgic solemn pensive
Sentimental Piano Music,Ambient Palmer,"Studying Music - Piano Songs to Increase Brain Power, Study Music Background",2012-03-14,7agbLdqiyiGIJzOQvx1zoN,https://open.spotify.com/track/7agbLdqiyiGIJzOQvx1zoN,nostalgic solemn pensive
Melancholy,AShamaluevMusic,Dramatic and Sad Music,2017-01-01,53S9Kvj66AIxwizROQzIHK,https://open.spotify.com/track/53S9Kvj66AIxwizROQzIHK,nostalgic solemn pensive
Melancholic,Kyellan,"10 Minute World, Vol. 1 (Western Fantasy RPG Atmospheres)",2022-07-21,5FzAvgvCV3NNHm7ulAqa2X,https://open.spotify.com/track/5FzAvgvCV3NNHm7ulAqa2X,nostalgic solemn pensive
Pied Butcherbird (Instrumental Piano Solo) - Emotional Melancholic Sad Music,Sad Piano Music Instrumental Collective Australia,Sad Piano Music 1: Instrumental Love Songs Sentimental Emotional Dramatic Melancholic,2016-12-19,78QpRQqM508qr8ciZrskGY,https://open.spotify.com/track/78QpRQqM508qr8ciZrskGY,nostalgic solemn pensive
Nostalgia,Melting Rose Instrumental Jazz,Bossa Nova Rose,2021-07-05,6lcNnQqsvXKut422DDhXTU,https://open.spotify.com/track/6lcNnQqsvXKut422DDhXTU,nostalgic solemn pensive
Nostalgy,Instrumental Piano Brothers,On Eagle's Wings,2012-06-18,2URBthsAgvm7sBBEIRKbZo,https://open.spotify.com/track/2URBthsAgvm7sBBEIRKbZo,nostalgic solemn pensive
Nostalgic Piano,Serge Quadrado,Serge Piano,2019-01-17,5WXKdbvYdQyJVbbO6kV2Cz,https://open.spotify.com/track/5WXKdbvYdQyJVbbO6kV2Cz,nostalgic solemn pensive
Melancholy Piano Moods,Sad Instrumental Piano Music Zone,"Sad Instrumental Music Vol. 2 (Piano Songs for the Broken Hearted, Sad Love Music for Lonley Nights, Emotional Jazz Piano Moods, Ambient Music for Sadness)",2017-09-15,6lZq8HinsSuLgPrxX7HBak,https://open.spotify.com/track/6lZq8HinsSuLgPrxX7HBak,nostalgic solemn pensive
Grieving (Instrumental Piano & Strings) - Sad Emotional Melancholic Sentimental Music,Sad Piano Music Instrumental Collective Australia,Grieving (Instrumental Piano & Strings) - Sad Emotional Melancholic Sentimental Music,2016-11-15,3SDfdPJDKCa8izvq6bdY3U,https://open.spotify.com/track/3SDfdPJDKCa8izvq6bdY3U,nostalgic solemn pensive
Nostalgic Whispers,Serene Lofi,Autumn Reflections,2025-10-24,1ttqflDEI1oK63DD2UCTQ0,https://open.spotify.com/track/1ttqflDEI1oK63DD2UCTQ0,nostalgic solemn pensive
Nostalgia,Etherea,Relaxing Spa Christmas (50 Gentle Instrumental Gems for a Wellness Christmas),2013-10-18,2QhlJoGAtSH0IeFBcucRuU,https://open.spotify.com/track/2QhlJoGAtSH0IeFBcucRuU,nostalgic solemn pensive
Nostalgic Piano,SiB Music,Piano Moods,2024-12-06,5fn9cB0J4qo7wcVGzKGC6b,https://open.spotify.com/track/5fn9cB0J4qo7wcVGzKGC6b,nostalgic solemn pensive
Nostalgia de la luz,Christine Ott,Nostalgia de la luz,2022-10-25,3Eb0RovkxDECyabiPOH2FK,https://open.spotify.com/track/3Eb0RovkxDECyabiPOH2FK,nostalgic solemn pensive
Melancholic Spirit (Sad Music),Sad Pianist,Crying Alone (Sad Music),2021-08-25,2Q2mR7LV8y8F1oFiAvc2rZ,https://open.spotify.com/track/2Q2mR7LV8y8F1oFiAvc2rZ,nostalgic solemn pensive
Melancholic Vibes,Meditation Relaxation Club,Loopable Sounds | Meditation & Spa,2022-03-04,3iHeEwQrwaCiHI2fhMP80K,https://open.spotify.com/track/3iHeEwQrwaCiHI2fhMP80K,nostalgic solemn pensive
Nostalgia - Instrumental,Feels Like Home,Duality (Instrumental),2019,1pl8sGS9Up0Sx4gnkxedd6,https://open.spotify.com/track/1pl8sGS9Up0Sx4gnkxedd6,nostalgic solemn pensive
A Melancholy Man - Alternative Version,Angel Ruediger,A Melancholy Man (Alternative Version),2020-04-17,3vz2Ryv0ngWOJ7ZtCP4bfs,https://open.spotify.com/track/3vz2Ryv0ngWOJ7ZtCP4bfs,nostalgic solemn pensive
Melancholy Frame,TmrDark,Dark Academia Rainfall – Sepia Ambience for Calm Reading,2025-10-22,6Ft3KAvCwip8TIo8BU9MgE,https://open.spotify.com/track/6Ft3KAvCwip8TIo8BU9MgE,nostalgic solemn pensive
Melancholy Mountain,NyKuo,Forest Echoes,2023-03-10,5GMjNpG0tlptnxRzzstjX6,https://open.spotify.com/track/5GMjNpG0tlptnxRzzstjX6,nostalgic solemn pensive
Nostalgic,dépressive,Lifeless,2020-12-20,4Of4Br1o8uo2wLzinUCYC0,https://open.spotify.com/track/4Of4Br1o8uo2wLzinUCYC0,nostalgic solemn pensive
Nostalgia (REMASTERED),Serial Experiments,Lain: The Wired World (Remastered),2021-07-15,3aSq1YKkO22g2UWRIYhr5f,https://open.spotify.com/track/3aSq1YKkO22g2UWRIYhr5f,nostalgic solemn pensive
Nostalgia,Darko Nikčević,Synergy,2012-07-12,4GMKfBVLge22fGxC0nfJHI,https://open.spotify.com/track/4GMKfBVLge22fGxC0nfJHI,nostalgic solemn pensive
Triste,Gothic Storm,Minimal Melancholy,2019-11-18,4dW03inmtmmuSyk4B8lVIb,https://open.spotify.com/track/4dW03inmtmmuSyk4B8lVIb,nostalgic solemn pensive
Blackbird Love (Instrumental Piano Solo) - Sad Melancholy Emotional Music,Sad Piano Music Instrumental Collective Australia,Blackbird Love (Instrumental Piano Solo) - Sad Melancholy Emotional Music,2016-11-15,3UQZf16RFncxLsrQtdTsVs,https://open.spotify.com/track/3UQZf16RFncxLsrQtdTsVs,nostalgic solemn pensive
Ambient Sad Piano,Eitan Epstein Music,Sad Emotions,2022-06-13,0MgHAx2VLwMrlI9M4V3ZSg,https://open.spotify.com/track/0MgHAx2VLwMrlI9M4V3ZSg,nostalgic solemn pensive
Melancholy Float,Paul Riedl,Ambient Mixtape Volume 4,2022-04-01,0W2wifJAbeBmTN96m6vLkZ,https://open.spotify.com/track/0W2wifJAbeBmTN96m6vLkZ,nostalgic solemn pensive
nostalgia (revised),Akisai,Landscapes,2021-02-19,2DkOpUUtweBJjYfBBTyvLR,https://open.spotify.com/track/2DkOpUUtweBJjYfBBTyvLR,nostalgic solemn pensive
Melancholic Serenade,Patrick Suessleben,Nostalgic Nights,2024-04-26,6wqSiXZylNsElsm6wXysVn,https://open.spotify.com/track/6wqSiXZylNsElsm6wXysVn,nostalgic solemn pensive
Piano Atmosphere,Soothing Piano Music Universe,"Melancholic Piano Music for a Quiet Evening: Time for Dreams and Memories, Instrumental Piano Lounge",2021-03-05,1bNDtrV4CGwhL4T59ka5C2,https://open.spotify.com/track/1bNDtrV4CGwhL4T59ka5C2,nostalgic solemn pensive
Nostalgic Classical Piano,AXS Music,Classical Pianorama,2018-02-03,6IVAvchLKgkmaVV9iutx5a,https://open.spotify.com/track/6IVAvchLKgkmaVV9iutx5a,nostalgic solemn pensive
Night of Melancholy,Deep Sleep Music Society,"Music Therapy for Peaceful Sleep – Relaxation Sounds of Nature, Zen Music to Eliminate Nightmares & Insomnia",2016-12-27,09nkpyl6qDYomy16SNucbz,https://open.spotify.com/track/09nkpyl6qDYomy16SNucbz,nostalgic solemn pensive
Melancholic Piano Cinematic,cleanmindsounds,Melancholic Piano Cinematic,2022-10-29,63FAqDcs6BTWGAGIiyUSSO,https://open.spotify.com/track/63FAqDcs6BTWGAGIiyUSSO,nostalgic solemn pensive
Dark Ambient,Robbins Island Music Group,"Ambient Mood Music: Ambient Instrumental Music for Deep Sleep, Stress Relief, Bedtime Music, Meditation & Spa Treatments",2014-06-04,7F5K9zhilOy0jNEhPEHEJt,https://open.spotify.com/track/7F5K9zhilOy0jNEhPEHEJt,nostalgic solemn pensive
Nostalgic Guitar with Ocean Waves,Natural Sounds Music Academy,"Guitar Relaxing Music with Nature Sounds: Meditation Oasis, Stress Relaxation, Music to Sleep Well",2022-11-04,4C5UiNSVcOodcc8hoa0kDx,https://open.spotify.com/track/4C5UiNSVcOodcc8hoa0kDx,nostalgic solemn pensive
Danza De La Nostalgia,Peaceful Instrumental,Melodia Triste,2024-09-25,23OHqyzZcnrQ0INsv74JM3,https://open.spotify.com/track/23OHqyzZcnrQ0INsv74JM3,nostalgic solemn pensive
Nostalgie,Carlyne Poizeau,II.,2021-08-18,5FhMafcIX1BuPk54BuYo6i,https://open.spotify.com/track/5FhMafcIX1BuPk54BuYo6i,nostalgic solemn pensive
Sleep: Dreamy Ambient Music For Sleep 1,Ambient Music Therapy,Sleep: Ambient Sleep Therapy 9,2009-01-01,1nLa9VnbyTnSsFEfg1T6Lf,https://open.spotify.com/track/1nLa9VnbyTnSsFEfg1T6Lf,nostalgic solemn pensive
Nostalgia,Brijean,Angelo (Deluxe),2022-08-05,1MJAxVsjETLjQB9dgFqWum,https://open.spotify.com/track/1MJAxVsjETLjQB9dgFqWum,nostalgic solemn pensive
Nighttime Melancholy,Relaxing Music Therapy,Relaxing Sleep Songs,2020-02-09,7rsj5Adeuw4J1JkWU0hIg1,https://open.spotify.com/track/7rsj5Adeuw4J1JkWU0hIg1,nostalgic solemn pensive
Nostalgia (Instrumental),Ultra Beats,Nostalgia (Instrumental),2022-11-19,4RVK07B7MLqlv1WnX6CJwb,https://open.spotify.com/track/4RVK07B7MLqlv1WnX6CJwb,nostalgic solemn pensive
This Feeling,Snowfall Dreamscapes,Sad Ambient 2023,2023-11-03,5Bw2euVrDGqSFPZ6Oaup7S,https://open.spotify.com/track/5Bw2euVrDGqSFPZ6Oaup7S,nostalgic solemn pensive
meloncholia,Peter Xifaras,Appassionato,1999-04-20,5c8arOsj1yhN5QUjOWLA53,https://open.spotify.com/track/5c8arOsj1yhN5QUjOWLA53,nostalgic solemn pensive
Nostalgia Trap,Sùilean Dubha,Etherealatronica,2023-05-08,2BZ52HI4YfyOJTFKlXh1MH,https://open.spotify.com/track/2BZ52HI4YfyOJTFKlXh1MH,nostalgic solemn pensive
Nostalgic,Soft Background Music Group,"Mood Music 4 Dinner, Relaxation, Reading, Office, Work, Waiting Room, Background, Restaurant, Inspirational & Motivational Events",2012-03-09,44F2FyPxEfz0q4G5qwdgMA,https://open.spotify.com/track/44F2FyPxEfz0q4G5qwdgMA,nostalgic solemn pensive
Ambient Instrumental Piano,Forest Hills Music Universe,"Calm Piano with Fall Woods (Relaxing Music & Nature Sounds, Healing Water, Birds Atmosphere, Thunderstorm and Wind, Rest Afternoon)",2017-09-13,0viIPTFOdObQ8anWokZpCr,https://open.spotify.com/track/0viIPTFOdObQ8anWokZpCr,nostalgic solemn pensive
Nostalgic Dawn,Pablo Perez,"Never Ending Journey, Vol. 1",2017-02-21,0w5yaaYI3dRq33Je3dqac3,https://open.spotify.com/track/0w5yaaYI3dRq33Je3dqac3,nostalgic solemn pensive
Calm Ambient Piano,cleanmindsounds,Calm Ambient Piano,2022-08-30,3HkGOFMjhWi5uP5ZMgJL11,https://open.spotify.com/track/3HkGOFMjhWi5uP5ZMgJL11,nostalgic solemn pensive
Serene Reflections - Ambient Version,Eternalistic,Serene Reflections - EP,2024-10-04,1WA4Rcrels9wYJv3f2c9FC,https://open.spotify.com/track/1WA4Rcrels9wYJv3f2c9FC,nostalgic solemn pensive
Ambient Journey,Robbins Island Music Group,"Ambient Mood Music: Ambient Instrumental Music for Deep Sleep, Stress Relief, Bedtime Music, Meditation & Spa Treatments",2014-06-04,5ncCkYAt4fNn8p4cACLRIf,https://open.spotify.com/track/5ncCkYAt4fNn8p4cACLRIf,nostalgic solemn pensive
Nostalgia,Takashi Suzuki,I was there,2010-10-20,301aqii0D3GtsK7Y7diotE,https://open.spotify.com/track/301aqii0D3GtsK7Y7diotE,nostalgic solemn pensive
Nostalge,Ana Alcaide,Premoniciones,2021-05-28,4kYGbcuKa6QkYOSkXGLAd9,https://open.spotify.com/track/4kYGbcuKa6QkYOSkXGLAd9,nostalgic solemn pensive
Melancholic Reverie,Rocco,Melancholic Reverie,2023-12-06,1VXn9LrM8lR5N0pRyctwyG,https://open.spotify.com/track/1VXn9LrM8lR5N0pRyctwyG,nostalgic solemn pensive
nostalgia,Relaxing Piano Music,romantic piano songs for you,2021-02-23,2ZNhV1IUAmPwlF74qOGwuu,https://open.spotify.com/track/2ZNhV1IUAmPwlF74qOGwuu,nostalgic solemn pensive
Soothing Ambient Serenity,Trouble Sleeping Music Universe,"111 Hypnotic Music for Lucid Dreams: Mindfulness & Self Hypnosis, REM Sleep Music Dream Cycle, Hypnotherapy, Pure Meditation Music Sessions",2016-09-19,3jNykeU4EqGbRonVT7UXC1,https://open.spotify.com/track/3jNykeU4EqGbRonVT7UXC1,nostalgic solemn pensive
Ambient Dreams,The Deep Sleep Scientists,Dreamtime,2020-10-22,18GilYoGfF9LUeDruW1f83,https://open.spotify.com/track/18GilYoGfF9LUeDruW1f83,nostalgic solemn pensive
Ambient Melodies,Relaxing Piano Music,Tender Glow: Piano Serenity,2025-06-27,7fjj4GXzzXuUB2WEXcNeux,https://open.spotify.com/track/7fjj4GXzzXuUB2WEXcNeux,nostalgic solemn pensive
Soothing Piano Music Memories,Calming Instrumental Jazz Ambiance,Calming Instrumental Piano Music Vibes,2019-10-17,5cvkSWXkZdp6DMuhzj7zLA,https://open.spotify.com/track/5cvkSWXkZdp6DMuhzj7zLA,nostalgic solemn pensive
Prelude,Piano Melodies Jazz Specialist,"Melancholic Piano Music for a Quiet Evening: Time for Dreams and Memories, Instrumental Piano Lounge",2021-03-05,54WT6fzcKMYo5kXjRn80o2,https://open.spotify.com/track/54WT6fzcKMYo5kXjRn80o2,nostalgic solemn pensive
Spiritual Piano,Sad Pianist,"Soul-Soothing Piano Music for a Funeral, Memorial Service, Funeral Home Music",2021-11-08,1QCrBIqJMTP61GFpdndgA5,https://open.spotify.com/track/1QCrBIqJMTP61GFpdndgA5,nostalgic solemn pensive
Nostalgia Cradled in Warmth,Calm Piano Sanctuary,"Healing Piano for a Slow, Restful Day",2025-10-19,4qOTeDWnY4se6q16p8j4Nd,https://open.spotify.com/track/4qOTeDWnY4se6q16p8j4Nd,nostalgic solemn pensive
Melancholy Sunset,Antonio Scorsi,Panoramic Themes & Scenic Underscores,1992-09-29,7diAXelePwOq1l1Zpfvwrt,https://open.spotify.com/track/7diAXelePwOq1l1Zpfvwrt,nostalgic solemn pensive
Darkest Cavern (Piano & Orchestra) - Sad Music Sentimental Emotional Melancholy Instrumental Love Song,Sad Piano Music Instrumental Collective Australia,Sad Piano Music 2: Emotional Sentimental Dramatic Melancholy Instrumental Love Songs,2016-12-06,4d5hShBuUbrlVKWrBQi3YG,https://open.spotify.com/track/4d5hShBuUbrlVKWrBQi3YG,nostalgic solemn pensive
Melancholic Rainfall Whispers: Emotional Violin Meditations in the Rain,Rain David Sleep Dragon,Serene Strings of Rain: Embarking on a Melodic Journey with the Resonating Violin,2023-07-03,2TSPQLAUxClaXfuPRTUSx2,https://open.spotify.com/track/2TSPQLAUxClaXfuPRTUSx2,nostalgic solemn pensive
Nostalgia - Vague Imaginaires Remix,Kumi Takahara,See-Through Remixes,2021-08-25,4ybzO0ppL7eU1lRe5QdlTI,https://open.spotify.com/track/4ybzO0ppL7eU1lRe5QdlTI,nostalgic solemn pensive
Nostalgia,Hejin Han,Nostalgia,2017-11-24,7618tnu8sh7Vv4mvbrAgsF,https://open.spotify.com/track/7618tnu8sh7Vv4mvbrAgsF,nostalgic solemn pensive
Ambient Moments of Reflection,Meditation Zone,Gentle Whispers of Solitude (Relaxing Meditation Music),2024-01-24,7g74TeuvosJPfcXa4NVUDL,https://open.spotify.com/track/7g74TeuvosJPfcXa4NVUDL,nostalgic solemn pensive
Nostalgic Beach,Aqua Dreams,Water Spirit,2024-10-18,33bjUUXTJJKOsV5vzc7hEY,https://open.spotify.com/track/33bjUUXTJJKOsV5vzc7hEY,nostalgic solemn pensive
Nostalgic Echo - Autumn Sonata,Klaus Schulze,"La vie électronique, Vol. 5",2010-06-25,3g0qX3pQc8ZO7umFeu0TNo,https://open.spotify.com/track/3g0qX3pQc8ZO7umFeu0TNo,nostalgic solemn pensive
Nostalgia,MindLight Relaxing Music,Relaxing Piano,2021-01-21,6acqwOioHKBxXK0h9VDSeY,https://open.spotify.com/track/6acqwOioHKBxXK0h9VDSeY,nostalgic solemn pensive
Dreamy Melody,Soothing Piano Music Universe,"Melancholic Piano Music for a Quiet Evening: Time for Dreams and Memories, Instrumental Piano Lounge",2021-03-05,2wgvkAvqHxQ41hac35Ukt8,https://open.spotify.com/track/2wgvkAvqHxQ41hac35Ukt8,nostalgic solemn pensive
Nostalgic Landscape,Tea time Lofi,Enjoy the view,2024-09-13,0deHl6gypmEbYi72M3g1un,https://open.spotify.com/track/0deHl6gypmEbYi72M3g1un,nostalgic solemn pensive
Nostalgic Echo - Portrait Of Freud,Klaus Schulze,"La vie électronique, Vol. 5",2010-06-25,4IKLCqGZ9oRBO7ePgorCQ7,https://open.spotify.com/track/4IKLCqGZ9oRBO7ePgorCQ7,nostalgic solemn pensive
Flowing Dreamscape,Ambientalism,Blissful Serenades,2021-07-07,3mNC8sICPOthtjWZ13uxzE,https://open.spotify.com/track/3mNC8sICPOthtjWZ13uxzE,nostalgic solemn pensive
Nostalgic Mood,Nicolas Folmer,Midnight Jazz,1999-05-19,4IEgKdxqqelMYuaSrYhRmi,https://open.spotify.com/track/4IEgKdxqqelMYuaSrYhRmi,nostalgic solemn pensive
Melancolia,Alain Bernard Denis,Piano Bar,2014-01-01,1smWjOzl75Xhg6A0b1xnFf,https://open.spotify.com/track/1smWjOzl75Xhg6A0b1xnFf,nostalgic solemn pensive
A Melancholy Waltz,Piano for Studying,Piano to Sleep to,2023-06-05,0QP6yS6FkEo6dkCEMXI0Y3,https://open.spotify.com/track/0QP6yS6FkEo6dkCEMXI0Y3,nostalgic solemn pensive
Nostalgic Memories,Warmseat,On the Road,2021-08-12,5JCpytfVsf8uA7DG7z5CpZ,https://open.spotify.com/track/5JCpytfVsf8uA7DG7z5CpZ,nostalgic solemn pensive
"Romantic Piano Diaries, Melancholy Music",Waterlily Lake,Sad Music: Sad Instrumental Piano Songs (Sad Songs that Make you Cry),2012-03-10,5BFlejlx107xCcWGMLvBWw,https://open.spotify.com/track/5BFlejlx107xCcWGMLvBWw,nostalgic solemn pensive
Nostalgic Mood,Cafe Chill Jazz Background,"Warm Autumn: Peaceful Background Jazz, Cozy Music for Reading, Café Ambience",2023-09-04,4N2BhCrA0azUA3BCcimCAN,https://open.spotify.com/track/4N2BhCrA0azUA3BCcimCAN,nostalgic solemn pensive
Melancholia,Marc Cary,Cary on (The Prequel),2020-08-07,6pe6Xt04KtaqdsCkLQXzyI,https://open.spotify.com/track/6pe6Xt04KtaqdsCkLQXzyI,nostalgic solemn pensive
Nostalgia,Pure Handpan,Emotions,2023-04-07,5WVLpaZ3bBepNqhn5r0sMy,https://open.spotify.com/track/5WVLpaZ3bBepNqhn5r0sMy,nostalgic solemn pensive
Melancholy Desire,PianoDreams,Smooth Piano Melodies for the Soul,2022-12-16,3eAjLbjzPxA25yeMADq2oT,https://open.spotify.com/track/3eAjLbjzPxA25yeMADq2oT,nostalgic solemn pensive
Sad Ambient,Phil Larson,"Lost Songs of the Back Catalog Variety, Vol. 1",2021-11-05,2YetBdpK3WYxe5yQUwmqfR,https://open.spotify.com/track/2YetBdpK3WYxe5yQUwmqfR,nostalgic solemn pensive
Emotional Cinematic Ambient,AShamaluevMusic,Emotional Cinematic Ambient,2018-12-31,7vBOdpZSovoUjFgtYKPzfE,https://open.spotify.com/track/7vBOdpZSovoUjFgtYKPzfE,nostalgic solemn pensive
Emotional Music: Piano,Focus & Work,Silent Piano Grove Focus,2024-10-29,3eG4O7BgulD7sYHUyVMYZW,https://open.spotify.com/track/3eG4O7BgulD7sYHUyVMYZW,nostalgic solemn pensive
Nostalgic Rain,Earth Garden,Stormy Weather,2023-02-10,5ZAOPpTbotT07DXAXmBDIA,https://open.spotify.com/track/5ZAOPpTbotT07DXAXmBDIA,nostalgic solemn pensive
Nostalgic Thoughts (Excerpt),Leif Segerstam,"Orchestral Music - Leif, S. / Shostakovich, D. / Nielsen, C. / Schulhoff, E. (Earquake)",1997-01-01,12LvKor0XFGuB4mUo6DajD,https://open.spotify.com/track/12LvKor0XFGuB4mUo6DajD,nostalgic solemn pensive
Nostalgia,Aambient,Nostalgia,2023-12-22,6GJebFb845VyYtDNGIzPEo,https://open.spotify.com/track/6GJebFb845VyYtDNGIzPEo,nostalgic solemn pensive
Sad Instrumental Music,John Halper,Emotional Sad Music,2015-07-15,36M4ijaFLFtwPGynGMCZse,https://open.spotify.com/track/36M4ijaFLFtwPGynGMCZse,nostalgic solemn pensive
Nostalgia - Remastered 2024,Francis Goya,The Most Beautiful Original Melodies of Francis Goya,2024-04-19,1jNBqh8HvGyfjbAMcFTdZw,https://open.spotify.com/track/1jNBqh8HvGyfjbAMcFTdZw,nostalgic solemn pensive
Nostalgic Reflections,LoFi Tokyo,Blue,2025-06-06,4LKK1bfWXcebPtqkcbAmym,https://open.spotify.com/track/4LKK1bfWXcebPtqkcbAmym,nostalgic solemn pensive
Nostalgia (with Nature Sounds and Chill Drums),Hang Drum,Hang Drum Chill Music & Nature,2022-04-01,6oU3m7UMOVUL9mOKZJN18b,https://open.spotify.com/track/6oU3m7UMOVUL9mOKZJN18b,nostalgic solemn pensive
Melancholy,Chillout,Best Of Chillout Ambient Lounge,2012-04-06,7LnuI1NJIwx4B1RoVsdd7U,https://open.spotify.com/track/7LnuI1NJIwx4B1RoVsdd7U,nostalgic solemn pensive
Sad Piano Music Instrumental Song,Positive Ray,"Piano Music Relaxation Massage Piano Music, Relaxing Piano Music",2012-03-07,5RwOczioGda145aRm9biY7,https://open.spotify.com/track/5RwOczioGda145aRm9biY7,nostalgic solemn pensive
Piano Melodies for Crying,Sad Instrumental Piano Music Zone,"Sad Instrumental Music Vol. 2 (Piano Songs for the Broken Hearted, Sad Love Music for Lonley Nights, Emotional Jazz Piano Moods, Ambient Music for Sadness)",2017-09-15,1Us9WiXAXjpxVuDAgG9hgO,https://open.spotify.com/track/1Us9WiXAXjpxVuDAgG9hgO,nostalgic solemn pensive
Nostalgic Dreams,Echoes in the Attic,Echoes in the Attic,2023-04-03,1SoM7H2FxAl4VLy12AulfG,https://open.spotify.com/track/1SoM7H2FxAl4VLy12AulfG,nostalgic solemn pensive
"Free Sad Piano Type Beat - ""Melancolica"" | Emotional Piano Instrumental",El Suru,Contra el Tiempo,2024-04-25,6hywKsG28PLttDtFEsdnXT,https://open.spotify.com/track/6hywKsG28PLttDtFEsdnXT,nostalgic solemn pensive
Nostalgia Bois,Mvsagua,Yo Soy Mvsagua,2018-10-17,3EBzyX1nmgJ7S4U8qwQvLq,https://open.spotify.com/track/3EBzyX1nmgJ7S4U8qwQvLq,nostalgic solemn pensive
"Away Melancholy, Away",Eric Harry,"Away Melancholy, Away",2009-01-08,5AXMjAZtU3YYBuBHmxu34m,https://open.spotify.com/track/5AXMjAZtU3YYBuBHmxu34m,nostalgic solemn pensive
Dreamy Sleep 2,Ambient Music Therapy,Dreamy Sleep Ambiance,2009-09-18,2sZMNguZzpO54ciUAQytaA,https://open.spotify.com/track/2sZMNguZzpO54ciUAQytaA,nostalgic solemn pensive
Ambient,Lullabies for Deep Meditation,Fragmented Flow,2025-08-11,1jNHAjc382OkAY6aIlwbse,https://open.spotify.com/track/1jNHAjc382OkAY6aIlwbse,nostalgic solemn pensive
Melancholic Meditation,Sound Gallery by Dmitry Taras,Melancholic Meditation,2017-06-25,7DTn5gM3eH6LksPQOujPdI,https://open.spotify.com/track/7DTn5gM3eH6LksPQOujPdI,nostalgic solemn pensive
Nostalgic Memories,BeardMusicStock,Nostalgic Memories,2018-06-06,13hmDf8FlzGZDFKtnEJtX7,https://open.spotify.com/track/13hmDf8FlzGZDFKtnEJtX7,nostalgic solemn pensive
Nostalgic Memories,Vladimir Cosma,Celtic Mysteries,2014-12-31,4iNh20OskQokQKG5zXMB6B,https://open.spotify.com/track/4iNh20OskQokQKG5zXMB6B,nostalgic solemn pensive
Melancholy,Yozhik,Drone Ambient Works 19,2019-12-15,1Ri0EbfRBqQ1YpoV1szeTv,https://open.spotify.com/track/1Ri0EbfRBqQ1YpoV1szeTv,nostalgic solemn pensive
Nostalgia,Harry Lightfoot,Piano Reflections,2019-02-19,0CKKEeO2MCixK1zaJwJDo7,https://open.spotify.com/track/0CKKEeO2MCixK1zaJwJDo7,nostalgic solemn pensive
Melancholy Jig,Relaxing Piano Music Consort,"Relaxation Time (Relaxing, Calming, Classical Music to Relieve Stress and Heal Pain)",2013-03-19,1MpLcPUVAW4vw0ghXNORIv,https://open.spotify.com/track/1MpLcPUVAW4vw0ghXNORIv,nostalgic solemn pensive
Nostalgic Echoes,FORTRESS MELODIES,Tender Touch,2024-04-29,2qTLukVlgP8kY3r0bXSPhF,https://open.spotify.com/track/2qTLukVlgP8kY3r0bXSPhF,nostalgic solemn pensive
Melancholic Swing,Reading Soundtrack Jazz,Quiet and Slow Jazz for Reading,2021-11-29,67Ig2nzI8crjnsAwHmj1Gf,https://open.spotify.com/track/67Ig2nzI8crjnsAwHmj1Gf,nostalgic solemn pensive
Melancholic Documentary,cleanmindsounds,Melancholic Documentary,2022-03-24,4BZMucZS8v8YIZ0cPiyu9B,https://open.spotify.com/track/4BZMucZS8v8YIZ0cPiyu9B,nostalgic solemn pensive
Ambient Piano Sleep Music,Sleep Meditation,"Sleep Meditation: Relaxing, Calm Piano Deep Sleep Music",2023-05-27,5Bh9inQcXwRFk6SfwuP4sw,https://open.spotify.com/track/5Bh9inQcXwRFk6SfwuP4sw,nostalgic solemn pensive
Solstice - Instrumental Piano Music,Tuscany Moods,Sad Instrumental Music - Instrumental Music Songs,2012-02-13,5HYgJ4AHAVmXtLjchqRte4,https://open.spotify.com/track/5HYgJ4AHAVmXtLjchqRte4,nostalgic solemn pensive
Ambient,Zen Relaxation,"Chill Instrumental Piano Music with Ambient Sounds for Relaxation, Sleep, Study, Yoga, Meditation",2018-12-05,7BuYo0Wsxn3O46fcB5qGFK,https://open.spotify.com/track/7BuYo0Wsxn3O46fcB5qGFK,nostalgic solemn pensive
Nostalgia,Albert Van Deyk,infinite lands 2,2022-11-09,4aAs9PBwK0eSdDrgcol7Fl,https://open.spotify.com/track/4aAs9PBwK0eSdDrgcol7Fl,nostalgic solemn pensive
Nostalgic Relaxation,CrazyJaZz,Nostalgic Relaxation,2023-07-28,2ScK15Tq7Npb7aEnO0PUZw,https://open.spotify.com/track/2ScK15Tq7Npb7aEnO0PUZw,nostalgic solemn pensive
Melancholy Echoes,Flute Music Group,Silent Tears: Melancholy Flute Music for Healing Hearts and Inner Release,2025-01-16,5ih54UX7lQdfsRbPJvXMSm,https://open.spotify.com/track/5ih54UX7lQdfsRbPJvXMSm,nostalgic solemn pensive
Melancholy,Germind,"Nostalgic Ambient, vol.2",2024-11-22,7yrys2N0ND0oiNneorOVZB,https://open.spotify.com/track/7yrys2N0ND0oiNneorOVZB,nostalgic solemn pensive
Melancolia,Siri Umann,Inner Journey (Music To Relax),2013-10-01,6W7KHyo0pUQcYdHzBfyKHz,https://open.spotify.com/track/6W7KHyo0pUQcYdHzBfyKHz,nostalgic solemn pensive
Melancholy,Celestial Alignment,Late Night Vibe,2022-02-11,6HGYY4Q1IremL3uio3oD3R,https://open.spotify.com/track/6HGYY4Q1IremL3uio3oD3R,nostalgic solemn pensive
Silent Beauty: Bittersweet Memories of Embrace,Pencarrow,Growth in the Absence of Light,2020-08-22,7GGBPrqCoh6g2xin6wWY15,https://open.spotify.com/track/7GGBPrqCoh6g2xin6wWY15,nostalgic solemn pensive
Nostalgia,Peter Scherer,Marmorera,2007-01-01,6SDu9qGq5a4c8trz8ARE0L,https://open.spotify.com/track/6SDu9qGq5a4c8trz8ARE0L,nostalgic solemn pensive
Sad Instrumental Piano Music,Sad Instrumental Piano Music Zone,"Sad Piano Lounge Music (Melancholic Mood, Soft Instrumental Background, Songs that Make You Cry, Romantic Moments, Melody for Broken Heart)",2017-08-11,5n2jezgCGlmWKcZxsv0o0q,https://open.spotify.com/track/5n2jezgCGlmWKcZxsv0o0q,nostalgic solemn pensive
Beautiful Inspiring Piano Sadness,Serge Praded,Instrumental spring piano music,2022-09-02,59tIWfvU9BDCU4ECPVgnQM,https://open.spotify.com/track/59tIWfvU9BDCU4ECPVgnQM,nostalgic solemn pensive
Emotional Piano Instrumental,Morning Mullins,Sad Piano Songs for Heartaches: Moving & Emotional Piano Instrumental Solo Music,2020-08-24,5HhNvGBRP47khTPMTrH1zY,https://open.spotify.com/track/5HhNvGBRP47khTPMTrH1zY,nostalgic solemn pensive
Nostalgia - Remastered,Jan Ove Fjeld,Perception,2021-02-19,4j66z821hY5ZFEGuXIVFAg,https://open.spotify.com/track/4j66z821hY5ZFEGuXIVFAg,nostalgic solemn pensive
Silent Dream - Melancholic Piano Melodies,Katharina Bauer,Silent Dream (Melancholic Piano Melodies),2024-12-13,7uBJ8PseOzHH6Er9P7YSRg,https://open.spotify.com/track/7uBJ8PseOzHH6Er9P7YSRg,nostalgic solemn pensive
Melancholy Jazz (Original Mix),The Music Bakery,Luxurious Jazz - Music for Hotel Lobbies and Receptions,2020-01-15,3E4GlCQGMqaIU5wPYT8GGB,https://open.spotify.com/track/3E4GlCQGMqaIU5wPYT8GGB,nostalgic solemn pensive
Feel the Melancholy,Restaurant Background Music Academy,"Relaxing: Soft Piano Bar for Free Time, Before Sleep, Lounge, Elegant Restaurant, Romantic Dinner",2019-02-14,2PU3eGEjqqZwg0ZxRps0hb,https://open.spotify.com/track/2PU3eGEjqqZwg0ZxRps0hb,nostalgic solemn pensive
Nostalgia,Nature Sleep Music,Relaxing Yoga Meditation,2022-08-22,2X673sqKBCCwmIYIEJdoam,https://open.spotify.com/track/2X673sqKBCCwmIYIEJdoam,nostalgic solemn pensive
With longing,Memories Archive,With longing,2015-12-17,691KsgsvGAGtHSSOfe2uv1,https://open.spotify.com/track/691KsgsvGAGtHSSOfe2uv1,nostalgic solemn pensive
Sad Piano Lounge Music,Sad Instrumental Piano Music Zone,"Sad Piano Lounge Music (Melancholic Mood, Soft Instrumental Background, Songs that Make You Cry, Romantic Moments, Melody for Broken Heart)",2017-08-11,1kRNhnGUzBstZTAlu1EZr0,https://open.spotify.com/track/1kRNhnGUzBstZTAlu1EZr0,nostalgic solemn pensive
Nostalgy,純音樂,Lover's Romance Boxset Vol.1-13,2007-09-17,2IO9pZuAGaWRB8K6LQdls2,https://open.spotify.com/track/2IO9pZuAGaWRB8K6LQdls2,nostalgic solemn pensive
A Prominent Response,Sad Violin,Sad & Soft Instrumental Background,2022-02-03,2r8t7QVu2cjsKbKEhWNhMd,https://open.spotify.com/track/2r8t7QVu2cjsKbKEhWNhMd,nostalgic solemn pensive
Melancholia,by Gunnarsson,Emotions,2019-10-18,1in28dnidZipPOjSAx9vgH,https://open.spotify.com/track/1in28dnidZipPOjSAx9vgH,nostalgic solemn pensive
Dreamy Piano Nostalgia,Low Purr Society,Where the Quiet Waits,2025-01-24,0Cd0h3vvUHXua75zZIy1Oy,https://open.spotify.com/track/0Cd0h3vvUHXua75zZIy1Oy,nostalgic solemn pensive
Melancolia,Jan Lundgren Trio,Flowers of Sendai,2014-04-25,5GVVU3Kiyf4hpJ7x3qQbMn,https://open.spotify.com/track/5GVVU3Kiyf4hpJ7x3qQbMn,nostalgic solemn pensive
Melancholy,Calm Chords,Soothing Guitar for Relaxation,2021-05-14,2maUpmp09oanYBwMYpiBJv,https://open.spotify.com/track/2maUpmp09oanYBwMYpiBJv,nostalgic solemn pensive
Moody and Sentimental,Relaxing Jazz Piano for Restaurants,Dining Background Ambience,2020-11-15,23DPLtMX5gYhH51X2pf4eL,https://open.spotify.com/track/23DPLtMX5gYhH51X2pf4eL,nostalgic solemn pensive
Nostalgia,Sergio Sorrentino,Nostalgia,2024-01-26,1eNlVhVN2Xn2RwDUDMYGe7,https://open.spotify.com/track/1eNlVhVN2Xn2RwDUDMYGe7,nostalgic solemn pensive
"Musical Ambient Melodies for Peaceful Thoughts, Pt. 30",Ultimate Massage Music Ensemble,Relaxing Massage Music,2022-08-05,2SE6xAk4i2e7PeWyPT6bfy,https://open.spotify.com/track/2SE6xAk4i2e7PeWyPT6bfy,nostalgic solemn pensive
Melancholic Thoughts,Orchestra Rolf Wehmeier,"Romantic Area, Vol. 2",1993-08-17,3HE71iQp1fAMrCbiSF4L0W,https://open.spotify.com/track/3HE71iQp1fAMrCbiSF4L0W,nostalgic solemn pensive
Melancholic Piano Music,Panderer Mersu,12 Sad Piano Moods: Saddest Emotional Instrumental Background Ambience for Letting Go,2020-08-24,39GRaVk4tkhUrfVD1Tw8PL,https://open.spotify.com/track/39GRaVk4tkhUrfVD1Tw8PL,nostalgic solemn pensive
Nostalgic Noodles,Three Ingredients or Less,Cocktail Jazz,2014-07-03,3sykrkBtSxZP8nv3Mj9xvm,https://open.spotify.com/track/3sykrkBtSxZP8nv3Mj9xvm,nostalgic solemn pensive
Midnight Nostalgia,Acerting Art,Lofi Music Compilation,2021-11-30,15jxtPQylGuOnb1dw6Mdl8,https://open.spotify.com/track/15jxtPQylGuOnb1dw6Mdl8,nostalgic solemn pensive
Nostalgia,Serial Experiments,Nostalgia,2020-06-01,6f1F2WNxp6ktHPEVI7GNL7,https://open.spotify.com/track/6f1F2WNxp6ktHPEVI7GNL7,nostalgic solemn pensive
Nostalgic Moment,Monument Music,Nostalgic Moment,2023-08-04,4QG4juV02yzaHjjs3RuLhR,https://open.spotify.com/track/4QG4juV02yzaHjjs3RuLhR,nostalgic solemn pensive
Nostalgie,Yuki Kuramoto,Lullaby of the most comfortable in the world Cello & Piano,2014-03-01,2RHzVkdUAkbryelofkcZBc,https://open.spotify.com/track/2RHzVkdUAkbryelofkcZBc,nostalgic solemn pensive
Melancholy to Sleep,Musics For everyday,Melancholy to Sleep,2022-09-05,6Vv07dByL6Yk3a9bspqznC,https://open.spotify.com/track/6Vv07dByL6Yk3a9bspqznC,nostalgic solemn pensive
Melancholic Music,Waterlily Lake,Moving Songs and Moving Music - Sad Piano Songs That Make You Cry,2014-04-03,3gFmNgDZ6rWZtukspbjELR,https://open.spotify.com/track/3gFmNgDZ6rWZtukspbjELR,nostalgic solemn pensive
Nostalgia Piano Cocktail,Acke,"Lo-Fi Vaporwave, Vol. 1",2022-09-30,6zDlMYTeqH211nE9Up0Ym9,https://open.spotify.com/track/6zDlMYTeqH211nE9Up0Ym9,nostalgic solemn pensive
Melancholic Roots,Alio Die,Le Stanze Della Trascendenza,1999-07-23,65epJ2gr4Hrb2MdY3Ay4u7,https://open.spotify.com/track/65epJ2gr4Hrb2MdY3Ay4u7,nostalgic solemn pensive
Nostalgia,Brandon Mrgich,Nostalgia,2021-03-10,0MQlmYXwhE1tWz8vBuzxGS,https://open.spotify.com/track/0MQlmYXwhE1tWz8vBuzxGS,nostalgic solemn pensive
Milonga Melancolico,Søren Bødker Madsen,More Acoustic Guitar,2011-01-10,3gPkEs2aMWm3D3HS2BCFVJ,https://open.spotify.com/track/3gPkEs2aMWm3D3HS2BCFVJ,nostalgic solemn pensive
Melancholy Emotions,Morning Jazz Background Club,"Jazz Music for Pleasant Mornings – Instrumental Coffee Break Jazz, Breakfast Chillout, Perfect Start of the Day, Wake Up Smooth Sounds",2017-01-16,5GO3QdCi38pt4KqYdWEcZH,https://open.spotify.com/track/5GO3QdCi38pt4KqYdWEcZH,nostalgic solemn pensive
Melancholy/ Relaxing Violin Music,Relaxing violin music,Cinematic violin music for relaxation,2023-02-02,6t9suAG8AIpI8U0Kt5VbOi,https://open.spotify.com/track/6t9suAG8AIpI8U0Kt5VbOi,nostalgic solemn pensive
Nostalgia Was Our Imperfect Opiate,Occurrences In Rain,The Death of Romance,2018-11-19,7es3LI4QBP1ldSoRpIT5Xw,https://open.spotify.com/track/7es3LI4QBP1ldSoRpIT5Xw,nostalgic solemn pensive
Nostalgic Wonder,Centre,Nostalgic Wonder,2025-01-01,70tgjuCHunhcpGpcDXxCpu,https://open.spotify.com/track/70tgjuCHunhcpGpcDXxCpu,nostalgic solemn pensive
Melancholia,Luigi Marchitelli,Luigi Marchitelli,2014-02-15,7rKvEsJFCMrQz43SCHHV8I,https://open.spotify.com/track/7rKvEsJFCMrQz43SCHHV8I,nostalgic solemn pensive
Nostalgia,Hang Drum Player,Purity,2018-09-12,0kRVvkLeyk5tgVnERfxPMH,https://open.spotify.com/track/0kRVvkLeyk5tgVnERfxPMH,nostalgic solemn pensive
Melancholic Rainfall Whispers: Soulful Violin Meditations in the Rain,Rain David Sleep Dragon,Serene Strings of Rain: Embarking on a Melodic Journey with the Resonating Violin,2023-07-03,75rg0lBzom9b3AkkDeVbnJ,https://open.spotify.com/track/75rg0lBzom9b3AkkDeVbnJ,nostalgic solemn pensive
Nostalgic Nightscape,The Inner Journeyman,Chaos and Calm,2023-06-10,2gKIeGHX6E4L5kf6C47CNa,https://open.spotify.com/track/2gKIeGHX6E4L5kf6C47CNa,nostalgic solemn pensive
A Nostalgic Melody,Tony Chen,The Mighty Heroes,2017-03-24,1ZaGw9IBDWY805T2d0rAEX,https://open.spotify.com/track/1ZaGw9IBDWY805T2d0rAEX,nostalgic solemn pensive
Evening Nostalgia,Olexandr Ignatov,"Ambient Scenes, Vol. 3",2022-03-04,3LYrWOpA5o0zJQ2J2iq5PW,https://open.spotify.com/track/3LYrWOpA5o0zJQ2J2iq5PW,nostalgic solemn pensive
Melancholy Lorraine,Junichi Kamiyama J.Project,Kamiyama Junichi Collection Vol. 1,2014-10-22,275pV01Z2QW0OkJP88sdyn,https://open.spotify.com/track/275pV01Z2QW0OkJP88sdyn,nostalgic solemn pensive
Nostalgic Strings Drift,Guitar Instrumentals,Acoustic Guitar for Sleep Study and Relaxing,2025-04-11,44Yunyc3xF10dKujeWc8Pa,https://open.spotify.com/track/44Yunyc3xF10dKujeWc8Pa,nostalgic solemn pensive
Nostalgia - Instrumental,ESTi,Destiny Child (Original Soundtrack) Pt.2,2022-11-14,1LpAnlFOoQpuVeWPDqcLyx,https://open.spotify.com/track/1LpAnlFOoQpuVeWPDqcLyx,nostalgic solemn pensive
Nostalgic Landscape,Tommaso Farinetti,Nostalgic Landscape,2022-11-25,72jghqILWII6RXrOm6PuhE,https://open.spotify.com/track/72jghqILWII6RXrOm6PuhE,nostalgic solemn pensive
Nostalgia,Arvid Purna,Nostalgia,2022-02-11,2gzF9jJzPAqcWZ2XpTyr1X,https://open.spotify.com/track/2gzF9jJzPAqcWZ2XpTyr1X,nostalgic solemn pensive
Nostalgic Feeling,Hollow Transit,Relaxing Acoustic Guitar Music,2024-12-23,2gBfVqCMqjRrb3uTV6G3NH,https://open.spotify.com/track/2gBfVqCMqjRrb3uTV6G3NH,nostalgic solemn pensive
Melancholy Air - Instrumental,Daisy Chute,Cradle Songs,2022-01-28,0RBzdjOn6yWA9USU6Kczvo,https://open.spotify.com/track/0RBzdjOn6yWA9USU6Kczvo,nostalgic solemn pensive
Melancholy Raindrops,Jetmir Gashi,Rain & Piano,2023-12-28,3U3bGHP9xvqiC7bKqFDw86,https://open.spotify.com/track/3U3bGHP9xvqiC7bKqFDw86,nostalgic solemn pensive
Nostalgic Melodies,Lumina Vibe,Lofi Radio,2024-06-23,0jklkL5fEHcNJht720BYgT,https://open.spotify.com/track/0jklkL5fEHcNJht720BYgT,nostalgic solemn pensive
Ambient Piano,Spa,"Spa Music: Rain Sounds and The Most Relaxing Background Music For Spa, Massage, Yoga, Meditation, Healing and Welness, Vol. 3",2019-09-01,5Eo3y6NlFqmcgBpljC4nhj,https://open.spotify.com/track/5Eo3y6NlFqmcgBpljC4nhj,nostalgic solemn pensive
Nostalgia,純音樂,Lover's Romance Boxset Vol.1-13,2007-09-17,0fRjGDLt2nYYcYlc03jKuD,https://open.spotify.com/track/0fRjGDLt2nYYcYlc03jKuD,nostalgic solemn pensive
Nostalgia,Nicolas,Las Lomas 2,2013-03-12,2kDZn9V8yhPovAT6FP10w4,https://open.spotify.com/track/2kDZn9V8yhPovAT6FP10w4,nostalgic solemn pensive
Schattenspiel (Emotional Piano Instrumentals),Moesync,Silent Reflections (Emotional Piano Instrumentals),2024-12-23,6nccJzw7IzbLWfUk7Yx6sg,https://open.spotify.com/track/6nccJzw7IzbLWfUk7Yx6sg,nostalgic solemn pensive
Nostalgia,Lucas King,"Emotional Piano Music III, Royalty Free Piano Music",2015-06-04,7w364XNzGyynhN9oGQKTfO,https://open.spotify.com/track/7w364XNzGyynhN9oGQKTfO,nostalgic solemn pensive
Food for Thoughts (Soothing Piano Tune),Ambient Piano Works,Silent Piano Grove Focus,2024-10-29,1PbXSQ9akaCi7lkS28TDhL,https://open.spotify.com/track/1PbXSQ9akaCi7lkS28TDhL,nostalgic solemn pensive
Melancholic,Oceanic Piano,Chords of Destiny,2016-02-15,4WEil6VUS9kIpBmyaCtqY2,https://open.spotify.com/track/4WEil6VUS9kIpBmyaCtqY2,nostalgic solemn pensive
Sad Winds Ch 2,David Fesliyan,Melancholy,2021-02-12,2UIIgFjG37DSKCUwX9MlV6,https://open.spotify.com/track/2UIIgFjG37DSKCUwX9MlV6,nostalgic solemn pensive
Melancholy Jig,Relaxing Piano Music,"Relaxing Piano Music, Vol. 1",2013-03-01,2SlYcIXtPD5LWu5Zj6aqGh,https://open.spotify.com/track/2SlYcIXtPD5LWu5Zj6aqGh,nostalgic solemn pensive
Nostalgia,[.que],Wonderland,2017-06-29,0MCJ76u9KhYJ6JQjPm2nuo,https://open.spotify.com/track/0MCJ76u9KhYJ6JQjPm2nuo,nostalgic solemn pensive
Melancholic Serenity,Dreamly,Deep Sleep Music (Calm Music To Help You Fall Asleep),2023-01-24,0yJyeOnQMbBODMZy5OQCGZ,https://open.spotify.com/track/0yJyeOnQMbBODMZy5OQCGZ,nostalgic solemn pensive
Saddest Emotional Background,Panderer Mersu,12 Sad Piano Moods: Saddest Emotional Instrumental Background Ambience for Letting Go,2020-08-24,6P7QYnxm5tMvudtGgH0WYb,https://open.spotify.com/track/6P7QYnxm5tMvudtGgH0WYb,nostalgic solemn pensive
Nostalghia,Yutaka Hirose,Nostalghia,2022-05-25,01Vm2dtSYsOSTzr017gDLY,https://open.spotify.com/track/01Vm2dtSYsOSTzr017gDLY,nostalgic solemn pensive
Pink Noise Piano - Melancholic Thoughts,Pink Noise Traveler,Super Deep Pink Noise,2022-03-02,4qed3EBep4RGe4LpZYFsdO,https://open.spotify.com/track/4qed3EBep4RGe4LpZYFsdO,nostalgic solemn pensive
Distant Reflections (Emotional Piano Instrumental),Moesync,Story of Nobody (Emotional Piano Instrumental),2024-10-05,3kfADp3nugkOaSbSrq1aWu,https://open.spotify.com/track/3kfADp3nugkOaSbSrq1aWu,nostalgic solemn pensive
Nostalgia,Otomizu,Alone,2022-02-05,6BVGogxh3VgBOrRJIMTUhw,https://open.spotify.com/track/6BVGogxh3VgBOrRJIMTUhw,nostalgic solemn pensive
Nostalgic Affection,Yuhki Kuramoto,TIME FOR JOURNEY,2002-05-01,5g4gEOXXtE45OXBW1s9kZv,https://open.spotify.com/track/5g4gEOXXtE45OXBW1s9kZv,nostalgic solemn pensive
Mélancolie,Damien Dubois,Le long voyage,2011-12-11,5BJXOxWBhLAAKOZ9Gz8wLc,https://open.spotify.com/track/5BJXOxWBhLAAKOZ9Gz8wLc,nostalgic solemn pensive
Sad Piano Music,George d'Einaudio,50 Piano Pieces - Relaxing Piano Music & New Age Romantic Background,2015-11-09,45fTNrSLhehLjjF1sko5PF,https://open.spotify.com/track/45fTNrSLhehLjjF1sko5PF,nostalgic solemn pensive
Silent Solitude,Nozttalgy,Music for Worthless People,2020-04-26,3q6uzIZW5myHsiIMpPE6Th,https://open.spotify.com/track/3q6uzIZW5myHsiIMpPE6Th,nostalgic solemn pensive
Nostalgic Devotion,Excellete,Where the Heart Settles,2024-08-30,3xcfyKm4938Qqzd4W3eGeP,https://open.spotify.com/track/3xcfyKm4938Qqzd4W3eGeP,nostalgic solemn pensive
Nostalgia,Woo,Woo Romantics,2016-07-14,4OdaPVQHi9wNQMaWnBwQQv,https://open.spotify.com/track/4OdaPVQHi9wNQMaWnBwQQv,nostalgic solemn pensive
Quiet Hours (Emotional Piano Instrumentals),Moesync,Time Lost (Emotional Piano Instrumentals),2024-10-08,7My7ZpgGXuF0edVnP0TnLC,https://open.spotify.com/track/7My7ZpgGXuF0edVnP0TnLC,nostalgic solemn pensive
Guitar_Melancholy2,PeriTune,Cuddly Moments,2024-10-20,0jxtyYVDmzgEUJYf60uvOZ,https://open.spotify.com/track/0jxtyYVDmzgEUJYf60uvOZ,nostalgic solemn pensive
Mellow Piano,Piano Bar Music Guys,"Melancholy Time with Jazz – Relaxed Piano, Instrumental Music, Essential Melodies, Melancholy Jazz",2017-09-27,08gqSFNgZwTCwjtXKXzxl1,https://open.spotify.com/track/08gqSFNgZwTCwjtXKXzxl1,nostalgic solemn pensive
Melancholia (Sad Instrumental Music),Ayurveda Gewürze,Traurige Musik: Traurige Lieder und Klaviermusik,2012-03-11,03FNmDhgEthpz5PXZO6JDd,https://open.spotify.com/track/03FNmDhgEthpz5PXZO6JDd,nostalgic solemn pensive
Melancólico Inspirador,Musica Instrumental Bonita,Musicas Melancólicas,2022-09-05,1asy3WMQ3QMMJ50CKYpMqj,https://open.spotify.com/track/1asy3WMQ3QMMJ50CKYpMqj,nostalgic solemn pensive
Nostalgia,Musica Reiki,Instrumental Piano for Deep Relaxation,2018-10-15,6SvmofPuTOR1WaNPM3zxq2,https://open.spotify.com/track/6SvmofPuTOR1WaNPM3zxq2,nostalgic solemn pensive
Nostalgic - Instrumental,Mz Boom Bap,Sorcery (Instrumentals),2018-12-21,6G3VId42H6fFJhlNBYvECz,https://open.spotify.com/track/6G3VId42H6fFJhlNBYvECz,nostalgic solemn pensive
Nostalghia: Motif 1,Marihiko Hara,Nostalghia,2010-03-30,4U8x2Y9JveyP7uRoWr2G2Q,https://open.spotify.com/track/4U8x2Y9JveyP7uRoWr2G2Q,nostalgic solemn pensive
Melancólico Relaxante,Musica Instrumental Bonita,Musicas Melancólicas,2022-09-05,2RrxCrOqgPRv3jO1g5jmZp,https://open.spotify.com/track/2RrxCrOqgPRv3jO1g5jmZp,nostalgic solemn pensive
Nostalgia Softness,Copacetic Calming,Nostalgia Softness,2024-06-14,1mjIs8kILUirthVTBdhwEp,https://open.spotify.com/track/1mjIs8kILUirthVTBdhwEp,nostalgic solemn pensive
Nostalgia,Francis Goya,Nostalgia,2019-07-02,5WxjkFqEoiyK5IJ3xkHOTj,https://open.spotify.com/track/5WxjkFqEoiyK5IJ3xkHOTj,nostalgic solemn pensive
Nostalgia,Andrew Heath,Konstruct Three (Squared),2021-06-18,4harpkwWf2gnCx5gyopCbc,https://open.spotify.com/track/4harpkwWf2gnCx5gyopCbc,nostalgic solemn pensive
Melancholy Rain (Relax Short Tune),This Fall,"Short Songs & Electronic Interludes Royalty Free Music for Videos, Commercials and Short Films",2012-11-22,1fkyHk5FXI91J2RXZolUzX,https://open.spotify.com/track/1fkyHk5FXI91J2RXZolUzX,nostalgic solemn pensive
Nostalgia,Sangah Noona,"Real Piano, Vol. 1",2019-06-15,2Bq7LroBsbdEBiWgxunKoU,https://open.spotify.com/track/2Bq7LroBsbdEBiWgxunKoU,nostalgic solemn pensive
Nostalgia.,Takeshi Senoo,Anchors. The Best of Senoo 2000-2009,2009-09-09,25YZt2Zn1bNDvWQ6h3etMM,https://open.spotify.com/track/25YZt2Zn1bNDvWQ6h3etMM,nostalgic solemn pensive
Sentimental Trip,Sad Violin,Relaxing Instrumental Music and Sad Songs to Make You Cry,2022-01-27,1av3oLfSyC4SCyujFUScSk,https://open.spotify.com/track/1av3oLfSyC4SCyujFUScSk,nostalgic solemn pensive
Nostalgic Winter,Dreaming Fairy,Seasons of Emotion,2023-06-05,3nWiaoOujouqmYktXI5deV,https://open.spotify.com/track/3nWiaoOujouqmYktXI5deV,nostalgic solemn pensive
Sad Melody - Sad Piano Music,Ludovico Allevia,50 Relaxing Zen Tracks - Soothing Healing Music & Relaxing Background Music for Meditation and Rest,2015-09-28,5lmD6QW4d5YweT47lbcKfZ,https://open.spotify.com/track/5lmD6QW4d5YweT47lbcKfZ,nostalgic solemn pensive
Piano Dreams,Dark Ambient Creator,"Dark Ambient Drones for Relaxing, Dreaming, Chilling and Tripping, Vol. 1",2015-08-31,5g1MRVVIN7TM94jEjWsly3,https://open.spotify.com/track/5g1MRVVIN7TM94jEjWsly3,nostalgic solemn pensive
Ambient Dreaming,"Positive Thinking: Music To Develop A Complete Meditation Mindset For Yoga, Deep Sleep",Positive Thinking with Yoga Music,2015-12-30,6sZfQ77EEYdPiwSZAySpJ9,https://open.spotify.com/track/6sZfQ77EEYdPiwSZAySpJ9,nostalgic solemn pensive
Nostalgique,Kyle Eastwood,Timepieces (Bonus Track Version),2015-04-20,6iyFOmrfr6enNLNszN1qld,https://open.spotify.com/track/6iyFOmrfr6enNLNszN1qld,nostalgic solemn pensive
Sedated Ambient,"Soft Background Music, Relaxing Instrumental Music",Soft Background Pianist,2025-02-24,0vix4KKByqXpYYZjja3U96,https://open.spotify.com/track/0vix4KKByqXpYYZjja3U96,nostalgic solemn pensive
Nostalgia,Dominik A. Hecker,Raise the Sky,2021-06-30,6tXlgg7Kthhvup7Bb0mfZ4,https://open.spotify.com/track/6tXlgg7Kthhvup7Bb0mfZ4,nostalgic solemn pensive
Nostalgic Piano - Solo Piano,SiB Music,Nostalgic Piano (Solo Piano),2022-11-11,75ho1LbS7rGZiVq8mbhi6j,https://open.spotify.com/track/75ho1LbS7rGZiVq8mbhi6j,nostalgic solemn pensive
Piano Stillness,Ambient Space,Atmospheric Piano,2021-05-06,0dYEIqJyGz7Jvq5oKcCKq4,https://open.spotify.com/track/0dYEIqJyGz7Jvq5oKcCKq4,nostalgic solemn pensive
Nostalgic Touch,Quiet Corners,Nova Lux,2021-09-17,1LhSPIXa56BHvAflsYqOvg,https://open.spotify.com/track/1LhSPIXa56BHvAflsYqOvg,nostalgic solemn pensive
Nostalgic Sunset,Oshveda,Point of Silence,2024-02-27,2tdec2hKXl246XipnxiIwM,https://open.spotify.com/track/2tdec2hKXl246XipnxiIwM,nostalgic solemn pensive
Intense Melancholy,Pianobar Moods,"Intense Melancholy: Instrumental Piano, Soft Melodies for Sentimental Emotions",2019-04-24,3iSY7kDqA00XODvYW3EJMC,https://open.spotify.com/track/3iSY7kDqA00XODvYW3EJMC,nostalgic solemn pensive
Very Nostalgic,Philippe Breniaux,Emotional Violin,2015-08-11,7pRmjl3Bd4aerqIuMYTCDW,https://open.spotify.com/track/7pRmjl3Bd4aerqIuMYTCDW,nostalgic solemn pensive
Quiet Reflections Atmosphere,Peaceful Mind Music Consort,"Time to Log Off (Natural Mental Detox, Refrains Using Digitals, Yoga Retreats, Thai Hypnotic Meditation, Calm Sounds, Silence Your Mind)",2017-10-03,3SUP6XGukI3JGJwNIpAahG,https://open.spotify.com/track/3SUP6XGukI3JGJwNIpAahG,nostalgic solemn pensive
Nostalgic Nights,Luna Zenith,Ballads,2023-06-14,17ONYBc70pWhwjptLU6fjb,https://open.spotify.com/track/17ONYBc70pWhwjptLU6fjb,nostalgic solemn pensive
Melodic Memories,Harp Heaven,Harp Relaxation,2021-03-23,6zRlOaAKPrNwxJeGthMxd3,https://open.spotify.com/track/6zRlOaAKPrNwxJeGthMxd3,nostalgic solemn pensive
Abstraktion (Emotional Piano Instrumentals),Moesync,Silent Reflections (Emotional Piano Instrumentals),2024-12-23,3F8vjvyPB2EJ8sbcXQNjkw,https://open.spotify.com/track/3F8vjvyPB2EJ8sbcXQNjkw,nostalgic solemn pensive
Melancholy Healing,Relax α Wave,Piano for Instant Healing,2023-01-10,2uqXAOyTPtaLJnmV3A2XqR,https://open.spotify.com/track/2uqXAOyTPtaLJnmV3A2XqR,nostalgic solemn pensive
Nostalgia,Crinkles,Soundtrack from a Box 21,2018-11-22,4Ar6xiSkPGjy191GZZaZdl,https://open.spotify.com/track/4Ar6xiSkPGjy191GZZaZdl,nostalgic solemn pensive
Nostalgic Memory,Enrica Sciandrone,Italian Cinema,2017-09-22,5TndkRFUt6BO3PWRnmsDdH,https://open.spotify.com/track/5TndkRFUt6BO3PWRnmsDdH,nostalgic solemn pensive
A Nostalgic Day,Yu Minu,Calm Emotion Piano Collection,2018-12-05,5S27qixIEaDFCzzVPolIhz,https://open.spotify.com/track/5S27qixIEaDFCzzVPolIhz,nostalgic solemn pensive
Nostalgia,Kyosuke takahashi,UKULELE SHOW,2022-01-26,47xINRNwuBT5IJ0Ys8cWXd,https://open.spotify.com/track/47xINRNwuBT5IJ0Ys8cWXd,nostalgic solemn pensive
Melancholy Tape,Tentacle,Light Noise,2022-03-31,52bm7rQv0zvPs0kbuneTZn,https://open.spotify.com/track/52bm7rQv0zvPs0kbuneTZn,nostalgic solemn pensive
Nostalgia,Devaldi,Mediterana,2018-03-01,1CYYIRIfIqsNG59laDK8rV,https://open.spotify.com/track/1CYYIRIfIqsNG59laDK8rV,nostalgic solemn pensive
Nostalgia,Beautiful Pea Green Boat,Doctor Death's Vol. IV: The Marvels Of Insect Life (Instrumental Companion),2021-12-31,3Jikr0KwZfeoURfkzVh0nC,https://open.spotify.com/track/3Jikr0KwZfeoURfkzVh0nC,nostalgic solemn pensive
Nostalgic Person,Feeling Drawings,Nostalgic person,2015-05-26,3CRO9zGbTI9nJoVzZCpkol,https://open.spotify.com/track/3CRO9zGbTI9nJoVzZCpkol,nostalgic solemn pensive
Melancólico Noturno para Dormir,Musica Instrumental Bonita,Musicas Melancólicas,2022-09-05,4Eu5XWGQtWazNi45wXDONB,https://open.spotify.com/track/4Eu5XWGQtWazNi45wXDONB,nostalgic solemn pensive
Reflection,Ambient Space,Atmospheric Piano,2021-05-06,0nJfkKYqgbDpbVVTfSQx75,https://open.spotify.com/track/0nJfkKYqgbDpbVVTfSQx75,nostalgic solemn pensive
Melancholy Synthwave,Musics For everyday,Melancholy Synthwave,2022-10-02,3UQPfJSY38MhPbTdfkW5zq,https://open.spotify.com/track/3UQPfJSY38MhPbTdfkW5zq,nostalgic solemn pensive
Rainfall Nocturne: Melancholic Violin Melodies with Rain,Rain David Sleep Dragon,Serene Strings of Rain: Embarking on a Melodic Journey with the Resonating Violin,2023-07-03,3DqdtnVFDU5XILc598wb9V,https://open.spotify.com/track/3DqdtnVFDU5XILc598wb9V,nostalgic solemn pensive
Melancholy,Bryant Payton,Oktober 22,2018-06-01,7jueQiATBr0eiievAsw90Z,https://open.spotify.com/track/7jueQiATBr0eiievAsw90Z,nostalgic solemn pensive
Rainy Nocturne: Melancholic Violin Serenade in the Rain,Rain David Sleep Dragon,Serene Strings of Rain: Embarking on a Melodic Journey with the Resonating Violin,2023-07-03,1nkxw0KQ0PFKc02UPgrtxF,https://open.spotify.com/track/1nkxw0KQ0PFKc02UPgrtxF,nostalgic solemn pensive
Melancholy Melodies,Piano Relaxation,Background Piano Music,2024-05-11,5LXPMkdvIk4BhY6PiPFVsH,https://open.spotify.com/track/5LXPMkdvIk4BhY6PiPFVsH,nostalgic solemn pensive
Melodic Rainfall Melancholy,Sleep Fruits Music,Insomnia Relief Rain,2023-09-13,104GAGXVIdNPSspRD2DxUe,https://open.spotify.com/track/104GAGXVIdNPSspRD2DxUe,nostalgic solemn pensive
Rainy Violin Serenade: Melancholic Melodies in the Shower,Rain David Sleep Dragon,Serene Strings of Rain: Embarking on a Melodic Journey with the Resonating Violin,2023-07-03,4yUXtgW92FeNcR4ALZ3qrI,https://open.spotify.com/track/4yUXtgW92FeNcR4ALZ3qrI,nostalgic solemn pensive
Nostalgic Underground,Lotus land,SUNRISE,2016-09-07,35IaDvTuShfVAtTtDZI8xb,https://open.spotify.com/track/35IaDvTuShfVAtTtDZI8xb,nostalgic solemn pensive
Melancholy 2,David Qualey,Time Passing,2000-04-12,2vYXQSUJ0AVT6bMB3RX3Uz,https://open.spotify.com/track/2vYXQSUJ0AVT6bMB3RX3Uz,nostalgic solemn pensive
Nostalgia,Satria Petir,Different Sky,2022-03-21,4iMGgvfcjAjf5KwinM1HFS,https://open.spotify.com/track/4iMGgvfcjAjf5KwinM1HFS,nostalgic solemn pensive
Introspective Dream,Eric Harry,"Away Melancholy, Away",2009-01-08,7AARwdKycaUJAxdfwnDivb,https://open.spotify.com/track/7AARwdKycaUJAxdfwnDivb,nostalgic solemn pensive
Melancholy Jazz Whispers,Relaxing Jazz Music Instrumental,Soft Jazz Swing Background Ambience,2025-08-22,4ZBtiLm9En3CivA9gr1rhQ,https://open.spotify.com/track/4ZBtiLm9En3CivA9gr1rhQ,nostalgic solemn pensive
Nostalgy,Emile Von Schomberg,Transition,2019-12-23,0KYyuAs3xSnMEBFdghtGdv,https://open.spotify.com/track/0KYyuAs3xSnMEBFdghtGdv,nostalgic solemn pensive
Melancholic Reflections,Chillout Music,Chillout Vibes: Lo-Fi and Relaxing Music,2025-02-07,0gbBUHNCNpoZuiME4uu4Tu,https://open.spotify.com/track/0gbBUHNCNpoZuiME4uu4Tu,nostalgic solemn pensive
Melancolias,Aaron Monteverde,Melancolias,2016-07-15,1YxKzS4ndu3O5I1yuevFJq,https://open.spotify.com/track/1YxKzS4ndu3O5I1yuevFJq,nostalgic solemn pensive
Nostalchic,George Georgia,Warm Worlds,2019-08-16,2GtBFTNTVvTn7aPW6drsSw,https://open.spotify.com/track/2GtBFTNTVvTn7aPW6drsSw,nostalgic solemn pensive
Melancholic Sad Piano,Oleg Kirilkov,Sad Piano,2022-04-28,5u7J1Nh3Kwy0DeGiU2lYx8,https://open.spotify.com/track/5u7J1Nh3Kwy0DeGiU2lYx8,nostalgic solemn pensive
Piano Sentimental,Música de Fondo Colección,Piano Melancólico para Videos Tristes,2021-02-03,5C4lwD6O2VX6I34G6YJuGj,https://open.spotify.com/track/5C4lwD6O2VX6I34G6YJuGj,nostalgic solemn pensive
Melancholy Jazz,Alternative Jazz Lounge,2017 Jazz,2017-10-31,2BgtZrlHOsE84tVxO2Hc9L,https://open.spotify.com/track/2BgtZrlHOsE84tVxO2Hc9L,nostalgic solemn pensive
Nostalgia INSTRUMENTAL,Melodías de Fe,Classic Christian Music 50s Style,2025-09-08,5zGvZpU8qBglcl7TM9o0Z4,https://open.spotify.com/track/5zGvZpU8qBglcl7TM9o0Z4,nostalgic solemn pensive
Nostalgia for a Lost Joy,J Donald Walters,Life Is the Quest for Joy,1994-01-01,5YqNEdZeHWybYZ8TE5mCy9,https://open.spotify.com/track/5YqNEdZeHWybYZ8TE5mCy9,nostalgic solemn pensive
A Nostalgic Melody (Piano Solo),Tony Chen,The Mighty Heroes,2017-03-24,5FWU3tzezNVIyfx1RDRWjS,https://open.spotify.com/track/5FWU3tzezNVIyfx1RDRWjS,nostalgic solemn pensive
Souvenirs Nostalgiques,Coversart,Quantum Mechanics,2024-10-04,0dfg8k2BMU0LZf1xkjwdbN,https://open.spotify.com/track/0dfg8k2BMU0LZf1xkjwdbN,nostalgic solemn pensive
Piano Melancolía,Piano Melancolía,"Piano Dreamland – Romantic Melodies for Relaxation, Deep Sleep, Spa, Stress Relief, Wellness, Meditation, Yoga and Health",2013-09-02,5BwgFol9Vm5xYr5S3DYwXV,https://open.spotify.com/track/5BwgFol9Vm5xYr5S3DYwXV,nostalgic solemn pensive
Nostalgia,Victor Bouzard,Melancholy,2024-11-29,4UOOqvwadNNipGKQPQ21DZ,https://open.spotify.com/track/4UOOqvwadNNipGKQPQ21DZ,nostalgic solemn pensive
Nostalgic Feel Piano,Cheng Lee,和風ピアノセレクション 4 -リラックスできるしっとりおだやかなBGM-,2022-08-23,6R3339GIvz2B4iM9f38YOi,https://open.spotify.com/track/6R3339GIvz2B4iM9f38YOi,nostalgic solemn pensive
Dreamy Piano,Ambient Space,Atmospheric Piano,2021-05-06,3B2EBrfVrE6MHaugsEqHfJ,https://open.spotify.com/track/3B2EBrfVrE6MHaugsEqHfJ,nostalgic solemn pensive
Nostalgic Rain,Taku Yabuki,Voyager,2022-09-07,0ZHUn2Yf9qmi1ihPEb0UTU,https://open.spotify.com/track/0ZHUn2Yf9qmi1ihPEb0UTU,nostalgic solemn pensive
Nostalgia for Us,In'R'Voice,Aesthetica,2015-08-31,7DyFyUu2zD7gaNbhtXrLyg,https://open.spotify.com/track/7DyFyUu2zD7gaNbhtXrLyg,nostalgic solemn pensive
Ambient Emotional,Piano Express,Peaceful Pianos,2024-12-23,0VPBhuHd44Wrm7RGlKvDtm,https://open.spotify.com/track/0VPBhuHd44Wrm7RGlKvDtm,nostalgic solemn pensive
Nostalgia,Panos Fotakos,Nostalgia,2022-09-13,5pkeYCroOYEF4TcxgZQAN7,https://open.spotify.com/track/5pkeYCroOYEF4TcxgZQAN7,nostalgic solemn pensive
Ambient Music Piano,Night Wonderland,Slow Songs,2012-03-15,74yaZOviyRDhf13PXAFwXc,https://open.spotify.com/track/74yaZOviyRDhf13PXAFwXc,nostalgic solemn pensive
Peaceful Ambient,makesound music,Chill Lounge Music,2022-10-15,6qYRHf21DUhUJJe0zSPLtO,https://open.spotify.com/track/6qYRHf21DUhUJJe0zSPLtO,nostalgic solemn pensive
Meditation And Deep Sleep Ambience,Instrumental Sleep Relax Music,Meditation And Deep Sleep Ambience,2020-02-13,7kIDs1TP2uGxtIHy8DzrOD,https://open.spotify.com/track/7kIDs1TP2uGxtIHy8DzrOD,nostalgic solemn pensive
Nostalgia,Spiritloom,Whispers of the Undiscovered,2017-04-27,6FedMKTBrF15kWA4lUC2ZU,https://open.spotify.com/track/6FedMKTBrF15kWA4lUC2ZU,nostalgic solemn pensive
Mellow Reflections,Piano Softly,Mellow Mirage,2023-08-10,5fpG5NJISeanxSqUEH5rqO,https://open.spotify.com/track/5fpG5NJISeanxSqUEH5rqO,nostalgic solemn pensive
Melancholia,Panflöten Träume,"Relaxing Pan Flute 2, Atmospheric Melodies Played on the Panflute",2020-01-18,55LQweY1MMwwpiNVvkNTA9,https://open.spotify.com/track/55LQweY1MMwwpiNVvkNTA9,nostalgic solemn pensive
Nostalgia,Melchior Sultana,Cosmic Soul,2019-12-06,7GYhCOb3K5MP8xIPTo1RSQ,https://open.spotify.com/track/7GYhCOb3K5MP8xIPTo1RSQ,nostalgic solemn pensive
Relaxing Ambient Music,Soothing Chill Out for Insomnia,"Relaxing Melodies for Children - Favorites Instrumental Piano Music for Sleep, Lullabies, Baby Music, Nursery Rhymes, Baby Sleep Training, Baby Relax",2015-05-26,7ihtXcj2LCfubq6Fz8M85s,https://open.spotify.com/track/7ihtXcj2LCfubq6Fz8M85s,nostalgic solemn pensive
Melancholic Feel - Nostalgic Relapse's Version,Norman Cooper,Melancholic Feel (Nostalgic Relapse's Version),2023-06-30,67jszQ1A8Xvf0b223HJ20g,https://open.spotify.com/track/67jszQ1A8Xvf0b223HJ20g,nostalgic solemn pensive
Introspection,Ambient Space,Atmospheric Piano,2021-05-06,4HasWZiXRZPx500JvI7nfS,https://open.spotify.com/track/4HasWZiXRZPx500JvI7nfS,nostalgic solemn pensive
Peaceful Quiet at Last,Piano Music for Work,50 Ambient Piano Classics for Sleep,2022-07-26,5KDIAcJPh2yTxPgHE3hnQs,https://open.spotify.com/track/5KDIAcJPh2yTxPgHE3hnQs,nostalgic solemn pensive
Remembrance,An Imaginal Space,Music for Rainy Day's,2014-01-26,79UbYznJPU1bo3PPcxZDzA,https://open.spotify.com/track/79UbYznJPU1bo3PPcxZDzA,nostalgic solemn pensive
Melancolia para a Alma,Musica Instrumental Bonita,Musicas Melancólicas,2022-09-05,2u82462aTmqEnkMe4zQgbm,https://open.spotify.com/track/2u82462aTmqEnkMe4zQgbm,nostalgic solemn pensive
Nostalgic Memories of the Last Sunbeam of Autumn,ㅤKurosaki,An Eternity Waiting,2019-08-28,0iadBwktZiLgro6kmGdBhs,https://open.spotify.com/track/0iadBwktZiLgro6kmGdBhs,nostalgic solemn pensive
Jazz Melancolico com Piano de Fundo,Musica Instrumental Bonita,Jazz Melancolico com Piano de Fundo,2022-08-24,1u6wh4GH3sYffEDCkOwixA,https://open.spotify.com/track/1u6wh4GH3sYffEDCkOwixA,nostalgic solemn pensive
Villa Paradisio: Nostalgic d'une autre vie,Léo Nissim,Villa Paradisio,2009-05-01,32VwMHaq9mJzDoC1Dm3b0f,https://open.spotify.com/track/32VwMHaq9mJzDoC1Dm3b0f,nostalgic solemn pensive
Piano Instrumental,Música de Fondo Colección,Piano Melancólico para Videos Tristes,2021-02-03,58JImX2KL8xNjs81qJkEsI,https://open.spotify.com/track/58JImX2KL8xNjs81qJkEsI,nostalgic solemn pensive
Melancholy,Background Instrumental Jazz,Never Ending Vibe,2022-12-21,1c9evYdONmdwxh7saD7Gx9,https://open.spotify.com/track/1c9evYdONmdwxh7saD7Gx9,nostalgic solemn pensive
Nostalgia,Oscar Carmona,Tríptico,2021-10-22,5NsDJGwq6ux52X4sqo341H,https://open.spotify.com/track/5NsDJGwq6ux52X4sqo341H,nostalgic solemn pensive
Ambient Piano,Piano Music Spa,Soothing Melodies: Calm Piano Instrumentals,2024-06-29,3Hi0vEypRuyrfZ2bnvRXmt,https://open.spotify.com/track/3Hi0vEypRuyrfZ2bnvRXmt,nostalgic solemn pensive
Rainy Reflections: Reflective Violin Serenade in the Rainfall,Rain David Sleep Dragon,Serene Strings of Rain: Embarking on a Melodic Journey with the Resonating Violin,2023-07-03,1NbNjRAdAoRnBAn41fv6nK,https://open.spotify.com/track/1NbNjRAdAoRnBAn41fv6nK,nostalgic solemn pensive
Present Spirit,Aestetica,Meditational Sermons Vol.2,2019-11-21,7sh17b2ge1t69qAoWE1sqL,https://open.spotify.com/track/7sh17b2ge1t69qAoWE1sqL,nostalgic solemn pensive
Emocionante,Musica Ambiental,Ambiente Tranquilo,2016-09-26,2mqjLK0hSX9juP1LK5dmhl,https://open.spotify.com/track/2mqjLK0hSX9juP1LK5dmhl,nostalgic solemn pensive
Nostalgia,Edgar Palacios,"Legado, Vol. 2",2018-05-09,7jiP2dyJk4bwqYRm3wRnvA,https://open.spotify.com/track/7jiP2dyJk4bwqYRm3wRnvA,nostalgic solemn pensive
The Melancholy of the Roupeiro - Piano Version,Teruyuki Nobuchika,The Melancholy of the Roupeiro - Original Soundtrack,2018-01-06,4nwEJoGHnAPSiYAhGLixf1,https://open.spotify.com/track/4nwEJoGHnAPSiYAhGLixf1,nostalgic solemn pensive
Pensive,Thomas Erwin,Pensive,2022-12-02,5tct5vmfpv1qpFy7L2h7hN,https://open.spotify.com/track/5tct5vmfpv1qpFy7L2h7hN,nostalgic solemn pensive
Sunset Serenade Melancholic Stillness,Meditation Time,Sundown Solitude Serene Reflection,2023-11-15,37ZiO26NjtHTCyoBTekcNJ,https://open.spotify.com/track/37ZiO26NjtHTCyoBTekcNJ,nostalgic solemn pensive
Sleep Piano Ambience,Ambient Space,Atmospheric Piano,2021-05-06,55cp4rRDe08UlKvoyxpeU3,https://open.spotify.com/track/55cp4rRDe08UlKvoyxpeU3,nostalgic solemn pensive
Meditation Piano,Ambient Space,Atmospheric Piano,2021-05-06,7hnFT7yizvCtQsqTUsYPR1,https://open.spotify.com/track/7hnFT7yizvCtQsqTUsYPR1,nostalgic solemn pensive
Melancholy Waterfront,Nature Sound Collection,10 AM Woodlands: Celestial Bliss Voyage,2024-08-18,1j2KCHPp63GJjoGWx1hHu5,https://open.spotify.com/track/1j2KCHPp63GJjoGWx1hHu5,nostalgic solemn pensive
Gentle Atmospheric Piano,Ambient Space,Atmospheric Piano,2021-05-06,2hKY82CIN5i2QzfHTv1OZk,https://open.spotify.com/track/2hKY82CIN5i2QzfHTv1OZk,nostalgic solemn pensive
Sad Piano Sounds,Lucio Belmonte,Piano for Wellness | Meditative Sounds | Spa and Wellness Piano | Piano for Anxiety | Mental Wellness Piano | Find Your Inner Peace,2022-04-15,79s46RxxaVj5ww786VArH8,https://open.spotify.com/track/79s46RxxaVj5ww786VArH8,nostalgic solemn pensive
Nostalgia for Tomorrow,Arctic Comfort,Reflections in Moonlit Waters,2017-11-05,3AOUW7bQuXRZA9CHceEDN4,https://open.spotify.com/track/3AOUW7bQuXRZA9CHceEDN4,nostalgic solemn pensive
Piano Melancolia,Piano Melancolía,World of Relaxation - Best of Relaxation & Chillout Piano Moves Vol. 1,2017-08-27,0MXu41Xjzv49VQ1w6YJEFq,https://open.spotify.com/track/0MXu41Xjzv49VQ1w6YJEFq,nostalgic solemn pensive
Nostalgia,Aage Kvalbein,Mirakler Fra Den Nye Verden,2006-03-13,05Ndxt3F1qEBTtUjML8VcW,https://open.spotify.com/track/05Ndxt3F1qEBTtUjML8VcW,nostalgic solemn pensive
Melancia - Instrumental,Orquestra Atlântica,Orquestra Atlântica,2014-01-20,6QHDJhRttHkyCtk9U5zR7s,https://open.spotify.com/track/6QHDJhRttHkyCtk9U5zR7s,nostalgic solemn pensive
Sunset Piano,Ambient Space,Atmospheric Piano,2021-05-06,4ZC2pejTNlNullnOGUGiI2,https://open.spotify.com/track/4ZC2pejTNlNullnOGUGiI2,nostalgic solemn pensive
Melancholia,Fleurs de Son,Melancholia,2023-11-10,2CzF1s66gjd5vxjVNjqHXZ,https://open.spotify.com/track/2CzF1s66gjd5vxjVNjqHXZ,nostalgic solemn pensive
Nostalgia,Enesence,Nostalgia,2021-11-26,711YGqwo1gA50Vlx8xzDho,https://open.spotify.com/track/711YGqwo1gA50Vlx8xzDho,nostalgic solemn pensive
Magnificent Melancholy,Tantric Soul,Pianopolis Minor,2021-03-05,1Gn408kJXR6iqYTbNc1gKN,https://open.spotify.com/track/1Gn408kJXR6iqYTbNc1gKN,nostalgic solemn pensive
Calming Piano,Ambient Space,Atmospheric Piano,2021-05-06,7244ioOvUNAIJY0InsWlmW,https://open.spotify.com/track/7244ioOvUNAIJY0InsWlmW,nostalgic solemn pensive
Melancholic Whispers,Vozhara,Melancholic Whispers,2024-10-20,7c5JxY9eIgFcNEEuaCRA9T,https://open.spotify.com/track/7c5JxY9eIgFcNEEuaCRA9T,nostalgic solemn pensive
Nostalgi,Silje Helle,Nostalgi,2021-11-30,3lKyX9RejdPcuZ9NudSeGw,https://open.spotify.com/track/3lKyX9RejdPcuZ9NudSeGw,nostalgic solemn pensive
Nostalgia,Melodías Mágicas,Guitarra Romántica,2015-06-06,3NDagulbNlx9PuRbnazgzQ,https://open.spotify.com/track/3NDagulbNlx9PuRbnazgzQ,nostalgic solemn pensive
Melancolica - Instrumental,Sergej Sweschinski,La Folia (Instrumental),2017,25xvIWqTq8h8fDkIbecMhI,https://open.spotify.com/track/25xvIWqTq8h8fDkIbecMhI,nostalgic solemn pensive
Melanchoolia,Thomas Lindahl,Cinemascore,2009-12-31,6VUMGlFUloMoXW3qxsxugt,https://open.spotify.com/track/6VUMGlFUloMoXW3qxsxugt,nostalgic solemn pensive
Sad Piano music,Lucio Belmonte,Piano for Wellness | Meditative Sounds | Spa and Wellness Piano | Piano for Anxiety | Mental Wellness Piano | Find Your Inner Peace,2022-04-15,7dYPKnfKZivEu0r2Tbqgnw,https://open.spotify.com/track/7dYPKnfKZivEu0r2Tbqgnw,nostalgic solemn pensive
Nostalgie,Piano bar musique masters,"Café piano bar - Jazz pour détente, Matin douce, Instrumentale musique de fond, Relaxation profonde",2017-09-05,0hheMksLWhL7YZndeiHvUy,https://open.spotify.com/track/0hheMksLWhL7YZndeiHvUy,nostalgic solemn pensive
Remembering,Calma - Natural Relaxing Soundscape,"Relaxing Ambient Music For Insomnia, Studying, Meditation & Chill 432Hz",2022-07-29,2aS7LyRly6LeKtvvUNLIAh,https://open.spotify.com/track/2aS7LyRly6LeKtvvUNLIAh,nostalgic solemn pensive
Melancholie,Michael Schlierf,Inspirations,2002-02-13,7iFcTaSCetppg5eb8NOIxY,https://open.spotify.com/track/7iFcTaSCetppg5eb8NOIxY,nostalgic solemn pensive
Nostalgia,Sound Seasons Project,"Sound Seasons, Vol. 2",2019-08-01,2reePLKc7iCANGJtlqdbKh,https://open.spotify.com/track/2reePLKc7iCANGJtlqdbKh,nostalgic solemn pensive
Nostalgia,Hushed Soundscapes,Remedies,2025-01-10,2ILQP8sDaNXn3jCj60GD2j,https://open.spotify.com/track/2ILQP8sDaNXn3jCj60GD2j,nostalgic solemn pensive
Solstice Melancholy,Instrumental Resonance,"Instrumental Soul, Vol.1 Dewdrop Ballad",2025-03-21,7LZ7quFFRBwYF8CqJppB92,https://open.spotify.com/track/7LZ7quFFRBwYF8CqJppB92,nostalgic solemn pensive
Melancholic,Brian Mulders,PIANO THERAPY : Serenity pieces,2023-02-26,3R2X3fEZHlujwYzcoCVODz,https://open.spotify.com/track/3R2X3fEZHlujwYzcoCVODz,nostalgic solemn pensive
Melancholy,Piano Dreamers,Perfect Piano Ballads,2023-03-08,7LKcloCOxFYpAf9BCFZs5I,https://open.spotify.com/track/7LKcloCOxFYpAf9BCFZs5I,nostalgic solemn pensive
Nostalgia,Low Shao Suan,Music Diaries,2016-04-01,50JEBwUtunlR0GwpkCNxbx,https://open.spotify.com/track/50JEBwUtunlR0GwpkCNxbx,nostalgic solemn pensive
Nostalghia: 1967,Marihiko Hara,Nostalghia,2010-03-30,2lB5Dg2m438rj0P9uAhaMa,https://open.spotify.com/track/2lB5Dg2m438rj0P9uAhaMa,nostalgic solemn pensive
Nostalgia,Marcel Barsotti,The Power,2020-02-10,4L1AGrMUiG7OYpiYJrkAWt,https://open.spotify.com/track/4L1AGrMUiG7OYpiYJrkAWt,nostalgic solemn pensive
Midnight,Ambient Space,Atmospheric Piano,2021-05-06,2XugFN8PaXh72DJgWE4qF6,https://open.spotify.com/track/2XugFN8PaXh72DJgWE4qF6,nostalgic solemn pensive
Wandering,Ambient Space,Atmospheric Piano,2021-05-06,2WorTxE2plv9rrB7I6LVxO,https://open.spotify.com/track/2WorTxE2plv9rrB7I6LVxO,nostalgic solemn pensive
Lovely,Ambient Space,Atmospheric Piano,2021-05-06,1Ml2tjPa7iPQ4F87xIyI70,https://open.spotify.com/track/1Ml2tjPa7iPQ4F87xIyI70,nostalgic solemn pensive
Thoughts,Ambient Space,Atmospheric Piano,2021-05-06,5HFzkLg7yhZVmyqqCNrWvs,https://open.spotify.com/track/5HFzkLg7yhZVmyqqCNrWvs,nostalgic solemn pensive
Touch,Ambient Space,Atmospheric Piano,2021-05-06,6LhmbHkEJjyuudBgbTQjPY,https://open.spotify.com/track/6LhmbHkEJjyuudBgbTQjPY,nostalgic solemn pensive
