track_name,artist_name,album_name,release_date,track_id,spotify_url,mood_keywords
Rainy Ambience: Evil Lurks,Scary Halloween Night Ambient,Haunted Forest Ambience: Creepy Halloween Music full of Scary Sound Effects and Spooky Noises,2021-10-25,7q0I71nvMW93gmnB68oBLU,https://open.spotify.com/track/7q0I71nvMW93gmnB68oBLU,eerie ominous haunting
Scary Ambient Music,Elijah Ages,Horror Peaceful Halloween Party,2017-10-04,28HTOOtto8niTE5i5Pe6wo,https://open.spotify.com/track/28HTOOtto8niTE5i5Pe6wo,eerie ominous haunting
Ambient Creatures,Silent Orchestra,"Nosferatu, A Symphony of Horror",2009-10-15,7lTlrKHL4bbL7F4iy139ai,https://open.spotify.com/track/7lTlrKHL4bbL7F4iy139ai,eerie ominous haunting
Creepy Ambient: Raven’s Hollow,Scary Halloween Night Ambient,Haunted Forest Ambience: Creepy Halloween Music full of Scary Sound Effects and Spooky Noises,2021-10-25,0pyArTypZCbNvXmZmN2PwE,https://open.spotify.com/track/0pyArTypZCbNvXmZmN2PwE,eerie ominous haunting
Scary Ambient Music,Jane Maitri,Scary Halloween Music,2017-10-06,0bA4Yw9F1qVTGBsTxsaME0,https://open.spotify.com/track/0bA4Yw9F1qVTGBsTxsaME0,eerie ominous haunting
Dark Ambient,Jonathan Mantras,Instrumental Songs for Sleep (Relaxation Music),2018-02-23,1BDXBtzvBze6r8nZn5uhN2,https://open.spotify.com/track/1BDXBtzvBze6r8nZn5uhN2,eerie ominous haunting
Haunted Crypt,Ambient Realms,"Massive Ambient Music, Vol.1",2015-03-16,6nlXozVgHrDOr25F4OwYJX,https://open.spotify.com/track/6nlXozVgHrDOr25F4OwYJX,eerie ominous haunting
Scary Sounds: Unearthly Howls,Scary Halloween Night Ambient,Haunted Forest Ambience: Creepy Halloween Music full of Scary Sound Effects and Spooky Noises,2021-10-25,7b52hn2KNIxpRfyCK67N3o,https://open.spotify.com/track/7b52hn2KNIxpRfyCK67N3o,eerie ominous haunting
Dark of Night,Ghosts Behind,Halloween Ambience,2021-10-18,3VZOAFqxNdfKtBDTX19vM0,https://open.spotify.com/track/3VZOAFqxNdfKtBDTX19vM0,eerie ominous haunting
Gloomy Reminiscences,Tavlı,Gloomy Reminiscences,2022-08-12,7gTxz8n5gn4RU9e5iDZOoN,https://open.spotify.com/track/7gTxz8n5gn4RU9e5iDZOoN,eerie ominous haunting
Evil Music,Sexy Erotic Halloween,"Evil Music - Mysterious, Macabre Ambient",2019-06-11,3YuQeMMdHaZeoJhJ2strRa,https://open.spotify.com/track/3YuQeMMdHaZeoJhJ2strRa,eerie ominous haunting
"Ambience, Scary Sounds (Voices)",The Darker Star,"Dark Ambient: Dark Ambient Music, Atmosphere Music, Solitude and Melancholy",2012-09-03,3ORWtiRxiPB8C9FRvZpQiw,https://open.spotify.com/track/3ORWtiRxiPB8C9FRvZpQiw,eerie ominous haunting
Haunted Forest,Magnum Opus,Magical Fantasy Adventure,2012-12-14,22DlNlejZ4PZ8kq2WvSLEE,https://open.spotify.com/track/22DlNlejZ4PZ8kq2WvSLEE,eerie ominous haunting
Ambience: Spooky Forest,Sound Collective,98 Scary Sounds,2011-08-23,48zBAS5eTHhbpbzhsysfrr,https://open.spotify.com/track/48zBAS5eTHhbpbzhsysfrr,eerie ominous haunting
Ghost Forest,Ambient Realms,"Massive Ambient Music, Vol.3",2016-01-14,1KHME5RoijB0wgre1LJfpI,https://open.spotify.com/track/1KHME5RoijB0wgre1LJfpI,eerie ominous haunting
Dark Forest Motion,Ambient Realms,"Massive Ambient Music, Vol.1",2015-03-16,3xSc6QM5pnd34AfZTKJnMx,https://open.spotify.com/track/3xSc6QM5pnd34AfZTKJnMx,eerie ominous haunting
Night Mist,Ambient Realms,"Massive Ambient Music, Vol. 2",2015-02-23,34VCGiNAXRZP4LCX1R5t0u,https://open.spotify.com/track/34VCGiNAXRZP4LCX1R5t0u,eerie ominous haunting
Poltergeist,Terravore,Vortex of Perishment,2020-11-26,1NC2NuYz0rbU9uFmEZWLK4,https://open.spotify.com/track/1NC2NuYz0rbU9uFmEZWLK4,eerie ominous haunting
Triumph of Death,Numeron,Celestial Odyssey,2024-06-21,6GVCtUddwIzkIuKUuZhM9B,https://open.spotify.com/track/6GVCtUddwIzkIuKUuZhM9B,eerie ominous haunting
Ouverture,Dark Sanctuary,Exaudi Vocem Meam I,2008-06-09,4Sk5RrB6fSe9tzvWnlSkdB,https://open.spotify.com/track/4Sk5RrB6fSe9tzvWnlSkdB,eerie ominous haunting
Haunting Halls,Ambient Realms,"Massive Ambient Music, Vol.1",2015-03-16,1bz5aPOiiOxUbi0tFIXOlg,https://open.spotify.com/track/1bz5aPOiiOxUbi0tFIXOlg,eerie ominous haunting
Darkness Falls: Horror Ambient,Horror Music Collection,Haunted Forest Ambience: Creepy Halloween Music full of Scary Sound Effects and Spooky Noises,2021-10-25,59EcWQqZEFyAK68Mz4AQZF,https://open.spotify.com/track/59EcWQqZEFyAK68Mz4AQZF,eerie ominous haunting
Evil background Songs,Edward Eclipse,"Evil Background Songs - Spooky Scary Music, Dark Ambient Horror Story Background",2017-10-13,6jKhevpgl5oiS5shFgutO6,https://open.spotify.com/track/6jKhevpgl5oiS5shFgutO6,eerie ominous haunting
Haunted Dungeon,Ambient Realms,"Massive Ambient Music, Vol.1",2015-03-16,54ii7InC79rT0l5lo3bn8R,https://open.spotify.com/track/54ii7InC79rT0l5lo3bn8R,eerie ominous haunting
Haunted by Whispers,Dead Melodies,The Foundations of Ruin,2018-05-08,5wY6O31XN7CfvJ0uJm30Zn,https://open.spotify.com/track/5wY6O31XN7CfvJ0uJm30Zn,eerie ominous haunting
Ambient Instrumental Fall Studying and soft rain,Instrumental Music for Study Focus Concentration Sleepp,POV: Fall Autumn Dark Academia Instrumental Study Music vibes with Rain,2023-10-20,2AE0pBQ7UqrbIDZIYCTgId,https://open.spotify.com/track/2AE0pBQ7UqrbIDZIYCTgId,eerie ominous haunting
Alone in the Dark Rainy Woods,Horror Music Collection,Haunted Forest Ambience: Creepy Halloween Music full of Scary Sound Effects and Spooky Noises,2021-10-25,1pOz9IJmEVLUlOwi22lFVF,https://open.spotify.com/track/1pOz9IJmEVLUlOwi22lFVF,eerie ominous haunting
Scary Ambient Music,Halloween Music,Halloween Songs for Kids,2018-10-02,4ibLqd8ehG6R4d4DpiD040,https://open.spotify.com/track/4ibLqd8ehG6R4d4DpiD040,eerie ominous haunting
Creepy Ambiance 2,Rik Schaffer,Vampire: The Masquerade - Bloodlines (Original Soundtrack),2019-10-25,4j2nVMByR6yY7OhdJkrIQs,https://open.spotify.com/track/4j2nVMByR6yY7OhdJkrIQs,eerie ominous haunting
Witch Ritual: Old Black Magic,Scary Halloween Night Ambient,Haunted Forest Ambience: Creepy Halloween Music full of Scary Sound Effects and Spooky Noises,2021-10-25,3wehWn8FeSumvcrPMCv0EF,https://open.spotify.com/track/3wehWn8FeSumvcrPMCv0EF,eerie ominous haunting
October Atmosphere,Edward Eclipse,"Evil Background Songs - Spooky Scary Music, Dark Ambient Horror Story Background",2017-10-13,0QXUTBLWSRlwyankLlPi6v,https://open.spotify.com/track/0QXUTBLWSRlwyankLlPi6v,eerie ominous haunting
Haunting Regrets,Invadable Harmony,Whispers,2018-10-18,6zOFP1eGPG1SyLb4nW8Mrr,https://open.spotify.com/track/6zOFP1eGPG1SyLb4nW8Mrr,eerie ominous haunting
Ambient Scare,Scary Sounds,A Creepy Atmosphere Is Here: Halloween 2020,2020-11-03,7uc3haZHq3oqcvBLokiLjL,https://open.spotify.com/track/7uc3haZHq3oqcvBLokiLjL,eerie ominous haunting
Lonesome Halls of Ruin,Dead Melodies,The Foundations of Ruin,2018-05-08,2Xqku7rH3e7fhBfDUsOTYz,https://open.spotify.com/track/2Xqku7rH3e7fhBfDUsOTYz,eerie ominous haunting
Spooky Forest,Scary Halloween Night Ambient,"Dark Background Music for Scary Halloween Night: Creepy Sounds, Demonic Vibe, Spooky Forest, Haunted Soul",2021-10-13,3JLFgs1cia7EmvhP7YDaXv,https://open.spotify.com/track/3JLFgs1cia7EmvhP7YDaXv,eerie ominous haunting
Haunting,Elemental SoundWorks,Haunting,2022-10-21,05BKjpqSs4mGGIaWG3tWCT,https://open.spotify.com/track/05BKjpqSs4mGGIaWG3tWCT,eerie ominous haunting
Eerie stillness,nowt,Foggy Suburbs,2022-08-14,0WIdS3K7alt4rBQlTgzInV,https://open.spotify.com/track/0WIdS3K7alt4rBQlTgzInV,eerie ominous haunting
Dark Hollow Forest,Ambient Realms,"Massive Ambient Music, Vol. 5",2019-01-01,3L3YABCgCEXH6ZaPEBxQ6X,https://open.spotify.com/track/3L3YABCgCEXH6ZaPEBxQ6X,eerie ominous haunting
The Haunted Forest,Nox Arcana,Season of the Witch,2017-10-01,1EQBbUZfXMABXWu3Mn423X,https://open.spotify.com/track/1EQBbUZfXMABXWu3Mn423X,eerie ominous haunting
Anxious,Edward Eclipse,"Evil Background Songs - Spooky Scary Music, Dark Ambient Horror Story Background",2017-10-13,6HxFeZiCm8jwQg1r5o69gb,https://open.spotify.com/track/6HxFeZiCm8jwQg1r5o69gb,eerie ominous haunting
Ambient Instrumental Theme,Sexy Erotic Halloween,"Evil Music - Mysterious, Macabre Ambient",2019-06-11,3taOUSp6gNsGP4Y1VTjMzy,https://open.spotify.com/track/3taOUSp6gNsGP4Y1VTjMzy,eerie ominous haunting
Dark Ambient,Background Music Attention,"Gothic, Atmospheric, Dark Ambient",2020-01-13,7k4XRuYWSKR9aNVbV9dCh4,https://open.spotify.com/track/7k4XRuYWSKR9aNVbV9dCh4,eerie ominous haunting
Dark Ambient Horror,Horror Music,Alien Abduction,2022-03-16,4hEhhIgE31SAhMvuN7cZyH,https://open.spotify.com/track/4hEhhIgE31SAhMvuN7cZyH,eerie ominous haunting
Creepy Hospital Ambient Sounds,Haunting Ambience,Paranormal Ambience & Spooky Night Atmosphere,2025-09-12,5wCtTCBTVUPwJ0sjGIWCVK,https://open.spotify.com/track/5wCtTCBTVUPwJ0sjGIWCVK,eerie ominous haunting
Haunted Graveyard Ambience,Nature Sound Retreat,Halloween Ambiences,2023-10-01,32GrqYRJ0R0Sstzu6GZWNQ,https://open.spotify.com/track/32GrqYRJ0R0Sstzu6GZWNQ,eerie ominous haunting
Experimental Dark Ambient Cellos,Rafael Krux,Experimental Dark Ambient Cellos,2022-08-10,761F82V78gykTirxID9OMJ,https://open.spotify.com/track/761F82V78gykTirxID9OMJ,eerie ominous haunting
Horror Music: Vampire Hunters,Horror Music Collection,Haunted Forest Ambience: Creepy Halloween Music full of Scary Sound Effects and Spooky Noises,2021-10-25,4tHorG84ZjRIBL3hNWgc29,https://open.spotify.com/track/4tHorG84ZjRIBL3hNWgc29,eerie ominous haunting
Rainy Night: Clown is the Killer,Horror Music Collection,Haunted Forest Ambience: Creepy Halloween Music full of Scary Sound Effects and Spooky Noises,2021-10-25,0ILwyBocdQbwRaVyu8efXV,https://open.spotify.com/track/0ILwyBocdQbwRaVyu8efXV,eerie ominous haunting
Bad Bloody Moon is Rising,Scary Halloween Night Ambient,Haunted Forest Ambience: Creepy Halloween Music full of Scary Sound Effects and Spooky Noises,2021-10-25,1BZ31TCTSMoKxarFvMqQws,https://open.spotify.com/track/1BZ31TCTSMoKxarFvMqQws,eerie ominous haunting
Evening on the Bare Mountain,Scary Halloween Night Ambient,Haunted Forest Ambience: Creepy Halloween Music full of Scary Sound Effects and Spooky Noises,2021-10-25,0tsSHFE0e4wPqRyCvK4UlQ,https://open.spotify.com/track/0tsSHFE0e4wPqRyCvK4UlQ,eerie ominous haunting
Echoes,Elemental SoundWorks,Haunting,2022-10-21,4ZbuyD1XU7ZZo1qzIrG5uC,https://open.spotify.com/track/4ZbuyD1XU7ZZo1qzIrG5uC,eerie ominous haunting
Gothic Style,Background Music Attention,"Gothic, Atmospheric, Dark Ambient",2020-01-13,7bdKDW2FlULw5lveXzESjp,https://open.spotify.com/track/7bdKDW2FlULw5lveXzESjp,eerie ominous haunting
The Hollow Woods,Derek Fiechter,Dark Lullabies II,2017-09-01,6KOdutadba4R5Mu5qfWFr0,https://open.spotify.com/track/6KOdutadba4R5Mu5qfWFr0,eerie ominous haunting
Horror Background Ambience,Luca Francini,Darkness,2024-02-13,5nsnpWOCNK2pXIMUCex3Rb,https://open.spotify.com/track/5nsnpWOCNK2pXIMUCex3Rb,eerie ominous haunting
Dark Forest,Ambient Realms,"Massive Ambient Music, Vol.1",2015-03-16,5LYl1xi3941tugJr1GML1Y,https://open.spotify.com/track/5LYl1xi3941tugJr1GML1Y,eerie ominous haunting
Thunderstorm in the Forest: Spooky Night,Horror Music Collection,Haunted Forest Ambience: Creepy Halloween Music full of Scary Sound Effects and Spooky Noises,2021-10-25,3ELqR51Fk9YdKUZlXiFP10,https://open.spotify.com/track/3ELqR51Fk9YdKUZlXiFP10,eerie ominous haunting
Nightmare Trilogy,Aaron Marshall,Noir Ambiance,2007-01-23,7FIGB9wOs960qoe6zbbg9y,https://open.spotify.com/track/7FIGB9wOs960qoe6zbbg9y,eerie ominous haunting
Aarnivalkea,Musica Cthulhiana,Ether,2014-11-16,09LEPQZNghGqibzjGyupYM,https://open.spotify.com/track/09LEPQZNghGqibzjGyupYM,eerie ominous haunting
The Hollow,Nox Arcana,Grimm Tales,2008-04-30,6ajbDF0hW29iwwWuCAyTyC,https://open.spotify.com/track/6ajbDF0hW29iwwWuCAyTyC,eerie ominous haunting
Ominous,Philip Ayers,Judgement Calling,2017-07-07,7AsN57t78mEhVrLymR5M4o,https://open.spotify.com/track/7AsN57t78mEhVrLymR5M4o,eerie ominous haunting
Ambient Haunt,Ambient Realms,"Massive Ambient Music, Vol. 9",2021-07-30,3J89M0wkbMEtYdLTsO0xhD,https://open.spotify.com/track/3J89M0wkbMEtYdLTsO0xhD,eerie ominous haunting
Paranormal Events,Ambience Mastery,Gothic Horror Ambience,2022-11-26,6txQvIunYXRKG5GVq7ekIt,https://open.spotify.com/track/6txQvIunYXRKG5GVq7ekIt,eerie ominous haunting
Creepy Soundscapes,Background Music Attention,"Gothic, Atmospheric, Dark Ambient",2020-01-13,6h9yPo4uEVgMAJ8HASVFVI,https://open.spotify.com/track/6h9yPo4uEVgMAJ8HASVFVI,eerie ominous haunting
The Haunting,Ambient Realms,"Massive Ambient Music, Vol. 2",2015-02-23,5jcW2Cx6W9y3wDa8iGvg24,https://open.spotify.com/track/5jcW2Cx6W9y3wDa8iGvg24,eerie ominous haunting
Instrumental - #1,Mount Eerie,Ocean Roar,2012-08-29,7123pW7arDQDF4NKPt6I5A,https://open.spotify.com/track/7123pW7arDQDF4NKPt6I5A,eerie ominous haunting
Haunting Pursuit,Avith Ortega,Impotence,2014-10-05,0gccFv7GoLN9PGTxCHXvBq,https://open.spotify.com/track/0gccFv7GoLN9PGTxCHXvBq,eerie ominous haunting
Creepy Background,Drakula,Scary Background Music: Horror Monsters and Nice Sprites Howling Sounds,2019-09-09,53s9Q11JXIjN3Ima5xsj2q,https://open.spotify.com/track/53s9Q11JXIjN3Ima5xsj2q,eerie ominous haunting
Haunting Drone Sounds / Eerie Atmospheres 28,Dr. Sound Effects,Ultimate Halloween Sound Effects Collection – 400 Spooky Scary Horror Sounds,2010-09-01,2I0w6sDHYiKknUV2Z1GZZx,https://open.spotify.com/track/2I0w6sDHYiKknUV2Z1GZZx,eerie ominous haunting
"Halloween Ambience: Wind, Thunder, Rain and Creepy Halloween Music",Nature Sound Retreat,Autumn Cozy,2020-10-16,5ezOGeTfNHLjIdnCJlp0a6,https://open.spotify.com/track/5ezOGeTfNHLjIdnCJlp0a6,eerie ominous haunting
Ambient Background,AndrisMusic,Relaxation Albums,2021-02-24,48Ya0OxSFUsftxDh24Yg68,https://open.spotify.com/track/48Ya0OxSFUsftxDh24Yg68,eerie ominous haunting
Dark Gothic Ambient,Myers Music,Dark Gothic Ambient,2023-10-31,2ws6kNhcXQTuunftYY1ZI6,https://open.spotify.com/track/2ws6kNhcXQTuunftYY1ZI6,eerie ominous haunting
Eerie Background Music For Halloween,Halloween Music Masters,Halloween Music & Scary Sounds: Scary Music For Halloween Night and Haunted House Music,2018-08-20,5inOfsGXFAh9ASQogUDFn8,https://open.spotify.com/track/5inOfsGXFAh9ASQogUDFn8,eerie ominous haunting
Mysterious Swamp Lands,Ambient Realms,"Massive Ambient Music, Vol.3",2016-01-14,4kL7dtu4jDTsiG2WB5VaEg,https://open.spotify.com/track/4kL7dtu4jDTsiG2WB5VaEg,eerie ominous haunting
Premonitions,Elemental SoundWorks,Haunting,2022-10-21,3tBN8zNXQfbtxlVsCnXmig,https://open.spotify.com/track/3tBN8zNXQfbtxlVsCnXmig,eerie ominous haunting
Hunter,Nature of Wires,Building Reflections,2022-03-25,10Q1McczOHRWTzRIVAeeaL,https://open.spotify.com/track/10Q1McczOHRWTzRIVAeeaL,eerie ominous haunting
Scary Forest,Lost & Sound,Mystical Forest at Night,2020-05-17,6LfNKPDADSRJQsyRJeeXjm,https://open.spotify.com/track/6LfNKPDADSRJQsyRJeeXjm,eerie ominous haunting
Wandering,Elemental SoundWorks,Haunting,2022-10-21,4rJu5m0XzoZDUjMcFbtFGY,https://open.spotify.com/track/4rJu5m0XzoZDUjMcFbtFGY,eerie ominous haunting
Deadly Intentions: Howling Wolf,Horror Music Collection,Haunted Forest Ambience: Creepy Halloween Music full of Scary Sound Effects and Spooky Noises,2021-10-25,5fc3DdfO76IDAP5dTBWqbE,https://open.spotify.com/track/5fc3DdfO76IDAP5dTBWqbE,eerie ominous haunting
Old Haunt,Adam Hurst,View from Within,2011-12-02,1rLwd5vtwiVGkIu9mTjLJP,https://open.spotify.com/track/1rLwd5vtwiVGkIu9mTjLJP,eerie ominous haunting
Whispers in the Forest,Brandon Fiechter,Dark Lullabies,2015-09-01,5MQvSUzZnwQHNrvbVrCvkZ,https://open.spotify.com/track/5MQvSUzZnwQHNrvbVrCvkZ,eerie ominous haunting
Scary Atmosphere,Background Music Attention,"Gothic, Atmospheric, Dark Ambient",2020-01-13,3jQZGOMBLkTYY7beFwubax,https://open.spotify.com/track/3jQZGOMBLkTYY7beFwubax,eerie ominous haunting
Horror Stories,Instrumental Jazz Music Ambient,Vintage Halloween Jazz Party,2021-10-25,2B4pGedIrsH5A0dXGv1a1k,https://open.spotify.com/track/2B4pGedIrsH5A0dXGv1a1k,eerie ominous haunting
Haunting Atmosphere,Halloween Music,Some Halloween Music,2022-10-30,1gaTy8LQZMQ996zn5vLM2q,https://open.spotify.com/track/1gaTy8LQZMQ996zn5vLM2q,eerie ominous haunting
Scary Piano Atmosphere Drone,Bobby Cole,Your Deepest Nightmares: Scary Horror Music,2018-10-29,5KOwuaBryEiNnYQl2ze64d,https://open.spotify.com/track/5KOwuaBryEiNnYQl2ze64d,eerie ominous haunting
Eerie Haunted House Ambiance,Halloween FX Productions,"666 Scary Halloween Sounds: Ghosts, Witches, Monsters, Zombies & Haunted House Sound Effects",2015-10-09,7p5eaPO1xtgToPSb9togFz,https://open.spotify.com/track/7p5eaPO1xtgToPSb9togFz,eerie ominous haunting
Haunting Drone Sounds / Eerie Atmospheres 17,Dr. Sound Effects,Ultimate Halloween Sound Effects Collection – 400 Spooky Scary Horror Sounds,2010-09-01,4vf7i1I1q2B6vEcnaTTIJ9,https://open.spotify.com/track/4vf7i1I1q2B6vEcnaTTIJ9,eerie ominous haunting
Eerie Depths,Ampient,"Jealousy, Chapter One (Original Soundtrack)",2022-03-30,35PDUfFSswPXYeScU9ZZLo,https://open.spotify.com/track/35PDUfFSswPXYeScU9ZZLo,eerie ominous haunting
Haunting Drone Sounds / Eerie Atmospheres 25,Dr. Sound Effects,Ultimate Halloween Sound Effects Collection – 400 Spooky Scary Horror Sounds,2010-09-01,6M90N9BRdS1h9efiumLGlz,https://open.spotify.com/track/6M90N9BRdS1h9efiumLGlz,eerie ominous haunting
Telling Horror Stories,Audrey Apocalypse,"Vintage Halloween Jazz: Creepy Ambience Oldies, 1930s Old Fashioned & Retro Creepy Ragtime Music",2019-08-29,6Ripo0Gr6Wqy2I4bWmQBRU,https://open.spotify.com/track/6Ripo0Gr6Wqy2I4bWmQBRU,eerie ominous haunting
Dark Ambience: Horror BGM (Horror Sound Effect),Spooky Halloween Sounds,"Halloween Horror Sounds: Very Creepy & Scary Mood, Spooky Sound Effect 2022",2022-07-13,1dhgu2LO9NApXW4KXDnnvy,https://open.spotify.com/track/1dhgu2LO9NApXW4KXDnnvy,eerie ominous haunting
Halloween Vibes - Instrumental Beat,Lofi Chill,Lofi Chill Mix Beats 2020,2020-07-28,7yohbo7JmAknHFOz4ad9nT,https://open.spotify.com/track/7yohbo7JmAknHFOz4ad9nT,eerie ominous haunting
An Eerie Feeling,Shape of Shadows,Nights In October,2021-12-14,4RI79dJ9V7ziJ5T7nKMOde,https://open.spotify.com/track/4RI79dJ9V7ziJ5T7nKMOde,eerie ominous haunting
Frightful Piano,Solis Reverie,Shadows' at Dusk,2019-10-17,5CMigPcPrbwZtGjMgQnUwO,https://open.spotify.com/track/5CMigPcPrbwZtGjMgQnUwO,eerie ominous haunting
Eldritch Prophecy (spooky ambience),Tabletop Rpg Music,Tabletop RPG Music: Volume 2,2021-01-04,3cprq30cfrZMcdSqGqUvYI,https://open.spotify.com/track/3cprq30cfrZMcdSqGqUvYI,eerie ominous haunting
Scary Woodlands: Fear in the Mind,Scary Halloween Night Ambient,Haunted Forest Ambience: Creepy Halloween Music full of Scary Sound Effects and Spooky Noises,2021-10-25,10aQRuczlXr5nxaPklvGtE,https://open.spotify.com/track/10aQRuczlXr5nxaPklvGtE,eerie ominous haunting
The Creeping Halls,Ambient Realms,"Massive Ambient Music, Vol. 6",2020-03-17,5e8vSDnE2r58WtQcCLeOxn,https://open.spotify.com/track/5e8vSDnE2r58WtQcCLeOxn,eerie ominous haunting
Halloween Dinner Party,Instrumental Jazz Music Ambient,Vintage Halloween Jazz Party,2021-10-25,7eD3R5ZuHKtNfBFnuiz0Oy,https://open.spotify.com/track/7eD3R5ZuHKtNfBFnuiz0Oy,eerie ominous haunting
Night - Instrumental Version,Dated,Dark Instrumentals,2021-07-26,011cKpDpJN8GlJBbtPpT7t,https://open.spotify.com/track/011cKpDpJN8GlJBbtPpT7t,eerie ominous haunting
haunted,ambient giants,haunted,2024-11-27,4TZvMj0lf5dt6xn9Sae8fx,https://open.spotify.com/track/4TZvMj0lf5dt6xn9Sae8fx,eerie ominous haunting
Palace,1000 Eyes,1000 Eyes,2021-10-15,1Z0eHVgbLzZU9tUAJPhiU5,https://open.spotify.com/track/1Z0eHVgbLzZU9tUAJPhiU5,eerie ominous haunting
Magical Night of Hauntings,Ambience Mastery,Halloween Ambience (Scary Atmosphere),2022-10-28,4Qx664kqVTpcblyeytxz6J,https://open.spotify.com/track/4Qx664kqVTpcblyeytxz6J,eerie ominous haunting
Halloween Rain Ambience,Creepy Razy,"Spooky Halloween Music: Creepy, Dark, Scary Halloween Ambient Music",2020-10-02,6xwCpMw84ZXSlx64PuMvIf,https://open.spotify.com/track/6xwCpMw84ZXSlx64PuMvIf,eerie ominous haunting
Eerie / Horror Ambient Background Effect 1,HQ Sound FX,Eerie Ambience,2014-10-27,0PxkjHkcycTMEksKHGK2jA,https://open.spotify.com/track/0PxkjHkcycTMEksKHGK2jA,eerie ominous haunting
Haunted Chateau,Ambient Realms,"Massive Ambient Music, Vol. 8",2021-04-02,7CnRRD2C1TDC4cZaXFjBJG,https://open.spotify.com/track/7CnRRD2C1TDC4cZaXFjBJG,eerie ominous haunting
Haunt,Ken Elkinson,"Ambient Holidays, Vol. 3 (Halloween Ambient)",2013-08-06,20SOnEiy78NJ0s7QnreM4t,https://open.spotify.com/track/20SOnEiy78NJ0s7QnreM4t,eerie ominous haunting
The Beauty of Darkness,Ambience Mastery,Gothic Horror Ambience,2022-11-26,5jK10YaysqrkboRFBE1FwM,https://open.spotify.com/track/5jK10YaysqrkboRFBE1FwM,eerie ominous haunting
Eerie Interlude,Vraanxia,Sounds of the Underworld,2016-10-01,0erlsRLXO808EdLQuuIJCl,https://open.spotify.com/track/0erlsRLXO808EdLQuuIJCl,eerie ominous haunting
Apparition,Adam Hurst,The Secret,2011-06-10,3cd04HimuqdbPzdz7byTb9,https://open.spotify.com/track/3cd04HimuqdbPzdz7byTb9,eerie ominous haunting
Creepy Night: Haunted Forest pt. 1,Halloween Effects Horror Library,"Creepy Halloween Atmospheres: Scary Horror Ambient for Spooky Night (Haunted Forest, Graveyard, Catacombs)",2021-10-14,10AUflQnj1LzeH9gQRvVJ2,https://open.spotify.com/track/10AUflQnj1LzeH9gQRvVJ2,eerie ominous haunting
Creepy Attic Ambience,Haunting Ambience,Paranormal Ambience & Spooky Night Atmosphere,2025-09-12,2oRG4f4mHUWmAAU6Njo0pr,https://open.spotify.com/track/2oRG4f4mHUWmAAU6Njo0pr,eerie ominous haunting
Unsettling Ambience,Solis Reverie,Shadows' at Dusk,2019-10-17,7C7cZTzRJaIjsastfGqR7H,https://open.spotify.com/track/7C7cZTzRJaIjsastfGqR7H,eerie ominous haunting
Horror Ambience Long Build Up,Bobby Cole,Chills and Thrills,2018-10-29,6ndP7Ya3Kb40QhZNSfisbp,https://open.spotify.com/track/6ndP7Ya3Kb40QhZNSfisbp,eerie ominous haunting
Atmospheres,Musica Cthulhiana,The Fourth,2003-10-23,1o8L68cIW8QlajKB4R2KgY,https://open.spotify.com/track/1o8L68cIW8QlajKB4R2KgY,eerie ominous haunting
Eerie Ambient Sounds,Scary Sounds,Nightmarish Haunted Forest,2024-09-14,4dPqXddT7I8X4JtL1u1xZN,https://open.spotify.com/track/4dPqXddT7I8X4JtL1u1xZN,eerie ominous haunting
Haunted Forest - Instrumental Version,Magnum Opus,Magical Fantasy Adventure,2012-12-14,1nRa5PLfciFgn3jIxJI0BG,https://open.spotify.com/track/1nRa5PLfciFgn3jIxJI0BG,eerie ominous haunting
Preparations,Avith Ortega,Paradise's Reconstruction,2021-03-24,52LUneWfERPZxnaLslQNGq,https://open.spotify.com/track/52LUneWfERPZxnaLslQNGq,eerie ominous haunting
Mysterious Forest Sounds | Fantasy Nature Ambience,The Guild of Ambience,Mysterious Forest Sounds | Fantasy Nature Ambience,2021-06-23,6VbGT6OMjgyK75Vh6dKeOd,https://open.spotify.com/track/6VbGT6OMjgyK75Vh6dKeOd,eerie ominous haunting
Creepy Piano,Frozen Silence,Halloween Piano,2022-10-17,2s0cnX8ZYvmUUqGZVDrZzm,https://open.spotify.com/track/2s0cnX8ZYvmUUqGZVDrZzm,eerie ominous haunting
Horror Piano Music,Frank & Stein,"Halloween Town - Scary Ambient Music and Sound Effects, Creepy Pasta and Horror Story Background",2016-10-17,0g3qgxXs1JC4gAVOKvwx2M,https://open.spotify.com/track/0g3qgxXs1JC4gAVOKvwx2M,eerie ominous haunting
Dark Halls,Ambient Realms,"Massive Ambient Music, Vol.1",2015-03-16,5036QG2w0Ew2AyEHNZmB8e,https://open.spotify.com/track/5036QG2w0Ew2AyEHNZmB8e,eerie ominous haunting
Haunting Secrets,Ambience Mastery,All Hallows' Eve (Scary Ambience),2022-10-19,7fuoDJpsLXoGL8QwkKAuPj,https://open.spotify.com/track/7fuoDJpsLXoGL8QwkKAuPj,eerie ominous haunting
Ambient Instrumental Theme,Ambient Sound Center,"Dramatic Ambient - Gothic Dark Fantasy Ambient, Sad & Somber Background",2019-06-11,6jX3ZxbLz7mHzY7GMVa6LG,https://open.spotify.com/track/6jX3ZxbLz7mHzY7GMVa6LG,eerie ominous haunting
Haunting Winds,Ambient Realms,"Massive Ambient Music, Vol. 4",2016-08-18,5VFwgtAvvTbMhnUas1HN3I,https://open.spotify.com/track/5VFwgtAvvTbMhnUas1HN3I,eerie ominous haunting
Ghostly Presence,Ambience Mastery,Halloween Ambience (Scary Atmosphere),2022-10-28,4CGOv6xex27SumX8MYSvzp,https://open.spotify.com/track/4CGOv6xex27SumX8MYSvzp,eerie ominous haunting
Haunted Forest Sounds,The Guild of Ambience,Haunted Forest Sounds,2018-11-01,1t9NbF4DmtCyVruktXFmOe,https://open.spotify.com/track/1t9NbF4DmtCyVruktXFmOe,eerie ominous haunting
Witches and Ghosts,Ambience Mastery,Halloween Ambience (Scary Atmosphere),2022-10-28,5wqDfebfCgII0FdyzUfIcP,https://open.spotify.com/track/5wqDfebfCgII0FdyzUfIcP,eerie ominous haunting
Abandoned Castle,Background Music Attention,"Gothic, Atmospheric, Dark Ambient",2020-01-13,02uHvYy2Ly0bsjUyfoVhtl,https://open.spotify.com/track/02uHvYy2Ly0bsjUyfoVhtl,eerie ominous haunting
Moody Halloween Melody,Instrumental Jazz Music Ambient,Vintage Halloween Jazz Party,2021-10-25,0JG1m4c9zq85Gtj2QIZzy4,https://open.spotify.com/track/0JG1m4c9zq85Gtj2QIZzy4,eerie ominous haunting
Haunted Forest,Michael Ghelfi,"RPG / D&D Ambiences and Atmospheres, Vol. 1, Pt. 2",2021-06-19,7wqmFGpJViPouqWpyZWehn,https://open.spotify.com/track/7wqmFGpJViPouqWpyZWehn,eerie ominous haunting
Dark Ambient RPG Session (Gloomy Music),Dark RPG Music,Dungeons and Catacombs Dark Music,2018-03-19,490TosaisomWMCbD38zaMU,https://open.spotify.com/track/490TosaisomWMCbD38zaMU,eerie ominous haunting
Haunted Crypt,The Guild of Ambience,Haunted Crypt,2021-10-22,08S29vUxwL9inZzjWDeAEu,https://open.spotify.com/track/08S29vUxwL9inZzjWDeAEu,eerie ominous haunting
Haunted House - Heavy Wind & Indoor Rain Sounds,The Guild of Ambience,Haunted House - Heavy Wind & Indoor Rain Sounds,2019-10-31,6ffJu3aBBu6GIrvkBp89ww,https://open.spotify.com/track/6ffJu3aBBu6GIrvkBp89ww,eerie ominous haunting
Druid Forest,Ambient Realms,"Massive Ambient Music, Vol.3",2016-01-14,0jDJix6qwCRyPLiybcCd8K,https://open.spotify.com/track/0jDJix6qwCRyPLiybcCd8K,eerie ominous haunting
Haunted House Ambience,Nature Sound Retreat,Halloween Ambiences,2023-10-01,3htLBfKsVNQ2kIUluFtzI6,https://open.spotify.com/track/3htLBfKsVNQ2kIUluFtzI6,eerie ominous haunting
Haunted Forest Ambience SFX,Spooky Halloween Music,Hit Halloween Party Music,2025-09-10,0m9IlFjxXqx9DhUIKM542g,https://open.spotify.com/track/0m9IlFjxXqx9DhUIKM542g,eerie ominous haunting
Ambient Dark Academia,Study Music Project,Final Chapter,2025-05-08,3BbMVWHGffeDb0nsTrYCxr,https://open.spotify.com/track/3BbMVWHGffeDb0nsTrYCxr,eerie ominous haunting
Lunatic piano,Capcom Sound Team,Haunting Ground Original Soundtrack,2005-08-31,5IndXvPaossxUX1zEvugWu,https://open.spotify.com/track/5IndXvPaossxUX1zEvugWu,eerie ominous haunting
Spooky Jazz Halloween,Instrumental Jazz Music Ambient,Vintage Halloween Jazz Party,2021-10-25,55ghb3S1C1LAYw8bbtd0uA,https://open.spotify.com/track/55ghb3S1C1LAYw8bbtd0uA,eerie ominous haunting
Dark Occult Ambient,Myers Music,Dark Occult Ambient,2024-02-22,4NTZNQMznuyO0OAi8AWpVn,https://open.spotify.com/track/4NTZNQMznuyO0OAi8AWpVn,eerie ominous haunting
Creepy Cabin Halloween Ambience - Relaxing Spooky Music & Night Nature Sounds,Nature Sound Retreat,Halloween Ambiences,2023-10-01,1SMXmccffoS9gDGVXIM0Nm,https://open.spotify.com/track/1SMXmccffoS9gDGVXIM0Nm,eerie ominous haunting
Eerie / Horror Ambient Background Effect 8,HQ Sound FX,Eerie Ambience,2014-10-27,3Uh0yJ6sUgZpVxz2VwWIVO,https://open.spotify.com/track/3Uh0yJ6sUgZpVxz2VwWIVO,eerie ominous haunting
Eerie / Horror Ambient Background Effect 7,HQ Sound FX,Eerie Ambience,2014-10-27,6ezsc2UbvqtsD0elgnXsnj,https://open.spotify.com/track/6ezsc2UbvqtsD0elgnXsnj,eerie ominous haunting
A Gothic Haunted House,Ambience Mastery,Halloween Ambience (Scary Atmosphere),2022-10-28,1ie2sCYglWzshugx9Orsn9,https://open.spotify.com/track/1ie2sCYglWzshugx9Orsn9,eerie ominous haunting
Observing Ghosts,Ambience Mastery,Gothic Horror Ambience,2022-11-26,6f9bipiUmTeh6DtOAx08NY,https://open.spotify.com/track/6f9bipiUmTeh6DtOAx08NY,eerie ominous haunting
"Creepy, Dark, Scary Halloween Ambient",Creepy Razy,"Spooky Halloween Music: Creepy, Dark, Scary Halloween Ambient Music",2020-10-02,37yn6nSLPmkMGVLqOrlxwF,https://open.spotify.com/track/37yn6nSLPmkMGVLqOrlxwF,eerie ominous haunting
Occult Ritual Music,Background Music Attention,"Gothic, Atmospheric, Dark Ambient",2020-01-13,1xVcM9JIIx5Hyv5PzW0ZGN,https://open.spotify.com/track/1xVcM9JIIx5Hyv5PzW0ZGN,eerie ominous haunting
An Ominous Light,Shadow's Symphony,Beneath the Dark,2013-12-06,7jaViddyD1x8FMwkqUNJ5H,https://open.spotify.com/track/7jaViddyD1x8FMwkqUNJ5H,eerie ominous haunting
Evil Laughs On Dark Ambient Music,Halloween Kids,Haunting Halloween Sounds and Music,2024-10-15,2htmlpXAitHFBE4obwvlX3,https://open.spotify.com/track/2htmlpXAitHFBE4obwvlX3,eerie ominous haunting
A Horror Soundscape Ambient Pad,Bobby Cole,Monsters Live Inside Us,2018-10-29,1o5zCMRP2zFpl919gFQP5C,https://open.spotify.com/track/1o5zCMRP2zFpl919gFQP5C,eerie ominous haunting
Strange Feeling,Background Music Attention,"Gothic, Atmospheric, Dark Ambient",2020-01-13,4bnorMnBboykWeuckpY1PQ,https://open.spotify.com/track/4bnorMnBboykWeuckpY1PQ,eerie ominous haunting
Monster in Darkness: Haunted Forest pt. 3,Halloween Effects Horror Library,"Creepy Halloween Atmospheres: Scary Horror Ambient for Spooky Night (Haunted Forest, Graveyard, Catacombs)",2021-10-14,6IGVrjiYrPmTZs5ZulSXOE,https://open.spotify.com/track/6IGVrjiYrPmTZs5ZulSXOE,eerie ominous haunting
A House in Fog,Ambience Mastery,Gothic Horror Ambience,2022-11-26,6Me0CzynC1r9DweGvVnsIn,https://open.spotify.com/track/6Me0CzynC1r9DweGvVnsIn,eerie ominous haunting
The Manifestation,Dead Melodies,The Foundations of Ruin,2018-05-08,5qwVHeqpWsuEWABiLqEiGj,https://open.spotify.com/track/5qwVHeqpWsuEWABiLqEiGj,eerie ominous haunting
Scary Creepy Ambient Horror,Imuno,Scary Creepy Ambient Horror,2024-05-17,2HF3LhDC6HCr8xO3wUTKGt,https://open.spotify.com/track/2HF3LhDC6HCr8xO3wUTKGt,eerie ominous haunting
Dark Ambiance (Dark Dungeon RPG),Dark RPG Music,Dungeons and Catacombs Dark Music,2018-03-19,3F6VcTZ41QLQj2rgJgtOD3,https://open.spotify.com/track/3F6VcTZ41QLQj2rgJgtOD3,eerie ominous haunting
Halloween 2015 Music,The Darker Star,"Dark Ambient Music - Nature Sounds, Creepy Soundscapes with Rain Background Sound",2015-10-22,1HVCcrcub5BbxSS7YvYf4f,https://open.spotify.com/track/1HVCcrcub5BbxSS7YvYf4f,eerie ominous haunting
Eerie Lofi - Lofi Halloween,ChillHop Cafe,Chillhop Radio Study Music Chill (Lofi Chillhop 2023 Study Music Chill),2023-08-28,1louxEsZR0eYpIF17WkNwP,https://open.spotify.com/track/1louxEsZR0eYpIF17WkNwP,eerie ominous haunting
Eerie,Games roof,Ageless,2022-05-11,0WVOsRwRlzv0AYSEIXE7KF,https://open.spotify.com/track/0WVOsRwRlzv0AYSEIXE7KF,eerie ominous haunting
Cozy Halloween Coffee Shop Jazz Ambience,Nature Sound Retreat,Halloween Ambiences,2023-10-01,1B42frI4s2csH1TOEE8TrK,https://open.spotify.com/track/1B42frI4s2csH1TOEE8TrK,eerie ominous haunting
Creepy Choirs,Drakula,Scary Background Music: Horror Monsters and Nice Sprites Howling Sounds,2019-09-09,7DEXJha8JO2iUZrVGkad5n,https://open.spotify.com/track/7DEXJha8JO2iUZrVGkad5n,eerie ominous haunting
Dark Ambient,Sexy Erotic Halloween,"Evil Music - Mysterious, Macabre Ambient",2019-06-11,2npKrjtmVf7CXswpsyUs2J,https://open.spotify.com/track/2npKrjtmVf7CXswpsyUs2J,eerie ominous haunting
The Witching Hour,Ambience Mastery,Halloween Ambience (Scary Atmosphere),2022-10-28,2v2TSoC8T3xRjwY6YbMgvW,https://open.spotify.com/track/2v2TSoC8T3xRjwY6YbMgvW,eerie ominous haunting
Approaching Danger,Background Music Attention,"Gothic, Atmospheric, Dark Ambient",2020-01-13,1D98KKJ0fri0YgpruDK3C9,https://open.spotify.com/track/1D98KKJ0fri0YgpruDK3C9,eerie ominous haunting
Haunted Old House,Ambiworld,Halloween Ambience,2019-10-15,57IiH9NGZtyre4xZYkBb4V,https://open.spotify.com/track/57IiH9NGZtyre4xZYkBb4V,eerie ominous haunting
Ghosts Somewhere,Ambience Mastery,Gothic Horror Ambience,2022-11-26,3DSYb0nr9EUlvTspLAGp9U,https://open.spotify.com/track/3DSYb0nr9EUlvTspLAGp9U,eerie ominous haunting
Bloody Midnight,Background Music Attention,"Gothic, Atmospheric, Dark Ambient",2020-01-13,3DsSoY4kXheASGbnFHzbEO,https://open.spotify.com/track/3DsSoY4kXheASGbnFHzbEO,eerie ominous haunting
Ambience - Spooky Forest,The Scary Pumpkins,Sounds from the Crypt,2003-08-05,3HDko0CUTH9Ub0awkooBSw,https://open.spotify.com/track/3HDko0CUTH9Ub0awkooBSw,eerie ominous haunting
Biosphäre,Musica Cthulhiana,Fragment,2010-11-30,507Hb2jwUaeQ4GxzP3lRvR,https://open.spotify.com/track/507Hb2jwUaeQ4GxzP3lRvR,eerie ominous haunting
Ambient Suspenseful Background (Original Motion Picture Soundtrack),Acoustic Instrumental Vibes,Ambient Suspenseful Background (Original Motion Picture Soundtrack),2022-10-18,1M6GOFvY9YviLMRlTUZm1V,https://open.spotify.com/track/1M6GOFvY9YviLMRlTUZm1V,eerie ominous haunting
Eerie,Shady Cicada,Eerie,2018-01-20,3N789vlmxsmBbc1lkC1Eni,https://open.spotify.com/track/3N789vlmxsmBbc1lkC1Eni,eerie ominous haunting
Eerie Laboratory Ambience,Halloween Sounds,300 Halloween Sound Effects,2012-05-30,7ktKRIPfhVcboY4gl1QfyL,https://open.spotify.com/track/7ktKRIPfhVcboY4gl1QfyL,eerie ominous haunting
Dark Celtic Forest Ambience,Nature Sound Retreat,Halloween Ambiences,2023-10-01,6mEZP5gFiFzbameVmUWuYJ,https://open.spotify.com/track/6mEZP5gFiFzbameVmUWuYJ,eerie ominous haunting
DND Horror Ambient Music,Dungeons & Dragons Ambience Zone,DND Horror Ambient Music,2025-09-10,22tRL9v68Iy3Wd7ST0V7BF,https://open.spotify.com/track/22tRL9v68Iy3Wd7ST0V7BF,eerie ominous haunting
Terrifying Clown Ambience,Scary Halloween Night Ambient,"Paranormal Whispers, Evil Spirits, Screams & Haunted Sound Library",2025-09-26,5EEjDn3aJyIX65aueILVi4,https://open.spotify.com/track/5EEjDn3aJyIX65aueILVi4,eerie ominous haunting
Dark Ambience,Scary Halloween Night Ambient,Halloween Horror Night Sounds,2025-09-01,0QCS8MEN4exstzmZjACtdd,https://open.spotify.com/track/0QCS8MEN4exstzmZjACtdd,eerie ominous haunting
GROWING SHADOWS,Myuu,Horror Collection: Soundscapes & Dark Ambient Music,2018-10-01,5vL9bitMIYon30jcdHopU5,https://open.spotify.com/track/5vL9bitMIYon30jcdHopU5,eerie ominous haunting
Eerie,Instrumental Trap Beats Gang,Haunted Trap House,2024-10-01,5lPJs1ToamkRseaCrAmEXe,https://open.spotify.com/track/5lPJs1ToamkRseaCrAmEXe,eerie ominous haunting
Calliope,Carolyn Barela,Calliope,2020-11-20,2ZsO8w02O3uXQLyj7soRzM,https://open.spotify.com/track/2ZsO8w02O3uXQLyj7soRzM,eerie ominous haunting
Dark Cavern,Ambient Realms,"Massive Ambient Music, Vol.1",2015-03-16,5HMrYp3RF85U9PxqgGQWt9,https://open.spotify.com/track/5HMrYp3RF85U9PxqgGQWt9,eerie ominous haunting
Spooky Park,Electric Dreams,Halloween Ambience,2014-09-24,5HLK0NO8dFheEFNcFq23f4,https://open.spotify.com/track/5HLK0NO8dFheEFNcFq23f4,eerie ominous haunting
Haunted Forest,The Darker Star,"Dark Ambient Music - Nature Sounds, Creepy Soundscapes with Rain Background Sound",2015-10-22,3M8A8iVGmKPApEErnE8ZGf,https://open.spotify.com/track/3M8A8iVGmKPApEErnE8ZGf,eerie ominous haunting
Inside the Vampire Crypt,Ambience Mastery,Halloween Ambience (Scary Atmosphere),2022-10-28,6VjSf9gpj1rv9TKYuqIG9x,https://open.spotify.com/track/6VjSf9gpj1rv9TKYuqIG9x,eerie ominous haunting
Sombre Moments,Ambience Mastery,Foggy Day Ambience,2022-04-08,4mJPwhISoeYRsvCBe2Brp8,https://open.spotify.com/track/4mJPwhISoeYRsvCBe2Brp8,eerie ominous haunting
Mysterious Places,Ambience Mastery,Foggy Day Ambience,2022-04-08,75qwCFgdkGa4R1CkHUegp6,https://open.spotify.com/track/75qwCFgdkGa4R1CkHUegp6,eerie ominous haunting
The Beauty of Horror,Ambience Mastery,Halloween Ambience (Scary Atmosphere),2022-10-28,5OSSN3ZbeHfRpqhY1GZVeI,https://open.spotify.com/track/5OSSN3ZbeHfRpqhY1GZVeI,eerie ominous haunting
Mystery House,Ambient Realms,"Massive Horror Ambience, Vol. 3",2022-04-23,046HhppV6PVbWH1WGrdwmz,https://open.spotify.com/track/046HhppV6PVbWH1WGrdwmz,eerie ominous haunting
The Dead are Here,Ambience Mastery,Halloween Ambience (Scary Atmosphere),2022-10-28,01EuPbh8JVZ6OmUXSLBRYc,https://open.spotify.com/track/01EuPbh8JVZ6OmUXSLBRYc,eerie ominous haunting
Dark Shadows,Background Music Attention,"Gothic, Atmospheric, Dark Ambient",2020-01-13,1ZLxQ1bNvAEBMY20pr7Hxx,https://open.spotify.com/track/1ZLxQ1bNvAEBMY20pr7Hxx,eerie ominous haunting
Nostramo Haunted,Officio Audiorum,Ambiences of the Far Future: Season II,2019-06-24,5OJ6gKyCQNrI5LwYDS4zyj,https://open.spotify.com/track/5OJ6gKyCQNrI5LwYDS4zyj,eerie ominous haunting
Creepy Ambience,Ambient Nature,Creepy Ambience,2022-11-29,41Snl4kg5YwWbqQdX7l7J0,https://open.spotify.com/track/41Snl4kg5YwWbqQdX7l7J0,eerie ominous haunting
Mysterious,Sexy Erotic Halloween,"Evil Music - Mysterious, Macabre Ambient",2019-06-11,0gaMt4cxzCoBYWG2DhsEvI,https://open.spotify.com/track/0gaMt4cxzCoBYWG2DhsEvI,eerie ominous haunting
Forest / Interior,Dean Hurley,Anthology Resource Vol. I: △△,2017-08-06,1xRr6Tc5WFa0EMCxqwXe5n,https://open.spotify.com/track/1xRr6Tc5WFa0EMCxqwXe5n,eerie ominous haunting
Vampiric Fantasy,Background Music Attention,"Gothic, Atmospheric, Dark Ambient",2020-01-13,0SRaeoYOXpd5cIpAkvTACa,https://open.spotify.com/track/0SRaeoYOXpd5cIpAkvTACa,eerie ominous haunting
Entering of the Dead,Ambiworld,Halloween Ambience,2019-10-15,7EyQAE9QT8xuKhq0oFVJWZ,https://open.spotify.com/track/7EyQAE9QT8xuKhq0oFVJWZ,eerie ominous haunting
Suffocating Ambience,Solis Reverie,Shadows' at Dusk,2019-10-17,7HwFFDj2ELXt1TweHriJH4,https://open.spotify.com/track/7HwFFDj2ELXt1TweHriJH4,eerie ominous haunting
Haunted Library Ambience,Martia's Muses,Haunted Library Ambience,2023-10-03,7IowdxOkJGnHm4isQBkdU6,https://open.spotify.com/track/7IowdxOkJGnHm4isQBkdU6,eerie ominous haunting
Eerie Soundscapes,Fandubs Jose,Halloween Background Music,2024-10-24,0dYw54YPQRWscB6nnQUjQr,https://open.spotify.com/track/0dYw54YPQRWscB6nnQUjQr,eerie ominous haunting
Empty Sectors,Hilyard,Furthermore,2018-11-20,5EGU9gyf4mf58d8y6HwSTl,https://open.spotify.com/track/5EGU9gyf4mf58d8y6HwSTl,eerie ominous haunting
Old Ragtime,Instrumental Jazz Music Ambient,Vintage Halloween Jazz Party,2021-10-25,62IopLGqjBGiOpFZkg29lA,https://open.spotify.com/track/62IopLGqjBGiOpFZkg29lA,eerie ominous haunting
Horror Music,Sagan Hawkes,Nostalgic Horror,2022-08-29,6XhB1k04NTcZtmgPBu3XAV,https://open.spotify.com/track/6XhB1k04NTcZtmgPBu3XAV,eerie ominous haunting
Creepy Ambient Music Mix,Creepy Razy,"Spooky Halloween Music: Creepy, Dark, Scary Halloween Ambient Music",2020-10-02,784p8NPOI0dygmSVA7FKIn,https://open.spotify.com/track/784p8NPOI0dygmSVA7FKIn,eerie ominous haunting
Gothic Atmosphere,Creepy Razy,"Spooky Halloween Music: Creepy, Dark, Scary Halloween Ambient Music",2020-10-02,1RXMr2lwarFIsUMIB2uqx8,https://open.spotify.com/track/1RXMr2lwarFIsUMIB2uqx8,eerie ominous haunting
Epic Darkness,Ambient Realms,"Massive Horror Ambience Music, Vol. 2",2020-10-13,2QbEuOzOpNNQr1eVCekhOk,https://open.spotify.com/track/2QbEuOzOpNNQr1eVCekhOk,eerie ominous haunting
Dangerous Mists,Background Music Attention,"Gothic, Atmospheric, Dark Ambient",2020-01-13,5wXHe51bKZzPZGeDt9Zooj,https://open.spotify.com/track/5wXHe51bKZzPZGeDt9Zooj,eerie ominous haunting
Dark Ambience,Dark Ambience,Dark Ambience,2016-03-31,2QoTrnSDvCwOeBRjW6KEHQ,https://open.spotify.com/track/2QoTrnSDvCwOeBRjW6KEHQ,eerie ominous haunting
Gothic Buildings,Ambience Mastery,Foggy Day Ambience,2022-04-08,004VJHVy37dzUfzMt4WXUX,https://open.spotify.com/track/004VJHVy37dzUfzMt4WXUX,eerie ominous haunting
Dark Ambience,Hover,Haunted World,2000-01-01,4Mz2ixqSrkssMHKqkTR7uk,https://open.spotify.com/track/4Mz2ixqSrkssMHKqkTR7uk,eerie ominous haunting
Abandoned Warehouse,Ambient Realms,"Massive Horror Ambience, Vol. 3",2022-04-23,6M2TPYFxxqhwLAiDCHYBuB,https://open.spotify.com/track/6M2TPYFxxqhwLAiDCHYBuB,eerie ominous haunting
Mansion Hallways at Night,Ambience Mastery,Gothic Horror Ambience,2022-11-26,6o43rMtf062cHATHC05ZrW,https://open.spotify.com/track/6o43rMtf062cHATHC05ZrW,eerie ominous haunting
Forest is Dark,Scary Halloween Night Ambient,"Dark Background Music for Scary Halloween Night: Creepy Sounds, Demonic Vibe, Spooky Forest, Haunted Soul",2021-10-13,5CNMip2enn6dFziF3GMiMP,https://open.spotify.com/track/5CNMip2enn6dFziF3GMiMP,eerie ominous haunting
Empty,Gothic Storm,Minimal Melancholy,2019-11-18,1tMmXQJuB1f4rgwbmuUWSW,https://open.spotify.com/track/1tMmXQJuB1f4rgwbmuUWSW,eerie ominous haunting
Dream Ambience,Sagan Hawkes,Sounds of RPG Horror,2021-12-10,2TV7HUdgOzrV57tWxvZLdP,https://open.spotify.com/track/2TV7HUdgOzrV57tWxvZLdP,eerie ominous haunting
Ghostly Night Forest,Ambient Realms,"Massive Ambient Music, Vol. 4",2016-08-18,0JUbEGOHQ5cz2oGP4ff6es,https://open.spotify.com/track/0JUbEGOHQ5cz2oGP4ff6es,eerie ominous haunting
Haunted Echoes - Ambient Thunderstorms,Thunderstorms,Whispering Winds,2023-05-03,27EhchezfQJn99SYJCySqn,https://open.spotify.com/track/27EhchezfQJn99SYJCySqn,eerie ominous haunting
Scary Nature,Scary Halloween Night Ambient,"Dark Background Music for Scary Halloween Night: Creepy Sounds, Demonic Vibe, Spooky Forest, Haunted Soul",2021-10-13,6WelUHSHQrTQPNdU3L4nwZ,https://open.spotify.com/track/6WelUHSHQrTQPNdU3L4nwZ,eerie ominous haunting
Halloween Dark Ambience,Spooky Halloween Music,Halloween Dark Ambience,2024-09-28,7xpIXx7CuTgwIAtLa6iu6n,https://open.spotify.com/track/7xpIXx7CuTgwIAtLa6iu6n,eerie ominous haunting
Eerie Tones,Halloween & Musica de Terror Specialists,Scary Sounds to Sleep by,2020-10-29,0YfvGc9iemrPZP7xCx88y4,https://open.spotify.com/track/0YfvGc9iemrPZP7xCx88y4,eerie ominous haunting
Eerie Forest Path Ambience,Martia's Muses,Eerie Forest Path Ambience,2023-09-08,1cvfsRDPmBHhp9XsyeK7Jz,https://open.spotify.com/track/1cvfsRDPmBHhp9XsyeK7Jz,eerie ominous haunting
Eerie,Solis Reverie,Spellbound Slumbering Haven,2019-11-04,58zaTxU5kpY5GHrms9JWdZ,https://open.spotify.com/track/58zaTxU5kpY5GHrms9JWdZ,eerie ominous haunting
Eerie Shriek Loop,Scary Halloween Night Ambient,Screams & Creepy Haunted Forest Ambience,2025-10-10,3zXmVNtGdjZFmxiVdqKSOf,https://open.spotify.com/track/3zXmVNtGdjZFmxiVdqKSOf,eerie ominous haunting
Dark Ambient,Halloween Masters,"Halloween Sounds: Free Halloween Music, Ambient Background Music with Suspense",2016-10-17,6Fz47suoNEsrKUcbjcVNXg,https://open.spotify.com/track/6Fz47suoNEsrKUcbjcVNXg,eerie ominous haunting
"Ambience, Fantasy - Eerie Synth Drone, Horror Fantasy Ambiences",Sound Effects Library,Magical: Sound Effects,2012-05-15,79qE5kWoGxp0VRgMvknBD2,https://open.spotify.com/track/79qE5kWoGxp0VRgMvknBD2,eerie ominous haunting
Gothic Ambient with Thunder (Ambient Music),The Darker Star,"Dark Ambient: Dark Ambient Music, Atmosphere Music, Solitude and Melancholy",2012-09-03,4d3ikQvSAqri4WpO3qmykG,https://open.spotify.com/track/4d3ikQvSAqri4WpO3qmykG,eerie ominous haunting
Mysterious Land,Electric Dreams,Halloween Ambience,2014-09-24,54dRBswKtaPRnaP1Ig2a9i,https://open.spotify.com/track/54dRBswKtaPRnaP1Ig2a9i,eerie ominous haunting
Ambience: Haunted House,Sound Collective,98 Scary Sounds,2011-08-23,48iBa7nlR88eoGHsJPrXth,https://open.spotify.com/track/48iBa7nlR88eoGHsJPrXth,eerie ominous haunting
Welcome to Our Haunted House (Instrumental),AtmosFX,Halloween Hits,2017-09-27,4GoqtQhod8QawHAMH2wJbg,https://open.spotify.com/track/4GoqtQhod8QawHAMH2wJbg,eerie ominous haunting
Dark Magical Forest,Ambient Realms,"Massive Ambient Music, Vol. 8",2021-04-02,2lSFC0mxEe6bgDYXf2ajPR,https://open.spotify.com/track/2lSFC0mxEe6bgDYXf2ajPR,eerie ominous haunting
The Misty Passage,Ambient Realms,"Massive Ambient Music, Vol. 5",2019-01-01,5EjPu83lg1YOAvnY5OWnoI,https://open.spotify.com/track/5EjPu83lg1YOAvnY5OWnoI,eerie ominous haunting
Eerie Abandoned Mansion,Creepy SFX,Creepy Asylum Ambient,2024-09-13,63AMySBxTEYP9P6MRQerQr,https://open.spotify.com/track/63AMySBxTEYP9P6MRQerQr,eerie ominous haunting
Footsteps in the Night,Ambience Mastery,Gothic Horror Ambience,2022-11-26,6Qr2ZmI7cjwrdi3nWk0b8D,https://open.spotify.com/track/6Qr2ZmI7cjwrdi3nWk0b8D,eerie ominous haunting
Witchcraft Grimoire,Ambience Mastery,Gothic Horror Ambience,2022-11-26,4Iy2Z8EV8mEs2SYyBbxAtt,https://open.spotify.com/track/4Iy2Z8EV8mEs2SYyBbxAtt,eerie ominous haunting
Haunted Mansion Scene Ambience,Sound Ideas,Scary Sounds,2014-02-15,6RncrNQS8YHeyfQKJqyGDU,https://open.spotify.com/track/6RncrNQS8YHeyfQKJqyGDU,eerie ominous haunting
Creepy Sounds and Effects on Dark Ambient Music (Scary Ambiance),Halloween Kids,Haunting Halloween Sounds and Music,2024-10-15,2IKmUT9VR0jjZ8mBoNWnDj,https://open.spotify.com/track/2IKmUT9VR0jjZ8mBoNWnDj,eerie ominous haunting
Eerie Halloween Background Sound Effect Ambience,Halloween Sounds,300 Halloween Sound Effects,2012-05-30,7arFTeJU9Y9mwiaCJVjvhQ,https://open.spotify.com/track/7arFTeJU9Y9mwiaCJVjvhQ,eerie ominous haunting
Haunted House Scary Atmosphere with Growls,Sound Ideas,Scary Sounds,2014-02-15,7b7XnSfUCMBnb0utUeuGLa,https://open.spotify.com/track/7b7XnSfUCMBnb0utUeuGLa,eerie ominous haunting
Dark Ambient,Aquatix,Dark Ambient,2022-11-18,2DdoX0FzwBe26yarvew3gc,https://open.spotify.com/track/2DdoX0FzwBe26yarvew3gc,eerie ominous haunting
Haunted Abandoned Circus - Ghost Carnival Ambience,Nature Sound Retreat,Halloween Ambiences,2023-10-01,6WjzfuZQAHP83zgsTcciHE,https://open.spotify.com/track/6WjzfuZQAHP83zgsTcciHE,eerie ominous haunting
Chilling Soundscapes,Solis Reverie,Shadows' at Dusk,2019-10-17,3ci0GV6XEG9DpjAIaJ4r12,https://open.spotify.com/track/3ci0GV6XEG9DpjAIaJ4r12,eerie ominous haunting
Fog of Nightmares,Ambient Realms,"Massive Horror Ambience, Vol. 3",2022-04-23,5ACFGHzDJKVVDVYTyGbSVf,https://open.spotify.com/track/5ACFGHzDJKVVDVYTyGbSVf,eerie ominous haunting
Terrifying,Creepy Razy,Creepy Doll Music: Carillon Dark Hall Songs for Abandoned House & Horror Movies,2019-09-04,6bmdX8harSWZ3Dq1GHPGFb,https://open.spotify.com/track/6bmdX8harSWZ3Dq1GHPGFb,eerie ominous haunting
"A Dark Presence, Horror Ambient Sounds",Frank & Stein,"Halloween Town - Scary Ambient Music and Sound Effects, Creepy Pasta and Horror Story Background",2016-10-17,5KWKAIGeDTe6sn3mn9Lf69,https://open.spotify.com/track/5KWKAIGeDTe6sn3mn9Lf69,eerie ominous haunting
Scary Ambience,Creepy Razy,"Spooky Halloween Music: Creepy, Dark, Scary Halloween Ambient Music",2020-10-02,7JWtz57HT33cCziA4wFpXh,https://open.spotify.com/track/7JWtz57HT33cCziA4wFpXh,eerie ominous haunting
haunting melodies of dark shadows,Dark Ambiental Orchestra,haunting melodies of dark shadows,2023-05-05,1sDHfTWYEFLs9ZURC5rXP0,https://open.spotify.com/track/1sDHfTWYEFLs9ZURC5rXP0,eerie ominous haunting
Dark Twisting Halls,Ambient Realms,"Massive Horror Ambience, Vol. 1",2018-10-11,3HCZIgz1Mr2y0xGHjtfVJz,https://open.spotify.com/track/3HCZIgz1Mr2y0xGHjtfVJz,eerie ominous haunting
Paranormal Act,Background Music Attention,"Gothic, Atmospheric, Dark Ambient",2020-01-13,0wCFLHbkiuyWyCzzPDQdNA,https://open.spotify.com/track/0wCFLHbkiuyWyCzzPDQdNA,eerie ominous haunting
Hallucinations of Horror,Ambient Realms,"Massive Horror Ambience, Vol. 1",2018-10-11,47oM8QBN5QnntmGKqvxLid,https://open.spotify.com/track/47oM8QBN5QnntmGKqvxLid,eerie ominous haunting
Howling Wind: Haunted Forest pt. 5,Halloween Effects Horror Library,"Creepy Halloween Atmospheres: Scary Horror Ambient for Spooky Night (Haunted Forest, Graveyard, Catacombs)",2021-10-14,355C8xiNQQBcO6fZVo3aCt,https://open.spotify.com/track/355C8xiNQQBcO6fZVo3aCt,eerie ominous haunting
Mystic Spells,Background Music Attention,"Gothic, Atmospheric, Dark Ambient",2020-01-13,3unyJV4nx6tGXjqURLRIBM,https://open.spotify.com/track/3unyJV4nx6tGXjqURLRIBM,eerie ominous haunting
Ambient Chamber,Ambient Realms,"Massive Ambient Music, Vol. 6",2020-03-17,5tX2yEhUZ11jtK7X0qm8CP,https://open.spotify.com/track/5tX2yEhUZ11jtK7X0qm8CP,eerie ominous haunting
Eerie Surroundings,Halloween Sounds,300 Halloween Sound Effects,2012-05-30,0VeGNIo9SzF5ZKo7o5p6Fs,https://open.spotify.com/track/0VeGNIo9SzF5ZKo7o5p6Fs,eerie ominous haunting
Eerie Music,Horror Nightmare,"Eerie Music - Creepy Nightmare Sound Effects, Howling Wolves, Chains, Whispers & Groans",2017-10-13,3oCEygft1pPk9jFKzIQ0fE,https://open.spotify.com/track/3oCEygft1pPk9jFKzIQ0fE,eerie ominous haunting
Ambience of Terrifying Darkness,Halloween Sounds of Fear,Halloween Sound Effects,2014-10-27,42FOfiDRNzG3k2H4KIF6Dc,https://open.spotify.com/track/42FOfiDRNzG3k2H4KIF6Dc,eerie ominous haunting
Haunted Forest Shriek Background,Halloween Sound Machine,The Haunted Butcher’s House SFX,2025-10-24,5QPclwyIYNDEjIpwmIGcm9,https://open.spotify.com/track/5QPclwyIYNDEjIpwmIGcm9,eerie ominous haunting
Eerie Eco-Friendly Evening,ChillMindscapes,Eerie Eco-Friendly Evening,2023-09-30,2hGDjLoKJvVtlMrLt0kK01,https://open.spotify.com/track/2hGDjLoKJvVtlMrLt0kK01,eerie ominous haunting
Creepy Viola,Tihomir Hristozov,Creepy Strings,2022-04-01,2vnYYbyXd48QuL1xBYvgbx,https://open.spotify.com/track/2vnYYbyXd48QuL1xBYvgbx,eerie ominous haunting
Uncoded Symbols,Avith Ortega,Impotence,2014-10-05,65Pgkn7LzZtuPKLl4Id70Q,https://open.spotify.com/track/65Pgkn7LzZtuPKLl4Id70Q,eerie ominous haunting
Dark Monastery Chants - Abandoned Haunted Gothic Church Ambience,Nature Sound Retreat,Halloween Ambiences,2023-10-01,16jXXt7roQLeKAatIVkTM0,https://open.spotify.com/track/16jXXt7roQLeKAatIVkTM0,eerie ominous haunting
Haunted,Cavendish Music,Paranormal,2018-08-16,0n0nfYjHfVCdbHSvnhuomV,https://open.spotify.com/track/0n0nfYjHfVCdbHSvnhuomV,eerie ominous haunting
Halloween Background Music Spooky Scary Party Mix Movie Instrumental Haunted House Atmosphere,Inspirational Vibes,"Halloween Background Music Spooky Scary Party Mix Movie Instrumental Dark Haunted Beats Cinematic Horror Vibes | Creepy Ambience, Eerie Soundtrack, Haunted House Atmosphere, Scary Halloween Playlist",2025-10-11,0ebP1E6iY6hGjknXnCPmMQ,https://open.spotify.com/track/0ebP1E6iY6hGjknXnCPmMQ,eerie ominous haunting
Halloween Background Music Spooky Scary Party Mix Movie Instrumental Creepy Ambient Horror Vibes,Inspirational Vibes,"Halloween Background Music Spooky Scary Party Mix Movie Instrumental Dark Haunted Beats Cinematic Horror Vibes | Creepy Ambience, Eerie Soundtrack, Haunted House Atmosphere, Scary Halloween Playlist",2025-10-11,79I1r22JiLMWNu0JuV2oy0,https://open.spotify.com/track/79I1r22JiLMWNu0JuV2oy0,eerie ominous haunting
Dark Ambient Music,DJ Haunted,Halloween 2013 - Scary Background Music (Dark Soundtrack for Halloween Events and Scary Videos),2013-10-09,2NHBkB25F25z2J9zsnZmIX,https://open.spotify.com/track/2NHBkB25F25z2J9zsnZmIX,eerie ominous haunting
Spooky Instrumental Background Music,Halloween Party Album Singers,"Eerie Halloween Music: Spooky Instrumental Background Music for Halloween Parties, Dreadful Freights, Ominous Ambient Dark Music",2020-10-26,1nkvBdCduZIINzfDpBWgD3,https://open.spotify.com/track/1nkvBdCduZIINzfDpBWgD3,eerie ominous haunting
Hunter,Ambient Realms,"Massive Horror Ambience, Vol. 1",2018-10-11,1bWsZmo2nry9MSNFHYIdT9,https://open.spotify.com/track/1bWsZmo2nry9MSNFHYIdT9,eerie ominous haunting
"Ambience, Fantasy - Eerie Synth Swarm, High Pitched Shimmering, Horror Fantasy Ambiences, Greatest Sound Effects",Sound Effects Library,Magical: Sound Effects,2012-05-15,13kqaOEMPT0olZBiWL49hq,https://open.spotify.com/track/13kqaOEMPT0olZBiWL49hq,eerie ominous haunting
Scary Ambient Music,Elizabeth Mor,Scary Night,2017-11-02,4OZURclkTch3NL5Jr7OcLJ,https://open.spotify.com/track/4OZURclkTch3NL5Jr7OcLJ,eerie ominous haunting
Gothic Ambient with Thunder Sound (Horror Music),Halloween Tribe,The Great Terror - Halloween Music and Frightening Sounds: Zombie Effects,2014-10-20,2wHLrbCzwDLET6qRYtnNd6,https://open.spotify.com/track/2wHLrbCzwDLET6qRYtnNd6,eerie ominous haunting
ambient dark music,Halloween Sounds Collective,* HALLOWEEN MUSIC *,2023-02-06,7kgObsw0jcdm2lbHg9qaFy,https://open.spotify.com/track/7kgObsw0jcdm2lbHg9qaFy,eerie ominous haunting
Hypnotic Ambient Music,Mystic Background Music Masters,"111 Hypnotic Music for Lucid Dreams: Mindfulness & Self Hypnosis, REM Sleep Music Dream Cycle, Hypnotherapy, Pure Meditation Music Sessions",2016-09-19,2TsR7cJqul3ezT4cOgqfQD,https://open.spotify.com/track/2TsR7cJqul3ezT4cOgqfQD,eerie ominous haunting
Creep,Ghosts Behind,Halloween Ambience,2021-10-18,7gLUXU2SABHeQZe2uO2O12,https://open.spotify.com/track/7gLUXU2SABHeQZe2uO2O12,eerie ominous haunting
The Creepy Forest,Ambient Realms,"Massive Ambient Music, Vol. 7",2020-03-17,7c2xoge5XpBtzJAyb7w4Am,https://open.spotify.com/track/7c2xoge5XpBtzJAyb7w4Am,eerie ominous haunting
Scary Background Atmosphere of Despair,Halloween All-Stars,Paranormal FX & Creepy Haunted Ambience 2025,2025-10-10,6AeWyrGw6rZ37tZFvbfY1e,https://open.spotify.com/track/6AeWyrGw6rZ37tZFvbfY1e,eerie ominous haunting
Quiet Time,David Fesliyan,Ambient Chill,2020-08-28,1i81TRIZ6XIkETdDqqr8cE,https://open.spotify.com/track/1i81TRIZ6XIkETdDqqr8cE,eerie ominous haunting
Noisy Fireplace,Jerry Goldsmith,The Haunting (Original Motion Picture Soundtrack / Deluxe Edition),1999,5S1NS38G2m4ltQoYgr1lAa,https://open.spotify.com/track/5S1NS38G2m4ltQoYgr1lAa,eerie ominous haunting
Dark Forest,Brian Estes,Mysterious Places,2021-09-03,3W0DPjOaPPT5AjfzS5nbQq,https://open.spotify.com/track/3W0DPjOaPPT5AjfzS5nbQq,eerie ominous haunting
Mysterious Background Music,Power Music Factory,Power Music Factory,2020-10-15,1nf0Nzz894Hk9ODiCiU5qT,https://open.spotify.com/track/1nf0Nzz894Hk9ODiCiU5qT,eerie ominous haunting
Eerie Mansion Howl Ambience,Creepy Sound Effects,Paranormal Voices & Creepy Haunted Horror SFX,2025-10-20,1jpyZSmB7dfrXrCxrqWCHh,https://open.spotify.com/track/1jpyZSmB7dfrXrCxrqWCHh,eerie ominous haunting
Haunted Dollhouse Ambience,Nature Sound Retreat,Halloween Ambiences,2023-10-01,7DcgnIzjV7uJ52zc4DH4lp,https://open.spotify.com/track/7DcgnIzjV7uJ52zc4DH4lp,eerie ominous haunting
This House Is Haunted - Instrumental,OP-404,This House Is Haunted (Instrumental),2022-08-06,3PpuwwvLU9i6A0koWn2Wvj,https://open.spotify.com/track/3PpuwwvLU9i6A0koWn2Wvj,eerie ominous haunting
Halloween Background Music Spooky Scary Party Mix Movie Instrumental Haunting Ambient Chill,Inspirational Vibes,"Halloween Background Music Spooky Scary Party Mix Movie Instrumental Dark Haunted Beats Cinematic Horror Vibes | Creepy Ambience, Eerie Soundtrack, Haunted House Atmosphere, Scary Halloween Playlist",2025-10-11,3Y3cYMdjGYOdjDGB5UFZGu,https://open.spotify.com/track/3Y3cYMdjGYOdjDGB5UFZGu,eerie ominous haunting
Haunted,Randal Collier-Ford,Apex,2017-10-31,4meqTxYGlHZ48DSq8nRkne,https://open.spotify.com/track/4meqTxYGlHZ48DSq8nRkne,eerie ominous haunting
Haunted (Ambient),Bill McCarthy,"Epic Soundtracks, Vol. 3",2017-02-24,6tT1nTax1NUOhWZv0Ho7ib,https://open.spotify.com/track/6tT1nTax1NUOhWZv0Ho7ib,eerie ominous haunting
Dark Ambience,Horror Nightmare,Dark Ambience - 2 Hours Music for Dark Thoughts,2019-06-11,4QP7oatMwSNq1YF0R00dxK,https://open.spotify.com/track/4QP7oatMwSNq1YF0R00dxK,eerie ominous haunting
Dark Ambient,The Darker Star,"Dark Ambient Music - Nature Sounds, Creepy Soundscapes with Rain Background Sound",2015-10-22,1lnxNl3POaE5vCHMactzg7,https://open.spotify.com/track/1lnxNl3POaE5vCHMactzg7,eerie ominous haunting
Haunted Environments,Halloween FX Productions,Haunter Forest Ambient,2024-09-16,2h5yvyyAk1XratnzAPwzOP,https://open.spotify.com/track/2h5yvyyAk1XratnzAPwzOP,eerie ominous haunting
Scary Ambiance,Blood Red Studio,"Sound Effects for Halloween Party: Chanting Church Creepy Choirs, High Tension Ambience",2019-09-09,1Sj4eXz6g6IFy4jGDQPHkZ,https://open.spotify.com/track/1Sj4eXz6g6IFy4jGDQPHkZ,eerie ominous haunting
Lost Forest,Ambient Realms,"Massive Horror Ambience, Vol. 1",2018-10-11,6CbGJGpmvaxZ1VidVMCiqp,https://open.spotify.com/track/6CbGJGpmvaxZ1VidVMCiqp,eerie ominous haunting
Dark Epic Music,Sexy Erotic Halloween,"Evil Music - Mysterious, Macabre Ambient",2019-06-11,29hKzXAQhkxftVbw2yCUsf,https://open.spotify.com/track/29hKzXAQhkxftVbw2yCUsf,eerie ominous haunting
Dark Instrumental Halloween Tracks,Horror Lofi,Halloween Music 2025,2025-10-31,3BVeo4RugzIkHXemefg061,https://open.spotify.com/track/3BVeo4RugzIkHXemefg061,eerie ominous haunting
Nothing Beyond,Background Music Attention,"Gothic, Atmospheric, Dark Ambient",2020-01-13,3DtXovhbnVbSsfYldqwz1A,https://open.spotify.com/track/3DtXovhbnVbSsfYldqwz1A,eerie ominous haunting
orchestral dark music,Halloween Sounds Collective,Scary Graveyard Sounds,2023-02-07,3C0xxyoCOK9NdDPa2WDJcz,https://open.spotify.com/track/3C0xxyoCOK9NdDPa2WDJcz,eerie ominous haunting
Gore & Bloody Sounds and Effects On Dark Ambient Music,Halloween Kids,Haunting Halloween Sounds and Music,2024-10-15,0uzKbzhTSuHPvYbELX3E4h,https://open.spotify.com/track/0uzKbzhTSuHPvYbELX3E4h,eerie ominous haunting
Darkened,Edward Eclipse,"Evil Background Songs - Spooky Scary Music, Dark Ambient Horror Story Background",2017-10-13,0aE6UQFgEh7MRnUSFqEAsO,https://open.spotify.com/track/0aE6UQFgEh7MRnUSFqEAsO,eerie ominous haunting
Eerie Graveyard Atmosphere,This is Halloween,Halloween Background Music,2025-09-26,6cZ9iAI5b5rHHDlAJAJRd0,https://open.spotify.com/track/6cZ9iAI5b5rHHDlAJAJRd0,eerie ominous haunting
Black Forest,Background Music Attention,"Gothic, Atmospheric, Dark Ambient",2020-01-13,6cqalbFTGpPbYkZuLjaLcw,https://open.spotify.com/track/6cqalbFTGpPbYkZuLjaLcw,eerie ominous haunting
Sppoky Halloween Music,Creepy Razy,"Spooky Halloween Music: Creepy, Dark, Scary Halloween Ambient Music",2020-10-02,4QUnxh8vHMIKbfiYPRHIhR,https://open.spotify.com/track/4QUnxh8vHMIKbfiYPRHIhR,eerie ominous haunting
Whispers from the Haunted Forest,Spooky Soundscapes Studio,Whispers from the Haunted Forest,2024-10-31,6iQ7RhzCr5cYN7KJ4iKq7S,https://open.spotify.com/track/6iQ7RhzCr5cYN7KJ4iKq7S,eerie ominous haunting
Horror Movie Ambient,Creepy Background Noise,Terrifying Sounds For Halloween,2024-10-19,6bjqjPHqOhxSesbHu64KFm,https://open.spotify.com/track/6bjqjPHqOhxSesbHu64KFm,eerie ominous haunting
Phantom of the Opera Haunting Ambience,Nature Sound Retreat,Halloween Ambiences,2023-10-01,2lymcG4IAle1Yl5mStCCB4,https://open.spotify.com/track/2lymcG4IAle1Yl5mStCCB4,eerie ominous haunting
A Baroque Vampire Castle,Ambience Mastery,Gothic Horror Ambience,2022-11-26,45ySPkOczAZxWLFGtwfdHq,https://open.spotify.com/track/45ySPkOczAZxWLFGtwfdHq,eerie ominous haunting
Haunted Victorian London with Rain Ambience,Nature Sound Retreat,Halloween Ambiences,2023-10-01,4OhOQdwSlgq7eHMIaBYnls,https://open.spotify.com/track/4OhOQdwSlgq7eHMIaBYnls,eerie ominous haunting
Dark Ambient,Ambient Space Background,Dark Ambient 2019 - 3 Hours of Deep Space Relaxation,2019-06-29,3jaaHy1d1o8Ajmn05LogsY,https://open.spotify.com/track/3jaaHy1d1o8Ajmn05LogsY,eerie ominous haunting
The Haunting Hallows,Ambient Realms,"Massive Ambient Music, Vol. 14",2025-03-22,4M3dfnsR18zsnTGvAXzvng,https://open.spotify.com/track/4M3dfnsR18zsnTGvAXzvng,eerie ominous haunting
"Ambience, Fantasy Dream Atmosphere, Hallucination, Strange Voices, Electronic, Fantasy Ambiences, Sfx",Sound Effects Library,Magical: Sound Effects,2012-05-15,2cu3S9PUuis54tEZIVQ6ce,https://open.spotify.com/track/2cu3S9PUuis54tEZIVQ6ce,eerie ominous haunting
Mysterious,Andreas Scherren,BlutKrieg,2011-09-23,5uzF73AwYTdeT5s11m4SfC,https://open.spotify.com/track/5uzF73AwYTdeT5s11m4SfC,eerie ominous haunting
Dark Souls,Horror Nightmare,Dark Ambience - 2 Hours Music for Dark Thoughts,2019-06-11,1C6CxtvVK8siif06jv2lia,https://open.spotify.com/track/1C6CxtvVK8siif06jv2lia,eerie ominous haunting
Strange Dream,Ambient Realms,"Massive Horror Ambience, Vol. 1",2018-10-11,2p15YCvz2PYrdwr93tYxuO,https://open.spotify.com/track/2p15YCvz2PYrdwr93tYxuO,eerie ominous haunting
Dark Ambient Music,Halloween Tribe,Scary Monsters and Spooky Sounds - Horror Music and Creepy Effects for Your Halloween Party,2014-10-20,4d4nfr9DsvfDllly9Hzezv,https://open.spotify.com/track/4d4nfr9DsvfDllly9Hzezv,eerie ominous haunting
Creepy Ambience,Spooky Halloween Music,Horror Ambience For Halloween,2024-10-06,7iXijrbYnwbJnyvatKJswL,https://open.spotify.com/track/7iXijrbYnwbJnyvatKJswL,eerie ominous haunting
Haunting Drone Sounds / Eerie Atmospheres 1,Dr. Sound Effects,Ultimate Halloween Sound Effects Collection – 400 Spooky Scary Horror Sounds,2010-09-01,34ddz8XkqpLWvaME1to0FD,https://open.spotify.com/track/34ddz8XkqpLWvaME1to0FD,eerie ominous haunting
A Moment of Mourning,Ambience Mastery,Halloween Ambience (Scary Atmosphere),2022-10-28,1tqV9qlqqMn2I1MyldnrAg,https://open.spotify.com/track/1tqV9qlqqMn2I1MyldnrAg,eerie ominous haunting
Haunted Library Background Sounds,The Darker Star,Happy Halloween,2025-10-31,59AM3o3s4uaUnoARS2HBk0,https://open.spotify.com/track/59AM3o3s4uaUnoARS2HBk0,eerie ominous haunting
Creepy Tune,The Darker Star,"Dark Ambient Music - Nature Sounds, Creepy Soundscapes with Rain Background Sound",2015-10-22,31GfxDnMEnUWeXsn8xsI7p,https://open.spotify.com/track/31GfxDnMEnUWeXsn8xsI7p,eerie ominous haunting
Halloween Mix,Creepy Razy,"Spooky Halloween Music: Creepy, Dark, Scary Halloween Ambient Music",2020-10-02,1LDq6S37gNRtYd6hGEllJr,https://open.spotify.com/track/1LDq6S37gNRtYd6hGEllJr,eerie ominous haunting
Haunting Darkness in our Past,Martin Czerny,Sad & Dark Music Collection (Piano & Cello),2022-10-27,65PVYMj3FuDnCO6YoJJXYy,https://open.spotify.com/track/65PVYMj3FuDnCO6YoJJXYy,eerie ominous haunting
scary orchestral music,Halloween Sounds Collective,Scary Graveyard Sounds,2023-02-07,4YVGE1b0erDOa1bO64OavT,https://open.spotify.com/track/4YVGE1b0erDOa1bO64OavT,eerie ominous haunting
Dark Garden,Edward Eclipse,"Evil Background Songs - Spooky Scary Music, Dark Ambient Horror Story Background",2017-10-13,1gVZVPory00QOfasdg4Bat,https://open.spotify.com/track/1gVZVPory00QOfasdg4Bat,eerie ominous haunting
Eerie Soundscape Music Bed Sfx,Royalty Free Music,"Horror Soundscapes, Halloween Haunted House Ambience, Scary Sound Effects",2010-09-21,2c6n3mzEtK4y7mpgmBgJ4H,https://open.spotify.com/track/2c6n3mzEtK4y7mpgmBgJ4H,eerie ominous haunting
Whispers in the Dark,Ambient Realms,"Massive Horror Ambience, Vol. 1",2018-10-11,1CIbQLH3iA3fDKnH8Y16v4,https://open.spotify.com/track/1CIbQLH3iA3fDKnH8Y16v4,eerie ominous haunting
Frightening Time,Scary Halloween Night Ambient,"Dark Background Music for Scary Halloween Night: Creepy Sounds, Demonic Vibe, Spooky Forest, Haunted Soul",2021-10-13,2IxQ2EQMWcuJatXtcldJEk,https://open.spotify.com/track/2IxQ2EQMWcuJatXtcldJEk,eerie ominous haunting
Eerie Halloween Music,Halloween Party Album Singers,"Eerie Halloween Music: Spooky Instrumental Background Music for Halloween Parties, Dreadful Freights, Ominous Ambient Dark Music",2020-10-26,4sztwgyVbpkTFwIv5z5CpJ,https://open.spotify.com/track/4sztwgyVbpkTFwIv5z5CpJ,eerie ominous haunting
Dark Atmospheres,Scary Halloween Music,Halloween Themed Music: Spooky Halloween Songs to Play at Your Costume Party,2022-10-11,6x3731EiSOX3RL8jQf2iks,https://open.spotify.com/track/6x3731EiSOX3RL8jQf2iks,eerie ominous haunting
Posessed Woodland,Halloween Effects Horror Library,"Night in Haunted Forest: Creepy Halloween Music, Dark Ambient Horror Sound Effects",2021-09-28,1yXBVccXQCdkoHzoLlsOXY,https://open.spotify.com/track/1yXBVccXQCdkoHzoLlsOXY,eerie ominous haunting
Eerie Music,Grim Reaper Players,98 Haunted Sounds - Halloween Horror,2008-04-08,2ISGw3NOgCZLi8C7D0ybCO,https://open.spotify.com/track/2ISGw3NOgCZLi8C7D0ybCO,eerie ominous haunting
Arcaic,Frank & Stein,"Halloween Town - Scary Ambient Music and Sound Effects, Creepy Pasta and Horror Story Background",2016-10-17,02M28I7AGfe6GYMVfWg676,https://open.spotify.com/track/02M28I7AGfe6GYMVfWg676,eerie ominous haunting
Dark Lands,Ambient Realms,"Massive Ambient Music, Vol.1",2015-03-16,7MeFkL7PDRv8WD04qYPIu0,https://open.spotify.com/track/7MeFkL7PDRv8WD04qYPIu0,eerie ominous haunting
Ambient Lurker,Ambient Realms,"Massive Horror Ambience, Vol. 3",2022-04-23,5ye5XYSt3scwdQcvBgoBae,https://open.spotify.com/track/5ye5XYSt3scwdQcvBgoBae,eerie ominous haunting
Dark Ambient Music,Horror Nightmare,Friday 13th - Horror Music and Satanic Sounds 4 Scary Friday the 13th,2014-04-12,1o43Fk3qw5BkYfZacffOGb,https://open.spotify.com/track/1o43Fk3qw5BkYfZacffOGb,eerie ominous haunting
Infernal Sounds,Halloween Party Album Singers,"Eerie Halloween Music: Spooky Instrumental Background Music for Halloween Parties, Dreadful Freights, Ominous Ambient Dark Music",2020-10-26,7HO2tjEjHAzqNpkRP1fp5M,https://open.spotify.com/track/7HO2tjEjHAzqNpkRP1fp5M,eerie ominous haunting
Dark Forest Ambience,Spooky Halloween Sound Effects,Haunted House Echoes,2024-09-21,1ZV5H3V65txZcEemgIOn8I,https://open.spotify.com/track/1ZV5H3V65txZcEemgIOn8I,eerie ominous haunting
Mysteries,Brian Estes,Mysteries,2020-04-10,34oBxNHYN9FdjAP59cLcY8,https://open.spotify.com/track/34oBxNHYN9FdjAP59cLcY8,eerie ominous haunting
Dark Ambient,Robbins Island Music Group,"Ambient Mood Music: Ambient Instrumental Music for Deep Sleep, Stress Relief, Bedtime Music, Meditation & Spa Treatments",2014-06-04,7F5K9zhilOy0jNEhPEHEJt,https://open.spotify.com/track/7F5K9zhilOy0jNEhPEHEJt,eerie ominous haunting
A Gothic Castle and Rain,Ambience Mastery,A Dark Library (Gothic Horror Ambience),2022-12-05,6mOi4PlZHhsdtQH7yNBDwp,https://open.spotify.com/track/6mOi4PlZHhsdtQH7yNBDwp,eerie ominous haunting
Scary Ambience for Haunted Houses,This is Halloween,Halloween Background Music,2025-09-26,212Oijv3su4qwPP6KYYwYK,https://open.spotify.com/track/212Oijv3su4qwPP6KYYwYK,eerie ominous haunting
Creepy Mysterious Background Ambiance,TunePocket Music Library,Creepy Halloween,2022-10-01,2euZtFHm1ut6RnLnMUUj79,https://open.spotify.com/track/2euZtFHm1ut6RnLnMUUj79,eerie ominous haunting
An Dark Landscape,Ambience Mastery,Foggy Day Ambience,2022-04-08,39KHslJdJuYqVLUysERdHd,https://open.spotify.com/track/39KHslJdJuYqVLUysERdHd,eerie ominous haunting
The Witching Hour (Instrumental),AtmosFX,Halloween Hits,2017-09-27,7jkgUtbRDOnhA3BBkidZGt,https://open.spotify.com/track/7jkgUtbRDOnhA3BBkidZGt,eerie ominous haunting
Demonic Sounds from Hell,Haunting Ambience,Paranormal Ambience & Spooky Night Atmosphere,2025-09-12,51J2XfjRo1pcdMtLtkTuqN,https://open.spotify.com/track/51J2XfjRo1pcdMtLtkTuqN,eerie ominous haunting
Deep Suspence,Background Music Attention,"Gothic, Atmospheric, Dark Ambient",2020-01-13,54mTvoP1xsKruVs3FiMsIW,https://open.spotify.com/track/54mTvoP1xsKruVs3FiMsIW,eerie ominous haunting
Spooky Night,Ambient Realms,"Massive Ambient Music, Vol.3",2016-01-14,4TzgwjSIWrfZzlJpsxpNvT,https://open.spotify.com/track/4TzgwjSIWrfZzlJpsxpNvT,eerie ominous haunting
Cemetery at Night,Background Music Attention,"Gothic, Atmospheric, Dark Ambient",2020-01-13,4TsYmhpnzoBUj4eH5j3BeU,https://open.spotify.com/track/4TsYmhpnzoBUj4eH5j3BeU,eerie ominous haunting
Hollowed Crypt,Ambient Realms,"Massive Ambient Music, Vol. 4",2016-08-18,3wJnURLvSnzDsPPh8FNY5U,https://open.spotify.com/track/3wJnURLvSnzDsPPh8FNY5U,eerie ominous haunting
Ambient Sounds - Original Mix,Cryptex,Isolated Incidents,2014-11-15,4tGqQUemrFAKZ6Ao11Sfl5,https://open.spotify.com/track/4tGqQUemrFAKZ6Ao11Sfl5,eerie ominous haunting
Haunted Castle,Michael Ghelfi,"RPG / D&D Ambiences and Atmospheres, Vol. 1, Pt. 2",2021-06-19,4wtSk9tBYJBvCupwwo5CbB,https://open.spotify.com/track/4wtSk9tBYJBvCupwwo5CbB,eerie ominous haunting
"Creepy, Quiet Castle - Loop",Sword Coast Soundscapes,"The Adventurer, Vol. 1",2020-08-09,3Ujs7Eo5pVCHVBEyqLpgeI,https://open.spotify.com/track/3Ujs7Eo5pVCHVBEyqLpgeI,eerie ominous haunting
Halloween Whispers,Electric Dreams,Halloween Ambience,2014-09-24,78q99dKqWAg6FTZyKfhyEI,https://open.spotify.com/track/78q99dKqWAg6FTZyKfhyEI,eerie ominous haunting
Somber,Ambient Realms,"Massive Horror Ambience, Vol. 1",2018-10-11,0nxNs2cXI7R7WJ2TSahT23,https://open.spotify.com/track/0nxNs2cXI7R7WJ2TSahT23,eerie ominous haunting
Dramatic Ambient,Ambient Sound Center,"Dramatic Ambient - Gothic Dark Fantasy Ambient, Sad & Somber Background",2019-06-11,75OxPGrERexNVSqos3hoN5,https://open.spotify.com/track/75OxPGrERexNVSqos3hoN5,eerie ominous haunting
Horror Background Music,Creepy Razy,"Spooky Halloween Music: Creepy, Dark, Scary Halloween Ambient Music",2020-10-02,3BbyV4Rt2EnjI3Ok9HPexR,https://open.spotify.com/track/3BbyV4Rt2EnjI3Ok9HPexR,eerie ominous haunting
Lost in a Daydream,Ambient Realms,"Massive Horror Ambience, Vol. 1",2018-10-11,0sLPoFbPt7WXRBvAHQlajV,https://open.spotify.com/track/0sLPoFbPt7WXRBvAHQlajV,eerie ominous haunting
Dark Shadows,The Darker Star,"Dark Ambient: Dark Ambient Music, Atmosphere Music, Solitude and Melancholy",2012-09-03,0a4GDP8QtCHD3zP9FmtddS,https://open.spotify.com/track/0a4GDP8QtCHD3zP9FmtddS,eerie ominous haunting
Crawling Insects,The Darker Star,"Dark Ambient Music - Nature Sounds, Creepy Soundscapes with Rain Background Sound",2015-10-22,0Lp2Z9lYZnnk56QztYfDzo,https://open.spotify.com/track/0Lp2Z9lYZnnk56QztYfDzo,eerie ominous haunting
Dark Drone,Horror Music,Dark Ambience,2022-04-29,7I5pOk5CQKkLXj7rJkOGtD,https://open.spotify.com/track/7I5pOk5CQKkLXj7rJkOGtD,eerie ominous haunting
Dark Ambient Music,Alan Samhita,D&D Ambient Music,2022-03-12,1aJmMl0vtRSQPilQvQdpLC,https://open.spotify.com/track/1aJmMl0vtRSQPilQvQdpLC,eerie ominous haunting
Haunted Undead Graveyard,Scenic Ambient Music,Haunted Undead Graveyard,2021-10-18,6l8O3hRem3oOog5cWvklpp,https://open.spotify.com/track/6l8O3hRem3oOog5cWvklpp,eerie ominous haunting
Ghost Wind,Ambient Realms,"Massive Horror Ambience, Vol. 1",2018-10-11,5iduFb7Q6ETVV3WdDOwN9J,https://open.spotify.com/track/5iduFb7Q6ETVV3WdDOwN9J,eerie ominous haunting
Cryptic Ambiance,Profane Grace,Cast in the Mold of the Ancient,2006-11-13,7EczKyiR6Z6m9bqbuwcQ4z,https://open.spotify.com/track/7EczKyiR6Z6m9bqbuwcQ4z,eerie ominous haunting
Dark Senses,Ambient Realms,"Massive Horror Ambience, Vol. 1",2018-10-11,3Qx6h2iteJYOLlpwIa8ssz,https://open.spotify.com/track/3Qx6h2iteJYOLlpwIa8ssz,eerie ominous haunting
dark industrial music,Halloween Sounds Collective,Scary Graveyard Sounds,2023-02-07,72AioIPlPRJQP7GfHhiDbg,https://open.spotify.com/track/72AioIPlPRJQP7GfHhiDbg,eerie ominous haunting
Halloween Ambient,Halloween Music,Halloween Chillout Music 2019,2019-10-29,2lAj03lhygKBtQyTi7rU6m,https://open.spotify.com/track/2lAj03lhygKBtQyTi7rU6m,eerie ominous haunting
Celtic Harp (Acoustic Ambient),The Darker Star,"Dark Ambient: Dark Ambient Music, Atmosphere Music, Solitude and Melancholy",2012-09-03,5P6iDSXhCcCb9CEzYpC0e4,https://open.spotify.com/track/5P6iDSXhCcCb9CEzYpC0e4,eerie ominous haunting
Haunted Souls,Background Music Attention,"Gothic, Atmospheric, Dark Ambient",2020-01-13,0qbux8ZK5acs6o4dn2dhOE,https://open.spotify.com/track/0qbux8ZK5acs6o4dn2dhOE,eerie ominous haunting
Hollow Forest,Ambient Realms,"Massive Ambient Music, Vol. 5",2019-01-01,3RiDHE1LxdJc6Ma7W20ouF,https://open.spotify.com/track/3RiDHE1LxdJc6Ma7W20ouF,eerie ominous haunting
Scary Church,Scary Halloween Music,Ominous Dark Ambience: Halloween Background Music 2022,2022-10-27,2cxsBc2GBIXS9r1jhHb8zc,https://open.spotify.com/track/2cxsBc2GBIXS9r1jhHb8zc,eerie ominous haunting
Fear for Us,Scary Halloween Night Ambient,"Dark Background Music for Scary Halloween Night: Creepy Sounds, Demonic Vibe, Spooky Forest, Haunted Soul",2021-10-13,0jSprrPx50bp3Dfg2GSfzQ,https://open.spotify.com/track/0jSprrPx50bp3Dfg2GSfzQ,eerie ominous haunting
When Darkness Falls,Ambience Mastery,Gothic Horror Ambience,2022-11-26,0OBW1b78e0NUoBTj4aQ01L,https://open.spotify.com/track/0OBW1b78e0NUoBTj4aQ01L,eerie ominous haunting
Dark Ambient,Alys Coliere,Spooky Night Melodies,2018-10-03,6lYBxgag5HOUIqimm1OJ7t,https://open.spotify.com/track/6lYBxgag5HOUIqimm1OJ7t,eerie ominous haunting
The Haunted Crypt of the Vampire Queen,Ambience Mastery,A Haunted and Magical World (Dark Fairytale Music),2023-03-13,7uOLoYxTMDrieLJEQhJTHi,https://open.spotify.com/track/7uOLoYxTMDrieLJEQhJTHi,eerie ominous haunting
This Place is Really Creepy,Ambient Senses,Halloween Haunted House Scary Sounds and Ambience,2021-09-26,4Rj4yVckpXAPhQ6JalLc22,https://open.spotify.com/track/4Rj4yVckpXAPhQ6JalLc22,eerie ominous haunting
Dread in the Dark Dark Ambient Horror Music - Haunting Soundscapes for Fearful Edits,DJ RIHAYEM,Dark Ambient Horror Music - Haunting Soundscapes for Fearful Edits,2024-09-11,4E4PFhWjw4FW61VdYvXodH,https://open.spotify.com/track/4E4PFhWjw4FW61VdYvXodH,eerie ominous haunting
Haunting Whispers in Endless Night,Ambience Mastery,Macabre Nightmares Unraveled (Horror Music),2023-04-15,3roovN2mRzB8a9sESmMr0w,https://open.spotify.com/track/3roovN2mRzB8a9sESmMr0w,eerie ominous haunting
Ambience: Horrible Nightmare,Sound Collective,98 Scary Sounds,2011-08-23,7Hva5nWur43X6unQkkPkvp,https://open.spotify.com/track/7Hva5nWur43X6unQkkPkvp,eerie ominous haunting
Terrifying Chapel Ambience,Halloween Sound Effects,Creepy Haunted October Atmosphere 2025,2025-10-20,2ECL8Oj3niBMwbnGrWcZtz,https://open.spotify.com/track/2ECL8Oj3niBMwbnGrWcZtz,eerie ominous haunting
Gothic Piano Sounds (New Age Dark Music),Halloween Tribe,Scary Monsters and Spooky Sounds - Horror Music and Creepy Effects for Your Halloween Party,2014-10-20,41ChlkFwpPOVcdbxPCeaBJ,https://open.spotify.com/track/41ChlkFwpPOVcdbxPCeaBJ,eerie ominous haunting
Haunted House,Halloween Party Album Singers,"Eerie Halloween Music: Spooky Instrumental Background Music for Halloween Parties, Dreadful Freights, Ominous Ambient Dark Music",2020-10-26,3KXBjUMMWVW7F4CZt7aeCG,https://open.spotify.com/track/3KXBjUMMWVW7F4CZt7aeCG,eerie ominous haunting
Mystere,Ophelia's Dream,Scary Classical Masterpieces,2009-04-01,55BKuBiV3JHkEguVEh9oNP,https://open.spotify.com/track/55BKuBiV3JHkEguVEh9oNP,eerie ominous haunting
Haunted Corridors,Brian Estes,Mysterious Places,2021-09-03,01fy3a5ZXRbBOddcVrYs1v,https://open.spotify.com/track/01fy3a5ZXRbBOddcVrYs1v,eerie ominous haunting
Strange Shadows,Edward Eclipse,"Evil Background Songs - Spooky Scary Music, Dark Ambient Horror Story Background",2017-10-13,6ZpwcWwpA3ndwgmIF4MF6o,https://open.spotify.com/track/6ZpwcWwpA3ndwgmIF4MF6o,eerie ominous haunting
Haunted Cathedral: Organ Impromptu,Spooky Halloween Sounds,The Dark Court: Gothic Organ and Cello Music for Vampire Themed Halloween Night,2021-09-20,79dArafZMBiwWFDJc9GNer,https://open.spotify.com/track/79dArafZMBiwWFDJc9GNer,eerie ominous haunting
Dark Ambient,It Lives Down Below,"Scary Clown Music: Suspense Horror Sounds, Night at the Carnival with Carillon Creepy Songs",2019-09-04,4kkhY7zxh3N4khYmpM3Iaf,https://open.spotify.com/track/4kkhY7zxh3N4khYmpM3Iaf,eerie ominous haunting
Moving Quietly in the House,Ambience Mastery,Gothic Horror Ambience,2022-11-26,1tdhQrvQa8OKqlbMzLFad2,https://open.spotify.com/track/1tdhQrvQa8OKqlbMzLFad2,eerie ominous haunting
The Haunting,Pragius,Creepy Ambience,2022-10-16,30xbbM7CPbNb5Cy6k5yWBP,https://open.spotify.com/track/30xbbM7CPbNb5Cy6k5yWBP,eerie ominous haunting
Halloween Graveyard Instrumental,Halloween Music,"!!!!"" Creepy Cornfield Ambience ""!!!!",2023-11-02,14ZfZYZkvgh5rfKxlhpdVj,https://open.spotify.com/track/14ZfZYZkvgh5rfKxlhpdVj,eerie ominous haunting
Horrible Crickets,Scary Halloween Night Ambient,"Dark Background Music for Scary Halloween Night: Creepy Sounds, Demonic Vibe, Spooky Forest, Haunted Soul",2021-10-13,4zQ6HDoTGHDKv66ByTWZSg,https://open.spotify.com/track/4zQ6HDoTGHDKv66ByTWZSg,eerie ominous haunting
Abandoned Ruins Ambience,Ambience Lab,Environmental Soundscapes: Chapter 1,2019-12-16,4aImhZwq1wshT2Zp7EOEnS,https://open.spotify.com/track/4aImhZwq1wshT2Zp7EOEnS,eerie ominous haunting
Horror Show,Scary Music Orchestra,"Horror Show: High Tension Halloween Ambience, Chilling Music for Scaring",2019-09-04,4QqawqsbeE2Wl5nZrknXWG,https://open.spotify.com/track/4QqawqsbeE2Wl5nZrknXWG,eerie ominous haunting
Dark Ambient New Age,Soundscapes,Soundscapes – Ambient Sounds Relaxation Music,2015-01-13,6nVQaq1wGd0wu45w5RAr8G,https://open.spotify.com/track/6nVQaq1wGd0wu45w5RAr8G,eerie ominous haunting
Terror,Ambient Realms,"Massive Horror Ambience, Vol. 1",2018-10-11,2g2bc2tAP3JZBZw6eQjmh5,https://open.spotify.com/track/2g2bc2tAP3JZBZw6eQjmh5,eerie ominous haunting
"Halloween Spooky Ambience, Pt. I",Ambient Senses,Halloween Spooky Ambience (Gapless play),2022-10-26,4KKN1MEhtCzRLB41XOgCCN,https://open.spotify.com/track/4KKN1MEhtCzRLB41XOgCCN,eerie ominous haunting
Eerie Graveyard at Midnight,Solfeggio Healing Frequencies Relaxing Ambience,Spooky Halloween Dark Ambience Scary Horror Music,2024-08-16,2bqHfRxfkzLGtLKdDv1cX2,https://open.spotify.com/track/2bqHfRxfkzLGtLKdDv1cX2,eerie ominous haunting
Dark Eerie Ambience,The Hollywood Edge Sound Effects Library,"Extreme Drones, Vol. 2",2015-05-05,0RixkZT7vA67779Tp2JNLp,https://open.spotify.com/track/0RixkZT7vA67779Tp2JNLp,eerie ominous haunting
Haunted Ambience,Graveyard Ghost Music,Haunted Ambience,2024-09-28,0kUSdkZFsJjoFDOX0p9rUO,https://open.spotify.com/track/0kUSdkZFsJjoFDOX0p9rUO,eerie ominous haunting
Dramatic Ambient Piano,cleanmindsounds,Dramatic Ambient Piano,2023-02-28,0MsqXbvUW0XXoUuIkwVSlS,https://open.spotify.com/track/0MsqXbvUW0XXoUuIkwVSlS,eerie ominous haunting
Ascension,Ambient Realms,"Massive Horror Ambience, Vol. 1",2018-10-11,3r1xwBDqKzzbY6THg7Y6IK,https://open.spotify.com/track/3r1xwBDqKzzbY6THg7Y6IK,eerie ominous haunting
Halloween Ambience Sounds,Creepy Razy,"Spooky Halloween Music: Creepy, Dark, Scary Halloween Ambient Music",2020-10-02,0Y0O1hmBnOnrdwZpJsBhMR,https://open.spotify.com/track/0Y0O1hmBnOnrdwZpJsBhMR,eerie ominous haunting
Gruesome Unearthly,Spooky Music,Atmospheric Spooky Music,2024-12-09,4WunWEJbL7ne7wGDn5oLHG,https://open.spotify.com/track/4WunWEJbL7ne7wGDn5oLHG,eerie ominous haunting
2 Am,Ambient Realms,"Massive Horror Ambience, Vol. 1",2018-10-11,4etNo5ZJ0DuwSunXGcIApO,https://open.spotify.com/track/4etNo5ZJ0DuwSunXGcIApO,eerie ominous haunting
Fearful Witch,Horror Stories,Haunted House Ambience,2025-01-13,1TfG9mo0PfQHl3ZDj17PoJ,https://open.spotify.com/track/1TfG9mo0PfQHl3ZDj17PoJ,eerie ominous haunting
Mystical Forest Ambience with Calls and Creatures,Halloween Sounds,240 Halloween Sounds,2007-07-19,0U1TTkmxK40aMPAW595K27,https://open.spotify.com/track/0U1TTkmxK40aMPAW595K27,eerie ominous haunting
Memories from the Vengeful Spirit,Officio Audiorum,Ambiences of the Far Future: Season II,2019-06-24,3gd447U76H4KEFC20yKhj9,https://open.spotify.com/track/3gd447U76H4KEFC20yKhj9,eerie ominous haunting
Ominous Spirits,Hidden Gateways,Celestial Realms (Ambient),2022-12-16,1SJFM09GDVH6lLeMB5zTnQ,https://open.spotify.com/track/1SJFM09GDVH6lLeMB5zTnQ,eerie ominous haunting
Haunted Shore,Creation VI,Beringia,2019-09-24,6v0UZtU6M46SNUdbmvGLCM,https://open.spotify.com/track/6v0UZtU6M46SNUdbmvGLCM,eerie ominous haunting
Horror Atmosphere Deep Strings - Suspense - Sound Effect to Be Frightend,Todster,"Horror Sounds - Scary Sound Effects to Get the Creeps, Shiver, Frighten, Fear and Halloween Sounds",2016-09-30,2NUvLczcI2wwNx9AOaQY0H,https://open.spotify.com/track/2NUvLczcI2wwNx9AOaQY0H,eerie ominous haunting
Cold Chill,Ambient Realms,"Massive Horror Ambience, Vol. 1",2018-10-11,4JhXxnSFYQ9KmRtKHVIqT8,https://open.spotify.com/track/4JhXxnSFYQ9KmRtKHVIqT8,eerie ominous haunting
Aliens,Ambient Realms,"Massive Ambient SciFi Music, Vol. 1",2016-11-03,036AovYAZ5n1rmKEDTd5qN,https://open.spotify.com/track/036AovYAZ5n1rmKEDTd5qN,eerie ominous haunting
Burial,Atrium Carceri,Sacrosanct,2012-08-07,4Q6CWK5t7VBPvdK6qHE11p,https://open.spotify.com/track/4Q6CWK5t7VBPvdK6qHE11p,eerie ominous haunting
Ghostly Apparitions Haunted Melodies,Solfeggio Healing Frequencies Relaxing Ambience,Spooky Halloween Dark Ambience Scary Horror Music,2024-08-16,4jfjREx1bkyZdvrDgLCpXK,https://open.spotify.com/track/4jfjREx1bkyZdvrDgLCpXK,eerie ominous haunting
Epic Dramatic Evil Music,Sexy Erotic Halloween,"Evil Music - Mysterious, Macabre Ambient",2019-06-11,4RZP0ZkwDCS0gmbQSrCmC6,https://open.spotify.com/track/4RZP0ZkwDCS0gmbQSrCmC6,eerie ominous haunting
Extra Terrestrial,Dynamic Music,Eerie Analogue Tension,2017-02-23,6YSHUw1Uv9iRNx1PEqlHhS,https://open.spotify.com/track/6YSHUw1Uv9iRNx1PEqlHhS,eerie ominous haunting
Hypnosis,Ambient Realms,"Massive Horror Ambience, Vol. 1",2018-10-11,6Qs4FJImi13M0HY5s34aEp,https://open.spotify.com/track/6Qs4FJImi13M0HY5s34aEp,eerie ominous haunting
Spooky Background Sounds,Haunting Ambience,Ultimate Haunted House Horror FX Library,2025-09-19,1tg9kk8cpki83TqhA39QMM,https://open.spotify.com/track/1tg9kk8cpki83TqhA39QMM,eerie ominous haunting
Mystical Forest Ambience,Nature Sounds,180 Nature Sounds,2012-04-10,3mSLgh0wnz2uqjJieJisBM,https://open.spotify.com/track/3mSLgh0wnz2uqjJieJisBM,eerie ominous haunting
Whispers: Spooky Graveyard pt. 2,Halloween Effects Horror Library,"Creepy Halloween Atmospheres: Scary Horror Ambient for Spooky Night (Haunted Forest, Graveyard, Catacombs)",2021-10-14,5bxAnZkutWOgNWpDej5clk,https://open.spotify.com/track/5bxAnZkutWOgNWpDej5clk,eerie ominous haunting
"Ambience, Fantasy Dream Atmosphere, Emptiness, Electronic, Fantasy Ambiences",Sound Effects Library,Magical: Sound Effects,2012-05-15,5eO4UqB2fhvWaAN7VayNVW,https://open.spotify.com/track/5eO4UqB2fhvWaAN7VayNVW,eerie ominous haunting
Haunted Forest Ambience of Hell,Scary Halloween Night Ambient,Demonic Halloween Sound Effects of Gore,2025-10-17,40aC3xutZgEGxrMprUYUVH,https://open.spotify.com/track/40aC3xutZgEGxrMprUYUVH,eerie ominous haunting
Ominous Clouds,Network Music Ensemble,Creepy Music for Halloween: 25 Scary Tunes for Haunted Houses and Spooky Parties,2011-03-24,10yXhcSto7XgJXkbVS9yca,https://open.spotify.com/track/10yXhcSto7XgJXkbVS9yca,eerie ominous haunting
Halloween Effects: Dark Scary Forest,Scary Halloween Night Ambient,"Halloween Effects Horror: Old Stairs, Sound of Monsters, Scary Steps, Dark Castle Theme, Old Swing, Church Bells, Swamp, Horror Music Collection, Halloween Theme Songs 2021",2021-09-28,6Y3pokVo40R6xHJHUI8fEo,https://open.spotify.com/track/6Y3pokVo40R6xHJHUI8fEo,eerie ominous haunting
"Ambience, Fantasy Dream Atmosphere, Nightmare, Electronic, Fantasy Ambiences",Sound Effects Library,Magical: Sound Effects,2012-05-15,7HVKk92BN64Cx5SUgNaJRW,https://open.spotify.com/track/7HVKk92BN64Cx5SUgNaJRW,eerie ominous haunting
Scary Forest,Serge Quadrado,Dark Forest,2019-06-13,2Ezak9JlqRyPV08myn8ZBF,https://open.spotify.com/track/2Ezak9JlqRyPV08myn8ZBF,eerie ominous haunting
Creeping Crypts,Ambient Realms,"Massive Ambient Music, Vol. 8",2021-04-02,3IjjB2ruk3dP8BkMHzgH8J,https://open.spotify.com/track/3IjjB2ruk3dP8BkMHzgH8J,eerie ominous haunting
scary industrial music,Halloween Sounds Collective,Scary Graveyard Sounds,2023-02-07,0H64O5ANU8e78nr9Wh3tE8,https://open.spotify.com/track/0H64O5ANU8e78nr9Wh3tE8,eerie ominous haunting
Night Fog,Ambient Realms,"Massive Horror Ambience, Vol. 1",2018-10-11,1FyE0sV7hYnkURezMnaTHW,https://open.spotify.com/track/1FyE0sV7hYnkURezMnaTHW,eerie ominous haunting
Haunted Forest House,Mystical Soundscapes,Haunted Forest House,2023-11-02,1blntrnwLAuXFYUWynWL3m,https://open.spotify.com/track/1blntrnwLAuXFYUWynWL3m,eerie ominous haunting
Terrible Afraid,Spooky Music,Atmospheric Spooky Music,2024-12-09,52S01Q9E7UKt6NjvOXTi10,https://open.spotify.com/track/52S01Q9E7UKt6NjvOXTi10,eerie ominous haunting
Follow the Clues,Burcu Gönül,"Dark Academia, Vol I",2021-05-05,0MeYp24YT1Ofr1CmEceTtv,https://open.spotify.com/track/0MeYp24YT1Ofr1CmEceTtv,eerie ominous haunting
"Ambience, Fantasy Dream Atmosphere, Pleasant Feeling, Electronic, Fantasy Ambiences",Sound Effects Library,Magical: Sound Effects,2012-05-15,3JAX0KzzyOoVmxr7XybZWO,https://open.spotify.com/track/3JAX0KzzyOoVmxr7XybZWO,eerie ominous haunting
Horrifying Experience,Scary Halloween Night Ambient,"Haunted Toy Store: Creepy Old Piano, Scary Music Box, Nightmarish Toymaker, Spooky Halloween Ambience",2023-08-21,3XvEcZPkZUuyUqUB0z4yJw,https://open.spotify.com/track/3XvEcZPkZUuyUqUB0z4yJw,eerie ominous haunting
The Witching Hour,Ambient Realms,"Massive Ambient Music, Vol.3",2016-01-14,7fNHdpV4F5KEfwbo06058A,https://open.spotify.com/track/7fNHdpV4F5KEfwbo06058A,eerie ominous haunting
Haunted Subway,Ambient Realms,"Massive Horror Ambience, Vol. 1",2018-10-11,0zm5GiXmcoqEk7zpuKvUEW,https://open.spotify.com/track/0zm5GiXmcoqEk7zpuKvUEW,eerie ominous haunting
Lost Time,Ambient Realms,"Massive Horror Ambience, Vol. 1",2018-10-11,7Jv51zecCYl6qvgj2T5STY,https://open.spotify.com/track/7Jv51zecCYl6qvgj2T5STY,eerie ominous haunting
terrifying killer instrumental,Halloween Sounds Collective,Scary Graveyard Sounds,2023-02-07,0YFen2dgMmG2Jjee60Xgyn,https://open.spotify.com/track/0YFen2dgMmG2Jjee60Xgyn,eerie ominous haunting
Eternal Darkness,Ambient Realms,"Massive Horror Ambience, Vol. 1",2018-10-11,0Zbf74e7s2G8ecOLOIKOmV,https://open.spotify.com/track/0Zbf74e7s2G8ecOLOIKOmV,eerie ominous haunting
Fear,Ambient Realms,"Massive Horror Ambience, Vol. 1",2018-10-11,7xFdmSGvGLEduq8K20IDnF,https://open.spotify.com/track/7xFdmSGvGLEduq8K20IDnF,eerie ominous haunting
Dark Descent Dark Ambient Horror Soundtrack - Sinister Music for Creating Suspense,DJ RIHAYEM,Dark Ambient Horror Music - Haunting Soundscapes for Fearful Edits,2024-09-11,5TgUZkIAZZul2EkqTyHQ6b,https://open.spotify.com/track/5TgUZkIAZZul2EkqTyHQ6b,eerie ominous haunting
darkening sky,Edward Eclipse,"Evil Background Songs - Spooky Scary Music, Dark Ambient Horror Story Background",2017-10-13,4UKENHcxfWJ6MMd4bW4BBI,https://open.spotify.com/track/4UKENHcxfWJ6MMd4bW4BBI,eerie ominous haunting
Dark Halls Two,Ambient Realms,"Massive Ambient Music, Vol. 6",2020-03-17,3qlvrTlX8BdAkBM9ItFQOt,https://open.spotify.com/track/3qlvrTlX8BdAkBM9ItFQOt,eerie ominous haunting
Ominous Darkness,Ambient Realms,"Massive Ambient Music, Vol. 4",2016-08-18,5xCTS9BNEVLDWXgiswhaPu,https://open.spotify.com/track/5xCTS9BNEVLDWXgiswhaPu,eerie ominous haunting
Haunted Graveyard Atmosphere,Haunted House Background Noise,Creepy Haunted Background Ambience,2025-10-13,40rJakEp61JS0vFoOmFTeQ,https://open.spotify.com/track/40rJakEp61JS0vFoOmFTeQ,eerie ominous haunting
Dark Fairy Tales,Ambience Mastery,Witch Magic Ambience,2022-12-09,4QYg1zyCpzMIhExLVxSTsb,https://open.spotify.com/track/4QYg1zyCpzMIhExLVxSTsb,eerie ominous haunting
Terrifying Cauldron,Spooky Music,Atmospheric Spooky Music,2024-12-09,5xuYrF43iP8MCmGNdNQ45f,https://open.spotify.com/track/5xuYrF43iP8MCmGNdNQ45f,eerie ominous haunting
Haunting Depths,Depthscape,Haunting Depths,2024-03-28,5SYqUD9S3cNOi8c2BVehMg,https://open.spotify.com/track/5SYqUD9S3cNOi8c2BVehMg,eerie ominous haunting
Haunted Mansion,Michael Ghelfi,"Rpg / D&d Ambiences and Atmospheres, Vol. 6, Pt. 2",2020-12-24,3SLSjBZoI743p3uNMsyFXP,https://open.spotify.com/track/3SLSjBZoI743p3uNMsyFXP,eerie ominous haunting
Eerie Soundscape Music Bed SFX,Scary Horror Soundscape Factory,"Horror Soundscapes, Haunted House Sound Effects",2011-04-21,5Ry8NpvnXgKLDEuHCDO8o7,https://open.spotify.com/track/5Ry8NpvnXgKLDEuHCDO8o7,eerie ominous haunting
Nightmare Forest Ambience with Spooky Calls,Halloween Sounds,240 Halloween Sounds,2007-07-19,0nMZjZmKchszOPxXA7epEl,https://open.spotify.com/track/0nMZjZmKchszOPxXA7epEl,eerie ominous haunting
October 31st,Halloween Party Album Singers,"Eerie Halloween Music: Spooky Instrumental Background Music for Halloween Parties, Dreadful Freights, Ominous Ambient Dark Music",2020-10-26,6DbSf6S9HHIEmxCDpAChjO,https://open.spotify.com/track/6DbSf6S9HHIEmxCDpAChjO,eerie ominous haunting
Horror Piano Music,Halloween Masters,"Halloween Sounds: Free Halloween Music, Ambient Background Music with Suspense",2016-10-17,3vtlHJZ2WCTGqMRhPI3OpW,https://open.spotify.com/track/3vtlHJZ2WCTGqMRhPI3OpW,eerie ominous haunting
Haunted Atmosphere,Morphia Productions,Dark & Terrifying Scores,2018-06-01,2IKOeqs93tMy6trFTAaqDQ,https://open.spotify.com/track/2IKOeqs93tMy6trFTAaqDQ,eerie ominous haunting
The Haunted Keep,Ambient Realms,"Massive Ambient Music, Vol. 4",2016-08-18,6Kv9FVJgcz6UUoUia4Hsqt,https://open.spotify.com/track/6Kv9FVJgcz6UUoUia4Hsqt,eerie ominous haunting
Melodies of Horror,Scary Halloween Music,Abandoned Church: Halloween Organ Music with Rain and Thunderstorm,2021-10-14,62HHywCfkH15cXvcsrLK4b,https://open.spotify.com/track/62HHywCfkH15cXvcsrLK4b,eerie ominous haunting
Haunted Mansion Ambience,Horror Nightmare,"Haunted House Music: Haunted Mansion Ambience, Scary Halloween Background Music",2020-10-02,7hZ42Sll9LICCHmhnWd4pN,https://open.spotify.com/track/7hZ42Sll9LICCHmhnWd4pN,eerie ominous haunting
Horror Movies Night,Sexy Erotic Halloween,"Evil Music - Mysterious, Macabre Ambient",2019-06-11,7GJinmq7a8T5cwDjdVdfr3,https://open.spotify.com/track/7GJinmq7a8T5cwDjdVdfr3,eerie ominous haunting
Restless Atmospheres,Edward Eclipse,"Evil Background Songs - Spooky Scary Music, Dark Ambient Horror Story Background",2017-10-13,1FklVYVqsAr9zwoUwr55Jm,https://open.spotify.com/track/1FklVYVqsAr9zwoUwr55Jm,eerie ominous haunting
Lost Path: Haunted Forest pt. 2,Halloween Effects Horror Library,"Creepy Halloween Atmospheres: Scary Horror Ambient for Spooky Night (Haunted Forest, Graveyard, Catacombs)",2021-10-14,58f6kusEBU8w2NzHhchMIz,https://open.spotify.com/track/58f6kusEBU8w2NzHhchMIz,eerie ominous haunting
Creepy Ambience for Horror,Halloween FX Productions,Haunter Forest Ambient,2024-09-16,52xwkJ3KasQfywfb3ROadT,https://open.spotify.com/track/52xwkJ3KasQfywfb3ROadT,eerie ominous haunting
Ghost Trails,Ambient Realms,"Massive Horror Ambience, Vol. 1",2018-10-11,2gaOhbzxGhFkBDgDRg7GdO,https://open.spotify.com/track/2gaOhbzxGhFkBDgDRg7GdO,eerie ominous haunting
Creepy Thunderstorm,Halloween Spirit,Abandoned Church: Halloween Organ Music with Rain and Thunderstorm,2021-10-14,66WctWqprdG1JWDI7kjVwu,https://open.spotify.com/track/66WctWqprdG1JWDI7kjVwu,eerie ominous haunting
Dark Atmospheres,Halloween Spirit,Dark Halloween Music 2020,2020-10-17,1DTJLkJHMRrcekWcQ6Tqfw,https://open.spotify.com/track/1DTJLkJHMRrcekWcQ6Tqfw,eerie ominous haunting
666 - Satanic Music,The Darker Star,"Dark Ambient Music - Nature Sounds, Creepy Soundscapes with Rain Background Sound",2015-10-22,4GCZpmX2FhZafotiAHiI6g,https://open.spotify.com/track/4GCZpmX2FhZafotiAHiI6g,eerie ominous haunting
Alone in the Haunted Forest,Halloween Effects Horror Library,"Demonic Wolves Sounds: Halloween Scary Ambient Music, Haunted Forest by Night, Attack of the Werewolf",2021-10-14,0uonNoJKPhUf2sGe5DVWSP,https://open.spotify.com/track/0uonNoJKPhUf2sGe5DVWSP,eerie ominous haunting
Sleep Deeply,Edward Eclipse,"Evil Background Songs - Spooky Scary Music, Dark Ambient Horror Story Background",2017-10-13,2HGTsmTSjA1Cb1przTLMgl,https://open.spotify.com/track/2HGTsmTSjA1Cb1przTLMgl,eerie ominous haunting
Deep Exploration,Dark Ambient Creator,"Dark Ambient Drones for Relaxing, Dreaming, Chilling and Tripping, Vol. 1",2015-08-31,0ORfEwTrMHJpAv25nYJxoi,https://open.spotify.com/track/0ORfEwTrMHJpAv25nYJxoi,eerie ominous haunting
Hidden Darkness,Ambience Mastery,Foggy Day Ambience,2022-04-08,3UyKAWgTnNSUmBAb4IyTgF,https://open.spotify.com/track/3UyKAWgTnNSUmBAb4IyTgF,eerie ominous haunting
Gothic Organ,Halloween Spirit,Abandoned Church: Halloween Organ Music with Rain and Thunderstorm,2021-10-14,3TGKggGRJsa8nRSM4MiKtb,https://open.spotify.com/track/3TGKggGRJsa8nRSM4MiKtb,eerie ominous haunting
LM-117,Marcus Fjellström,Library Music 1,2011-04-25,3YUkgH2DNdVfoHF3GGFL8G,https://open.spotify.com/track/3YUkgH2DNdVfoHF3GGFL8G,eerie ominous haunting
Gothic Piano Sounds (New Age Dark Music),Horror Nightmare,Friday 13th - Horror Music and Satanic Sounds 4 Scary Friday the 13th,2014-04-12,1bJFVEM1wk0RcfOxpIkavq,https://open.spotify.com/track/1bJFVEM1wk0RcfOxpIkavq,eerie ominous haunting
Bad Dream,Ambient Realms,"Massive Horror Ambience, Vol. 1",2018-10-11,0gCFotjhmAlu6SHkL3r2uS,https://open.spotify.com/track/0gCFotjhmAlu6SHkL3r2uS,eerie ominous haunting
Forest of Darkness,Horror Music Collection,"Night in Haunted Forest: Creepy Halloween Music, Dark Ambient Horror Sound Effects",2021-09-28,2XcyBifYxxjJjbyOhTwqJd,https://open.spotify.com/track/2XcyBifYxxjJjbyOhTwqJd,eerie ominous haunting
Shades of Night,Ambient Realms,"Massive Horror Ambience, Vol. 1",2018-10-11,6dh1N9To0CPhNiZW5p89w5,https://open.spotify.com/track/6dh1N9To0CPhNiZW5p89w5,eerie ominous haunting
Scary Halloween Background Music,Horror Nightmare,"Haunted House Music: Haunted Mansion Ambience, Scary Halloween Background Music",2020-10-02,7nTJwOMkY8QVfPRIk7zN5j,https://open.spotify.com/track/7nTJwOMkY8QVfPRIk7zN5j,eerie ominous haunting
"A Dark Presence, Horror Ambient Sounds",Halloween Masters,"Halloween Sounds: Free Halloween Music, Ambient Background Music with Suspense",2016-10-17,2O8ZIs4iisakIev78SCW2B,https://open.spotify.com/track/2O8ZIs4iisakIev78SCW2B,eerie ominous haunting
Haunting ambient (DnD music),Dungeons & Dragons Ambience Zone,Forest encounter (DnD music),2025-07-21,34Y1CGDHZSfmTv60wCxVTg,https://open.spotify.com/track/34Y1CGDHZSfmTv60wCxVTg,eerie ominous haunting
Dark Horror Ambience,Haunted House Background Noise,Halloween Atmosphere & Creepy Horror FX,2025-09-01,58nzvEt1vjqT6k8RkmCZNH,https://open.spotify.com/track/58nzvEt1vjqT6k8RkmCZNH,eerie ominous haunting
Terrifying Haunted House,Spooky Halloween Music,Horror Ambience For Halloween,2024-10-06,2L0m21LFoinxqHkKO48wFq,https://open.spotify.com/track/2L0m21LFoinxqHkKO48wFq,eerie ominous haunting
Full Moon,Ambient Realms,"Massive Horror Ambience, Vol. 1",2018-10-11,29vpBJermmh0iPGrOuLfPX,https://open.spotify.com/track/29vpBJermmh0iPGrOuLfPX,eerie ominous haunting
"Eerie Noises, Horror FX & Spooky Ambience",Haunted House Background Noise,Halloween Atmosphere & Creepy Horror FX,2025-09-01,7ImOqgABLDigYRoSGbMcQq,https://open.spotify.com/track/7ImOqgABLDigYRoSGbMcQq,eerie ominous haunting
Lullaby for the Fallen,Spooky Halloween Sounds,The Dark Court: Gothic Organ and Cello Music for Vampire Themed Halloween Night,2021-09-20,1P7jONikQejmsXr4qrkMs2,https://open.spotify.com/track/1P7jONikQejmsXr4qrkMs2,eerie ominous haunting
Dance of the Dead,Halloween Spirit,Abandoned Church: Halloween Organ Music with Rain and Thunderstorm,2021-10-14,3m6zFUtUhxLjOqpr4eYSae,https://open.spotify.com/track/3m6zFUtUhxLjOqpr4eYSae,eerie ominous haunting
Enchanted Spell,Spooky Music,Atmospheric Spooky Music,2024-12-09,1FDcH1QgfGwR6zL3qqajaa,https://open.spotify.com/track/1FDcH1QgfGwR6zL3qqajaa,eerie ominous haunting
Fearful Wiccan,Horror Stories,Haunted House Ambience,2025-01-13,2IANZX2EIsF1Fyh3Mwn3Vo,https://open.spotify.com/track/2IANZX2EIsF1Fyh3Mwn3Vo,eerie ominous haunting
Open the Gates to Hell,Relaxing Piano Crew,Halloween Cafe Piano,2020-09-28,5tiui8FGHkBf4vScgF700M,https://open.spotify.com/track/5tiui8FGHkBf4vScgF700M,eerie ominous haunting
"Appearing Ghost, Spooky Sounds",Scary Halloween Night Ambient,"Scary Night with Mysterious Fog & Sounds (Halloween 2017, Spooky & Terrifying Atmosphere, Music with Creepy Sounds, Real Nightmare)",2017-09-28,5KZQVUJ8v7U5PA7cyzVdOV,https://open.spotify.com/track/5KZQVUJ8v7U5PA7cyzVdOV,eerie ominous haunting
Midnight Haunting Ambience Tracks,Halloween de Miedo,Halloween Music,2025-10-31,0ePThJE1ESRAYE33Pc6hyl,https://open.spotify.com/track/0ePThJE1ESRAYE33Pc6hyl,eerie ominous haunting
The Keys to the Haunted Cafe,Relaxing Piano Crew,Halloween Cafe Piano,2020-09-28,42MdjlJKEE09QvHbIlHRQw,https://open.spotify.com/track/42MdjlJKEE09QvHbIlHRQw,eerie ominous haunting
Mansion of Secrets,Waterflame,Spooky Ambience,2022-10-28,7lmhGeebi9NHy3RyhO714k,https://open.spotify.com/track/7lmhGeebi9NHy3RyhO714k,eerie ominous haunting
Haunted Cemetery,Michael Ghelfi,"RPG / D&D Ambiences & Atmospheres, Vol. 7, Pt. 1",2021-12-21,0r51H2RMAQdVGM4CEyoqDF,https://open.spotify.com/track/0r51H2RMAQdVGM4CEyoqDF,eerie ominous haunting
Death Chamber,Ambient Realms,"Massive Horror Ambience, Vol. 1",2018-10-11,5ijTWHqHVVqQjIkwweeR8y,https://open.spotify.com/track/5ijTWHqHVVqQjIkwweeR8y,eerie ominous haunting
Experiencing the Paranormal,Ambience Mastery,A Dark Library (Gothic Horror Ambience),2022-12-05,3SZ6fwizeWGvBx7iPeiWJE,https://open.spotify.com/track/3SZ6fwizeWGvBx7iPeiWJE,eerie ominous haunting
Shimmer in the Dark,Ambient Realms,"Massive Horror Ambience, Vol. 1",2018-10-11,2MgWi6lPvKd5MP8HohjxMi,https://open.spotify.com/track/2MgWi6lPvKd5MP8HohjxMi,eerie ominous haunting
Scary Horror Creepy Ambience Sound Effects,Power Ambient Music Therapy,50 Various Sound Effects & Meditation Ambiences,2016,2Co6yAROMVHpuSC8FwqWJn,https://open.spotify.com/track/2Co6yAROMVHpuSC8FwqWJn,eerie ominous haunting
Dark Forest Nightmare Soundscape,Solfeggio Healing Frequencies Relaxing Ambience,Spooky Halloween Dark Ambience Scary Horror Music,2024-08-16,75wN2eJzC8ZEubwcVNe1dH,https://open.spotify.com/track/75wN2eJzC8ZEubwcVNe1dH,eerie ominous haunting
Dark Jungle,Ambient Realms,"Massive Horror Ambience, Vol. 1",2018-10-11,13Szgt90lIul0h5UH1M02o,https://open.spotify.com/track/13Szgt90lIul0h5UH1M02o,eerie ominous haunting
Eerie Soundscape,I Love Halloween,50 Tracks of Quality Halloween Sound Effects & Music,2012-10-24,6xKK7hA5zX5tO128JnAwJb,https://open.spotify.com/track/6xKK7hA5zX5tO128JnAwJb,eerie ominous haunting
Eerie Ambience and Haunting Sounds,Spooky Creepy Sound Effects,Terrifying Sound Effects For Halloween,2024-09-30,0RjeWsDAlFEnHxHz35qp90,https://open.spotify.com/track/0RjeWsDAlFEnHxHz35qp90,eerie ominous haunting
Hell,Halloween Party Album Singers,"Eerie Halloween Music: Spooky Instrumental Background Music for Halloween Parties, Dreadful Freights, Ominous Ambient Dark Music",2020-10-26,2EMM3tkzKTCKSiuzRv29pS,https://open.spotify.com/track/2EMM3tkzKTCKSiuzRv29pS,eerie ominous haunting
Cinematic Halloween Horror Instrumental Background Music Spooky Scary Party Mix Haunted Mansion Ambience,Inspirational Vibes,Cinematic Halloween Horror Instrumental Background Music Spooky Scary Party Mix Dark Haunted Beats Eerie Soundtrack Haunted House Playlist (Original Horror Soundtrack),2025-10-26,5zRfYvfAObhLJ5lHhPkVLo,https://open.spotify.com/track/5zRfYvfAObhLJ5lHhPkVLo,eerie ominous haunting
haunted orchestra,Halloween Sounds Collective,Scary Graveyard Sounds,2023-02-07,0bxc0TMv48yHRJUzPajcPr,https://open.spotify.com/track/0bxc0TMv48yHRJUzPajcPr,eerie ominous haunting
Haunted House Ambience,Scary Noises,Eerie Halloween Soundscapes,2025-09-01,01fGn3xWYc9ElLRKbegIJb,https://open.spotify.com/track/01fGn3xWYc9ElLRKbegIJb,eerie ominous haunting
Haunted,Dark Fantasy Studio,Haunted,2017-01-01,5ZeEW8zl5BReYY6M5Z58kH,https://open.spotify.com/track/5ZeEW8zl5BReYY6M5Z58kH,eerie ominous haunting
Haunting Soundscapes,Halloween FX Productions,Haunter Forest Ambient,2024-09-16,2lmWkYCr8lMnJyqnFN9OBF,https://open.spotify.com/track/2lmWkYCr8lMnJyqnFN9OBF,eerie ominous haunting
Dark Ambience,Spooky Creepy Sound Effects,Terrifying Sound Effects For Halloween,2024-09-30,06VHyKe3AFhOOTn5nyXHtc,https://open.spotify.com/track/06VHyKe3AFhOOTn5nyXHtc,eerie ominous haunting
Spectral Dark,Horror Stories,Haunted House Ambience,2025-01-13,0r4TTGog3ilgy2i2ueOjSn,https://open.spotify.com/track/0r4TTGog3ilgy2i2ueOjSn,eerie ominous haunting
LM-111,Marcus Fjellström,Library Music 1,2011-04-25,6fdXVacj9DIovEYnj9AD9u,https://open.spotify.com/track/6fdXVacj9DIovEYnj9AD9u,eerie ominous haunting
Encounter,Dead Melodies,Primal Destination,2019-01-01,4pqBu3Ql7Mq8Or7Rk2BOqb,https://open.spotify.com/track/4pqBu3Ql7Mq8Or7Rk2BOqb,eerie ominous haunting
Lore,Eerie Gaits,Bridge Music,2017-06-23,6I0fLe5FOtwPlyBrNu8MFv,https://open.spotify.com/track/6I0fLe5FOtwPlyBrNu8MFv,eerie ominous haunting
Naissance,Aegri Somnia,Monde Obscure,2015-05-31,5UZAlpDo6CzcZnVzEU09PH,https://open.spotify.com/track/5UZAlpDo6CzcZnVzEU09PH,eerie ominous haunting
The Graveyard,Brian Estes,Enchanted Places,2018-09-28,2SShJQhhcmamgwiOeZxe8I,https://open.spotify.com/track/2SShJQhhcmamgwiOeZxe8I,eerie ominous haunting
Ominous Ambience,Surreal Realm,Singles,2016-04-22,53NOVf4l6jJf7RmZB04dg5,https://open.spotify.com/track/53NOVf4l6jJf7RmZB04dg5,eerie ominous haunting
Dark Ambience 2,Hover,Haunted World,2000-01-01,2ROVkff3n2M4T2wvzUaKbj,https://open.spotify.com/track/2ROVkff3n2M4T2wvzUaKbj,eerie ominous haunting
Somber Mood,Ambient Realms,"Massive Horror Ambience, Vol. 1",2018-10-11,1GFCC95QVXa80SGT5sulz3,https://open.spotify.com/track/1GFCC95QVXa80SGT5sulz3,eerie ominous haunting
Haunting Storm Sound,Horror Nightmare,"Haunted House Music: Haunted Mansion Ambience, Scary Halloween Background Music",2020-10-02,7DY8vYEDXOHXXnU2FOAAtK,https://open.spotify.com/track/7DY8vYEDXOHXXnU2FOAAtK,eerie ominous haunting
Ambient Darkness,Smooth Lounge Piano,Jazz Noir - Super Cool Jazz Piano,2022-01-25,4q33H4iJPBvK4lroOrY55D,https://open.spotify.com/track/4q33H4iJPBvK4lroOrY55D,eerie ominous haunting
Mysterious Ambient Cinematic,cleanmindsounds,Mysterious Ambient Cinematic,2022-09-30,07ClLalCUUWPsTsG0sjUwu,https://open.spotify.com/track/07ClLalCUUWPsTsG0sjUwu,eerie ominous haunting
Night Horror,Ambient Realms,"Massive Horror Ambience, Vol. 1",2018-10-11,2GaTWUZ6W0rQt1LDZlEbwG,https://open.spotify.com/track/2GaTWUZ6W0rQt1LDZlEbwG,eerie ominous haunting
Nightmares,Sexy Erotic Halloween,"Evil Music - Mysterious, Macabre Ambient",2019-06-11,1MlvoktlzaeEzIeOpMqCbn,https://open.spotify.com/track/1MlvoktlzaeEzIeOpMqCbn,eerie ominous haunting
The Power of Nature,The Darker Star,"Dark Ambient: Dark Ambient Music, Atmosphere Music, Solitude and Melancholy",2012-09-03,0PucxtMPRSKbW7pV14NIzd,https://open.spotify.com/track/0PucxtMPRSKbW7pV14NIzd,eerie ominous haunting
Mansions of Madness,Ambient Realms,"Massive Horror Ambience, Vol. 1",2018-10-11,1AXWkU6J5T4qVXr5m6hrDK,https://open.spotify.com/track/1AXWkU6J5T4qVXr5m6hrDK,eerie ominous haunting
Dark Ambient,Ghostly Grooves,Creepy Halloween Songs For Halloween,2024-10-22,4BUWFllJEdW1YKnUjTEQh1,https://open.spotify.com/track/4BUWFllJEdW1YKnUjTEQh1,eerie ominous haunting
Dark Halloween Instrumentals,Songs for Halloween,Graveyard Ghost Sounds SFX,2024-10-22,01xJz2iPRhsgjITsaL1BWL,https://open.spotify.com/track/01xJz2iPRhsgjITsaL1BWL,eerie ominous haunting
The Haunting,Stephen Haunts,After Light,2017-03-31,5DgNuIAMXsRKrpkVQE5aSF,https://open.spotify.com/track/5DgNuIAMXsRKrpkVQE5aSF,eerie ominous haunting
Cinematic Halloween Horror Instrumental Background Music Spooky Scary Party Mix Dark Forest Shadows,Inspirational Vibes,Cinematic Halloween Horror Instrumental Background Music Spooky Scary Party Mix Dark Haunted Beats Eerie Soundtrack Haunted House Playlist (Original Horror Soundtrack),2025-10-26,0a2zKwRRhbY2INYZkwkqbG,https://open.spotify.com/track/0a2zKwRRhbY2INYZkwkqbG,eerie ominous haunting
Atmospheric Horror Piano,Dreamnote Music,Atmospheric Horror Themes,2024-09-22,50IO0pHyhizRrZdBtoQS7b,https://open.spotify.com/track/50IO0pHyhizRrZdBtoQS7b,eerie ominous haunting
Noir et blanc,Aegri Somnia,Monde Obscure,2015-05-31,16ObaewRJGJDJXmrk7b82K,https://open.spotify.com/track/16ObaewRJGJDJXmrk7b82K,eerie ominous haunting
Another Journey,Background Music Attention,"Gothic, Atmospheric, Dark Ambient",2020-01-13,37B8YVd949jsvT7gQj0IaQ,https://open.spotify.com/track/37B8YVd949jsvT7gQj0IaQ,eerie ominous haunting
Circus by Night,Edward Eclipse,"Evil Background Songs - Spooky Scary Music, Dark Ambient Horror Story Background",2017-10-13,66lKdlSY0Ap76U5lvxrygJ,https://open.spotify.com/track/66lKdlSY0Ap76U5lvxrygJ,eerie ominous haunting
"Ambience, Fantasy - Dramatic Shimmering Synth Ambience Fantasy Ambiences",Sound Effects Library,Magical: Sound Effects,2012-05-15,1uUKw1KYoZN2e4z4owZ4Eo,https://open.spotify.com/track/1uUKw1KYoZN2e4z4owZ4Eo,eerie ominous haunting
Whispers of the Witch,Officio Audiorum,Ambiences of the Far Future: Season V,2020-03-12,3BgbCGaq4X9O2KjoQQnDLw,https://open.spotify.com/track/3BgbCGaq4X9O2KjoQQnDLw,eerie ominous haunting
Electronic Dark Ambient,Eduard Perelyhin,Electronic Dark Ambient,2021-08-30,7h6KZqfNVzJgCXCZlswXhE,https://open.spotify.com/track/7h6KZqfNVzJgCXCZlswXhE,eerie ominous haunting
Mystical Darkness,Ambient Realms,"Massive Horror Ambience, Vol. 3",2022-04-23,23hcNSDfW8l4N9x9G68l5a,https://open.spotify.com/track/23hcNSDfW8l4N9x9G68l5a,eerie ominous haunting
Ambient Sad Piano,Eitan Epstein Music,Sad Emotions,2022-06-13,0MgHAx2VLwMrlI9M4V3ZSg,https://open.spotify.com/track/0MgHAx2VLwMrlI9M4V3ZSg,eerie ominous haunting
Cathedral Ambient,Chillout Experience Music Academy,Dark Calmness: Creepy Ambient Piano Music,2022-05-05,04N6YixTaPzUXHf4DKdLxp,https://open.spotify.com/track/04N6YixTaPzUXHf4DKdLxp,eerie ominous haunting
"Eerie, Heavy Forest Background",Nature Sounds,180 Nature Sounds,2012-04-10,43u7051B40VDOZ4mj3TYNe,https://open.spotify.com/track/43u7051B40VDOZ4mj3TYNe,eerie ominous haunting
Horror Piano Music,Scary Music Orchestra,"The Haunted Mansion: Evil Background Songs, Dark Ambient, Horror Story Sound Effects",2021-10-01,2Vp8WpxVg4v6EcuXY1aJKa,https://open.spotify.com/track/2Vp8WpxVg4v6EcuXY1aJKa,eerie ominous haunting
Ambient Cinematic Atmosphere,cleanmindsounds,Ambient Cinematic Atmosphere,2022-11-30,6ucIacBrD3SiOr2pedEq0L,https://open.spotify.com/track/6ucIacBrD3SiOr2pedEq0L,eerie ominous haunting
Haunted Ambience,Ghostly Grooves,Spooky Ambience For Halloween Scares,2024-10-06,6APgFH9bojSSuoPSFvMscV,https://open.spotify.com/track/6APgFH9bojSSuoPSFvMscV,eerie ominous haunting
Haunted Clock Tower,Ambient Realms,"Massive Ambient Music, Vol. 5",2019-01-01,2u5rRcp53oRQRYM9UuRjKx,https://open.spotify.com/track/2u5rRcp53oRQRYM9UuRjKx,eerie ominous haunting
Horror Background Ambiene,Halloween All-Stars,Horror Ambient Sounds,2024-09-14,0sIO4cTFamKZFLPCP06RnJ,https://open.spotify.com/track/0sIO4cTFamKZFLPCP06RnJ,eerie ominous haunting
Haunted - Instrumental,Cape Francis,Plateaus (Instrumentals),2020-10-30,73WugyLUWL5oUHgrLlhbQs,https://open.spotify.com/track/73WugyLUWL5oUHgrLlhbQs,eerie ominous haunting
Restless Atmospheres,The Horror Theme Ensemble,"Halloween Sound Effects: Horror Background Music for Haunted House, Evil Macabre Atmospheres",2021-11-05,5LMv7sKW2LOq3BCwH0yo2v,https://open.spotify.com/track/5LMv7sKW2LOq3BCwH0yo2v,eerie ominous haunting
Fear Factor,Ambient Realms,"Massive Horror Ambience, Vol. 1",2018-10-11,1sMk2kYr8ylFdh3ic6sX0j,https://open.spotify.com/track/1sMk2kYr8ylFdh3ic6sX0j,eerie ominous haunting
Dark Chamber,Ambient Realms,"Massive Ambient Music, Vol. 8",2021-04-02,1Iskpms1aLIPnGdaA3XJHV,https://open.spotify.com/track/1Iskpms1aLIPnGdaA3XJHV,eerie ominous haunting
Patience,Sexy Erotic Halloween,"Evil Music - Mysterious, Macabre Ambient",2019-06-11,1MY24iJsd2GgvO8wvUeDZE,https://open.spotify.com/track/1MY24iJsd2GgvO8wvUeDZE,eerie ominous haunting
Loss Ambient,Library Of The Human Soul,Sadness (Ambient Edition),2016-01-10,4w1cnM9JtYC5kqP1BZ09sh,https://open.spotify.com/track/4w1cnM9JtYC5kqP1BZ09sh,eerie ominous haunting
Creepy Church Choir,Horror Nightmare,"Haunted House Music: Haunted Mansion Ambience, Scary Halloween Background Music",2020-10-02,5B4K5rEgRV3fCxJQmi1BuV,https://open.spotify.com/track/5B4K5rEgRV3fCxJQmi1BuV,eerie ominous haunting
Haunted Atmos Creepy Halloween Music,Dolby Atmos Audio Test,Haunted Atmos Creepy Halloween Music,2025-10-01,74nLQBRNtA0z8bE02EZe2p,https://open.spotify.com/track/74nLQBRNtA0z8bE02EZe2p,eerie ominous haunting
Forgotten Temple,Background Music Attention,"Gothic, Atmospheric, Dark Ambient",2020-01-13,2SenCzWOU3nH2qfijLjAv9,https://open.spotify.com/track/2SenCzWOU3nH2qfijLjAv9,eerie ominous haunting
The Void,Ambient Realms,"Massive Horror Ambience, Vol. 1",2018-10-11,1W0uJloWYpCt3GWyXX0c73,https://open.spotify.com/track/1W0uJloWYpCt3GWyXX0c73,eerie ominous haunting
Mysteries of the Dark Enchanted Forest,Ambience Mastery,A Haunted and Magical World (Dark Fairytale Music),2023-03-13,0jq4P4uv9l7zGMRAcpNhUv,https://open.spotify.com/track/0jq4P4uv9l7zGMRAcpNhUv,eerie ominous haunting
Blood Hungry,Halloween Spirit,Abandoned Church: Halloween Organ Music with Rain and Thunderstorm,2021-10-14,2d7RpriqqO4MjinIInZco6,https://open.spotify.com/track/2d7RpriqqO4MjinIInZco6,eerie ominous haunting
Dark Ambient Resonance,ocean fx with piano,Embracing Dark Ambient,2023-07-27,5QmmK4HdY6XjDtw0JtMrho,https://open.spotify.com/track/5QmmK4HdY6XjDtw0JtMrho,eerie ominous haunting
Haunted Boat House,Ambient Realms,"Massive Ambient Music, Vol. 7",2020-03-17,4vvBeG1fBshKQqFBT72kC0,https://open.spotify.com/track/4vvBeG1fBshKQqFBT72kC0,eerie ominous haunting
Creepy Basement Ambience,Spooky Halloween Sound Effects,Ghosts And Demons,2024-09-15,1XuJDts8CYLBN6bVVTadZZ,https://open.spotify.com/track/1XuJDts8CYLBN6bVVTadZZ,eerie ominous haunting
Ambience of the Dead,Halloween Sounds of Fear,Halloween Sound Effects,2014-10-27,6470jxhiGNV7Nqwt6DcFta,https://open.spotify.com/track/6470jxhiGNV7Nqwt6DcFta,eerie ominous haunting
Ghostly Haunts,Ambient Realms,"Massive Ambient Music, Vol. 15",2025-10-22,6mQRkaireaJ0acUfQ4jL8C,https://open.spotify.com/track/6mQRkaireaJ0acUfQ4jL8C,eerie ominous haunting
Scary Melody,Scary Halloween Music,Abandoned Church: Halloween Organ Music with Rain and Thunderstorm,2021-10-14,2uEAF4IGAMipI8Lly3kdk3,https://open.spotify.com/track/2uEAF4IGAMipI8Lly3kdk3,eerie ominous haunting
Dark Forest,Deep Sleep Walkers,Haunted Halloween,2020-09-19,2QGIxfiU2bDHOYeM7zuRRV,https://open.spotify.com/track/2QGIxfiU2bDHOYeM7zuRRV,eerie ominous haunting
Ethereal Atmosphere,Allen Grey,Soundscape Collection,2020-12-09,4a2K7BWR4QX88opDDYjjlS,https://open.spotify.com/track/4a2K7BWR4QX88opDDYjjlS,eerie ominous haunting
Haunted Halloween Atmosphere,Spooky Halloween Sound Effects,Haunted House Echoes,2024-09-21,22PP6BABNqWkzHXCSscFeZ,https://open.spotify.com/track/22PP6BABNqWkzHXCSscFeZ,eerie ominous haunting
Grim Requiem Dark Ambient Horror Sound - Haunting Music for Dark Content Creation,DJ RIHAYEM,Dark Ambient Horror Music - Haunting Soundscapes for Fearful Edits,2024-09-11,27FBGyn7if3XXicGtLQy8V,https://open.spotify.com/track/27FBGyn7if3XXicGtLQy8V,eerie ominous haunting
House Macabre,Spooky Music,Atmospheric Spooky Music,2024-12-09,1ytn1ZcebhNLPvKpcqQwfN,https://open.spotify.com/track/1ytn1ZcebhNLPvKpcqQwfN,eerie ominous haunting
Quiescent Ambience,Survival Spheres,Selection 1 (Save Room Ambience),2020-10-24,1JRj5jEPFBtTdTfnSNZ0S6,https://open.spotify.com/track/1JRj5jEPFBtTdTfnSNZ0S6,eerie ominous haunting
Haunted House Music,Horror Nightmare,"Haunted House Music: Haunted Mansion Ambience, Scary Halloween Background Music",2020-10-02,1BncRFyyXhPAPKhSPTzWGk,https://open.spotify.com/track/1BncRFyyXhPAPKhSPTzWGk,eerie ominous haunting
Macabre,Sexy Erotic Halloween,"Evil Music - Mysterious, Macabre Ambient",2019-06-11,4hkW8GT5uhg1954NtnXEoy,https://open.spotify.com/track/4hkW8GT5uhg1954NtnXEoy,eerie ominous haunting
Creepy Corridor,Ambient Soundtracks 2.0,Digital Noises: A Sound Remedy Made in the Laboratory,2021-02-18,50bhjn2Mzve3Frc7F7XouD,https://open.spotify.com/track/50bhjn2Mzve3Frc7F7XouD,eerie ominous haunting
Travelling Home,Artiom Goralsky,Travelling Home,2021-12-08,3UgGrjqDDZsXiNTVLw62Zv,https://open.spotify.com/track/3UgGrjqDDZsXiNTVLw62Zv,eerie ominous haunting
"Scary Atmosphere, Deep Sounds and Water Sounds - The Fog to Be Scared",Todster,"Scary Music - Spooky Music to Scare, Fear, Halloween Music, Horror Songs",2018-08-17,1vvIA6JeSrT8wUA0iPgqQl,https://open.spotify.com/track/1vvIA6JeSrT8wUA0iPgqQl,eerie ominous haunting
Scary Ambient Music,Halloween Kids,Spooky Music for Halloween,2017-10-31,4uEbMxYvk2n0RcMZaPzeK8,https://open.spotify.com/track/4uEbMxYvk2n0RcMZaPzeK8,eerie ominous haunting
Omen,Horror Music,Dark Ambience,2022-04-29,3f9JNa3snDL7s5GXA6C4rL,https://open.spotify.com/track/3f9JNa3snDL7s5GXA6C4rL,eerie ominous haunting
Scary Atmosphere,Scary Halloween Night Ambient,"Haunted Halloween Night (Scary Abandoned House, Terrifying Chopped Up Horror, Fright Demonic Torture, Spooky Darkness, Creepy Evil)",2018-09-18,6jxZsXhOZKQszkNgN9v1sM,https://open.spotify.com/track/6jxZsXhOZKQszkNgN9v1sM,eerie ominous haunting
Where Is It?,Ambient Realms,"Massive Horror Ambience, Vol. 1",2018-10-11,3Klozg7JjlokS9Qd4tQmAl,https://open.spotify.com/track/3Klozg7JjlokS9Qd4tQmAl,eerie ominous haunting
Hush 1.1,Joseph O'Brien,Halloween,2008-10-26,2DnxuVIyMMFzQYcjdz4hGI,https://open.spotify.com/track/2DnxuVIyMMFzQYcjdz4hGI,eerie ominous haunting
Scary,Parry Music,"Drama Moods, Vol. 6",2019-01-20,155pzFpvkXVib1VzztiV4r,https://open.spotify.com/track/155pzFpvkXVib1VzztiV4r,eerie ominous haunting
Haunted House,Mystical Soundscapes,Haunted House,2022-11-10,0xF5XbXm7omfplC3GNGw8a,https://open.spotify.com/track/0xF5XbXm7omfplC3GNGw8a,eerie ominous haunting
Solitude (Dark Ambient Sounds with Binaural Waves),The Darker Star,"Dark Ambient: Dark Ambient Music, Atmosphere Music, Solitude and Melancholy",2012-09-03,2R6nlLsS57CVK04egQwI0l,https://open.spotify.com/track/2R6nlLsS57CVK04egQwI0l,eerie ominous haunting
Dark Atmosphere,Spooky Halloween Sounds,Epic Trick or Treat,2019-10-02,0xYGbWb5vzvUpmM5L9HCT4,https://open.spotify.com/track/0xYGbWb5vzvUpmM5L9HCT4,eerie ominous haunting
Halloween Music,Halloween Hit Factory,Abandoned Church: Halloween Organ Music with Rain and Thunderstorm,2021-10-14,7HZhFJUDM2d22warnPdGHq,https://open.spotify.com/track/7HZhFJUDM2d22warnPdGHq,eerie ominous haunting
Eerie Halloween,It's Instrumental,Spooky Halloween Music (Scary Instrumental Volume 1),2024-10-09,1PZ9RnkVel2NBiFgZtCmdO,https://open.spotify.com/track/1PZ9RnkVel2NBiFgZtCmdO,eerie ominous haunting
Dark Places,Dark Ambient Creator,"Dark Ambient Drones for Relaxing, Dreaming, Chilling and Tripping, Vol. 1",2015-08-31,5vEWUXOzegtWUP0cBZxC9S,https://open.spotify.com/track/5vEWUXOzegtWUP0cBZxC9S,eerie ominous haunting
Ambient Piano Soundscape,Allen Grey,Soundscape Collection,2020-12-09,7BbHs9LSiiODXcnQLVKZJ2,https://open.spotify.com/track/7BbHs9LSiiODXcnQLVKZJ2,eerie ominous haunting
Psycho Music,Creepy Razy,"Spooky Halloween Music: Creepy, Dark, Scary Halloween Ambient Music",2020-10-02,0kvyyWB5sIdY5ix49AYxn9,https://open.spotify.com/track/0kvyyWB5sIdY5ix49AYxn9,eerie ominous haunting
Horror Music with Organ: Necromancy,Todster,"Scary Music - Spooky Music to Scare, Fear, Halloween Music, Horror Songs",2018-08-17,2CkMgPjMMlVFwLI7PsTlKl,https://open.spotify.com/track/2CkMgPjMMlVFwLI7PsTlKl,eerie ominous haunting
Haunted Lighthouse,Michael Ghelfi,"RPG / D&D Ambiences and Atmospheres, Vol. 5, Pt. 2",2020-07-08,3O0uVp8xXYsfte9Zzhkqz1,https://open.spotify.com/track/3O0uVp8xXYsfte9Zzhkqz1,eerie ominous haunting
Ghostly Winds,Ambient Realms,"Massive Ambient Music, Vol.3",2016-01-14,1HbZHKXxvu0zk8krByGGVB,https://open.spotify.com/track/1HbZHKXxvu0zk8krByGGVB,eerie ominous haunting
Deserted Playground,Scarless Arms,whispering winds,2019-04-05,4Xb2iO7GyWVQ4QdXARNmOD,https://open.spotify.com/track/4Xb2iO7GyWVQ4QdXARNmOD,eerie ominous haunting
Mystifying,Sounds M,Mystifying,2021-12-07,33KwQCZVjHMAzRDICUNTHt,https://open.spotify.com/track/33KwQCZVjHMAzRDICUNTHt,eerie ominous haunting
Dreadful Tomb,Horror Stories,Haunted House Ambience,2025-01-13,43YozEDUAQzlk8nez3GaLN,https://open.spotify.com/track/43YozEDUAQzlk8nez3GaLN,eerie ominous haunting
The Abandoned Mansion of Ghostly Secrets,Ambience Mastery,A Haunted and Magical World (Dark Fairytale Music),2023-03-13,6JZ0DGMtbm873eT0Td1mK6,https://open.spotify.com/track/6JZ0DGMtbm873eT0Td1mK6,eerie ominous haunting
Endless Dark Hall,Ambient Realms,"Massive Horror Ambience, Vol. 3",2022-04-23,62ERWPmiUsn6WAzHJ8TbaZ,https://open.spotify.com/track/62ERWPmiUsn6WAzHJ8TbaZ,eerie ominous haunting
Dedication Suite One,Edward Shearmur,Dedication,2007-09-11,79iyi4Q5LBQ0cHcCbKYQCP,https://open.spotify.com/track/79iyi4Q5LBQ0cHcCbKYQCP,eerie ominous haunting
Atmosphere of Horror,Halloween Effects Horror Library,"Demonic Wolves Sounds: Halloween Scary Ambient Music, Haunted Forest by Night, Attack of the Werewolf",2021-10-14,3X9tOvyG7rLVHElTJ1vyz2,https://open.spotify.com/track/3X9tOvyG7rLVHElTJ1vyz2,eerie ominous haunting
Night Calling,Ambient Realms,"Massive Horror Ambience Music, Vol. 2",2020-10-13,2cFUvoIddXY4BsM5GBrJ8b,https://open.spotify.com/track/2cFUvoIddXY4BsM5GBrJ8b,eerie ominous haunting
Eerie Wind Tone Loop Atmosphere with Voices,Halloween and Sound Effects,This Is Halloween,2012-09-15,7mYECZF5iwGqsiC7wGPbgk,https://open.spotify.com/track/7mYECZF5iwGqsiC7wGPbgk,eerie ominous haunting
Dark Corner,Ambient Realms,"Massive Horror Ambience, Vol. 3",2022-04-23,6SJYTQ5tjd9xbdLWBUubem,https://open.spotify.com/track/6SJYTQ5tjd9xbdLWBUubem,eerie ominous haunting
Moving Shadows,Horror Music Collection,"Night in Haunted Forest: Creepy Halloween Music, Dark Ambient Horror Sound Effects",2021-09-28,2EPoEMrrXNvdT70o4X2Oeg,https://open.spotify.com/track/2EPoEMrrXNvdT70o4X2Oeg,eerie ominous haunting
Welcome to the Terror,Scary Halloween Night Ambient,"Haunted Halloween Night (Scary Abandoned House, Terrifying Chopped Up Horror, Fright Demonic Torture, Spooky Darkness, Creepy Evil)",2018-09-18,4Y2OOuTh4wThC0rEDPGFM1,https://open.spotify.com/track/4Y2OOuTh4wThC0rEDPGFM1,eerie ominous haunting
Eerie Chanting,Spooky Halloween Sound Effects,Demonic Ambient Sounds For Halloween,2024-10-15,6oU3tGoSR8ugWzG5kOQQIz,https://open.spotify.com/track/6oU3tGoSR8ugWzG5kOQQIz,eerie ominous haunting
Prey,Horror Music,Dark Ambience,2022-04-29,22uyLOuggBp3Z8y3aMlG5G,https://open.spotify.com/track/22uyLOuggBp3Z8y3aMlG5G,eerie ominous haunting
Ominous Hollow Haunt,Dr. Akula,Haunted House Sound Effects,2011-10-17,4Ycjk8Gpjn26LFcZtlCeTz,https://open.spotify.com/track/4Ycjk8Gpjn26LFcZtlCeTz,eerie ominous haunting
Sadness,Relaxation Zone,"Gothic Ambient Sounds: Instrumental Relaxation, Background Music for Fantasy & Dreams",2019-12-02,2gh1QBGD27t0DigPRTHK11,https://open.spotify.com/track/2gh1QBGD27t0DigPRTHK11,eerie ominous haunting
Dark Swamp,Ambient Realms,"Massive Ambient Music, Vol. 8",2021-04-02,77vC9BkPET5B8tc4SfASxU,https://open.spotify.com/track/77vC9BkPET5B8tc4SfASxU,eerie ominous haunting
Ethereal Dreams,Dr. Akula,Haunted House Sound Effects,2011-10-17,7kq4Ik56GS1As8NgeG3Ufz,https://open.spotify.com/track/7kq4Ik56GS1As8NgeG3Ufz,eerie ominous haunting
Quiet Steps,Jon R. Mohr,Her Master Passion,2020-03-20,31ZBvfp2vU5VCwWFrJYnBC,https://open.spotify.com/track/31ZBvfp2vU5VCwWFrJYnBC,eerie ominous haunting
Depression Ambient,Library Of The Human Soul,Sadness (Ambient Edition),2016-01-10,4Au7SD2N5oWEyT5dwXyAKZ,https://open.spotify.com/track/4Au7SD2N5oWEyT5dwXyAKZ,eerie ominous haunting
Terror from the Underworld - Horror Movie Music,The Darker Star,"Dark Ambient Music - Nature Sounds, Creepy Soundscapes with Rain Background Sound",2015-10-22,5OL0ZIyP7sKR0Se9MARJCD,https://open.spotify.com/track/5OL0ZIyP7sKR0Se9MARJCD,eerie ominous haunting
Dark Crypt Ambience,Halloween FX Productions,Haunter Forest Ambient,2024-09-16,1JArVcD3fdpFtXq3UzAK05,https://open.spotify.com/track/1JArVcD3fdpFtXq3UzAK05,eerie ominous haunting
Specter Dark,Spooky Music,Atmospheric Spooky Music,2024-12-09,6dIWphVS0H6GKrbrM6V1SY,https://open.spotify.com/track/6dIWphVS0H6GKrbrM6V1SY,eerie ominous haunting
Eerie Presence,Epic Fantasy Adventurers,Gruesome Discovery: Gothic Dark Ambient for Horror & Dark Fantasy RPG Sessions,2022-02-02,4PItQCeFsVMIqDSULIewEQ,https://open.spotify.com/track/4PItQCeFsVMIqDSULIewEQ,eerie ominous haunting
Halloween Ambience,Scary Music Orchestra,"Horror Show: High Tension Halloween Ambience, Chilling Music for Scaring",2019-09-04,2PJBmG1hkBheMwuOgZPFJZ,https://open.spotify.com/track/2PJBmG1hkBheMwuOgZPFJZ,eerie ominous haunting
Dark Ambient Music,Halloween All-Stars,"Halloween Party Music - Halloween Music for Kids, Scary Sound Effects, Scary Music, Creepy Sounds",2017-10-13,2Oeqz6MXknZNzDkALnbXu2,https://open.spotify.com/track/2Oeqz6MXknZNzDkALnbXu2,eerie ominous haunting
Dark Mana,Ambient Realms,"Massive Horror Ambience, Vol. 3",2022-04-23,0bDXQZsrFz7ffVPOifUyty,https://open.spotify.com/track/0bDXQZsrFz7ffVPOifUyty,eerie ominous haunting
Terrifying Bats,Horror Music,Dark Ambience,2022-04-29,2gQM7CTqX7nKEYlQH1KfUD,https://open.spotify.com/track/2gQM7CTqX7nKEYlQH1KfUD,eerie ominous haunting
Sons Interdits,Solstice,Sons Interdits,2021-04-09,6hi8pIjSS98kvrcqcZ4YFr,https://open.spotify.com/track/6hi8pIjSS98kvrcqcZ4YFr,eerie ominous haunting
A Forgotten Manor House,Ambience Mastery,Gothic Vibes (Electronic Instrumentals),2022-01-15,6sKDQjlxEXsfwD0I419vBf,https://open.spotify.com/track/6sKDQjlxEXsfwD0I419vBf,eerie ominous haunting
Night Stalker,Ambient Realms,"Massive Horror Ambience, Vol. 1",2018-10-11,2YgRaJGa2EFkYOjYMAD3rS,https://open.spotify.com/track/2YgRaJGa2EFkYOjYMAD3rS,eerie ominous haunting
Mystic Halls,Ambient Realms,"Massive Ambient Music, Vol. 4",2016-08-18,1GvqaP0Dm8dUYGxQCdW2bY,https://open.spotify.com/track/1GvqaP0Dm8dUYGxQCdW2bY,eerie ominous haunting
Haunted Cemetery,Scary Halloween Night Ambient,"Haunted Halloween Night (Scary Abandoned House, Terrifying Chopped Up Horror, Fright Demonic Torture, Spooky Darkness, Creepy Evil)",2018-09-18,3dISdfLqQQKGqA1flz1OJb,https://open.spotify.com/track/3dISdfLqQQKGqA1flz1OJb,eerie ominous haunting
Unquiet Moment,Horror Nightmare,"Eerie Music - Creepy Nightmare Sound Effects, Howling Wolves, Chains, Whispers & Groans",2017-10-13,33rP6lJJxcBIl5TzhWmvQc,https://open.spotify.com/track/33rP6lJJxcBIl5TzhWmvQc,eerie ominous haunting
Theme From Frankenstein,Scary Strings Ensemble,50 Scary Instrumental Strings Collection,2010-07-01,4rRB1PEkD1AiEnEFAUM3ef,https://open.spotify.com/track/4rRB1PEkD1AiEnEFAUM3ef,eerie ominous haunting
Ouija,Halloween Party Album Singers,"Eerie Halloween Music: Spooky Instrumental Background Music for Halloween Parties, Dreadful Freights, Ominous Ambient Dark Music",2020-10-26,3o36mvBFzP1IbAwnt1WuFs,https://open.spotify.com/track/3o36mvBFzP1IbAwnt1WuFs,eerie ominous haunting
Big Scary Ghosts,Instrumental Core,Night At The Library,2020-06-29,1V2ciSvoKRWvc7kePxkDm1,https://open.spotify.com/track/1V2ciSvoKRWvc7kePxkDm1,eerie ominous haunting
"Ambience, Fantasy - Mysterious Space Drone with High Pitched Shimmering, Sci Fi, Synth Fantasy Ambiences",Sound Effects Library,Magical: Sound Effects,2012-05-15,1nEVx2jF2aCl9hokij9tnL,https://open.spotify.com/track/1nEVx2jF2aCl9hokij9tnL,eerie ominous haunting
Scary Place,Horror Music,Dark Ambience,2022-04-29,4T69uLC15oTkeBsy4geUpL,https://open.spotify.com/track/4T69uLC15oTkeBsy4geUpL,eerie ominous haunting
Horrify Shock,Horror Stories,Haunted House Ambience,2025-01-13,2QkVNEVXlq76ZTHCbDusyA,https://open.spotify.com/track/2QkVNEVXlq76ZTHCbDusyA,eerie ominous haunting
Flowing Blood,Edward Eclipse,"Evil Background Songs - Spooky Scary Music, Dark Ambient Horror Story Background",2017-10-13,5mxKqjhHx1kcz2Rm35xGYX,https://open.spotify.com/track/5mxKqjhHx1kcz2Rm35xGYX,eerie ominous haunting
Scary Noises for a Haunting Night,Haunting Ambience,Ultimate Haunted House Horror FX Library,2025-09-19,0OyE6shFC8z55zTKL9Sz8o,https://open.spotify.com/track/0OyE6shFC8z55zTKL9Sz8o,eerie ominous haunting
"Ambience, Fantasy - Mysterious Space Drone with High Pitched Shimmering, Sci Fi, Synth Fantasy Ambiences, Authentic Sound Effects",Sound Effects Library,Magical: Sound Effects,2012-05-15,3o3L2fEYxpgW3IcQoCHMOG,https://open.spotify.com/track/3o3L2fEYxpgW3IcQoCHMOG,eerie ominous haunting
Horror Ambient,Eduard Perelyhin,Horror Ambient,2022-04-25,6uzxE1CQnN8ZU5vmGczZw6,https://open.spotify.com/track/6uzxE1CQnN8ZU5vmGczZw6,eerie ominous haunting
Terrifying Haunted House Atmosphere,Scary Halloween Night Ambient,Haunted House Sounds For Halloween,2024-10-07,0FYIr69SxHCXshICflTzOV,https://open.spotify.com/track/0FYIr69SxHCXshICflTzOV,eerie ominous haunting
(untitled ambience 3) 2008,zYnthetic,ERA,2014-07-26,20XL2aYrT8NPaU4D9pOrGe,https://open.spotify.com/track/20XL2aYrT8NPaU4D9pOrGe,eerie ominous haunting
Tension Ambience,Drakula,Scary Background Music: Horror Monsters and Nice Sprites Howling Sounds,2019-09-09,5N8H0quwsnJ1IQjnicKbPD,https://open.spotify.com/track/5N8H0quwsnJ1IQjnicKbPD,eerie ominous haunting
Tortured Spirits,Cameron McBride,Dark Ambient: Ominous Sinister Soundscapes,2016-05-05,0YfWze1BkBgE9hiIELW2IH,https://open.spotify.com/track/0YfWze1BkBgE9hiIELW2IH,eerie ominous haunting
Demon Haunting,Drakula,Scary Background Music: Horror Monsters and Nice Sprites Howling Sounds,2019-09-09,05I7xxPuqs7lq5opBhpK7P,https://open.spotify.com/track/05I7xxPuqs7lq5opBhpK7P,eerie ominous haunting
Scary Times,Instrumental Core,Night At The Library,2020-06-29,7dIVMu7QVeP8ca0bckihsA,https://open.spotify.com/track/7dIVMu7QVeP8ca0bckihsA,eerie ominous haunting
The Depths,Brian Estes,The Depths,2020-11-22,3p8SSpNWT68gVkj19kVtyA,https://open.spotify.com/track/3p8SSpNWT68gVkj19kVtyA,eerie ominous haunting
Creepy Piano Music – Dark Reading Background,Etrusco Music,Music for Reading Horror – Dark and Creepy Atmosphere,2025-10-25,2vWKV8WRvVvSNyocqStlJl,https://open.spotify.com/track/2vWKV8WRvVvSNyocqStlJl,eerie ominous haunting
Darkness,Horror Music,Dark Ambience,2022-04-29,5FYFiY8qhkmoZ9gEHlxG2T,https://open.spotify.com/track/5FYFiY8qhkmoZ9gEHlxG2T,eerie ominous haunting
Passage 1,Theme,Passages,2017-10-06,39LaFe4xmIjZbno6k09R69,https://open.spotify.com/track/39LaFe4xmIjZbno6k09R69,eerie ominous haunting
Dark Wilderness,Ambient Realms,"Massive Ambient Music, Vol. 10",2021-12-04,3KfAfoxB2bbWcddKqTRWbd,https://open.spotify.com/track/3KfAfoxB2bbWcddKqTRWbd,eerie ominous haunting
Harmony of the Senses,Edward Eclipse,"Evil Background Songs - Spooky Scary Music, Dark Ambient Horror Story Background",2017-10-13,6rbii8H0XG0YL8hZLiCg3N,https://open.spotify.com/track/6rbii8H0XG0YL8hZLiCg3N,eerie ominous haunting
Prophecy,Dark Fantasy Studio,Paranormal evening,2022-10-31,0r1zR5QRIOSg6hCvORZAbA,https://open.spotify.com/track/0r1zR5QRIOSg6hCvORZAbA,eerie ominous haunting
Scary Nightmare,Deep Sleep Hypnosis Masters,"Sleep Tonight - Dark Ambient Music for Sleep, Meditation and Stress Relief",2021-05-26,6e0ujvYe8lg1oJTr5dpfjT,https://open.spotify.com/track/6e0ujvYe8lg1oJTr5dpfjT,eerie ominous haunting
Melancholia,The Darker Star,"Dark Ambient: Dark Ambient Music, Atmosphere Music, Solitude and Melancholy",2012-09-03,1fcAp6lfqhetw8HlacevrD,https://open.spotify.com/track/1fcAp6lfqhetw8HlacevrD,eerie ominous haunting
Diabolical,Sexy Erotic Halloween,"Evil Music - Mysterious, Macabre Ambient",2019-06-11,2X6dl63mLTUYOt01ZRzFlg,https://open.spotify.com/track/2X6dl63mLTUYOt01ZRzFlg,eerie ominous haunting
Something Dark,Sexy Erotic Halloween,"Evil Music - Mysterious, Macabre Ambient",2019-06-11,6IORYpnoMHtbSgGQz0cETZ,https://open.spotify.com/track/6IORYpnoMHtbSgGQz0cETZ,eerie ominous haunting
Atmosphères,György Ligeti,Scary Classical Music,2020-10-30,4UUHagqKb7NRJTDH2Bo5H1,https://open.spotify.com/track/4UUHagqKb7NRJTDH2Bo5H1,eerie ominous haunting
Rotting Cellar,Ambient Realms,"Massive Horror Ambience Music, Vol. 2",2020-10-13,6KZJxhxIzCwPezvjKCU9cv,https://open.spotify.com/track/6KZJxhxIzCwPezvjKCU9cv,eerie ominous haunting
Scary Creepy Horror Piano Background,Sound Gallery by Dmitry Taras,Scary Creepy Horror Piano Background,2022-03-14,2QM4rVW4sykmSNwV8FekwJ,https://open.spotify.com/track/2QM4rVW4sykmSNwV8FekwJ,eerie ominous haunting
Forbidden Place,Ambient Realms,"Massive Horror Ambience, Vol. 3",2022-04-23,3S3gNf5zpueQZtCDtJehGX,https://open.spotify.com/track/3S3gNf5zpueQZtCDtJehGX,eerie ominous haunting
Noctural Ambience,Yves Relos,200 Strange Sound Effects,2011-07-29,7FeXDcOeJsPuyxeusM8unM,https://open.spotify.com/track/7FeXDcOeJsPuyxeusM8unM,eerie ominous haunting
Haunted Ambient Sounds,Scary Halloween Night Ambient,Halloween Haunted FX & Scary Atmosphere,2025-09-08,5XmjfGLMJ4Ud2q2Hdt69F9,https://open.spotify.com/track/5XmjfGLMJ4Ud2q2Hdt69F9,eerie ominous haunting
Insanity,Horror Music,Dark Ambience,2022-04-29,0SYQHEO3SOKZ3dWfxGLmxn,https://open.spotify.com/track/0SYQHEO3SOKZ3dWfxGLmxn,eerie ominous haunting
Eerie Banshee Growl in Castle Loop,Haunting Ambience,Creepy Halloween Sound Effects 2025,2025-10-27,6OJNgK3DzUAKftYM8xUF7S,https://open.spotify.com/track/6OJNgK3DzUAKftYM8xUF7S,eerie ominous haunting
Stories that Will Keep You Awake,Halloween Party Album Singers,"Eerie Halloween Music: Spooky Instrumental Background Music for Halloween Parties, Dreadful Freights, Ominous Ambient Dark Music",2020-10-26,51xs0so5itq7Utbwjm4cna,https://open.spotify.com/track/51xs0so5itq7Utbwjm4cna,eerie ominous haunting
Chamber of Darkness,Ambient Realms,"Massive Ambient Music, Vol. 11",2022-09-01,6wRNsTObAPrgMJe67TIbAh,https://open.spotify.com/track/6wRNsTObAPrgMJe67TIbAh,eerie ominous haunting
Night Rain Stalker,Ambient Realms,"Massive Horror Ambience, Vol. 1",2018-10-11,2dnOeWO02NzCmFa38Qnvez,https://open.spotify.com/track/2dnOeWO02NzCmFa38Qnvez,eerie ominous haunting
"Ambience, Fantasy - Underwater Synth Ambience, Mysterious, Horror Fantasy Ambiences",Sound Effects Library,Magical: Sound Effects,2012-05-15,1pTVXPI78tDg2Ie3JS8q5R,https://open.spotify.com/track/1pTVXPI78tDg2Ie3JS8q5R,eerie ominous haunting
Date Night,Sexy Erotic Halloween,"Evil Music - Mysterious, Macabre Ambient",2019-06-11,429KrTPT9W8o61JENb7rHM,https://open.spotify.com/track/429KrTPT9W8o61JENb7rHM,eerie ominous haunting
Dark Lounge,Ambient Chill Out Lounge,"Various Ambient: Chill Out Music, Background Beats",2019-07-01,1KTgNqmLY3ZM9vxNKVGzRL,https://open.spotify.com/track/1KTgNqmLY3ZM9vxNKVGzRL,eerie ominous haunting
"Dark Room, Pt. 1",Dark Ambient Orchestra,"Dark Ambient, Vol. 1",2014-05-10,6pTG7HTcRfppBHzNiBDSU1,https://open.spotify.com/track/6pTG7HTcRfppBHzNiBDSU1,eerie ominous haunting
Haunting Winds,Whispers in the Wind,Mystical Gusts,2023-06-09,0gvUiIwIWuyrdtp5FGdYmd,https://open.spotify.com/track/0gvUiIwIWuyrdtp5FGdYmd,eerie ominous haunting
Scarey Atmospheres Chapter 2,David Fesliyan,Hide,2021-02-12,2Cb7zRkRkx7Fzr4NQE9wFQ,https://open.spotify.com/track/2Cb7zRkRkx7Fzr4NQE9wFQ,eerie ominous haunting
Magic Ingredients,Spooky Music,Atmospheric Spooky Music,2024-12-09,4DJCTdLsvrwrjyPbrrkaOy,https://open.spotify.com/track/4DJCTdLsvrwrjyPbrrkaOy,eerie ominous haunting
Nightmares: Spooky Graveyard pt. 5,Spooky Halloween Sounds,"Creepy Halloween Atmospheres: Scary Horror Ambient for Spooky Night (Haunted Forest, Graveyard, Catacombs)",2021-10-14,3L8Kb3aV92xse0Yzh5lHr8,https://open.spotify.com/track/3L8Kb3aV92xse0Yzh5lHr8,eerie ominous haunting
Dark Shadows,Brian Estes,Dark Shadows,2020-06-08,1xbfoYGSuwKM6oXBW6tWfv,https://open.spotify.com/track/1xbfoYGSuwKM6oXBW6tWfv,eerie ominous haunting
Haunted Guitar,Guitar Duo,Cafe Relaxing : The Night,2010,1S83X1IycKcibZAztuqCsF,https://open.spotify.com/track/1S83X1IycKcibZAztuqCsF,eerie ominous haunting
"Ambience, Fantasy - Maelstrom, Heavy String Layers, Medium, Horror Fantasy Ambiences",Sound Effects Library,Magical: Sound Effects,2012-05-15,6jCMKoO29B8dKDFPWHo2xc,https://open.spotify.com/track/6jCMKoO29B8dKDFPWHo2xc,eerie ominous haunting
Consulting a Grimoire,Ambience Mastery,A Dark Library (Gothic Horror Ambience),2022-12-05,6Dnemfcm5KqQS2QDnRmJPw,https://open.spotify.com/track/6Dnemfcm5KqQS2QDnRmJPw,eerie ominous haunting
Haunting Cello Music – Horror Reading Background,Etrusco Music,Music for Reading Horror – Dark and Creepy Atmosphere,2025-10-25,4QXuX7wzdKji8fTsfyaiud,https://open.spotify.com/track/4QXuX7wzdKji8fTsfyaiud,eerie ominous haunting
Dark Atmosphere,BGM Teacher,Horror Soundtrack for Media #1,2018-08-03,4HPCHdVofG1jUh7MUp3klS,https://open.spotify.com/track/4HPCHdVofG1jUh7MUp3klS,eerie ominous haunting
Fearful Nightmares Dark Ambient Horror Theme - Perfect for Creating Suspenseful Edits,DJ RIHAYEM,Dark Ambient Horror Music - Haunting Soundscapes for Fearful Edits,2024-09-11,0JVBe99l1BHcYg4dSdAKoS,https://open.spotify.com/track/0JVBe99l1BHcYg4dSdAKoS,eerie ominous haunting
Organ and Choirs. Grim Atmosphere,Sounds Effects Wav Files Studio,Mystery Music. Terrifying Sounds for Scary Atmospheres,2014-01-21,2MQplKdlljaUMdwLP6oREX,https://open.spotify.com/track/2MQplKdlljaUMdwLP6oREX,eerie ominous haunting
Eerie Heartbeat Loop Atmosphere,Halloween and Sound Effects,This Is Halloween,2012-09-15,1ChrLBwjv417O2USxiiyQZ,https://open.spotify.com/track/1ChrLBwjv417O2USxiiyQZ,eerie ominous haunting
Dark Secret,Dark Fantasy Studio,Haunted,2017-01-01,2CGkyozUpPQs1AQ6SrIRu9,https://open.spotify.com/track/2CGkyozUpPQs1AQ6SrIRu9,eerie ominous haunting
Eerie Halloween Atmosphere,Scary Halloween Night Ambient,Halloween Horror Sound Effects,2024-09-20,0CSV3ubdP3kTLk4w12l3Jf,https://open.spotify.com/track/0CSV3ubdP3kTLk4w12l3Jf,eerie ominous haunting
Terrifying Realisation,Ceiri Torjussen,Dark Atmospheric Tension,2019-04-16,7AtPV7rRgVmlU0f31WaoCa,https://open.spotify.com/track/7AtPV7rRgVmlU0f31WaoCa,eerie ominous haunting
(untitled ambience 1) 2008,zYnthetic,ERA,2014-07-26,11CuZYClfcSw8okPHHftnc,https://open.spotify.com/track/11CuZYClfcSw8okPHHftnc,eerie ominous haunting
Atmosphere - Sad Piano Music,Naoya Sakamata,Atmosphere (Sad Piano Music),2016-09-19,62Idx8sGwEOtvzt8lfswN0,https://open.spotify.com/track/62Idx8sGwEOtvzt8lfswN0,eerie ominous haunting
Haunts Me - Instrumental Version,David Lawrence,Murder Ballads,2015-11-23,3uec64S6jnmC6yzh3Wo5B7,https://open.spotify.com/track/3uec64S6jnmC6yzh3Wo5B7,eerie ominous haunting
Eerie Tunnel Breathing Background,Haunted House Sounds Effects,Torture Chamber Ambience SFX,2025-10-20,7AxhXvivtKEGD31BI8jiNe,https://open.spotify.com/track/7AxhXvivtKEGD31BI8jiNe,eerie ominous haunting
Soulful Music That Will Survive,Scary Halloween Night Ambient,"Scary Night with Mysterious Fog & Sounds (Halloween 2017, Spooky & Terrifying Atmosphere, Music with Creepy Sounds, Real Nightmare)",2017-09-28,3jQL4DBsovmfdKLG68h9Dc,https://open.spotify.com/track/3jQL4DBsovmfdKLG68h9Dc,eerie ominous haunting
Haunted,Erdenstern,Into the Dark,2007-07-13,7hQzVewZptT4Yi5uDqZfwJ,https://open.spotify.com/track/7hQzVewZptT4Yi5uDqZfwJ,eerie ominous haunting
Enchanted Windy Forest,Blastwave FX,Haunted Halloween: 300 Scary Sound Effects from Beyond the Grave,2015-09-23,6MqI2huK8xjgluOu5RFMwh,https://open.spotify.com/track/6MqI2huK8xjgluOu5RFMwh,eerie ominous haunting
Mystic Chamber,Ambient Realms,"Massive Ambient Music, Vol.1",2015-03-16,44PIIBHomZNAPVPBZnUqvd,https://open.spotify.com/track/44PIIBHomZNAPVPBZnUqvd,eerie ominous haunting
Visitors,Horror Music,Dark Ambience,2022-04-29,5OJmZEIJwJtFpkgYAWyHrl,https://open.spotify.com/track/5OJmZEIJwJtFpkgYAWyHrl,eerie ominous haunting
Ominous Cloud,Horror Music of the Night,"Horror Night: Music for Scary Stories, Halloween Sounds and Jump Scares, Friday the 13th",2021-10-01,50yHbfWDZ7arCFaWvwnIu6,https://open.spotify.com/track/50yHbfWDZ7arCFaWvwnIu6,eerie ominous haunting
Darkscape,Phelios,Passage,2006-10-09,551jA09znVQYi87kJArolY,https://open.spotify.com/track/551jA09znVQYi87kJArolY,eerie ominous haunting
Halloween Cemetery Ambience,Terrifying Ambient Sounds,Terrifying Ambient Sounds Vol2,2024-10-31,1ust1RhlN7PJClcisvZuzo,https://open.spotify.com/track/1ust1RhlN7PJClcisvZuzo,eerie ominous haunting
Evil Laughter in the Shadows,Terrifying Ambient Sounds,Terrifying Ambient Sounds Vol2,2024-10-31,2BFWUbJ5HyyMDUDeQu8jRQ,https://open.spotify.com/track/2BFWUbJ5HyyMDUDeQu8jRQ,eerie ominous haunting
Gothic Chapel,Horror Music Orchestra,"Gothic Halloween Music: Creepy Cathedral Ambience, Tense Medieval Songs with Gregorian Choir & Haunted Ghost Howling",2019-08-23,3y2wGTwn2O4frMtkGQoC4r,https://open.spotify.com/track/3y2wGTwn2O4frMtkGQoC4r,eerie ominous haunting
Chilling Atmosphere,Haunted Halloween Music,Halloween Horror Ambient Music,2024-10-22,3EKSVQ51z8R2uBYTC5lDcG,https://open.spotify.com/track/3EKSVQ51z8R2uBYTC5lDcG,eerie ominous haunting
Erie Crypt,Ambient Realms,"Massive Ambient Music, Vol.3",2016-01-14,3RNzldOX8fg4DY9o80LJy9,https://open.spotify.com/track/3RNzldOX8fg4DY9o80LJy9,eerie ominous haunting
Stalker,Ambient Realms,"Massive Horror Ambience, Vol. 1",2018-10-11,0bKDz3zAM4OlJQfqdBmfpJ,https://open.spotify.com/track/0bKDz3zAM4OlJQfqdBmfpJ,eerie ominous haunting
Ominous,Sam Taylor,Dark Soundscapes,2021-01-29,1uC93OC9vjgmHLzPuJRXVG,https://open.spotify.com/track/1uC93OC9vjgmHLzPuJRXVG,eerie ominous haunting
Ancient Curse,Ambient Realms,"Massive Horror Ambience, Vol. 3",2022-04-23,3i6AzVGUdd85B5he08lBVx,https://open.spotify.com/track/3i6AzVGUdd85B5he08lBVx,eerie ominous haunting
Halloween Magic,Ambience Mastery,All Hallows' Eve (Scary Ambience),2022-10-19,4khtYJZ22oDbXX9DMuabbU,https://open.spotify.com/track/4khtYJZ22oDbXX9DMuabbU,eerie ominous haunting
Eerie Silence in the Manor House,Ambience Mastery,A Haunted and Magical World (Dark Fairytale Music),2023-03-13,0114F9ukDa2e7U1Se5Aq7W,https://open.spotify.com/track/0114F9ukDa2e7U1Se5Aq7W,eerie ominous haunting
Mysterious Atmosphere,Halloween Sounds House,House of Horrors. Background Music for the Halloween Night,2013-10-16,1i4xSVUOuVDp50j8abGAXm,https://open.spotify.com/track/1i4xSVUOuVDp50j8abGAXm,eerie ominous haunting
Spooky Instrumental Music,Halloween Monsters,"Halloween Songs: Scary Ambience, Horror Music, Spooky Sound Effects from the Graveyard",2020-10-26,51XeSGgCxpGj4o64ndXYsY,https://open.spotify.com/track/51XeSGgCxpGj4o64ndXYsY,eerie ominous haunting
Ominous Wind,Terrifying Ambient Sounds,Terrifying Ambient Sounds Vol2,2024-10-31,2CfZ3bNlGeQAGkTAlRRJXk,https://open.spotify.com/track/2CfZ3bNlGeQAGkTAlRRJXk,eerie ominous haunting
Screams from Beyond the Grave,Terrifying Ambient Sounds,Terrifying Ambient Sounds Vol2,2024-10-31,6vXoqbZYcSQO5mV6bedlwS,https://open.spotify.com/track/6vXoqbZYcSQO5mV6bedlwS,eerie ominous haunting
Eerie Whispering in the Dark,Terrifying Ambient Sounds,Terrifying Ambient Sounds Vol2,2024-10-31,6k4si0sqkH70i3IX6GOJSq,https://open.spotify.com/track/6k4si0sqkH70i3IX6GOJSq,eerie ominous haunting
Eerie Wind Tone Loop Atmosphere,Halloween and Sound Effects,This Is Halloween,2012-09-15,7begqmyNIzhxL7iUTz8l4o,https://open.spotify.com/track/7begqmyNIzhxL7iUTz8l4o,eerie ominous haunting
Midnight Haunting Ambience Tracks,Halloween Music 2025,2025 Halloween Music,2025-10-31,2C5Paa8WEqcpD5xGTBEiK4,https://open.spotify.com/track/2C5Paa8WEqcpD5xGTBEiK4,eerie ominous haunting
The Haunting Hour,Phyrnna,The Haunting Hour,2017-10-21,2yxeKMSmkf3t84QtCYzPJN,https://open.spotify.com/track/2yxeKMSmkf3t84QtCYzPJN,eerie ominous haunting
Dark Forest,Byeong Woo Lee,Odd Strumming Of The Universe,2017-12-01,47y8p69x8I3qF7x4cxYWZM,https://open.spotify.com/track/47y8p69x8I3qF7x4cxYWZM,eerie ominous haunting
Gloomnest,Sean Secca,GRIME Ambiances (Original Game Soundtrack),2021-09-28,0C2KQdCFQANetjPUmGHDwI,https://open.spotify.com/track/0C2KQdCFQANetjPUmGHDwI,eerie ominous haunting
"Vampire Vault, Pt. 1",Ambient Realms,"Massive Ambient Music, Vol. 2",2015-02-23,675zVHD5R64cnmxCEyVxg8,https://open.spotify.com/track/675zVHD5R64cnmxCEyVxg8,eerie ominous haunting
Creepy Voice,Scary Music Orchestra,"The Haunted Mansion: Evil Background Songs, Dark Ambient, Horror Story Sound Effects",2021-10-01,4ixSVffrrrJs6cTcG5da2F,https://open.spotify.com/track/4ixSVffrrrJs6cTcG5da2F,eerie ominous haunting
Church Choir,Horror Music Orchestra,"Gothic Halloween Music: Creepy Cathedral Ambience, Tense Medieval Songs with Gregorian Choir & Haunted Ghost Howling",2019-08-23,5U5hwEO6xmBCiM0Pf75vnY,https://open.spotify.com/track/5U5hwEO6xmBCiM0Pf75vnY,eerie ominous haunting
Out of Nowhere,Jay Varton,Undiscovered,2014-04-04,4zPv77mCqDSdqQTtFJXwEZ,https://open.spotify.com/track/4zPv77mCqDSdqQTtFJXwEZ,eerie ominous haunting
Fairy Scary,Gothic Storm,Dark Magic,2019-05-10,1d82kHF5z0zcc38Tma2xPI,https://open.spotify.com/track/1d82kHF5z0zcc38Tma2xPI,eerie ominous haunting
Gothic Orchestral Music – Dark Horror Reading Background,Etrusco Music,Music for Reading Horror – Dark and Creepy Atmosphere,2025-10-25,52AukXChOdoJ2nLVbVL5Mb,https://open.spotify.com/track/52AukXChOdoJ2nLVbVL5Mb,eerie ominous haunting
"Ambience, Fantasy - Underwater Synth Ambience, Mysterious, Horror Fantasy Ambiences, Sound FX",Sound Effects Library,Magical: Sound Effects,2012-05-15,2IsjTSFWBNcJVI019ZzZYS,https://open.spotify.com/track/2IsjTSFWBNcJVI019ZzZYS,eerie ominous haunting
Prowler,Ambient Realms,"Massive Horror Ambience, Vol. 3",2022-04-23,0XK4Ee54umfw8s57hsqXIW,https://open.spotify.com/track/0XK4Ee54umfw8s57hsqXIW,eerie ominous haunting
Just An Urban Legend,Ambience Mastery,A Dark Library (Gothic Horror Ambience),2022-12-05,6wYN26XrC04SWTmi1ptnKz,https://open.spotify.com/track/6wYN26XrC04SWTmi1ptnKz,eerie ominous haunting
Eerie Beast Rattle in Attic Ambience,Creepy Horror Sounds,Masks of the Damned Haunting Ambience,2025-10-31,7v89DVCUGTjC9QSWIJpRqz,https://open.spotify.com/track/7v89DVCUGTjC9QSWIJpRqz,eerie ominous haunting
Relaxing Ambient,AndrisMusic,Relaxation Albums,2021-02-24,06kYfM6F9rQGZwuwNCBelY,https://open.spotify.com/track/06kYfM6F9rQGZwuwNCBelY,eerie ominous haunting
Ambient Technology Electronic,cleanmindsounds,Ambient Technology Electronic,2022-06-28,4NH4ykCwzD1evZmWyiPQiN,https://open.spotify.com/track/4NH4ykCwzD1evZmWyiPQiN,eerie ominous haunting
The Haunting,Horror Trailer Music,Possession,2019-06-14,15uw9LbmzaxK5wHlueDarT,https://open.spotify.com/track/15uw9LbmzaxK5wHlueDarT,eerie ominous haunting
Calm Ambient,AndrisMusic,Relaxation Albums,2021-02-24,0oSt1oqymE4bGXSlKAoaAK,https://open.spotify.com/track/0oSt1oqymE4bGXSlKAoaAK,eerie ominous haunting
Horror Ambience,Scary Halloween Night Ambient,Haunted House Sounds For Halloween,2024-10-07,4uf1BOpxT1P9PawFsVMdpm,https://open.spotify.com/track/4uf1BOpxT1P9PawFsVMdpm,eerie ominous haunting
Halloween Ambient Music,Halloween Sounds,Scariest Music for Halloween Costume Party 2019,2019-10-12,3Vz8hNsd53RN99v1nLt5Wg,https://open.spotify.com/track/3Vz8hNsd53RN99v1nLt5Wg,eerie ominous haunting
Horror Film Background Ambience 1,Soundsmack,Horror Film Sound Effects and Atmospheres,2014-08-16,0AXDJSen90YKWQNAdc3EQB,https://open.spotify.com/track/0AXDJSen90YKWQNAdc3EQB,eerie ominous haunting
Haunted Place,Hari Maia,Haunted Place,2020-05-17,4rqzDuasv6NNXKhHccxDFN,https://open.spotify.com/track/4rqzDuasv6NNXKhHccxDFN,eerie ominous haunting
Haunted House Ambience,Scary Atmosphere,Sounds For a Scary Halloween,2024-10-21,7xG8QDXmQl9n8TF7Azo9Gt,https://open.spotify.com/track/7xG8QDXmQl9n8TF7Azo9Gt,eerie ominous haunting
Vampire Vault Motion,Ambient Realms,"Massive Ambient Music, Vol. 2",2015-02-23,2t2bNcug81Da4I4V8ghemU,https://open.spotify.com/track/2t2bNcug81Da4I4V8ghemU,eerie ominous haunting
Scary Beat,Alan Fillip,Dramatic Dronescapes,2016-10-15,0A7mjmV8RHSGJvOqNceUfc,https://open.spotify.com/track/0A7mjmV8RHSGJvOqNceUfc,eerie ominous haunting
Horrifying Flashback Background Ambience,Soundsmack,Horror Film Sound Effects and Atmospheres,2014-08-16,4dn8pOK79l7aw8Y4WSw5mH,https://open.spotify.com/track/4dn8pOK79l7aw8Y4WSw5mH,eerie ominous haunting
Whispering Shadows,Scary Halloween Night Ambient,Haunted House Sounds For Halloween,2024-10-07,2QDbHP0Zc7QhkrCMOT0iDz,https://open.spotify.com/track/2QDbHP0Zc7QhkrCMOT0iDz,eerie ominous haunting
Sinister Sounds from the Dining Room,Ambience Mastery,One Night in a Haunted House,2023-07-30,7L9EpiODvxVXrvld4K0uS4,https://open.spotify.com/track/7L9EpiODvxVXrvld4K0uS4,eerie ominous haunting
Mysterious Layered Halloween Ambience,Halloween and Sound Effects,This Is Halloween,2012-09-15,3eaypuAOcNOUngvqQqJo7g,https://open.spotify.com/track/3eaypuAOcNOUngvqQqJo7g,eerie ominous haunting
Dark Church Ambience,Dark Authority,Dark Church Ambience: Music Materials for Silent Worship,2019-11-14,2f7fSmllYk31S9eVCFjiKu,https://open.spotify.com/track/2f7fSmllYk31S9eVCFjiKu,eerie ominous haunting
Eerie Background with Creaking and Water Dripping,Halloween and Sound Effects,This Is Halloween,2012-09-15,6v0vHxOR4itOwJFINuU5li,https://open.spotify.com/track/6v0vHxOR4itOwJFINuU5li,eerie ominous haunting
A Ghost Story,Relaxation Zone,"Gothic Ambient Sounds: Instrumental Relaxation, Background Music for Fantasy & Dreams",2019-12-02,4cImzminsLf8v9kwBFBN4d,https://open.spotify.com/track/4cImzminsLf8v9kwBFBN4d,eerie ominous haunting
Horror Ambient2,Y8MD,"ホラー, Vol. 90 -Instrumental BGM- by Audiostock",2024-07-22,1T6r56x3vU03pZvIAIE5Zb,https://open.spotify.com/track/1T6r56x3vU03pZvIAIE5Zb,eerie ominous haunting
The Ominous Presence in the Manor,Ambience Mastery,Ghosts of the Forgotten Manor,2023-03-05,4sRJbEmUCexY9nZxoiYdpH,https://open.spotify.com/track/4sRJbEmUCexY9nZxoiYdpH,eerie ominous haunting
A Sorrowful Ghost Bride,Ambience Mastery,A Dark Library (Gothic Horror Ambience),2022-12-05,7oSowgkU5SuwBNHMEM1ucC,https://open.spotify.com/track/7oSowgkU5SuwBNHMEM1ucC,eerie ominous haunting
Tragic History of the Castle,Ambience Mastery,A Dark Library (Gothic Horror Ambience),2022-12-05,768KivcRomx2jb4sNVR9as,https://open.spotify.com/track/768KivcRomx2jb4sNVR9as,eerie ominous haunting
The Expedition,Horror Soundscapes,Heavy Snow,2022-11-25,3IpzIbtdGnh3q3da8qDLHZ,https://open.spotify.com/track/3IpzIbtdGnh3q3da8qDLHZ,eerie ominous haunting
Thunderstorm: Horror Background Music,Horror Music Collection,Halloween Horror Night and Scary House Hidden in the Woods (Dark Background Music),2021-09-20,2j8pYR0fQ5qqem9wZZvq2F,https://open.spotify.com/track/2j8pYR0fQ5qqem9wZZvq2F,eerie ominous haunting
Immersion,Alex S.Tsigkourakos,Ambivalence,2020-02-03,3V73OO2JTOI0YN9iNBT0HP,https://open.spotify.com/track/3V73OO2JTOI0YN9iNBT0HP,eerie ominous haunting
Haunting The Halls,Extrasensor,Indie Dark Side,2022-01-17,6oOaUZsHzDyMdRMdg2mw4X,https://open.spotify.com/track/6oOaUZsHzDyMdRMdg2mw4X,eerie ominous haunting
Spooky Atmosphere,Scary Halloween Night Ambient,This is Halloween: Creepy Melodies for Spooky Atmosphere and Haunted Stories,2023-08-16,75rCxpfozPZhSkFV5gehww,https://open.spotify.com/track/75rCxpfozPZhSkFV5gehww,eerie ominous haunting
Ambience of The Ruined Town,Immersive Scenes,Ambience of The Ruined Town,2023-08-20,41J1OqtYlgqhXqGyQeFoJI,https://open.spotify.com/track/41J1OqtYlgqhXqGyQeFoJI,eerie ominous haunting
Atmospheric Horror Trailer,Dreamnote Music,Haunting Horror Themes,2024-07-20,7cOTLxIzAg7UFCV1m6QzGS,https://open.spotify.com/track/7cOTLxIzAg7UFCV1m6QzGS,eerie ominous haunting
Door Creaks from a Haunted House,Terrifying Ambient Sounds,Terrifying Ambient Sounds Vol2,2024-10-31,1W2C7TCcUpfQRxmfdHD5F4,https://open.spotify.com/track/1W2C7TCcUpfQRxmfdHD5F4,eerie ominous haunting
Rebirth,Cameron McBride,Dark Ambient: Ominous Sinister Soundscapes,2016-05-05,0idFTd6pU0oqoTptM8SNdW,https://open.spotify.com/track/0idFTd6pU0oqoTptM8SNdW,eerie ominous haunting
Eerie Underwater Atmosphere with Hollow Bangs and Cries,Halloween and Sound Effects,This Is Halloween,2012-09-15,2LrUWudyCQsLBvsehZH3HK,https://open.spotify.com/track/2LrUWudyCQsLBvsehZH3HK,eerie ominous haunting
Spooky Ghost Steps,Scary Halloween Night Ambient,"House full of Ghosts: Scary Halloween Sound Effects of Haunted Mansion, Creepy Night Ambient",2021-10-06,0lzgRQxIvvLMYTwHu4KaPV,https://open.spotify.com/track/0lzgRQxIvvLMYTwHu4KaPV,eerie ominous haunting
Dark Atmospheric – Liminal Horror Background,Etrusco Music,Music for Backrooms – Liminal Drones and Darkness,2025-10-25,6d4ktp0LshrK7xPEeKKiEU,https://open.spotify.com/track/6d4ktp0LshrK7xPEeKKiEU,eerie ominous haunting
Distance,Jay Varton,Dark Sleuth,2016-10-28,3Kxqw3g7TrcbbDJ8OtQIGK,https://open.spotify.com/track/3Kxqw3g7TrcbbDJ8OtQIGK,eerie ominous haunting
Dark Ambient Music 2021 & Dark Electronic Music 2021,Sunset Chill Out Music Zone,Dark Ambient Music 2021 & Dark Electronic Music 2021,2021-08-20,3oBHchxgFvLz0dKim49K1L,https://open.spotify.com/track/3oBHchxgFvLz0dKim49K1L,eerie ominous haunting
Horror Ambient Soundscape – Music for Endless Backrooms,Etrusco Music,Music for Backrooms – Liminal Drones and Darkness,2025-10-25,4m74yWf6mjUCx5WfNDTp8e,https://open.spotify.com/track/4m74yWf6mjUCx5WfNDTp8e,eerie ominous haunting
Eerie Ambiance,Spooky Halloween Sounds,Monsters' Halloween: Nightmares & The Witching Hour,2024-09-17,2AMmsDwtbskUbCEKFy2VtN,https://open.spotify.com/track/2AMmsDwtbskUbCEKFy2VtN,eerie ominous haunting
Dark Ambient Sounds From Hell - Version I,Tymur Khakimov,Dark Ambient Sounds From Hell,2023-01-23,2yVT5RZnN74i6mO8CvQT6a,https://open.spotify.com/track/2yVT5RZnN74i6mO8CvQT6a,eerie ominous haunting
"A Dark Presence, Horror Ambient Sounds",Halloween Party,"Halloweenfest - Spöklika Ljudeffekter , Skrämmande Ljud, ylar, Skrik",2016-10-17,2C7hUmda0ZtwoNlRhGR9Om,https://open.spotify.com/track/2C7hUmda0ZtwoNlRhGR9Om,eerie ominous haunting
Dark Ambient Ritual Music 30 Minutes,Eastern Science,Dark Ambient Ritual Music 30 Minutes,2021-08-22,6RoWNOmkmUEtdZDX20dnGi,https://open.spotify.com/track/6RoWNOmkmUEtdZDX20dnGi,eerie ominous haunting
A Fairy's Whispers in the Night,Ambience Mastery,A Haunted and Magical World (Dark Fairytale Music),2023-03-13,0shXbxVwEP61csQg02qG8A,https://open.spotify.com/track/0shXbxVwEP61csQg02qG8A,eerie ominous haunting
Dark Ambient,Kids' Halloween Party,"Enge Geluiden: Eng Geluid, Halloweenmuziek",2016-10-17,2Bo2grs823qhjszWe2gsz8,https://open.spotify.com/track/2Bo2grs823qhjszWe2gsz8,eerie ominous haunting
Souls in Echoing Halls,Ambience Mastery,Macabre Nightmares Unraveled (Horror Music),2023-04-15,1JfumHmew0HGwVOJNiPgYR,https://open.spotify.com/track/1JfumHmew0HGwVOJNiPgYR,eerie ominous haunting
Gore & Bloody Sounds and Effects On Dark Ambient Music,Monster's Halloween Party,"Halloween Sounds, Effects and Ambiances",2024-10-18,13ZEhL0BphcPpaPsapQJrI,https://open.spotify.com/track/13ZEhL0BphcPpaPsapQJrI,eerie ominous haunting
Halloween Night,Instrumental Jazz Music Ambient,Chilled Music Selection - Autumn/Fall 2021 (Chill Instrumental Beats),2021-09-10,0zKW9AhWqvDAnR3EDNnPzq,https://open.spotify.com/track/0zKW9AhWqvDAnR3EDNnPzq,eerie ominous haunting
Sinister and Vibrant Atmosphere,Sounds Effects Wav Files Studio,Mystery Music. Terrifying Sounds for Scary Atmospheres,2014-01-21,2ipICOtz8E7u1InIW1l709,https://open.spotify.com/track/2ipICOtz8E7u1InIW1l709,eerie ominous haunting
Haunting,Dominic Ninmark,Viviette (Original Game Soundtrack),2018-10-18,2tr9Qz195QFYK6dzrdR3V3,https://open.spotify.com/track/2tr9Qz195QFYK6dzrdR3V3,eerie ominous haunting
Soft Horror Piano Drone,Bobby Cole,Your Deepest Nightmares: Scary Horror Music,2018-10-29,5OTwJpyKCfrqPmFCksGLyU,https://open.spotify.com/track/5OTwJpyKCfrqPmFCksGLyU,eerie ominous haunting
The Apocryph,Andre Walter,"Dark Listening, Vol.1 + 2",2015-01-16,7mLXX6aJURqhAkyLEXgCwl,https://open.spotify.com/track/7mLXX6aJURqhAkyLEXgCwl,eerie ominous haunting
The Witch's Cottage in the Misty Woods,Ambience Mastery,A Haunted and Magical World (Dark Fairytale Music),2023-03-13,0vCmZqDe3jG9c7HzypXwiv,https://open.spotify.com/track/0vCmZqDe3jG9c7HzypXwiv,eerie ominous haunting
Horror Film Background Ambience 2,Soundsmack,Horror Film Sound Effects and Atmospheres,2014-08-16,0na7x7Qt33nDtsOJ56n9tV,https://open.spotify.com/track/0na7x7Qt33nDtsOJ56n9tV,eerie ominous haunting
Desolate Lands of the Banshees,Ambience Mastery,A Haunted and Magical World (Dark Fairytale Music),2023-03-13,6XKBmuv0G4OW5zvKs2OFG2,https://open.spotify.com/track/6XKBmuv0G4OW5zvKs2OFG2,eerie ominous haunting
Ghostly Presences,Kloob,Cryptic Interactions,2020-12-12,5rxQwfT5j5nrDGU6wVhH1I,https://open.spotify.com/track/5rxQwfT5j5nrDGU6wVhH1I,eerie ominous haunting
The Graveyard,Terrifying Ambient Sounds,Terrifying Ambient Sounds Vol2,2024-10-31,7gO8fs2X2o1GvEfCdKuHnD,https://open.spotify.com/track/7gO8fs2X2o1GvEfCdKuHnD,eerie ominous haunting
"A Dark Presence, Horror Ambient Sounds",Kids' Halloween Party,"Enge Geluiden: Eng Geluid, Halloweenmuziek",2016-10-17,4H2sU4DnF9pSE1a0bBMW3z,https://open.spotify.com/track/4H2sU4DnF9pSE1a0bBMW3z,eerie ominous haunting
Instrumental Atmosphere,Oriental Music Zone,Oriental Sleeping Tunes,2020-02-22,6XpioBHDtx815Vl7Y42EzU,https://open.spotify.com/track/6XpioBHDtx815Vl7Y42EzU,eerie ominous haunting
Dark Ambient,Halloween Party,"Halloweenfest - Spöklika Ljudeffekter , Skrämmande Ljud, ylar, Skrik",2016-10-17,11FQlsCXGdCkR09XBj5oUz,https://open.spotify.com/track/11FQlsCXGdCkR09XBj5oUz,eerie ominous haunting
Haunted House (Horror 2025 Soundscape Atmosphere),Holocron Music,Haunted House (Horror 2025 Soundscape Atmosphere),2023,2EqMR1C27mbu5y1EPpzoGO,https://open.spotify.com/track/2EqMR1C27mbu5y1EPpzoGO,eerie ominous haunting
