track_name,artist_name,album_name,release_date,track_id,spotify_url,mood_keywords
Ambient Cinematic Score,Romansenykmusic,Soft Cinematic Soundtracks,2020-03-19,5k8NwGYULYO9qGVWAzjFPu,https://open.spotify.com/track/5k8NwGYULYO9qGVWAzjFPu,intimate dreamy tender
Ambient Instrumental Fall Studying and soft rain,Instrumental Music for Study Focus Concentration Sleepp,POV: Fall Autumn Dark Academia Instrumental Study Music vibes with Rain,2023-10-20,2AE0pBQ7UqrbIDZIYCTgId,https://open.spotify.com/track/2AE0pBQ7UqrbIDZIYCTgId,intimate dreamy tender
Cinematic Ambient Corporate Inspiring Emotional,Romansenykmusic,Soft Cinematic Soundtracks,2020-03-19,009zm4nS6Bl2GtHt2iitDA,https://open.spotify.com/track/009zm4nS6Bl2GtHt2iitDA,intimate dreamy tender
Ambient Emotional Cinematic,Romansenykmusic,Soft Cinematic Soundtracks,2020-03-19,3iRW391RwTm8QN9jSqjwmQ,https://open.spotify.com/track/3iRW391RwTm8QN9jSqjwmQ,intimate dreamy tender
Ambient LoFi,Lofi Sleep Chill & Study,LoFi Jazz,2020-12-31,0REQukhXtI8fyNtTW2paCP,https://open.spotify.com/track/0REQukhXtI8fyNtTW2paCP,intimate dreamy tender
Ambient Focus,Sleep Fruits Music,"Relaxing Sleep Music, Vol.1",2021-02-05,5YAJ3TmXu9yFAmyLf5912C,https://open.spotify.com/track/5YAJ3TmXu9yFAmyLf5912C,intimate dreamy tender
Ambient LoFi,Lofi Sleep Chill & Study,LoFi Music,2020-12-10,3SmMRDAfufmUz06SyLQnd3,https://open.spotify.com/track/3SmMRDAfufmUz06SyLQnd3,intimate dreamy tender
Ambient Focus Sleep Study in soft rain,Instrumental Music for Study Focus Concentration Sleepp,POV: Fall Autumn Dark Academia Instrumental Study Music vibes with Rain,2023-10-20,34LmOtH6OgMGf1djOVgK2c,https://open.spotify.com/track/34LmOtH6OgMGf1djOVgK2c,intimate dreamy tender
Calm Study Ambience,Lofi Fruits Music,Lofi Fruits Music 2021,2021-06-09,1MMDusHVki3qCmVK5TfZb6,https://open.spotify.com/track/1MMDusHVki3qCmVK5TfZb6,intimate dreamy tender
Ambient Sleep Music,Baby Lullaby,"Baby Lullaby - Baby Lullabies for Sleep Music, Relaxing Piano, Baby Sleep, Natural Sleep Aid, Newborn Baby Lullabies",2012-05-28,0cw19hlkxIEF7U9HAcgAxJ,https://open.spotify.com/track/0cw19hlkxIEF7U9HAcgAxJ,intimate dreamy tender
Peaceful Journey,V.Ambience,Peaceful Journey,2021-05-28,2zraUVLKH0miY90eoM26Rd,https://open.spotify.com/track/2zraUVLKH0miY90eoM26Rd,intimate dreamy tender
"Calm Background Ambience, Pt. 39",Sleep Fruits Music,"Sleep Fruits Session, Vol. 2",2022-05-23,6kbK2KFkn7Yom9JfDPzOvD,https://open.spotify.com/track/6kbK2KFkn7Yom9JfDPzOvD,intimate dreamy tender
Deep Cinematic Emotional Ambient,Romansenykmusic,Soft Cinematic Soundtracks,2020-03-19,3jRNm8EjtoBlmtG2yzVwlL,https://open.spotify.com/track/3jRNm8EjtoBlmtG2yzVwlL,intimate dreamy tender
Atmosphere study ambient focus with rain,Instrumental Music for Study Focus Concentration Sleepp,POV: Fall Autumn Dark Academia Instrumental Study Music vibes with Rain,2023-10-20,42wnR8ezH8KXQDmoDnXxXx,https://open.spotify.com/track/42wnR8ezH8KXQDmoDnXxXx,intimate dreamy tender
Calm Study Ambience,Lofi Fruits Music,Calm Study Ambience,2021-06-25,2vpiVaP2s6ERvWBzOuSnYU,https://open.spotify.com/track/2vpiVaP2s6ERvWBzOuSnYU,intimate dreamy tender
Emotional Ambient Piano,OlexandrMusic,Emotional Ambient Piano,2022-07-08,1F7dGf03Hpf7qkfjQINjSS,https://open.spotify.com/track/1F7dGf03Hpf7qkfjQINjSS,intimate dreamy tender
Ambient Music,Rain Sound Plus,Sleep (Rain Sounds Compilation),2017-05-05,2GgqV8rbltBVKAF9NtrE5I,https://open.spotify.com/track/2GgqV8rbltBVKAF9NtrE5I,intimate dreamy tender
Epilogue,Ólafur Arnalds,Epilogue,2021-02-19,7lEfD3Sz6ibitGq0UanGMr,https://open.spotify.com/track/7lEfD3Sz6ibitGq0UanGMr,intimate dreamy tender
Rest,Ambient Skies,Winter,2019-06-07,4ZOIKfi5JCi9E3drA38fMh,https://open.spotify.com/track/4ZOIKfi5JCi9E3drA38fMh,intimate dreamy tender
Space Ambient Sleep Music,Silent Rhythm,Space Ambient Sleep Music,2022-03-18,65cITxCcUVw2bzEVicWb0S,https://open.spotify.com/track/65cITxCcUVw2bzEVicWb0S,intimate dreamy tender
Ambient LoFi,Hip Hop Lofi,Lofi Hip Hop Instrumental | Chill & Relax Beats,2021-02-19,4wimE05STCGLZMxxIxu4Z4,https://open.spotify.com/track/4wimE05STCGLZMxxIxu4Z4,intimate dreamy tender
Ambient LoFi Meditation,Lofi Sleep Chill & Study,"!!!"" 1H Lofi beats ""!!!",2021-01-10,6BS1lVjgMZdBjYLLfjqNxY,https://open.spotify.com/track/6BS1lVjgMZdBjYLLfjqNxY,intimate dreamy tender
Ambient Piano Atmospheres Soundscapes,Maksym Tkhoryk,Chill Ambient,2022-06-07,7wMyGH57o1eiakpPmm99lw,https://open.spotify.com/track/7wMyGH57o1eiakpPmm99lw,intimate dreamy tender
Ambient Soundscapes,Piotr Janeczek,Tranquility: Calm Music for Massage and Relaxation,2014-12-13,00s6EOwRTDAaA2biDjZG80,https://open.spotify.com/track/00s6EOwRTDAaA2biDjZG80,intimate dreamy tender
Ambient Café Instrumental,Coffee House Instrumental Jazz Playlist,Coffee Shop Essentials: Slow Piano Jazz,2019-06-30,1bL35CTgRliBQ5GWtL0zGc,https://open.spotify.com/track/1bL35CTgRliBQ5GWtL0zGc,intimate dreamy tender
Ambient Minimal Corporate,DensoMusic,Ambient Corporate Background,2021-03-21,4J0Pf9H6mBoSjuAqN3y9Pl,https://open.spotify.com/track/4J0Pf9H6mBoSjuAqN3y9Pl,intimate dreamy tender
Ambient Piano Sleep Music,Deep Sleep Relaxation,Deep Sleep Music: Nature Sounds of Ocean Waves and Instrumental Piano Music For Sleeping and Relaxation,2019-04-05,0wAiiArBmwHIVv07ylJYTo,https://open.spotify.com/track/0wAiiArBmwHIVv07ylJYTo,intimate dreamy tender
Ambient Piano,DS Productions,Ambient Piano,2020-06-24,0as5qJbcWkVOEQXVRMawFl,https://open.spotify.com/track/0as5qJbcWkVOEQXVRMawFl,intimate dreamy tender
Background Ambient Atmospheres,Maksym Tkhoryk,Chill Ambient,2022-06-07,7H3VqadkTZT1zqKGS9tj8b,https://open.spotify.com/track/7H3VqadkTZT1zqKGS9tj8b,intimate dreamy tender
Cinematic Piano Ambient,AShamaluevMusic,Cinematic Inspirational Music,2017-01-01,4BVhvnWYe8H6RtcMYI2ZnL,https://open.spotify.com/track/4BVhvnWYe8H6RtcMYI2ZnL,intimate dreamy tender
Ambient Corporate Inspiration,DensoMusic,Ambient Soft Corporate Collection,2022-04-25,51c9dDzSD2xngyJfDGyVW1,https://open.spotify.com/track/51c9dDzSD2xngyJfDGyVW1,intimate dreamy tender
Piano Ambient Music (Massage),SPA & Piano,Piano Ambient Music (Massage),2022-02-04,2C5YKc6H4Z9cqybSZ16sUm,https://open.spotify.com/track/2C5YKc6H4Z9cqybSZ16sUm,intimate dreamy tender
Ambient,Piano Peace,Music for Stress Relief,2018-03-27,1BkVKhcWhNQPskTxeG0Tqq,https://open.spotify.com/track/1BkVKhcWhNQPskTxeG0Tqq,intimate dreamy tender
Motivational Ambient Corporate,Maksym Tkhoryk,Chill Ambient,2022-06-07,4Ve4Cowp8kHsLxkohNaDTL,https://open.spotify.com/track/4Ve4Cowp8kHsLxkohNaDTL,intimate dreamy tender
Ambient Music For Spa,Spa,"Rain Spa: Soothing Spa Music For Spa, Massage Therapy Music, Healing Music and Relaxing Rain Sounds For Sleep and Relaxation",2019-05-02,4BPKPxjgnCeHEsSRgOyTSh,https://open.spotify.com/track/4BPKPxjgnCeHEsSRgOyTSh,intimate dreamy tender
Ambient Study Music,Study Music & Sounds,"Study: Binaural Beats Alpha Waves Music For Reading, Focus & Relaxing Studying Music",2018-12-17,10ovQcONvlLx9gbOU8Q8rJ,https://open.spotify.com/track/10ovQcONvlLx9gbOU8Q8rJ,intimate dreamy tender
Ambient Music,Study Music & Sounds,"Study: Binaural Beats Alpha Waves Music For Reading, Focus & Relaxing Studying Music",2018-12-17,0yCHbRU5dqvSWIbsKNE3IO,https://open.spotify.com/track/0yCHbRU5dqvSWIbsKNE3IO,intimate dreamy tender
Chill Ambient Corporate,Maksym Tkhoryk,Chill Ambient,2022-06-07,7y6AWsUmBUvZtwGEHw7Nuu,https://open.spotify.com/track/7y6AWsUmBUvZtwGEHw7Nuu,intimate dreamy tender
"Video Tape - From ""Surface""",Ólafur Arnalds,Surface (Music from the Original TV Series),2022-07-29,5z3KcciOg8G1IsIaRN5ZOv,https://open.spotify.com/track/5z3KcciOg8G1IsIaRN5ZOv,intimate dreamy tender
Relaxing Ambience,Spa,"Spa Music: Relaxing Guitar Massage Songs for Yoga, Meditation, Studying, Stress Relief & Sleeping with Soothing Ocean Waves",2017-02-20,25zfCl8Jnh8kIrk4XFPuWc,https://open.spotify.com/track/25zfCl8Jnh8kIrk4XFPuWc,intimate dreamy tender
Ambient Music for Stress Relief,Galactic Corners,Falling Leaves and Golden Dreams,2019-08-01,4LXizFobJtm8SoNE3gMXvn,https://open.spotify.com/track/4LXizFobJtm8SoNE3gMXvn,intimate dreamy tender
Soft Lofi Ambient Background BGM - Ambient BGM Lofi,Gaming Music,Chill Music For Gaming Background BGM (Chill Gaming Music BGM),2022-11-18,1KVtd60xDfsftjraDZhLj0,https://open.spotify.com/track/1KVtd60xDfsftjraDZhLj0,intimate dreamy tender
Beautiful Ambient Cinematic Emotional,Romansenykmusic,Soft Cinematic Soundtracks,2020-03-19,0fA7ULakndESrgGw7QYHY4,https://open.spotify.com/track/0fA7ULakndESrgGw7QYHY4,intimate dreamy tender
Ambient LoFi,Lofi Sleep Chill & Study,Japanese LoFi,2021-04-16,12CJfzGU6SA3krXzaN4EtR,https://open.spotify.com/track/12CJfzGU6SA3krXzaN4EtR,intimate dreamy tender
Atmospheric Background,Space Radiance,Ambient Space Music,2019-11-03,7yvgHgfDy9kp9aeon8SdsW,https://open.spotify.com/track/7yvgHgfDy9kp9aeon8SdsW,intimate dreamy tender
Ambient Space Music,Space Radiance,Ambient Space Music,2019-11-03,1MvWbV6ZmTkv4iMuHM7RUw,https://open.spotify.com/track/1MvWbV6ZmTkv4iMuHM7RUw,intimate dreamy tender
Ambient Guitar Spa Music,Spa Music Relaxation,"Spa: Background Instrumental Music and Nature Sounds For Spa Music, Massage Music, Yoga Music, Meditation Music, Healing Music, Deep Sleeping Music, Wellness and Mindfulness",2021-05-21,12sIAmMKmFxLYrREWMe1xS,https://open.spotify.com/track/12sIAmMKmFxLYrREWMe1xS,intimate dreamy tender
Ambient Study for Focus,Work Music,Effective Brainwaves That Improve Concentration and Focus,2022-09-15,5PzvZnmt7tTiC01W2rSQZo,https://open.spotify.com/track/5PzvZnmt7tTiC01W2rSQZo,intimate dreamy tender
Memories - Ambient Piano Instrumental,Cozy Koala,Memories - Ambient Piano Instrumental,2022-09-30,7wI5U0nKjIk5FIeyf2Q3Y2,https://open.spotify.com/track/7wI5U0nKjIk5FIeyf2Q3Y2,intimate dreamy tender
Ambient Corporate,DensoMusic,Ambient Corporate Background,2021-03-21,6HOvL9ywbMGIkZcqFPguJB,https://open.spotify.com/track/6HOvL9ywbMGIkZcqFPguJB,intimate dreamy tender
Ambient Sleep Music,Sleeping Music,"Sleeping Music - Music to Sleep By, Relaxing Piano, Sleep Music, New Age Music, Meditation Music, Classical Piano, Soothing Piano",2012-05-08,3dmnluuxeIND6uRo4mzOFd,https://open.spotify.com/track/3dmnluuxeIND6uRo4mzOFd,intimate dreamy tender
Ambient Emotional Piano,DS Productions,Ambient Emotional Piano,2021-01-02,053kba2hsZW5OuCxSpP3XI,https://open.spotify.com/track/053kba2hsZW5OuCxSpP3XI,intimate dreamy tender
Ambient Upbeat Motivate,AndrisMusic,Amazed By The Beauty,2021-04-11,2WbBmggaAhQhAiAlUHRQ6D,https://open.spotify.com/track/2WbBmggaAhQhAiAlUHRQ6D,intimate dreamy tender
Ambient Orchestra,Animal Piano Lab,Slow Sleep Piano,2019-09-26,1fI71KD25dGv3nmOK5YdyH,https://open.spotify.com/track/1fI71KD25dGv3nmOK5YdyH,intimate dreamy tender
Ambient Writer Music,Writing Music Inspire,Jazz for Writing,2019-12-22,3FxeIZ3hv3ZQdUtdrdycCL,https://open.spotify.com/track/3FxeIZ3hv3ZQdUtdrdycCL,intimate dreamy tender
Ambient Music Sleep Aid,Amazing Spa Music,"Spa: Thunderstorm Sounds For Spa, Music For Relaxation, Massage Music, Sleep Music and Relaxing Spa Music",2019-04-17,6zslQyZIsjrDcvz4uIhIym,https://open.spotify.com/track/6zslQyZIsjrDcvz4uIhIym,intimate dreamy tender
Mystic - Ambient Version,Open Blue Sky,Lakeside Melodies Revisited (Ambient Version),2022-04-24,76MKVFrWZNmiVjeHGvr3PK,https://open.spotify.com/track/76MKVFrWZNmiVjeHGvr3PK,intimate dreamy tender
Ambient,331Music,Royalty Free Background Music,2021-01-01,3SsFgvT5api7ZGBP4FcMX0,https://open.spotify.com/track/3SsFgvT5api7ZGBP4FcMX0,intimate dreamy tender
Meditation Space,V.Ambience,Meditation Space,2021-07-16,463tjI8ACa8B5X0D80JOfW,https://open.spotify.com/track/463tjI8ACa8B5X0D80JOfW,intimate dreamy tender
Café Ambient Jazz,Coffee House Instrumental Jazz Playlist,Coffee Shop Essentials: Slow Piano Jazz,2019-06-30,2wf9DlXHq9Cv5VQNEeCmDv,https://open.spotify.com/track/2wf9DlXHq9Cv5VQNEeCmDv,intimate dreamy tender
Ambient LoFi,Lofi Sleep Chill & Study,Upbeat Study Music,2021-05-19,681WjVY1uU1QC5IAQD66lW,https://open.spotify.com/track/681WjVY1uU1QC5IAQD66lW,intimate dreamy tender
Lofi Ambient Music,Concentrate Your Mind,Lofi Ambient Music,2022-01-20,6sV7Ai8cbDFAd4OGSkITSQ,https://open.spotify.com/track/6sV7Ai8cbDFAd4OGSkITSQ,intimate dreamy tender
Ambient LoFi Meditation,Lofi Sleep Chill & Study,Upbeat Study Music,2021-05-19,0LnVTYX9t95lUEjtrOhn9I,https://open.spotify.com/track/0LnVTYX9t95lUEjtrOhn9I,intimate dreamy tender
Ambient Music,Deep Sleep Music Experience,"Rain Sounds Sleep: Soft Piano Music and Asmr Rain Sounds For Deep Sleep, Relaxing Sleep Aid and Soothing Sleeping Music",2019-05-11,4nQcehdTJvCv89gloiTn4t,https://open.spotify.com/track/4nQcehdTJvCv89gloiTn4t,intimate dreamy tender
Ambient Piano Music,Deep Sleep Music Experience,"Rain Sounds Sleep: Soft Piano Music and Asmr Rain Sounds For Deep Sleep, Relaxing Sleep Aid and Soothing Sleeping Music",2019-05-11,3uTNISKKu3gJbNgR4Kmpv3,https://open.spotify.com/track/3uTNISKKu3gJbNgR4Kmpv3,intimate dreamy tender
Ambient Calm Corporate,DensoMusic,Ambient Corporate Background,2021-03-21,4JDVTjNUA2R1M465lrmnwf,https://open.spotify.com/track/4JDVTjNUA2R1M465lrmnwf,intimate dreamy tender
Ambient Piano Sleep Music,Study Power,"Piano and Ocean Waves: Relaxing Instrumental Music and Nature Sounds For Spa Music, Massage Music, Studying Music and Sleep Music, Vol. 2",2019-04-30,4Ko3GCiwF6MHGARk2zU18M,https://open.spotify.com/track/4Ko3GCiwF6MHGARk2zU18M,intimate dreamy tender
Ambient Backgrounds,Space Radiance,Ambient Space Music,2019-11-03,3PHxwLGyQpYoG0dgevAeCI,https://open.spotify.com/track/3PHxwLGyQpYoG0dgevAeCI,intimate dreamy tender
Ambient Music (Nature of Sounds),Calming Water Consort,"50 Relaxing Ocean Waves: Music for Deep Sleep, Meditation, Rest & Relaxation Nature Sounds, Healing Water, Calming Sounds of the Sea",2016-03-09,69Wlbirn7EaB4Jc0xXlZV8,https://open.spotify.com/track/69Wlbirn7EaB4Jc0xXlZV8,intimate dreamy tender
Ambient Lullabies,Celestial Cascade,Dreamscape's Melancholy,2019-11-18,2bSbQM35jxXmclTHe8DIby,https://open.spotify.com/track/2bSbQM35jxXmclTHe8DIby,intimate dreamy tender
Soft Classical Jazz Ambience,Classical Jazz Music,Classical Jazz (Instrumentals),2021-10-11,3luNYIgSJRxcvqxQ7rYDLt,https://open.spotify.com/track/3luNYIgSJRxcvqxQ7rYDLt,intimate dreamy tender
Ambient Meditation Music,Meditation Music Experience,Meditation Music With Nature Sounds for Relaxation and Ambient Binaural Beats for Sleep,2018-03-07,2dYDkWAUtVdHFQwQV8QnyT,https://open.spotify.com/track/2dYDkWAUtVdHFQwQV8QnyT,intimate dreamy tender
Ambient,Peaceful Piano Keys,Dreamy Piano,2022-07-14,2q2Rdqs3Seh0dkZUtrPKcW,https://open.spotify.com/track/2q2Rdqs3Seh0dkZUtrPKcW,intimate dreamy tender
Ambient Corporate Music,DensoMusic,Ambient Corporate Background,2021-03-21,2q8MGuUTXTW6chpFqHxXUU,https://open.spotify.com/track/2q8MGuUTXTW6chpFqHxXUU,intimate dreamy tender
Spa Music - Ambient Sounds,Spa,"Spa Music: Relaxing Background Piano Music and Rain Sounds for Spa, Massage, Yoga, Meditation, Sleeping, Healing and Wellness",2017-06-08,4MxeMYuePCmfBDvMdtORzS,https://open.spotify.com/track/4MxeMYuePCmfBDvMdtORzS,intimate dreamy tender
Ambient Echo,Edward Abela,Ambient Echo,2018-09-10,1R2YndIZICOc9n02H0CdT2,https://open.spotify.com/track/1R2YndIZICOc9n02H0CdT2,intimate dreamy tender
Piano Calming Lofi,Lofi Fruits Music,Calm Study Ambience,2021-06-25,4nihyVLUBNNvUFXbg3VZgV,https://open.spotify.com/track/4nihyVLUBNNvUFXbg3VZgV,intimate dreamy tender
Ambient Landscape,Dream Shard,White Noise,2019-10-09,1Rlegc2WPdGF5KKund5L85,https://open.spotify.com/track/1Rlegc2WPdGF5KKund5L85,intimate dreamy tender
Lost Ambient Lofi,Lesfm,Lost Ambient Lofi,2021-07-14,5QxrbfToQxXX2O85nps3JX,https://open.spotify.com/track/5QxrbfToQxXX2O85nps3JX,intimate dreamy tender
C,Ambient Pads,02,2020-03-25,2w6onCNqzJaNTSe1BemLlW,https://open.spotify.com/track/2w6onCNqzJaNTSe1BemLlW,intimate dreamy tender
Ambient Cinematic Adventure,DS Productions,Ambient Cinematic Adventure,2020-06-24,6z7z8Lqs42D90ET21mmSOm,https://open.spotify.com/track/6z7z8Lqs42D90ET21mmSOm,intimate dreamy tender
Ambient Piano Sleep,Piano Peace,"Instrumental Piano For Studying Music, Music For Reading, Focus and Concentration",2020-11-27,75RGFOS74dNP6nHkh1tsVk,https://open.spotify.com/track/75RGFOS74dNP6nHkh1tsVk,intimate dreamy tender
Ambient Suspenseful Background (Original Motion Picture Soundtrack),Acoustic Instrumental Vibes,Ambient Suspenseful Background (Original Motion Picture Soundtrack),2022-10-18,1M6GOFvY9YviLMRlTUZm1V,https://open.spotify.com/track/1M6GOFvY9YviLMRlTUZm1V,intimate dreamy tender
Ambient Lofi BGM - Lofi Ambient,Gaming Music,Chill Music For Gaming Background BGM (Chill Gaming Music BGM),2022-11-18,7BIcBFVUchX55rRjza3zeB,https://open.spotify.com/track/7BIcBFVUchX55rRjza3zeB,intimate dreamy tender
Ambient Music and Rain Sounds,Deep Sleep Music Experience,"Rain Sounds Sleep: Soft Piano Music and Asmr Rain Sounds For Deep Sleep, Relaxing Sleep Aid and Soothing Sleeping Music",2019-05-11,2odbEXAwPznqb7JU2x10YD,https://open.spotify.com/track/2odbEXAwPznqb7JU2x10YD,intimate dreamy tender
Soft Ambient Chill - Instrumental Chill,Gaming Music,Chill Music For Gaming Background BGM (Chill Gaming Music BGM),2022-11-18,0WpXbWMKwccAYNGxYH2JSz,https://open.spotify.com/track/0WpXbWMKwccAYNGxYH2JSz,intimate dreamy tender
Ambient Music and Sounds of Rain,Deep Sleep Music Experience,"Rain Sounds Sleep: Soft Piano Music and Asmr Rain Sounds For Deep Sleep, Relaxing Sleep Aid and Soothing Sleeping Music",2019-05-11,1SWGfa5OP6mKYPnMGPpBhQ,https://open.spotify.com/track/1SWGfa5OP6mKYPnMGPpBhQ,intimate dreamy tender
Ambient Music Sleep Aid,Deep Sleep Music Experience,"Rain Sounds Sleep: Soft Piano Music and Asmr Rain Sounds For Deep Sleep, Relaxing Sleep Aid and Soothing Sleeping Music",2019-05-11,3Bbapm0T2RS6cQopGgxEO8,https://open.spotify.com/track/3Bbapm0T2RS6cQopGgxEO8,intimate dreamy tender
Calm Study Ambience - Extended Version,Lofi Fruits Music,"Lofi Fruits Music, Vol. 1",2021-11-12,0UjnrFrFsNZHTjMzn7jpA5,https://open.spotify.com/track/0UjnrFrFsNZHTjMzn7jpA5,intimate dreamy tender
Ambient Corporate,Maksym Tkhoryk,Chill Ambient,2022-06-07,5G6ddd85bSCx8Dg6HPQ7cV,https://open.spotify.com/track/5G6ddd85bSCx8Dg6HPQ7cV,intimate dreamy tender
Arisen,The Ambientalist,Arisen,2020-02-07,3NulNf78fHOFjHFVGFiSDb,https://open.spotify.com/track/3NulNf78fHOFjHFVGFiSDb,intimate dreamy tender
Ambient Atmospheres Music,Maksym Tkhoryk,Chill Ambient,2022-06-07,3pdvfqr6cUFypoqF5t8wIn,https://open.spotify.com/track/3pdvfqr6cUFypoqF5t8wIn,intimate dreamy tender
Ambience (Ambient Music),Echo Fields,"Wellness Spa Sounds - Nature Music for Relaxation, Peaceful Sleep New Age Music",2014-03-12,0aJ2NPkcPcohaGW5hVWyQj,https://open.spotify.com/track/0aJ2NPkcPcohaGW5hVWyQj,intimate dreamy tender
Ambient Music For Spa and Massage,Spa Music Relaxation,"Spa: Ocean Waves and Calm Music For Spa, Massage Therapy Music, Healing & Spa Music",2018-10-25,4l21Mqt0LUN8HD4cI9oE8S,https://open.spotify.com/track/4l21Mqt0LUN8HD4cI9oE8S,intimate dreamy tender
Ambient Background Music for Studying,Study Alpha Waves,Study Music for Reading and Ambient Alpha Waves Binaural Beats Studying Music,2017-11-03,4xjXjIwhFyWp5HeFkWI2UW,https://open.spotify.com/track/4xjXjIwhFyWp5HeFkWI2UW,intimate dreamy tender
Lofi Nature - Instrumental,ChillHop Cafe,Lo-Fi Coffee & Chill - Vol. 1,2019-04-15,1K6jCfBG0eDV5d0JibYdUr,https://open.spotify.com/track/1K6jCfBG0eDV5d0JibYdUr,intimate dreamy tender
Winter Ambiance,Winter Jazz Instrumental,Peaceful Winter Jazz Ambient,2019-11-13,1DM2807NgxYJvaEV6j8x88,https://open.spotify.com/track/1DM2807NgxYJvaEV6j8x88,intimate dreamy tender
Slow Classy Background Ambient,Classy Bossa Piano Jazz,Classy Piano Jazz Background,2019-10-08,3I6tkpw1VNKJ8hkWrRIXev,https://open.spotify.com/track/3I6tkpw1VNKJ8hkWrRIXev,intimate dreamy tender
Ambient Music,Binaural Beats Sleep,"Binaural Beats Sleep: Ambient Music for Deep Sleep, Alpha Waves Sleep Aid and Calm Sleeping Music",2018-12-19,7ykIazxZG5YjdU7KpZ1L0x,https://open.spotify.com/track/7ykIazxZG5YjdU7KpZ1L0x,intimate dreamy tender
Piano Duo Jazz Soundtrack for Chilled Fantasy,Coffee Shop Jazz Relax,Chill Office-Friendly Music,2022-12-07,1BQ4KVjR5SAvacz1kUEMP6,https://open.spotify.com/track/1BQ4KVjR5SAvacz1kUEMP6,intimate dreamy tender
Ambient Nature LoFi,LoFi Study Music,"LoFi Jazzhop Music, Vol. 1",2022-01-07,3CclioVJ2Aj7I1qxNwghYK,https://open.spotify.com/track/3CclioVJ2Aj7I1qxNwghYK,intimate dreamy tender
Ambient LoFi Meditation,Lofi Sleep Chill & Study,LoFi Jazz,2021-07-18,0qwBG2QHp2SduirPsiVNNN,https://open.spotify.com/track/0qwBG2QHp2SduirPsiVNNN,intimate dreamy tender
Ambient LoFi,LO-FI BEATS,"!!!"" Cafe Lounge Beats ""!!!",2022-09-18,6Ya4PQCKV6C6MKu9rwcDVZ,https://open.spotify.com/track/6Ya4PQCKV6C6MKu9rwcDVZ,intimate dreamy tender
Ambient Inspiration,DensoMusic,Ambient Corporate Background,2021-03-21,3TusN0gYe1WDnsNm7d25rA,https://open.spotify.com/track/3TusN0gYe1WDnsNm7d25rA,intimate dreamy tender
Calm Instrumental Background Music with Rain Sound,Healing Nature,"Collection Of Natural Sounds And Relaxing Meditation Music (Deep Sleep, White Noise, Ambient, Focus)",2020-04-09,1HmhvTE1WarcJG9VqJBM5l,https://open.spotify.com/track/1HmhvTE1WarcJG9VqJBM5l,intimate dreamy tender
Ambient Music,Greatest Kids Lullabies Land,"Calming Sounds for Baby Dreaming – Healthly Sleep, Soothing Sounds, Relaxing Music, New Age Lullabies",2016-10-05,6SrScy1ppcAXqeUosAK6yK,https://open.spotify.com/track/6SrScy1ppcAXqeUosAK6yK,intimate dreamy tender
Ambient Music Sleep Aid,Thunderstorm,Thunderstorm Sleep: Ambient Music For Sleep and Thunderstorm Sleeping Music,2018-12-01,53pjmuASpjFJvXQemOxHnj,https://open.spotify.com/track/53pjmuASpjFJvXQemOxHnj,intimate dreamy tender
Ambient Music,Thunderstorm,Thunderstorm Sleep: Ambient Music For Sleep and Thunderstorm Sleeping Music,2018-12-01,6tOSf57KAJmvKdKHfKitta,https://open.spotify.com/track/6tOSf57KAJmvKdKHfKitta,intimate dreamy tender
Ambient Music,"Spa, Relaxation and Dreams","Ocean Waves Spa: Ambient Music and Nature Sounds For Spa, Music For Relaxation, Massage Therapy Music, Stress Relief, Healing Music and Music For Deep Sleep",2019-04-01,37ouT5j1aSf8YP4raJU27l,https://open.spotify.com/track/37ouT5j1aSf8YP4raJU27l,intimate dreamy tender
Ambient Sleep Music,Relaxing Meditation Sleep,"Relaxing Music for Sleep: Sleep Music, Meditation Music",2021-06-01,7DzEtPZE5Bcx7s9H7UHMnV,https://open.spotify.com/track/7DzEtPZE5Bcx7s9H7UHMnV,intimate dreamy tender
Ambient Music For Massage,Massage Music,"Massage Music: Massage Therapy and Nature Sounds, Spa, 1 Hour Massage, Spa Playlist, Relaxing Music for Healing and Wellness",2021-07-02,2NXZPl4TS2FoZAGrFFYsWy,https://open.spotify.com/track/2NXZPl4TS2FoZAGrFFYsWy,intimate dreamy tender
Ambient Jazz Melody,Jazz Music Lounge,Winter Morning Jazz,2021-12-24,1AEbP1OtPS7JJdfaBM7ZqO,https://open.spotify.com/track/1AEbP1OtPS7JJdfaBM7ZqO,intimate dreamy tender
Ambient Nature Sounds Sleep Music,Meditation Music Experience,Meditation Music With Nature Sounds for Relaxation and Ambient Binaural Beats for Sleep,2018-03-07,0DVwSa7hF1pgs0LRcJDHwE,https://open.spotify.com/track/0DVwSa7hF1pgs0LRcJDHwE,intimate dreamy tender
"Musical Ambient Melodies for Peaceful Thoughts, Pt. 1",Quiet Meditation Music,Musical Ambient Melodies for Peaceful Thoughts,2022-07-29,6BpcFPCz4GnQRrr92qMmWG,https://open.spotify.com/track/6BpcFPCz4GnQRrr92qMmWG,intimate dreamy tender
Ambient Dreaming,Bedtime Story Club,Soft Sleep – Calm Ambient Music for Sleeping and Resting,2016-12-03,0PQY2ieb8bDZQKdMZvJ0Qm,https://open.spotify.com/track/0PQY2ieb8bDZQKdMZvJ0Qm,intimate dreamy tender
"Musical Ambient Melodies for Peaceful Thoughts, Pt. 3",Quiet Meditation Music,Musical Ambient Melodies for Peaceful Thoughts,2022-07-29,4MJz6hSEghoOgbexqyJkti,https://open.spotify.com/track/4MJz6hSEghoOgbexqyJkti,intimate dreamy tender
Ambient Sleep Music,Japanese Zen Shakuhachi,Over Three Hours of the Best Traditional Japanese Music - Relaxing Music for Stress Relief and Healing,2018-07-23,4FvgEoI0gf0lteioq3VH1y,https://open.spotify.com/track/4FvgEoI0gf0lteioq3VH1y,intimate dreamy tender
Ambient Background Forest Music,Spa Music Relaxation,"Spa Zen: Relaxing Forest Sounds and Nature Sounds, Soothing and Calming Music For Spa Music, Meditation Music, Yoga Music, Massage Music and Healing Music",2019-04-11,73bCO8O5jmePQvWS14fxUy,https://open.spotify.com/track/73bCO8O5jmePQvWS14fxUy,intimate dreamy tender
Space Background Music,Space Radiance,Ambient Space Music,2019-11-03,7CgSMP57gHvkkTtQv6E3gU,https://open.spotify.com/track/7CgSMP57gHvkkTtQv6E3gU,intimate dreamy tender
World Ambience,CJ Music,Elca's Four Seasons Game | CJ Music Soundtrack | Album 4,2020-10-01,2S3Vu6QC4SbuXRcgVFybbG,https://open.spotify.com/track/2S3Vu6QC4SbuXRcgVFybbG,intimate dreamy tender
Ambient LoFi Meditation,LO-FI BEATS,"!!!"" Cafe Lounge Beats ""!!!",2022-09-18,5af7z3Q460V5Jvqty8MnzH,https://open.spotify.com/track/5af7z3Q460V5Jvqty8MnzH,intimate dreamy tender
Ambient Cinematic Piano,DS Productions,Ambient Cinematic Piano,2020-06-24,0kr4V1nVLhZbNTYHxu7aof,https://open.spotify.com/track/0kr4V1nVLhZbNTYHxu7aof,intimate dreamy tender
Ambient Music,Meditation Music Zone,"Sound Meditation 111 – Ambient Sounds for Relax, Concentration & Nada Yoga, Music Therapy for Inner Bliss",2016-02-29,0XLavAGDVkf58zSt7IQvye,https://open.spotify.com/track/0XLavAGDVkf58zSt7IQvye,intimate dreamy tender
Ambient Inspiring Piano,DS Productions,Ambient Inspiring Piano,2020-07-25,3vSkSMQqe5CzQZQLHtkbIE,https://open.spotify.com/track/3vSkSMQqe5CzQZQLHtkbIE,intimate dreamy tender
Ambient Music For Deep Sleep,Thunderstorm,Thunderstorm Sleep: Ambient Music For Sleep and Thunderstorm Sleeping Music,2018-12-01,3TwluZat3SX8RugNeh3mPp,https://open.spotify.com/track/3TwluZat3SX8RugNeh3mPp,intimate dreamy tender
Ambient Dreaming,Sleep Music,Sleep Playlist,2015-10-21,0g6iXtyUpQRmSuCohnpMwv,https://open.spotify.com/track/0g6iXtyUpQRmSuCohnpMwv,intimate dreamy tender
Sad Ambient LoFi,LO-FI BEATS,"!!!"" LoFi Music ""!!!",2022-09-10,3TAqyq3yFWs7Gd4nCog2Fh,https://open.spotify.com/track/3TAqyq3yFWs7Gd4nCog2Fh,intimate dreamy tender
Relaxing Ambience,Concentrating Music,Concentrating Music,2020-06-09,3eFMFs0Ec7FTMsRbZQtrjN,https://open.spotify.com/track/3eFMFs0Ec7FTMsRbZQtrjN,intimate dreamy tender
Ambient Music,Sweet Dreams Universe,"Deep Sleep Music: Relaxing Piano and Rain Sounds Sleep Aid, Calm Music For Sleep and Sleeping Music For Sleeping",2019-06-10,3LnCl4BoAgELq2SPRjc00h,https://open.spotify.com/track/3LnCl4BoAgELq2SPRjc00h,intimate dreamy tender
Background of Space,Space Radiance,Ambient Space Music,2019-11-03,4O9gv3xiMek2hBaaNRDBor,https://open.spotify.com/track/4O9gv3xiMek2hBaaNRDBor,intimate dreamy tender
Ambient Music (Binaural Beats Study Music),Study Music & Sounds,"Study Music for Focus and Ambient Alpha Waves Binaural Beats Studying Music, Vol. 2",2017-11-30,7ICVyg20NGZxOzhC8bGH1w,https://open.spotify.com/track/7ICVyg20NGZxOzhC8bGH1w,intimate dreamy tender
Ambiences,Jade Wii,Cosmos,2019-04-17,6Fb1z2a3Z8QD4nv7r918nH,https://open.spotify.com/track/6Fb1z2a3Z8QD4nv7r918nH,intimate dreamy tender
Inspiring Corporate Ambient Background,AndrisMusic,Relaxation Albums,2021-02-24,6TQ14V3kVdo9MVf6shpZF9,https://open.spotify.com/track/6TQ14V3kVdo9MVf6shpZF9,intimate dreamy tender
Ambient Chill Vibes & Anime - Instrumental,Gaming Music,Chill Music For Gaming Background BGM (Chill Gaming Music BGM),2022-11-18,4TlH4WCmHpY3bFvWbFZnJ4,https://open.spotify.com/track/4TlH4WCmHpY3bFvWbFZnJ4,intimate dreamy tender
"Musical Ambient Melodies for Peaceful Thoughts, Pt. 2",Quiet Meditation Music,Musical Ambient Melodies for Peaceful Thoughts,2022-07-29,2PXbxnp7YEsIneWns3gOxk,https://open.spotify.com/track/2PXbxnp7YEsIneWns3gOxk,intimate dreamy tender
Ambient Background Guitar,Yoga Music,"Yoga Music: Calm Music For Yoga, Meditation Music and Spa Music For Relaxation",2019-02-14,7HdLcwHIrIcdcira1QCVtm,https://open.spotify.com/track/7HdLcwHIrIcdcira1QCVtm,intimate dreamy tender
"Musical Ambient Melodies for Peaceful Thoughts, Pt. 4",Quiet Meditation Music,Musical Ambient Melodies for Peaceful Thoughts,2022-07-29,1qMhuoqUXwz2pJniLoxUUO,https://open.spotify.com/track/1qMhuoqUXwz2pJniLoxUUO,intimate dreamy tender
"Musical Ambient Melodies for Peaceful Thoughts, Pt. 5",Quiet Meditation Music,Musical Ambient Melodies for Peaceful Thoughts,2022-07-29,0hK8bGj8FQlsf0QTriD7Sa,https://open.spotify.com/track/0hK8bGj8FQlsf0QTriD7Sa,intimate dreamy tender
"Musical Ambient Melodies for Peaceful Thoughts, Pt. 9",Quiet Meditation Music,Musical Ambient Melodies for Peaceful Thoughts,2022-07-29,1f6l8TyunmOIQKctRvxXvs,https://open.spotify.com/track/1f6l8TyunmOIQKctRvxXvs,intimate dreamy tender
Ambient Studying Music,Study Alpha Waves,Study Music for Reading and Ambient Alpha Waves Binaural Beats Studying Music,2017-11-03,3nZY8oCv8q9iaMCHZqukyt,https://open.spotify.com/track/3nZY8oCv8q9iaMCHZqukyt,intimate dreamy tender
Ambient LoFi,Lofi Sleep Chill & Study,LoFi Jazz,2021-07-18,7FVKG1pXw70jsdlnVIZ17y,https://open.spotify.com/track/7FVKG1pXw70jsdlnVIZ17y,intimate dreamy tender
Ambient Zone,Soothing Background Office Music Ensemble,Motivational Music for Office: Internal Energy and Intellectual Stimulation,2021-12-16,2bwsuesQIEhDnp00o6phFh,https://open.spotify.com/track/2bwsuesQIEhDnp00o6phFh,intimate dreamy tender
Ambient LoFi,Lofi Sleep Chill & Study,Chill Music,2021-02-09,54mVpxr3CXvglBhhRDinfl,https://open.spotify.com/track/54mVpxr3CXvglBhhRDinfl,intimate dreamy tender
Ambient Piano Deep Sleep,Piano Peace,"Instrumental Piano For Studying Music, Music For Reading, Focus and Concentration",2020-11-27,0WEgM06tOIqGLnkCUPTQRw,https://open.spotify.com/track/0WEgM06tOIqGLnkCUPTQRw,intimate dreamy tender
Ambient Chill Vibes,LO-FI BEATS,"!!!"" Cafe Lounge Beats ""!!!",2022-09-18,3w0tXPnfLIZVmcsKOFeaOl,https://open.spotify.com/track/3w0tXPnfLIZVmcsKOFeaOl,intimate dreamy tender
Ambient Lounge,Smooth Jazz Music Academy,"Jazz in the Background - Soft Relaxing Collection for Cafe, Restaurant, Museum, Waiting Room & Hotel Lobby",2018-05-23,0QX3cpxFcNyD0IuhqQkPfV,https://open.spotify.com/track/0QX3cpxFcNyD0IuhqQkPfV,intimate dreamy tender
Ambient Piano Spa Music,Massage Music,Massage Music,2005-04-01,1iGicdBbtzFDbU4MAvKYpH,https://open.spotify.com/track/1iGicdBbtzFDbU4MAvKYpH,intimate dreamy tender
Ambient Piano Music,Sleeping Music,"Deep Sleep Music: Soothing Piano Music for Sleeping, Calm Music Sleep Aid, Ambient Relaxation Music and Relaxing Sleeping Music",2017-08-13,6gBKP1gvlQQnHqihxPpvt6,https://open.spotify.com/track/6gBKP1gvlQQnHqihxPpvt6,intimate dreamy tender
Ambient Piano Solo,Jazz Music Lounge,Classic Jazz For Relaxing,2021-12-03,6PT3HXy9XqV2YjuoHe9rt7,https://open.spotify.com/track/6PT3HXy9XqV2YjuoHe9rt7,intimate dreamy tender
Ambient Jazz To Relax To,Jazz Music Lounge,Classic Jazz For Relaxing,2021-12-03,3YGkTVC86CTgRq72rsSkK7,https://open.spotify.com/track/3YGkTVC86CTgRq72rsSkK7,intimate dreamy tender
Ambient Music and Thunderstorm Sounds,Thunderstorm,Thunderstorm Sleep: Ambient Music For Sleep and Thunderstorm Sleeping Music,2018-12-01,1Z5vNFl32pP6LykFuOY3bP,https://open.spotify.com/track/1Z5vNFl32pP6LykFuOY3bP,intimate dreamy tender
Ambient Music and Rain Sounds,Sweet Dreams Universe,"Deep Sleep Music: Relaxing Piano and Rain Sounds Sleep Aid, Calm Music For Sleep and Sleeping Music For Sleeping",2019-06-10,1HTHekA8VGypuSRsCWLbZN,https://open.spotify.com/track/1HTHekA8VGypuSRsCWLbZN,intimate dreamy tender
Photograph - Ambient Piano Instrumental,Cozy Koala,Photograph - Ambient Piano Instrumental,2022-09-23,3R8BhP8zHh6zqmbSOADf7G,https://open.spotify.com/track/3R8BhP8zHh6zqmbSOADf7G,intimate dreamy tender
Ambient Music and Sounds of Rain For Deep Sleep,Sweet Dreams Universe,"Deep Sleep Music: Relaxing Piano and Rain Sounds Sleep Aid, Calm Music For Sleep and Sleeping Music For Sleeping",2019-06-10,0LCgTP6NMWaFJMonW4CqV0,https://open.spotify.com/track/0LCgTP6NMWaFJMonW4CqV0,intimate dreamy tender
Ambient Piano Music,Sweet Dreams Universe,"Deep Sleep Music: Relaxing Piano and Rain Sounds Sleep Aid, Calm Music For Sleep and Sleeping Music For Sleeping",2019-06-10,33HTBQGMJA0Xr9p9xWBHF2,https://open.spotify.com/track/33HTBQGMJA0Xr9p9xWBHF2,intimate dreamy tender
Smooth Piano Ambient,Slow Relaxing Jazz,Slow Relaxing Jazz Playlist,2019-07-15,2UKYmT1es5575bqAIa0Zhz,https://open.spotify.com/track/2UKYmT1es5575bqAIa0Zhz,intimate dreamy tender
Ambience,Soft Jazz Playlist,Smooth Soft Jazz,2019-02-13,39DMQzJaewCcCQSZDJKTBs,https://open.spotify.com/track/39DMQzJaewCcCQSZDJKTBs,intimate dreamy tender
"Musical Ambient Melodies for Peaceful Thoughts, Pt. 8",Quiet Meditation Music,Musical Ambient Melodies for Peaceful Thoughts,2022-07-29,19SLA95hqMKkTAr949SuJ4,https://open.spotify.com/track/19SLA95hqMKkTAr949SuJ4,intimate dreamy tender
"Musical Ambient Melodies for Peaceful Thoughts, Pt. 18",Quiet Meditation Music,Musical Ambient Melodies for Peaceful Thoughts,2022-07-29,0gGf4F0U7V1DiAMNCpo6BQ,https://open.spotify.com/track/0gGf4F0U7V1DiAMNCpo6BQ,intimate dreamy tender
"Musical Ambient Melodies for Peaceful Thoughts, Pt. 12",Quiet Meditation Music,Musical Ambient Melodies for Peaceful Thoughts,2022-07-29,08L9pNQB5NhoZExlDPytgi,https://open.spotify.com/track/08L9pNQB5NhoZExlDPytgi,intimate dreamy tender
Ambient Instrumental,Jazz Guitar Music Zone,"Jazz Music Relaxation – Easy Listening Smooth Jazz, After Work Relax, Ambient Instrumental Soft Jazz, Cool Modern Jazz",2017-04-04,5IVs7bFrvGa6lAdNlzbdcn,https://open.spotify.com/track/5IVs7bFrvGa6lAdNlzbdcn,intimate dreamy tender
Ambient LoFi,Lofi Sleep Chill & Study,"!!!"" 1H Lofi beats ""!!!",2021-01-10,5Cqz5XplzC8mrNV0PLOQgk,https://open.spotify.com/track/5Cqz5XplzC8mrNV0PLOQgk,intimate dreamy tender
Ambient Piano,Relaxing Piano Club,"Keep Calm and Study: Easy Listening Piano Music for Concentration, Brain Power",2016-01-09,4wfXABNEe3KwAMKL5FQh2T,https://open.spotify.com/track/4wfXABNEe3KwAMKL5FQh2T,intimate dreamy tender
Atmospheric Strings,Ambient Space,Ambient Relaxation,2021-05-06,57c5s4nnpsmpSTfR1ey1QN,https://open.spotify.com/track/57c5s4nnpsmpSTfR1ey1QN,intimate dreamy tender
Lobby Piano Classy Ambient,Luxury Lounge Jazz Deluxe,Luxury Jazz Lounge the Second,2020-12-02,17hiAYoXkiX5qqaeUKbFiV,https://open.spotify.com/track/17hiAYoXkiX5qqaeUKbFiV,intimate dreamy tender
Ambient Study Music,Concentration Music for Work,"Concentration Music For Work: Studying Music For Focus, Background Music For Reading, Calm Study Music, Office Music, Easy Listening Background Music and The Best Studying Music",2020-02-28,0E5I11aiPsUAJI5oxTOMaB,https://open.spotify.com/track/0E5I11aiPsUAJI5oxTOMaB,intimate dreamy tender
Dreamy Ambient Music,Sleeping Music,"Deep Sleep Music: Soothing Piano Music for Sleeping, Calm Music Sleep Aid, Ambient Relaxation Music and Relaxing Sleeping Music",2017-08-13,0g9SmtUThn071hLDHAOFka,https://open.spotify.com/track/0g9SmtUThn071hLDHAOFka,intimate dreamy tender
Ambient Music and Asmr Thunderstorm,Thunderstorm,Thunderstorm Sleep: Ambient Music For Sleep and Thunderstorm Sleeping Music,2018-12-01,6JBA7mNQ6PexEdiRKTITui,https://open.spotify.com/track/6JBA7mNQ6PexEdiRKTITui,intimate dreamy tender
Spa Ambient Sounds,Spa Music & Meditation Collective,Deep Meditation,2019-09-22,1VwhaBojLokH768M2JXdPC,https://open.spotify.com/track/1VwhaBojLokH768M2JXdPC,intimate dreamy tender
Ambient Sea & Cello Meditation,Cello Soul Universe,"Ambient Cello Meditation: Relaxing Zen, Forest and Soothing Music for the Soul, Mind and Body, Sounds of Nature to Sleep Better and Deeply",2016-12-30,1vfwhaGAf4uMWf8mIU437U,https://open.spotify.com/track/1vfwhaGAf4uMWf8mIU437U,intimate dreamy tender
Gentle Sleep Music,Ambient Forest,Calm Stress Relief,2022-09-05,6EagPoOIReruQkCKSdZN33,https://open.spotify.com/track/6EagPoOIReruQkCKSdZN33,intimate dreamy tender
Ambient Music Sleep Aid,Sweet Dreams Universe,"Deep Sleep Music: Relaxing Piano and Rain Sounds Sleep Aid, Calm Music For Sleep and Sleeping Music For Sleeping",2019-06-10,2Sgf4mZtg8VfpQkuC0xLfS,https://open.spotify.com/track/2Sgf4mZtg8VfpQkuC0xLfS,intimate dreamy tender
Soothing Ambient Music For Spa,"Spa, Relaxation and Dreams","Ocean Waves Spa: Ambient Music and Nature Sounds For Spa, Music For Relaxation, Massage Therapy Music, Stress Relief, Healing Music and Music For Deep Sleep",2019-04-01,1NWn4ImeWWTJCxJsqaKizE,https://open.spotify.com/track/1NWn4ImeWWTJCxJsqaKizE,intimate dreamy tender
Spa Ambient Music,Spa Music & Meditation Collective,Deep Meditation,2019-09-22,73fleQqfT3LfN8hzYATwZb,https://open.spotify.com/track/73fleQqfT3LfN8hzYATwZb,intimate dreamy tender
Dreamy Ambient Music For Sleep,Ambient Music Therapy,Dreamy Ambient Music For Sleep,2009-01-01,1HfRKGvJlPPl6DZlUOxITg,https://open.spotify.com/track/1HfRKGvJlPPl6DZlUOxITg,intimate dreamy tender
"Musical Ambient Melodies for Peaceful Thoughts, Pt. 10",Quiet Meditation Music,Musical Ambient Melodies for Peaceful Thoughts,2022-07-29,5EDucIBCfQB4qmybBFFpyV,https://open.spotify.com/track/5EDucIBCfQB4qmybBFFpyV,intimate dreamy tender
"Musical Ambient Melodies for Peaceful Thoughts, Pt. 7",Quiet Meditation Music,Musical Ambient Melodies for Peaceful Thoughts,2022-07-29,1ufBExFuVQXLNue0KW89TM,https://open.spotify.com/track/1ufBExFuVQXLNue0KW89TM,intimate dreamy tender
"Musical Ambient Melodies for Peaceful Thoughts, Pt. 11",Quiet Meditation Music,Musical Ambient Melodies for Peaceful Thoughts,2022-07-29,5znowBhVHwCCjcH6qMeI7t,https://open.spotify.com/track/5znowBhVHwCCjcH6qMeI7t,intimate dreamy tender
"Musical Ambient Melodies for Peaceful Thoughts, Pt. 13",Quiet Meditation Music,Musical Ambient Melodies for Peaceful Thoughts,2022-07-29,5jROIizhXoMJbyJU4hQzQ2,https://open.spotify.com/track/5jROIizhXoMJbyJU4hQzQ2,intimate dreamy tender
Ambient LoFi Meditation,Lofi Sleep Chill & Study,"!!!"" Zen Lofi ""!!!",2021-12-25,6mjhGnVTgiK6zb6MOuJuuQ,https://open.spotify.com/track/6mjhGnVTgiK6zb6MOuJuuQ,intimate dreamy tender
Ambient LoFi,LO-FI BEATS,"!!!"" Lofi Beats For Deep Sleep ""!!!",2022-09-19,2cVGYh1y9Lwwr0lA2y9NJT,https://open.spotify.com/track/2cVGYh1y9Lwwr0lA2y9NJT,intimate dreamy tender
Ambient Chill Vibes,LO-FI BEATS,"!!!"" Lofi Beats For Deep Sleep ""!!!",2022-09-19,16bAGvjs3EvGYY8ZO7z5Ti,https://open.spotify.com/track/16bAGvjs3EvGYY8ZO7z5Ti,intimate dreamy tender
Ambient Natural Sounds,Beautiful Deep Sleep Music Universe,"50 Therapy with Nature Sounds: Relaxing Instrumental Music & Healing Sounds of Tropical Rain Storms, Forest, Waterfalls for Yoga Meditation, Complete Spa Treatment & Deep Sleep",2017-04-20,6PG0t9NeP85w3nmoYlOhqi,https://open.spotify.com/track/6PG0t9NeP85w3nmoYlOhqi,intimate dreamy tender
Ambient Jazz Piano,Jazz Music Lounge,Winter Morning Jazz,2021-12-24,1PnOWb3fPHUnPacmdVBN6U,https://open.spotify.com/track/1PnOWb3fPHUnPacmdVBN6U,intimate dreamy tender
Super Slow Ambient Mood Music,Cool Instrumental Jazz Collective,Smooth Coffee House Jazz Background,2019-09-08,5TfvSegKpmIfCFlEPcZ4IG,https://open.spotify.com/track/5TfvSegKpmIfCFlEPcZ4IG,intimate dreamy tender
Ambient Nature Sleep Sounds,Sleep Fruits Music,Calm Sleep Music Collection,2023-08-11,62C2jXRNnrQb5bNRXtntWL,https://open.spotify.com/track/62C2jXRNnrQb5bNRXtntWL,intimate dreamy tender
Orchestral Nature Landscape,makesound music,Cinematic Emotional Piano,2022-10-18,0CxZY5wHllgVH6MwY1Ifky,https://open.spotify.com/track/0CxZY5wHllgVH6MwY1Ifky,intimate dreamy tender
Ambient Piano For Focus,Study Music Research,Study Music Research For Homework Focus,2022-02-28,1G8NldkxbZCvY94p8H4LJ8,https://open.spotify.com/track/1G8NldkxbZCvY94p8H4LJ8,intimate dreamy tender
Ambient Background Music for Sleep,Sleeping Music,"Deep Sleep Music: Soothing Piano Music for Sleeping, Calm Music Sleep Aid, Ambient Relaxation Music and Relaxing Sleeping Music",2017-08-13,3BQCoKkgLn5DWPaoNuyKzh,https://open.spotify.com/track/3BQCoKkgLn5DWPaoNuyKzh,intimate dreamy tender
Ambient Sounds,Christian Grey,Music For Relaxation - Quiet Relaxing Music,2017-04-04,15cnpy7At9QGg2ErC96qWI,https://open.spotify.com/track/15cnpy7At9QGg2ErC96qWI,intimate dreamy tender
Ambient Music and Asmr Thunderstorm,Thunderstorm,Thunderstorm Sleep: Ambient Music For Sleep and Thunderstorm Sleeping Music,2018-12-01,6JBA7mNQ6PexEdiRKTITui,https://open.spotify.com/track/6JBA7mNQ6PexEdiRKTITui,intimate dreamy tender
Ambient Sleep,Best Relaxing SPA Music,Best of Massage Music,2015-01-11,3zNi7ISVdaOFAA61zcVeHP,https://open.spotify.com/track/3zNi7ISVdaOFAA61zcVeHP,intimate dreamy tender
"Ambient Sounds, Pt. 3",Ambient,Ambient Dreamscapes,2022-03-05,33D82Pp4kGEcgDREvKvo2D,https://open.spotify.com/track/33D82Pp4kGEcgDREvKvo2D,intimate dreamy tender
Emotional Ambient,AShamaluevMusic,Emotional Ambient,2019-07-18,3jgl9nSnstp1bIsdpvd8AS,https://open.spotify.com/track/3jgl9nSnstp1bIsdpvd8AS,intimate dreamy tender
Ambient Spa Music,Massage Music Experience,"Massage Therapy Music For Massage, Spa Music, Relaxation Music and Wellness",2018-09-01,7kUqeWSOxSykxVDXti1BBo,https://open.spotify.com/track/7kUqeWSOxSykxVDXti1BBo,intimate dreamy tender
Atmosphere,Classical Study Music,Music for Quiet Studying,2015-01-04,7sR6OiAx0FJsSY53Bijtxz,https://open.spotify.com/track/7sR6OiAx0FJsSY53Bijtxz,intimate dreamy tender
Ambient Music,Massage Music Experience,"Massage Therapy Music For Massage, Spa Music, Relaxation Music and Wellness",2018-09-01,4vzXD09xLHdDBQNP6DdZaA,https://open.spotify.com/track/4vzXD09xLHdDBQNP6DdZaA,intimate dreamy tender
Ambient Music For Deep Sleep,Ambient Music Therapy,Ambient Deep Sleep: Deep Sleep Experience 2,2006-01-01,3X8MwC87vWPqQLM7z6dOgo,https://open.spotify.com/track/3X8MwC87vWPqQLM7z6dOgo,intimate dreamy tender
Ambient Galaxy,Classical Jazz Guitar Club,Serene Chords: Instrumental Guitar Relaxation,2025-06-27,76srBM0ayrXujHbGi68p7c,https://open.spotify.com/track/76srBM0ayrXujHbGi68p7c,intimate dreamy tender
Ambient Instrumental Study,Study Music Project,Fall Semester,2023-09-23,0JUw7Oncgdf9YB4KEyiM2f,https://open.spotify.com/track/0JUw7Oncgdf9YB4KEyiM2f,intimate dreamy tender
Ambient LoFi Meditation,LO-FI BEATS,"!!!"" Lofi Beats For Deep Sleep ""!!!",2022-09-19,3iptjXgKUWhAUVkpSY2w0F,https://open.spotify.com/track/3iptjXgKUWhAUVkpSY2w0F,intimate dreamy tender
Ambient LoFi,Lofi Sleep Chill & Study,Sleep LoFi Beats,2021-02-24,3od3o5AeezQP30NrTUfewE,https://open.spotify.com/track/3od3o5AeezQP30NrTUfewE,intimate dreamy tender
Ambient Sound,Jazz Vibes Cafe,Smooth Jazz Sounds,2021-08-04,1j4HrVTHCzRoGftg5dTgFq,https://open.spotify.com/track/1j4HrVTHCzRoGftg5dTgFq,intimate dreamy tender
Ambient Piano,Piano Mood,"Easy Listening Piano Songs: Peaceful and Relaxing Intrumental Music for Stress Relief, Positive Thinking and Healing Meditation",2015-12-09,1XiWsAtm5yaRiDAaALh8cw,https://open.spotify.com/track/1XiWsAtm5yaRiDAaALh8cw,intimate dreamy tender
Inspirational Cinematic Ambient,AShamaluevMusic,Inspirational Cinematic Ambient,2018-07-16,0o07y13oIyB17Ipdp6KTVs,https://open.spotify.com/track/0o07y13oIyB17Ipdp6KTVs,intimate dreamy tender
Ambient Jazz,Jazz Music Lounge,Winter Morning Jazz,2021-12-24,44C6glUAfxMfbCe2dYrkZt,https://open.spotify.com/track/44C6glUAfxMfbCe2dYrkZt,intimate dreamy tender
Atmospheric Sounds,Ambient Space,Ambient Relaxation,2021-05-06,5pcp6tycG23FEGVNbl5OwV,https://open.spotify.com/track/5pcp6tycG23FEGVNbl5OwV,intimate dreamy tender
Ambient Music for Sleeping,Relaxing Meditation Sleep,"Relaxing Music for Sleep: Sleep Music, Meditation Music",2021-06-01,08BbPQh3SvBj2rkQFKaURn,https://open.spotify.com/track/08BbPQh3SvBj2rkQFKaURn,intimate dreamy tender
Inspirational Piano Ambient,AShamaluevMusic,Inspirational Piano Ambient,2019-06-20,2R1LD6Yd6Cra8qC7fAqD0U,https://open.spotify.com/track/2R1LD6Yd6Cra8qC7fAqD0U,intimate dreamy tender
Instrumental Backgrounds,Gentle Crystal Sounds Divine,"Zen Music: Ambient Meditation (Natural Hypnosis Music for Relax, Sleep & Meditation, Anti Stress Time, Calming Zen, Spiritual Yoga)",2017-04-21,70xsMHk0N7RQslAzNTC50h,https://open.spotify.com/track/70xsMHk0N7RQslAzNTC50h,intimate dreamy tender
Ambient Music for Stress Relief and Sleep,Sleeping Music,"Deep Sleep Music: Soothing Piano Music for Sleeping, Calm Music Sleep Aid, Ambient Relaxation Music and Relaxing Sleeping Music",2017-08-13,23W240oUA8l9IOKq2TRSLz,https://open.spotify.com/track/23W240oUA8l9IOKq2TRSLz,intimate dreamy tender
Ambient Music For Sleep,Ambient Music Therapy,Ambient Music For Sleep: Ambient Sleep Music For Insomnia,2006-01-01,12qKNy490CcKVzpi95o2or,https://open.spotify.com/track/12qKNy490CcKVzpi95o2or,intimate dreamy tender
Ambient Guitar Sleeping Music (Soothing Wave Sounds),Deep Sleep Music Collective,Sleep Music With Asmr Ocean Waves Sounds for Deep Sleep and Ambient Guitar Sleeping Music,2017-11-21,6I6AAECXYGGZIb5ibbXXrJ,https://open.spotify.com/track/6I6AAECXYGGZIb5ibbXXrJ,intimate dreamy tender
Ambient music,Zen harmony,"2 Hours of Relaxing Music: Piano and Rain for Serenity, Relaxation, Meditation, Yoga",2015-04-15,5xctYKllu1UdjKG85swYtM,https://open.spotify.com/track/5xctYKllu1UdjKG85swYtM,intimate dreamy tender
Ambient Music and Binaural Beats,Study Music & Sounds,"Studying Music: Binaural Beats Sounds For Studying, Focus, Concentration and Ambient Study Music",2018-04-18,68YIIqyz0RoRfyt52f0R0S,https://open.spotify.com/track/68YIIqyz0RoRfyt52f0R0S,intimate dreamy tender
Ambient Music,Relax Mood,"Easy Listening Piano - Soothing Piano Music for Meditation, Background, Sleeping Music and Positive Thinking.",2016-01-18,5qAHCfgRg1suaX5z3ikHJ1,https://open.spotify.com/track/5qAHCfgRg1suaX5z3ikHJ1,intimate dreamy tender
"Ambient Sounds, Pt. 4",Ambient,Ambient Dreamscapes,2022-03-05,1GaVYbcEhyn0A6xWsEYtxv,https://open.spotify.com/track/1GaVYbcEhyn0A6xWsEYtxv,intimate dreamy tender
Ambient Music to Sleep to,Deep Sleep,"50 Calming & Soothing Songs with Nature Sounds, Relaxing Piano for Trauble Sleeping for Babies, Kids and Newborn: Sleep Music Lullabies, Fall Asleep and Sleep Through the Night",2015-11-16,7dQX1vqqiaRm5KYgYrwMR1,https://open.spotify.com/track/7dQX1vqqiaRm5KYgYrwMR1,intimate dreamy tender
Ambient Music and Spa Music,Binaural Beats Spa,"Binaural Beats and Ocean Waves Sounds For Spa, Alpha Waves Sleep, Isochronic Tones & Soft Spa Music",2018-08-29,70U9o3nGtFn2kb7b3C4Pbi,https://open.spotify.com/track/70U9o3nGtFn2kb7b3C4Pbi,intimate dreamy tender
Ambient LoFi,Lofi Sleep Chill & Study,LoFi Jazz,2021-03-20,3CYSKoryuCPZPTzIhS1seV,https://open.spotify.com/track/3CYSKoryuCPZPTzIhS1seV,intimate dreamy tender
Ambient Piano,Peaceful Piano Temple,Peaceful Piano,2022-11-23,5DqF8DX7mVXxmsmLsXy33r,https://open.spotify.com/track/5DqF8DX7mVXxmsmLsXy33r,intimate dreamy tender
Ambient Cinematic Beautiful,cleanmindsounds,Ambient Cinematic Beautiful,2022-11-30,6E7Y1BRYWrcl41YwW20aRa,https://open.spotify.com/track/6E7Y1BRYWrcl41YwW20aRa,intimate dreamy tender
Peaceful Ambient Forest Music,Spa Music Relaxation,"Nature Sounds Spa: Calm Background Flute Music For Spa Music, Meditation Music, Yoga Music, Massage Music, Sleeping Music and Forest Bird Sounds For Relaxation",2019-04-05,1GykE2SdZVSzzbRSHzBse1,https://open.spotify.com/track/1GykE2SdZVSzzbRSHzBse1,intimate dreamy tender
Ambient Space Atmosphere,cleanmindsounds,Ambient Space Atmosphere,2022-11-30,3k11itGbh2qZiiDgH9UPzl,https://open.spotify.com/track/3k11itGbh2qZiiDgH9UPzl,intimate dreamy tender
Ambient Piano Nights,The Deep Sleep Scientists,Sleeping Music: Music to Sleep to. Gentle Calm Piano and Relaxing Soothing Sounds for a Relaxing Sleep.,2020-07-17,4TpvucSpeqHtAH7QzuOjoW,https://open.spotify.com/track/4TpvucSpeqHtAH7QzuOjoW,intimate dreamy tender
Study Music – Ambient Music,Focus & Work,"Music to Focus – Study Background Instrumental for Better Concentration and Brain Stimulation, Work, Office, Book Reading",2018-01-08,0CVj2YPXNRBROg48LAntXF,https://open.spotify.com/track/0CVj2YPXNRBROg48LAntXF,intimate dreamy tender
Uplifting Ambience,LO-FI BEATS,"!!!"" Cafe Lounge Beats ""!!!",2022-09-18,1swy3YsfCHdm6vzZJsp5NE,https://open.spotify.com/track/1swy3YsfCHdm6vzZJsp5NE,intimate dreamy tender
Sad Ambient LoFi,LO-FI BEATS,"!!!"" Cafe Lounge Beats ""!!!",2022-09-18,2tg1hNgT51310L7f0o2uGb,https://open.spotify.com/track/2tg1hNgT51310L7f0o2uGb,intimate dreamy tender
Ambient Study for Focus,Ambient Palmer,The Homework Music Club - Beautiful Songs for Group Study Sessions and Brainstorming,2021-03-03,4bVqChwNNwZxiSWov27IHF,https://open.spotify.com/track/4bVqChwNNwZxiSWov27IHF,intimate dreamy tender
Light Instrumental Piano,Calm Music,Magical Ambient Piano,2021-08-24,6dautWW1M7mvgrvatUSpaQ,https://open.spotify.com/track/6dautWW1M7mvgrvatUSpaQ,intimate dreamy tender
Ambient Music,Binaural Beats Sleepworks,"Sleeping Music: Binaural Beats, Ambient Music and Nature Sounds for Sleep, Alpha Waves For Relaxation and Music For Brainwave Entrainment",2020-01-17,2n24oVmskOGwLq6CTrgDdS,https://open.spotify.com/track/2n24oVmskOGwLq6CTrgDdS,intimate dreamy tender
Ambient Binaural Beats,Binaural Beats Sleep,Studying Music for Concentration and Ambient Binaural Beats Study Music,2018-02-15,64VMYSuzskdR7MbXi5TOGc,https://open.spotify.com/track/64VMYSuzskdR7MbXi5TOGc,intimate dreamy tender
Jazz Ambience,Jazz Music Lounge,Classic Jazz For Relaxing,2021-12-03,5DYr2rT71cgnDCsqaatGKT,https://open.spotify.com/track/5DYr2rT71cgnDCsqaatGKT,intimate dreamy tender
Cinematic Ambient Piano (bonus track),Dmitriy Sevostyanov,Inspiring Piano,2022-08-17,1Jdxraw1lSH7zq04N6SxS1,https://open.spotify.com/track/1Jdxraw1lSH7zq04N6SxS1,intimate dreamy tender
Tranquil Ambient Music,Spa Music Relaxation,"Spa Zen: Relaxing Forest Sounds and Nature Sounds, Soothing and Calming Music For Spa Music, Meditation Music, Yoga Music, Massage Music and Healing Music",2019-04-11,3ZydlZVYlc713VqmEZRk6a,https://open.spotify.com/track/3ZydlZVYlc713VqmEZRk6a,intimate dreamy tender
Ambient Piano Waves,Cozy Sounds For Sleep,Waves And Piano,2022-04-13,0v92fbYT7vGi5utirPpTuL,https://open.spotify.com/track/0v92fbYT7vGi5utirPpTuL,intimate dreamy tender
Ambient Music,Deep Sleep Music Wizard,Sleeping Music: Calm Music to Help You Sleep Music as Natural Sleep Aid with Soothing Ocean Waves,2017-04-30,1EpMNFACkyxtsZJ3u6koBq,https://open.spotify.com/track/1EpMNFACkyxtsZJ3u6koBq,intimate dreamy tender
Ambient,Kelsy Owell,Relaxing Music with Earthly Echoes,2017-01-07,0TIWZHLfbelOHmhc9IlmFS,https://open.spotify.com/track/0TIWZHLfbelOHmhc9IlmFS,intimate dreamy tender
Relaxing Ambient Music,Restful Sleep Music Collection,"Fall Asleep Quickly – Absolute Sleep & Relaxing Music, Healing Meditation for Trouble Sleeping, Sounds for Dreaming and Sleep Deeply",2016-05-10,4i6U0fXOdTe4WAxHAo96ek,https://open.spotify.com/track/4i6U0fXOdTe4WAxHAo96ek,intimate dreamy tender
Lofi Ambient with Nature Sounds,Lo-Fi Ambient,Lofi Ambient with Nature Sounds,2020-08-23,54ArOmUMTFvvdzjBaL0F94,https://open.spotify.com/track/54ArOmUMTFvvdzjBaL0F94,intimate dreamy tender
Ambient Piano Soundscape,Allen Grey,Soundscape Collection,2020-12-09,7BbHs9LSiiODXcnQLVKZJ2,https://open.spotify.com/track/7BbHs9LSiiODXcnQLVKZJ2,intimate dreamy tender
Ambient LoFi Meditation,Lofi Sleep Chill & Study,"!!!"" Mellow Lofi Morning ""!!!",2021-12-11,0gRlsA4EPOZG1XEEMLPAMJ,https://open.spotify.com/track/0gRlsA4EPOZG1XEEMLPAMJ,intimate dreamy tender
Ambient LoFi,Lofi Sleep Chill & Study,Relaxing Vibes,2021-02-06,2juQX5oEhXr8sB8yIrG8hb,https://open.spotify.com/track/2juQX5oEhXr8sB8yIrG8hb,intimate dreamy tender
Ambient Music,Easy Sleep Music,"Ambient Deep Sleep Remedy: 15 New Age Soft Deep Tracks for Total Relaxation, De-Stress, Calm Down, Cure Insomnia, Sleep Healthy & Dream Beautiful",2019-03-22,3FBGblj3yOAmtC2tJvUZ3P,https://open.spotify.com/track/3FBGblj3yOAmtC2tJvUZ3P,intimate dreamy tender
Ambient LoFi,Lofi Sleep Chill & Study,LoFi Chill HipHop,2021-04-22,5Abe1ZSF7OsmrcYq9vT7BO,https://open.spotify.com/track/5Abe1ZSF7OsmrcYq9vT7BO,intimate dreamy tender
Ambient Sounds,Jim Sieber,Best Background Music,2015-05-20,4MuEX4JAdPSbsY8K8DMAAg,https://open.spotify.com/track/4MuEX4JAdPSbsY8K8DMAAg,intimate dreamy tender
Ambient (Background Music),High Focus,Focus Playlist – Brain Food Music Therapy for Concentration on Study,2017-01-18,1YuLHnMzmnBiLF6r2VtWen,https://open.spotify.com/track/1YuLHnMzmnBiLF6r2VtWen,intimate dreamy tender
Ambient Jazz Machine,Jazz Ambiance,Chilled Ambient Jazz Music,2019-06-18,4VOh8boHAX1iB5tcSIroTf,https://open.spotify.com/track/4VOh8boHAX1iB5tcSIroTf,intimate dreamy tender
Dreamy Ambient Piano,The Deep Sleep Scientists,Sleeping Music: Music to Sleep to. Gentle Calm Piano and Relaxing Soothing Sounds for a Relaxing Sleep.,2020-07-17,23ClN9Xd1xsAmVoNQysa3B,https://open.spotify.com/track/23ClN9Xd1xsAmVoNQysa3B,intimate dreamy tender
Atmospheric Piano,Ambient Space,Ambient Relaxation,2021-05-06,0Z21V50CjznFQQPdBn6jDI,https://open.spotify.com/track/0Z21V50CjznFQQPdBn6jDI,intimate dreamy tender
Ambient Music For Massage,Massage Music,"1 Hour Massage: Spa Music for Massage, Massage Music Playlist, Music For Meditation, Yoga, Healing, Wellness, Mindfulness and Deep Sleep Music",2021-06-05,05oFhTriAeARywQDJPH4RI,https://open.spotify.com/track/05oFhTriAeARywQDJPH4RI,intimate dreamy tender
Ambient Music for Deep Sleep (Rain Sounds),Deep Sleep Music Experience,"Music for Sleep and Rain Sounds for Sleeping, Deep Sleep Aid and Ambient Sleeping Music",2017-11-30,1n6jKXjMg6KsH5BJ4VtgRG,https://open.spotify.com/track/1n6jKXjMg6KsH5BJ4VtgRG,intimate dreamy tender
Ambient Music Lullabies (Peaceful Music),Meditation Relax Club feat. Sleep Music Lullabies,"Baby Lullaby: Nature Sounds Nursery Rhymes Music Box Sweet Peaceful Songs, Harp and Piano Music for Baby Sleep",2013-10-10,44G06Zk4ZU6TEAMS3bK5Gk,https://open.spotify.com/track/44G06Zk4ZU6TEAMS3bK5Gk,intimate dreamy tender
Ambient Sleep Music (Piano & Saxophone),RW Sleep Piano Music,"Deep Sleep Piano Music – Calm Instrumental Songs for Kids and Adults, Deep Sleep, Relaxing Ambience, Insomnia Cure, Good Night Sleeping, BGM",2019-10-30,1lzxL2Ofy2uLCnzEoQKaJK,https://open.spotify.com/track/1lzxL2Ofy2uLCnzEoQKaJK,intimate dreamy tender
High-class Ambience for Autumn Leaves,Upbeat Instrumental Music,Trumpet Bossa - Background for Cozy Cafe Vibes,2022-10-26,0ltVXOGtKgHqer49tqKUDB,https://open.spotify.com/track/0ltVXOGtKgHqer49tqKUDB,intimate dreamy tender
Ambient Clouds of Light,CHANT,Chant,2010-07-28,58zmu4Wdz6GlcMPK5j8jVV,https://open.spotify.com/track/58zmu4Wdz6GlcMPK5j8jVV,intimate dreamy tender
Calm Study Ambience,Lofi Flowers Music,Calm Study Lofi Music,2022-04-08,5HxQf0KICLFgO0XZmbG3YO,https://open.spotify.com/track/5HxQf0KICLFgO0XZmbG3YO,intimate dreamy tender
Perfect Ambience,Spa Music Hour,1 Hour of Serene Spa Soundscape,2020-12-04,4SxDrRTZRepcEJg9xptGh6,https://open.spotify.com/track/4SxDrRTZRepcEJg9xptGh6,intimate dreamy tender
Rainy Mood,Peter Calandra,Ambient Tuesdays,2021-01-29,04BsJHUnBfHrM5saFHfHsA,https://open.spotify.com/track/04BsJHUnBfHrM5saFHfHsA,intimate dreamy tender
Ambient Soundscapes,Piotr Janeczek,Relaxing Instrumental Meditation Music,2014-12-27,5e2ZsoNOCYQvx8F1Pa7GqH,https://open.spotify.com/track/5e2ZsoNOCYQvx8F1Pa7GqH,intimate dreamy tender
Ambient LoFi,Lofi Sleep Chill & Study,LoFi Study Music,2021-03-05,3ws7jdQccyKyIms7M9Bm7N,https://open.spotify.com/track/3ws7jdQccyKyIms7M9Bm7N,intimate dreamy tender
Ambient Nature Sounds,Cello Soul Universe,"Ambient Cello Meditation: Relaxing Zen, Forest and Soothing Music for the Soul, Mind and Body, Sounds of Nature to Sleep Better and Deeply",2016-12-30,5vCjTaAa6q9Xmd6zr7PDTu,https://open.spotify.com/track/5vCjTaAa6q9Xmd6zr7PDTu,intimate dreamy tender
Classical Ambience,Relax Radio,"Ambient Music - Easy Listening Piano, Calm Music for Sleep, Studying, Spa, Baby, Yoga, Meditation and Relaxation",2015-12-08,1KwrkkK3tbuvhErAQXadOI,https://open.spotify.com/track/1KwrkkK3tbuvhErAQXadOI,intimate dreamy tender
Ambient LoFi Meditation,Lofi Sleep Chill & Study,Binaural Lofi,2021-11-16,3ZALzp7YDG2usZeWATWpo0,https://open.spotify.com/track/3ZALzp7YDG2usZeWATWpo0,intimate dreamy tender
"Ambient Sound and Tranquil Music, Sleep Music Rain Sound",Breathe,Breathe,2011-08-06,1VXRvihIe0lhVTVzwFb9YP,https://open.spotify.com/track/1VXRvihIe0lhVTVzwFb9YP,intimate dreamy tender
Ambient Dream,Calming Sounds,"Music for Deep Sleep & Relaxation – Calming Waves, Soothing Sounds, Easy Listening, New Age Sounds, Music to Relax",2017-02-07,0WlQCtJ8n5cKDa7uLzjNpH,https://open.spotify.com/track/0WlQCtJ8n5cKDa7uLzjNpH,intimate dreamy tender
Atmospheric Calm,Peaceful Pianos,Instrumental Study,2019-04-01,2dD45qRjySwQ7d2Bulb8Ka,https://open.spotify.com/track/2dD45qRjySwQ7d2Bulb8Ka,intimate dreamy tender
Ambient Guitar Spa Music,Massage Music Experience,"Massage: Spa Music and Ocean Waves for Relaxation, 1 Hour Massage, Yoga and Ambient Mindfulness Music",2021-08-20,6cGZdFyAgjxkkDpi27FBSH,https://open.spotify.com/track/6cGZdFyAgjxkkDpi27FBSH,intimate dreamy tender
Soft Atmosphere,Instrumental Jazz Music Ambient,"Jazz in the Background - Soft Relaxing Collection for Cafe, Restaurant, Museum, Waiting Room & Hotel Lobby",2018-05-23,4yA00DqKcseMKA5d5R7UD4,https://open.spotify.com/track/4yA00DqKcseMKA5d5R7UD4,intimate dreamy tender
Ambient Study Beats,Background Lofi Jazz Music,Soothing Music For Work,2024-10-21,6eEMwM4UAKtrDrHhhDutIP,https://open.spotify.com/track/6eEMwM4UAKtrDrHhhDutIP,intimate dreamy tender
Ambient Mindfulness Music,Massage Music Experience,"Massage: Spa Music and Ocean Waves for Relaxation, 1 Hour Massage, Yoga and Ambient Mindfulness Music",2021-08-20,1gHqjzDguhEEQnlXvHfYZA,https://open.spotify.com/track/1gHqjzDguhEEQnlXvHfYZA,intimate dreamy tender
Ambient Music and Sounds of Thunderstorm,Deep Sleep Music Academy,Sleeping Music: Relaxing Piano Music With Rain and Thunderstorm Sounds to Help You Sleep and Calm Music for Sleeping,2017-07-10,0c4jDK2VhwK0f8wukb9V09,https://open.spotify.com/track/0c4jDK2VhwK0f8wukb9V09,intimate dreamy tender
Ambient Music for Relaxing Atmosphere,Tibet Academy,"Tibetan Meditation Music: Tibetan Music Therapy, Lama Meditation Oriental Music",2012-04-26,4EYsK3e9gqxzyXskTq6VdV,https://open.spotify.com/track/4EYsK3e9gqxzyXskTq6VdV,intimate dreamy tender
Soothing Jazz Ambience,Jazz Music Lounge,Classic Jazz For Relaxing,2021-12-03,2d2eGh7R2T3Gj1veAfOeqX,https://open.spotify.com/track/2d2eGh7R2T3Gj1veAfOeqX,intimate dreamy tender
Ambient Sounds for Sleep,Binaural Beats Sleep,"Binaural Beats: Ambient Sleep Sounds of Alpha Waves, Brainwave Entrainment and Isochronic Tones Sleeping Music, Vol. 2",2018-02-27,7Cq3bq8HD97Yn8wyfsI4Az,https://open.spotify.com/track/7Cq3bq8HD97Yn8wyfsI4Az,intimate dreamy tender
Ambient Piano,Mapa,Planet Earth,2021-04-30,00l9b0j1cJCjTqVxcxrAFt,https://open.spotify.com/track/00l9b0j1cJCjTqVxcxrAFt,intimate dreamy tender
Ambient Meditation,Meditation Relax Club,15 Soft Atmospheres: Lucid Dreaming Meditation Relax Club Music to Sleep Through the Night,2020-04-27,5M0Do7jexH7NPrpQwMmVmY,https://open.spotify.com/track/5M0Do7jexH7NPrpQwMmVmY,intimate dreamy tender
Soft Ambient Music with Forest Sounds,Spa Day At Home,Ambiance of Nature,2020-12-08,7IEFUqmz6KxZooa3HNYF9C,https://open.spotify.com/track/7IEFUqmz6KxZooa3HNYF9C,intimate dreamy tender
ambient chorus,dokha,portals,2022-09-02,2dtSZ3aFTqWE8t3JeCjhTp,https://open.spotify.com/track/2dtSZ3aFTqWE8t3JeCjhTp,intimate dreamy tender
Ambient,Zen Relaxation,"Chill Instrumental Piano Music with Ambient Sounds for Relaxation, Sleep, Study, Yoga, Meditation",2018-12-05,7BuYo0Wsxn3O46fcB5qGFK,https://open.spotify.com/track/7BuYo0Wsxn3O46fcB5qGFK,intimate dreamy tender
Ambient LoFi Meditation,LO-FI BEATS,"!!!"" Lofi Beats To Sleep To ""!!!",2022-09-21,5V5qgmk2EygJSmj5iQTbRt,https://open.spotify.com/track/5V5qgmk2EygJSmj5iQTbRt,intimate dreamy tender
Ambient Music - Guitar & Rain,Buddhism Academy,"50 Instrumental Tracks: Chill Out with Zen Music (Ambient Nature Sounds for Yoga Meditation, Relaxing Spa Massage and Sleep Oasis)",2017-03-15,4E6PYGMykTyWh6WyL08HXi,https://open.spotify.com/track/4E6PYGMykTyWh6WyL08HXi,intimate dreamy tender
Classic Spa Ambience,Spa Music Hour,2 Hours of Calming Spa Sounds,2020-12-06,3wdmzVjBkVETEpnF91RXbQ,https://open.spotify.com/track/3wdmzVjBkVETEpnF91RXbQ,intimate dreamy tender
Ambient LoFi,LO-FI BEATS,"!!!"" Lofi Beats To Sleep To ""!!!",2022-09-21,3K4uTdyntseHU0XzD0vZFI,https://open.spotify.com/track/3K4uTdyntseHU0XzD0vZFI,intimate dreamy tender
Ambient Chill Vibes,LO-FI BEATS,"!!!"" Lofi Beats To Sleep To ""!!!",2022-09-21,13Lre7ysTeuv4J7YvIQLj5,https://open.spotify.com/track/13Lre7ysTeuv4J7YvIQLj5,intimate dreamy tender
Ambient (Original mix),Lofi Chillout,Ambient,2020-08-12,659XtEGULISenSQwMU6X20,https://open.spotify.com/track/659XtEGULISenSQwMU6X20,intimate dreamy tender
Soulful Ambience for Chilled Fantasy,Trabajar desde Casa,Instrumental Music for Work,2022-12-03,539urNfxl1dnuEcs37aJ3t,https://open.spotify.com/track/539urNfxl1dnuEcs37aJ3t,intimate dreamy tender
Ambient Music,Learning Mindset,The Best Study Background Music – Soothing Instrumental Songs,2020-09-23,5iJohNMyfAYaVXy2ifdqEb,https://open.spotify.com/track/5iJohNMyfAYaVXy2ifdqEb,intimate dreamy tender
Peaceful Heart's Journey,Ambientalism,Blissful Serenades,2021-07-07,74pMoUBrx2vpcNGJoxj43z,https://open.spotify.com/track/74pMoUBrx2vpcNGJoxj43z,intimate dreamy tender
"Ambient Sounds (Sleep & Relaxation), Pt. 45",Sleepy Times,Ambient Sounds (Sleep & Relaxation),2018,3gRivl2KDCIFLeJvbGeB3K,https://open.spotify.com/track/3gRivl2KDCIFLeJvbGeB3K,intimate dreamy tender
Ambient Music,Mindfullness Meditation World,"Synthwave Sleep: Space Trip, Cyber Dream, Subliminal Affirmations, Insomnia Relief & Ultra Relaxing Music",2022-08-17,5xHY6RG0pSjzy7Ga3rwUs9,https://open.spotify.com/track/5xHY6RG0pSjzy7Ga3rwUs9,intimate dreamy tender
Ambient Music for Relax,Calming Music Ensemble,"Music for Massage: 111 Serenity Relaxing Spa Tracks, Reiki Healing Music and Nature Meditation Songs",2016-03-08,1vHCeO0UFhDaTqKogQXogz,https://open.spotify.com/track/1vHCeO0UFhDaTqKogQXogz,intimate dreamy tender
Reading Space,Ambient BGM channel,Calm Lake,2020-06-19,63WVpaDSkVmpMtozOcdPj7,https://open.spotify.com/track/63WVpaDSkVmpMtozOcdPj7,intimate dreamy tender
"Ambient Sounds (Sleep & Relaxation), Pt. 10",Sleepy Times,Ambient Sounds (Sleep & Relaxation),2018,1Y2DnRCoycNokjp5UzjDE4,https://open.spotify.com/track/1Y2DnRCoycNokjp5UzjDE4,intimate dreamy tender
"Ambient Sounds (Sleep & Relaxation), Pt. 23",Sleepy Times,Ambient Sounds (Sleep & Relaxation),2018,2Kxl7NFjQEy82CkOQmYNBC,https://open.spotify.com/track/2Kxl7NFjQEy82CkOQmYNBC,intimate dreamy tender
Deep Forest,Ambient BGM channel,Calm Lake,2020-06-19,6g26BL4hGjdTmxxoTaRMWs,https://open.spotify.com/track/6g26BL4hGjdTmxxoTaRMWs,intimate dreamy tender
Ambient Music Therapy,Meditation Music Zone,"Sound Meditation 111 – Ambient Sounds for Relax, Concentration & Nada Yoga, Music Therapy for Inner Bliss",2016-02-29,4HFzCrbTDoYHcWjtzLOLef,https://open.spotify.com/track/4HFzCrbTDoYHcWjtzLOLef,intimate dreamy tender
Ambient Music,Frank South,Calm Night Sleeping Sounds,2019-04-11,2WkwEeudVto7mTC1SxOSz1,https://open.spotify.com/track/2WkwEeudVto7mTC1SxOSz1,intimate dreamy tender
Calm Beautiful Ambient,Oleksandr Chukhlib,RELAXING MEDITATION ATMOSPHERE,2022-06-06,4b2Fu8G6jw2422dgLs2kYT,https://open.spotify.com/track/4b2Fu8G6jw2422dgLs2kYT,intimate dreamy tender
Ambient Instrumental Piano,Forest Hills Music Universe,"Calm Piano with Fall Woods (Relaxing Music & Nature Sounds, Healing Water, Birds Atmosphere, Thunderstorm and Wind, Rest Afternoon)",2017-09-13,0viIPTFOdObQ8anWokZpCr,https://open.spotify.com/track/0viIPTFOdObQ8anWokZpCr,intimate dreamy tender
Ambient LoFi,Lofi Sleep Chill & Study,LoFi Concentration Music,2021-04-10,2veJRt6Ec1gKoSsOAvs0o1,https://open.spotify.com/track/2veJRt6Ec1gKoSsOAvs0o1,intimate dreamy tender
Ambient LoFi,Lofi Sleep Chill & Study,"!!!"" Afternoon Lofi ""!!!",2021-10-09,1WTgSnnGeLBoVc76CR9o38,https://open.spotify.com/track/1WTgSnnGeLBoVc76CR9o38,intimate dreamy tender
Ambient Music Lounge,Amazing Jazz Music Collection,"Soft Office Lounge Background (Piano Bar at Workplace, Relaxing Bossanova, Stay Focused, Positively with Easy Listening, Smooth Jazz)",2017-06-22,70hAr5dEckvd2WubKZJ5fK,https://open.spotify.com/track/70hAr5dEckvd2WubKZJ5fK,intimate dreamy tender
Ambient Soundscapes,James Inner,"Insomnia Cure 101 - Sleep Relief Unit, Calm Sounds of Nature for Deep Sleeping",2016-08-13,003XuwUywcLwpRBe86kvc0,https://open.spotify.com/track/003XuwUywcLwpRBe86kvc0,intimate dreamy tender
Ambient Music - Nice Story of Space,Baby Lullaby Academy,"50 Naptime Music for Toddlers: Soothing Sounds & Calm Music Box Collection to Relax Your Baby, Insomnia Cure, Bedtime Lullaby Songs",2017-05-17,4ydN2eRjE1neBLfGHgHwl4,https://open.spotify.com/track/4ydN2eRjE1neBLfGHgHwl4,intimate dreamy tender
Emotional Ambient Strings,Rafael Krux,The Universe Dreams in Strings,2021-02-01,767qpoZEZmkhj1GB6wY5Qo,https://open.spotify.com/track/767qpoZEZmkhj1GB6wY5Qo,intimate dreamy tender
Uplifting Ambience,LO-FI BEATS,"!!!"" Lofi Beats For Deep Sleep ""!!!",2022-09-19,7jU6FNU0BlkqRP429wMRNQ,https://open.spotify.com/track/7jU6FNU0BlkqRP429wMRNQ,intimate dreamy tender
Instrumental Background Music,Calm Music Zone,"Meditation 111 Songs: Deep Regeneration Ambient Music for Relaxation Yoga, Natural Healing Sounds for Massage and Spa",2016-03-09,1mVmnoSf46bQrJPkxtp579,https://open.spotify.com/track/1mVmnoSf46bQrJPkxtp579,intimate dreamy tender
Ambient Sleep Music 432Hz,Musical Wanderings,Ambient Sleep Music 432Hz,2022-02-28,3NNaoLY1jaVntkkDVcU9MT,https://open.spotify.com/track/3NNaoLY1jaVntkkDVcU9MT,intimate dreamy tender
"Ambient Sounds (Sleep & Relaxation), Pt. 49",Sleepy Times,Ambient Sounds (Sleep & Relaxation),2018,0iZ6fIgaSHkbF0z7Tx0SPi,https://open.spotify.com/track/0iZ6fIgaSHkbF0z7Tx0SPi,intimate dreamy tender
"Ambient Sounds (Sleep & Relaxation), Pt. 40",Sleepy Times,Ambient Sounds (Sleep & Relaxation),2018,5qblFHHUJmxRUOLhksLwAz,https://open.spotify.com/track/5qblFHHUJmxRUOLhksLwAz,intimate dreamy tender
Ambient Sleep Music,Luma Noctis,"Easy Listening Piano - Relaxing Music for Health, Spa, Wellness, Positive Thinking, Yoga, Serenity, Meditation, Harmony and Spirituality",2015-12-10,04IvZ2JSXAVGftbFMUh8io,https://open.spotify.com/track/04IvZ2JSXAVGftbFMUh8io,intimate dreamy tender
Meditation,Ambient BGM channel,Calm Lake,2020-06-19,3sP2DZnqb4t560nAoxJyAV,https://open.spotify.com/track/3sP2DZnqb4t560nAoxJyAV,intimate dreamy tender
"Ambient Sounds (Sleep & Relaxation), Pt. 01",Sleepy Times,Ambient Sounds (Sleep & Relaxation),2018,4hOvZFiC1EzIib8Jqwu4UP,https://open.spotify.com/track/4hOvZFiC1EzIib8Jqwu4UP,intimate dreamy tender
Restful Mind,V.Ambience,Restful Mind,2022-04-22,0laWlZ2DsnpR801i0VezU6,https://open.spotify.com/track/0laWlZ2DsnpR801i0VezU6,intimate dreamy tender
Ambient Lounge,Mezzosound,Lounge Music,2019-10-03,6vfGQZT19graK2HzphuKW9,https://open.spotify.com/track/6vfGQZT19graK2HzphuKW9,intimate dreamy tender
Landscape Theme,Chassol,Lamb (Bande originale du film),2015-09-25,7N0nbg8G2FCjKTWo9zJ8Iv,https://open.spotify.com/track/7N0nbg8G2FCjKTWo9zJ8Iv,intimate dreamy tender
Ambient Dreams,Sleeping Music,"Relaxing Music With Ocean Waves for Sleeping Music, Deep Sleep Relaxation Music, Spa Music, Meditation Music and Soothing Guitar Music for Sleeping",2017-04-11,7aZax5x0xujAVdBoAahoMM,https://open.spotify.com/track/7aZax5x0xujAVdBoAahoMM,intimate dreamy tender
Soft Background Piano Ambience For Study,Upbeat Study Music,Upbeat Study Music For Focus,2021-11-10,2rt1SJBeT5lqWXfSHS6sbJ,https://open.spotify.com/track/2rt1SJBeT5lqWXfSHS6sbJ,intimate dreamy tender
Ambient - Instrumental Music,Meditation Relax Club,Slow Calming Music for Your Peace – Relaxing Sounds Background Music for Yoga,2017-09-28,7Ieu8yPmLyrMqpd1X3iuUm,https://open.spotify.com/track/7Ieu8yPmLyrMqpd1X3iuUm,intimate dreamy tender
Ambient Orchestral Landscape,Rafael Krux,Ambient Orchestral Landscape,2022-06-08,709s9Yy3h1WI1CoxRAKKce,https://open.spotify.com/track/709s9Yy3h1WI1CoxRAKKce,intimate dreamy tender
Dream Soundscape,Deep Sleep Music Systems,"Dreamscapes, Vol. II: Expert Ambient Sleep Music with Rainforest Sounds for Inducing Deep Restful Sleep [432hz]",2017-11-17,3YEmrYZ5LHuct80TSLDqv0,https://open.spotify.com/track/3YEmrYZ5LHuct80TSLDqv0,intimate dreamy tender
Clouds,e-soundtrax,Corporate,2020-07-13,5JdQy680qTDCGLvndl2Dhc,https://open.spotify.com/track/5JdQy680qTDCGLvndl2Dhc,intimate dreamy tender
Ambient Inspire,StereojamMusic,Inspirational Corporate Music,2016-10-15,6AXIhu57GTipzXn65wnvw2,https://open.spotify.com/track/6AXIhu57GTipzXn65wnvw2,intimate dreamy tender
"Ambient Sounds (Sleep & Relaxation), Pt. 44",Sleepy Times,Ambient Sounds (Sleep & Relaxation),2018,4CPsodLWcbiIXr13SFG9wt,https://open.spotify.com/track/4CPsodLWcbiIXr13SFG9wt,intimate dreamy tender
"Ambient Sounds (Sleep & Relaxation), Pt. 30",Sleepy Times,Ambient Sounds (Sleep & Relaxation),2018,3w9V604kcW421a85yUoYEo,https://open.spotify.com/track/3w9V604kcW421a85yUoYEo,intimate dreamy tender
Cinematic Ambient,AShamaluevMusic,Cinematic Ambient,2018-05-21,66J11WSLx2E2PHNOMi90ve,https://open.spotify.com/track/66J11WSLx2E2PHNOMi90ve,intimate dreamy tender
"Ambient Sounds (Sleep & Relaxation), Pt. 43",Sleepy Times,Ambient Sounds (Sleep & Relaxation),2018,0OX0OCAPmkdVyK5ET5j7wL,https://open.spotify.com/track/0OX0OCAPmkdVyK5ET5j7wL,intimate dreamy tender
"Ambient Sounds (Sleep & Relaxation), Pt. 24",Sleepy Times,Ambient Sounds (Sleep & Relaxation),2018,0vd0bedRKy48haRNbsZJgu,https://open.spotify.com/track/0vd0bedRKy48haRNbsZJgu,intimate dreamy tender
"Ambient Sounds (Sleep & Relaxation), Pt. 35",Sleepy Times,Ambient Sounds (Sleep & Relaxation),2018,17dn1JiqwNRaVlCsWkNFRE,https://open.spotify.com/track/17dn1JiqwNRaVlCsWkNFRE,intimate dreamy tender
Background for Easy Sleep,Calm Lofi Beats,Relaxing LoFi Music,2022-03-16,7l4GRGLAiCOwOuqrmbJ6ue,https://open.spotify.com/track/7l4GRGLAiCOwOuqrmbJ6ue,intimate dreamy tender
1111hz | Classical Ambient for Meditation and Good Sleep,Good Sleep Frequency,Classical Ambient for Meditation and Good Sleep,2020-11-14,6MDp2eUlqPLvomzgQNp1zn,https://open.spotify.com/track/6MDp2eUlqPLvomzgQNp1zn,intimate dreamy tender
Ambiance,Green Music BGM channel,Moonlight,2020-09-25,1xxywiVkUpDXiaqTLkkebq,https://open.spotify.com/track/1xxywiVkUpDXiaqTLkkebq,intimate dreamy tender
Calming Stories,Ambient BGM channel,Calm Lake,2020-06-19,6dtooNQTtlCQjuExLAYnLU,https://open.spotify.com/track/6dtooNQTtlCQjuExLAYnLU,intimate dreamy tender
Cinematic Ambient Piano,Dmitriy Sevostyanov,Inspiring Piano,2022-08-17,2bFrilsMXQgtORwD5nAks4,https://open.spotify.com/track/2bFrilsMXQgtORwD5nAks4,intimate dreamy tender
Cozy Night,Ambient BGM channel,Calm Lake,2020-06-19,6s9fTueEUR0h6DIn7aAqhw,https://open.spotify.com/track/6s9fTueEUR0h6DIn7aAqhw,intimate dreamy tender
Chill Atmosphere,Beats,"Chill Beats: Calming Lofi, Smooth Instrumentals and Study Beats",2020-07-27,5aYWCmfZ2iGhFqcUNz6WQF,https://open.spotify.com/track/5aYWCmfZ2iGhFqcUNz6WQF,intimate dreamy tender
Classy Jazz Ambient Lounge,Render Me Calmness,Moment of Calm Contemplation,2020-09-24,3IJoHiogiGHAcCy2NskNbo,https://open.spotify.com/track/3IJoHiogiGHAcCy2NskNbo,intimate dreamy tender
Quiet Room,Coffee Shop Ambience,The Breeze,2022-10-12,39zr3eqUIVdoDjweuXuLgF,https://open.spotify.com/track/39zr3eqUIVdoDjweuXuLgF,intimate dreamy tender
Ambient LoFi,LO-FI BEATS,"!!!"" Relaxing LoFi Beats ""!!!",2022-09-10,2jLz2lTwLTMso6NANTWBgr,https://open.spotify.com/track/2jLz2lTwLTMso6NANTWBgr,intimate dreamy tender
Ambient LoFi,Lofi Sleep Chill & Study,LoFi Chill,2021-05-31,4sBayacRU4cn6vc2UOhfOB,https://open.spotify.com/track/4sBayacRU4cn6vc2UOhfOB,intimate dreamy tender
Ambient Luxury,Net-Zone,Net-Zone Chill Lofi,2020-06-20,3B4dps785eVf1NxYkhA7pO,https://open.spotify.com/track/3B4dps785eVf1NxYkhA7pO,intimate dreamy tender
Ambient Winter Vibes,Cozy Winter,Ambient Winter Music Lo Fi Hip Hop Vibes Playlist,2022-12-30,4jiTduUaUxFNyyPTWS5uaj,https://open.spotify.com/track/4jiTduUaUxFNyyPTWS5uaj,intimate dreamy tender
Ambient Calm Piano,Relaxation Meditation and Spa,"Zen Massage Music - Soothing Instrumental Music for Yoga, Meditation, Massage",2018-11-09,1QL1OHWjk0dwGvqFERgA0a,https://open.spotify.com/track/1QL1OHWjk0dwGvqFERgA0a,intimate dreamy tender
Ambient Music For Deep Sleep,Sleep Sounds of Nature,"Nature Sounds: Relaxing Piano Music With Soothing Forest Sounds and Bird Sounds For Deep Sleep, Meditation, Reading, Spa, Massage, Yoga, Studying and Sleeping Music",2019-04-05,6ZM07lWa1wafWG7UzTp1Nx,https://open.spotify.com/track/6ZM07lWa1wafWG7UzTp1Nx,intimate dreamy tender
Ambient Sleep Music,Deep Sleep Music Lab,Ambient Sleep Music,2022-06-08,1u07dlbO6gDoaTAVKGYhbY,https://open.spotify.com/track/1u07dlbO6gDoaTAVKGYhbY,intimate dreamy tender
Ambient Piano Music Relaxation,Deep Sleep Music Collective,Music for Sleep and Soft Piano Sleeping Music,2017-10-27,02EFKh80dB5BHVDkufTanM,https://open.spotify.com/track/02EFKh80dB5BHVDkufTanM,intimate dreamy tender
Classical Meditation,Classical Music: 50 of the Best,Classical Music: 50 of the Best,2012-01-30,67fCJ9rWGnTCyFsY5DQYK8,https://open.spotify.com/track/67fCJ9rWGnTCyFsY5DQYK8,intimate dreamy tender
Soft Ambient Music with Forest Sounds,Meditation ASMR,A Meditation of Nature Sounds,2020-06-21,7ETTBbMMUGwl3I81xnMKzz,https://open.spotify.com/track/7ETTBbMMUGwl3I81xnMKzz,intimate dreamy tender
Ambient Space Background Music,Ambient Space Background,Ambient Sleep - Space Music Meditation,2022-05-31,1PzuNegNVaU2CUSlUX1J4r,https://open.spotify.com/track/1PzuNegNVaU2CUSlUX1J4r,intimate dreamy tender
Ambient Piano,Soft Relax Piano,"Easy Listening Piano - Chillout and Relax with Lounge Music, Healing Piano Ballads for Relaxation.",2016-01-20,5Q53A8D09bHeLzter4rgyB,https://open.spotify.com/track/5Q53A8D09bHeLzter4rgyB,intimate dreamy tender
"Ambient Sounds (Sleep & Relaxation), Pt. 46",Sleepy Times,Ambient Sounds (Sleep & Relaxation),2018,4aF4kwkAkZkcHcRRmZNSWo,https://open.spotify.com/track/4aF4kwkAkZkcHcRRmZNSWo,intimate dreamy tender
"Ambient Sounds (Sleep & Relaxation), Pt. 59",Sleepy Times,Ambient Sounds (Sleep & Relaxation),2018,6K7ItFQbMZseoWPwH4GhP3,https://open.spotify.com/track/6K7ItFQbMZseoWPwH4GhP3,intimate dreamy tender
Ambient Relaxation,Massage Therapy Music,"Soothing and Relaxing Music for Massage, Spa Music, Yoga Music, Meditation Music, Sleeping Music and Massage Therapy Music",2017-03-30,2rJrHQqBzVZJ4sD0Wp9exj,https://open.spotify.com/track/2rJrHQqBzVZJ4sD0Wp9exj,intimate dreamy tender
"Ambient Sounds (Sleep & Relaxation), Pt. 51",Sleepy Times,Ambient Sounds (Sleep & Relaxation),2018,4icc7Cn9kOMcePydMAt4bR,https://open.spotify.com/track/4icc7Cn9kOMcePydMAt4bR,intimate dreamy tender
Ambient Ocean Library,Ocean Star Studio,"The Shore of Pebbles - Ocean Water Fall Soothing Soundtracks, Vol.2",2020-04-10,7sIGW1dUYFWlgrydGQPb13,https://open.spotify.com/track/7sIGW1dUYFWlgrydGQPb13,intimate dreamy tender
Natural Ambience,Zen Music Creative,Zen Sleep Ocean - Ambient Sleep Music Electronic,2018-10-01,42jxwdH8KIkVWCXp9YDpYg,https://open.spotify.com/track/42jxwdH8KIkVWCXp9YDpYg,intimate dreamy tender
"Ambient Sounds (Sleep & Relaxation), Pt. 36",Sleepy Times,Ambient Sounds (Sleep & Relaxation),2018,25Kv6sqClj68hjAbgDLjo4,https://open.spotify.com/track/25Kv6sqClj68hjAbgDLjo4,intimate dreamy tender
"Peaceful Ambient Morning, Pt. 12",Relaxing Music,Peaceful Ambient Morning,2022-04-05,1BvzA6k5UnlW90nexYNw5O,https://open.spotify.com/track/1BvzA6k5UnlW90nexYNw5O,intimate dreamy tender
Ambient Music,Pam Cardalles,Peaceful & Relaxing Instrumental Music,2015-06-10,78NT8EpmLpldzgDeNPDMzp,https://open.spotify.com/track/78NT8EpmLpldzgDeNPDMzp,intimate dreamy tender
Ambient Piano,Spa,"Spa Music: Rain Sounds and The Most Relaxing Background Music For Spa, Massage, Yoga, Meditation, Healing and Welness, Vol. 3",2019-09-01,5Eo3y6NlFqmcgBpljC4nhj,https://open.spotify.com/track/5Eo3y6NlFqmcgBpljC4nhj,intimate dreamy tender
Ambient Chill Vibes,LO-FI BEATS,"!!!"" Relaxing LoFi Beats ""!!!",2022-09-10,0nLsv2p456iRTqSUkveqmp,https://open.spotify.com/track/0nLsv2p456iRTqSUkveqmp,intimate dreamy tender
Calm Ambient Piano,Rafael Krux,Cinematic Piano,2022-05-23,02CdEmOBeT9KU5r5AMsrdE,https://open.spotify.com/track/02CdEmOBeT9KU5r5AMsrdE,intimate dreamy tender
Ambient Echoes of the Past,Allen Grey,Cinematic Collection,2020-12-09,2JGSx0bcbOfP0Z42bPXPkK,https://open.spotify.com/track/2JGSx0bcbOfP0Z42bPXPkK,intimate dreamy tender
Uplifting Ambience,LO-FI BEATS,"!!!"" Lofi Beats To Sleep To ""!!!",2022-09-21,0QoKwyMU4yeIxUI3Rrxu0U,https://open.spotify.com/track/0QoKwyMU4yeIxUI3Rrxu0U,intimate dreamy tender
Ambient Inspiration,DensoMusic,Ambient Soft Corporate Collection,2022-04-25,6d4Q9xiU7MsPzrFJiXBaBR,https://open.spotify.com/track/6d4Q9xiU7MsPzrFJiXBaBR,intimate dreamy tender
Ambient Soundscape,St Barth Wellness Hotel de Luxe,Capri Spa Relaxation: Italian Spa Music Relaxation to Help you Relax,2012-09-24,2YdTmB5Hu23AY4pjNz5Lir,https://open.spotify.com/track/2YdTmB5Hu23AY4pjNz5Lir,intimate dreamy tender
Ambient Work Music,Concentration Music for Work,"Concentration Music for Work: Studying Music for Deep Focus, Background Music For Reading and Comprehension, Calm Study Music For Studying, Vol. 2",2020-05-12,7wcd4EjjYvWYik8BYc3rgA,https://open.spotify.com/track/7wcd4EjjYvWYik8BYc3rgA,intimate dreamy tender
Sad Ambient LoFi,LO-FI BEATS,"!!!"" Lofi Beats For Deep Sleep ""!!!",2022-09-19,6ahgkTClVSlaq774qqJRbC,https://open.spotify.com/track/6ahgkTClVSlaq774qqJRbC,intimate dreamy tender
Ambient Dreaming,Peaceful Meditation Music,Peaceful Spa Meditation Music,2015-11-18,3FOCueTAoYvOVe4aNiiy8U,https://open.spotify.com/track/3FOCueTAoYvOVe4aNiiy8U,intimate dreamy tender
Lofi Chillhop Ambient Vibe,SlowFi Beats,Lofi Hip Hop Chill Vibrations,2021-05-28,5MqYxqPcCCOrze6GHcAEB9,https://open.spotify.com/track/5MqYxqPcCCOrze6GHcAEB9,intimate dreamy tender
"Ambient Sounds (Sleep & Relaxation), Pt. 03",Sleepy Times,Ambient Sounds (Sleep & Relaxation),2018,3jrOdx52DnmbSgtJslUv4R,https://open.spotify.com/track/3jrOdx52DnmbSgtJslUv4R,intimate dreamy tender
"Ambient Sounds (Sleep & Relaxation), Pt. 12",Sleepy Times,Ambient Sounds (Sleep & Relaxation),2018,1EHqeYlzdnPaBKJFi9SdE8,https://open.spotify.com/track/1EHqeYlzdnPaBKJFi9SdE8,intimate dreamy tender
Ambient Piano Documentary,cleanmindsounds,Ambient Piano Documentary,2023-01-30,7ysi568gBLgetUepZKfpAE,https://open.spotify.com/track/7ysi568gBLgetUepZKfpAE,intimate dreamy tender
Ambient,Cosmos Records,"Ambient - Ambient Music and Ambient Sounds for Relaxation Meditation, Spa, Massage and Yoga",2011-02-16,78TWQUNftgXZNUzKIOeJwq,https://open.spotify.com/track/78TWQUNftgXZNUzKIOeJwq,intimate dreamy tender
"Ambient Sounds (Sleep & Relaxation), Pt. 29",Sleepy Times,Ambient Sounds (Sleep & Relaxation),2018,3VOw0a4wPZnLfIfvU0yKI5,https://open.spotify.com/track/3VOw0a4wPZnLfIfvU0yKI5,intimate dreamy tender
Ambience (Alternative Lounges),Jazz Station,Bar Lounges - Music,2022-04-04,5rLjE4wzaJ6Cev96nhp0yT,https://open.spotify.com/track/5rLjE4wzaJ6Cev96nhp0yT,intimate dreamy tender
"Ambient Sounds (Sleep & Relaxation), Pt. 55",Sleepy Times,Ambient Sounds (Sleep & Relaxation),2018,4Ek0EETC08i9jrfo2owyyj,https://open.spotify.com/track/4Ek0EETC08i9jrfo2owyyj,intimate dreamy tender
Calm Cinematic Acoustic Guitar,Romansenykmusic,Soft Cinematic Soundtracks,2020-03-19,20e2RtkKmOe5laRCMfcevF,https://open.spotify.com/track/20e2RtkKmOe5laRCMfcevF,intimate dreamy tender
Ambient Instrumental Jazz,Jazz Music Lounge,Jazz Piano Background Ambience,2021-12-13,50y3No5NCHlI2COhyhKQ0Q,https://open.spotify.com/track/50y3No5NCHlI2COhyhKQ0Q,intimate dreamy tender
Ambient LoFi Meditation,Lofi Sleep Chill & Study,"!!!"" Afternoon Lofi ""!!!",2021-10-09,7CXrp4DCK8afTuMU7g4aAk,https://open.spotify.com/track/7CXrp4DCK8afTuMU7g4aAk,intimate dreamy tender
Ambient Smooth Jazz,Instrumental Jazz Music Guys,"Happy Relaxing Jazz (Instrumental Lounge Experience, Music for Studying, Sleep and Work With, Chillout Cafe, Amazing and Positive Time)",2017-07-27,13ho11WRxQm0ElTHrH9UfY,https://open.spotify.com/track/13ho11WRxQm0ElTHrH9UfY,intimate dreamy tender
Ambient Cinematic Background,cleanmindsounds,Ambient Cinematic Background,2022-08-30,6309yibzEZdmZuLMODlVfK,https://open.spotify.com/track/6309yibzEZdmZuLMODlVfK,intimate dreamy tender
Ambient Piano Solo,Study Music Research,Upbeat Piano For Studying,2022-05-26,6gNnSBLpB1GVMPYDQMo4nT,https://open.spotify.com/track/6gNnSBLpB1GVMPYDQMo4nT,intimate dreamy tender
Ambient Music For Relaxation,Massage Playlist,"Spa Music Playlist: Soft Piano, Spa Music For Relaxation, Music For Spa, Music For Massage, Music For Yoga, Meditation, Sleeping Music, Healing and Wellness",2020-11-12,4tvoF0Y7tbV3weTBfNOj96,https://open.spotify.com/track/4tvoF0Y7tbV3weTBfNOj96,intimate dreamy tender
Ambient Fireplace,Core Creatives Sounds,Lofi Campfire Sleep Vol. 1.1,2022-05-27,0445e1IrPqnL8ddrMjFU7Q,https://open.spotify.com/track/0445e1IrPqnL8ddrMjFU7Q,intimate dreamy tender
Background Piano Ambience,Calm Music,Magical Ambient Piano,2021-08-24,0rGj5rQeEuNV3mI00mzYz6,https://open.spotify.com/track/0rGj5rQeEuNV3mI00mzYz6,intimate dreamy tender
Ambient Chill Music,Miami Chill Music Ensemble,Ambient Relaxation Chill Music Cool Instrumental Songs for Chilling Out,2020-11-11,0hGUGSf76RNX9QkICle8cb,https://open.spotify.com/track/0hGUGSf76RNX9QkICle8cb,intimate dreamy tender
Ambient Sleep Music,Robbins Island Music Group,"Ambient Mood Music: Ambient Instrumental Music for Deep Sleep, Stress Relief, Bedtime Music, Meditation & Spa Treatments",2014-06-04,5zOttNk3K0bGrVEXgt4iOL,https://open.spotify.com/track/5zOttNk3K0bGrVEXgt4iOL,intimate dreamy tender
The Ambient,Ben Dransfield,Relief,2020-12-11,3OrRh2pL9siKz3qoM2IiYk,https://open.spotify.com/track/3OrRh2pL9siKz3qoM2IiYk,intimate dreamy tender
Cinematic Soundscape,Laurent Juillet,Cinematic Soundscapes,2013-03-27,4fAawi3ZMm6MJB4AdxdFlB,https://open.spotify.com/track/4fAawi3ZMm6MJB4AdxdFlB,intimate dreamy tender
Ambient Sleep,Ambient Space Background,Ambient Sleep - Space Music Meditation,2022-05-31,1HoTehcWw8TwNgrkkDYDHP,https://open.spotify.com/track/1HoTehcWw8TwNgrkkDYDHP,intimate dreamy tender
Ambient Calm Meditation,Relaxing Piano Music,Piano Universe,2021-04-19,4lNOFfp1A1cQ4RZWEEF7ru,https://open.spotify.com/track/4lNOFfp1A1cQ4RZWEEF7ru,intimate dreamy tender
Ambient Soundscapes,Soundscapes!,Soundscapes,2011-04-24,183Ngwjm93DyFVdASeIU2X,https://open.spotify.com/track/183Ngwjm93DyFVdASeIU2X,intimate dreamy tender
"Ambient Sounds (Sleep & Relaxation), Pt. 54",Sleepy Times,Ambient Sounds (Sleep & Relaxation),2018,37tzjGq9fDlj9l034H7CZV,https://open.spotify.com/track/37tzjGq9fDlj9l034H7CZV,intimate dreamy tender
"Ambient Sounds (Sleep & Relaxation), Pt. 20",Sleepy Times,Ambient Sounds (Sleep & Relaxation),2018,0GglLtFFzE9uf8dt8zfULl,https://open.spotify.com/track/0GglLtFFzE9uf8dt8zfULl,intimate dreamy tender
"Ambient Sounds (Sleep & Relaxation), Pt. 17",Sleepy Times,Ambient Sounds (Sleep & Relaxation),2018,3ZUSHJSKuS8humTT1A5NEZ,https://open.spotify.com/track/3ZUSHJSKuS8humTT1A5NEZ,intimate dreamy tender
Inspirational Mood,Instrumental Jazz Music Ambient,"Jazz in the Background - Soft Relaxing Collection for Cafe, Restaurant, Museum, Waiting Room & Hotel Lobby",2018-05-23,1hmMosi7hkUvAf9FP53gk4,https://open.spotify.com/track/1hmMosi7hkUvAf9FP53gk4,intimate dreamy tender
Ambiance,Rain Atmospheres,1 Hour of Relaxing Sleep Music,2020-06-24,0YHX4Amo6L7V8jXmTf8Aag,https://open.spotify.com/track/0YHX4Amo6L7V8jXmTf8Aag,intimate dreamy tender
Ambient LoFi Meditation,LO-FI BEATS,"!!!"" Relaxing LoFi Beats ""!!!",2022-09-10,0DbOcawvw0coRCUMkmNafe,https://open.spotify.com/track/0DbOcawvw0coRCUMkmNafe,intimate dreamy tender
Ambient LoFi For Studying,Dark Lofi,Ambient Dark LoFi For Studying,2021-11-29,5AtWkQ1yvpXXuQiGImbz8w,https://open.spotify.com/track/5AtWkQ1yvpXXuQiGImbz8w,intimate dreamy tender
Blissful Ambient Beats,Lofi Crew,"!!!"" LoFi Music ""!!!",2022-01-14,0zofkNdSDZ1yMWQj8Lw31E,https://open.spotify.com/track/0zofkNdSDZ1yMWQj8Lw31E,intimate dreamy tender
Ambient Documentary Piano Instrumental,BlueWhaleMusic,Documentary Piano,2022-01-31,2lncLUplL1t2Kh3brUoaeK,https://open.spotify.com/track/2lncLUplL1t2Kh3brUoaeK,intimate dreamy tender
Ambient Music For Relaxation,Massage Playlist,"Spa Music Playlist: Soft Piano, Spa Music For Relaxation, Music For Spa, Music For Massage, Music For Yoga, Meditation, Sleeping Music, Healing and Wellness",2020-11-12,4tvoF0Y7tbV3weTBfNOj96,https://open.spotify.com/track/4tvoF0Y7tbV3weTBfNOj96,intimate dreamy tender
Ambient Fireplace,Core Creatives Sounds,Lofi Campfire Sleep Vol. 1.1,2022-05-27,0445e1IrPqnL8ddrMjFU7Q,https://open.spotify.com/track/0445e1IrPqnL8ddrMjFU7Q,intimate dreamy tender
Ambient Guitar and Choir - Instrumental,Easy Listening Music Lounge,Ambient Guitar and Choir (Instrumental),2021-05-19,3KZybKg1sJTyIOmBFpjw7X,https://open.spotify.com/track/3KZybKg1sJTyIOmBFpjw7X,intimate dreamy tender
Instrumental Background,Liquid Spirit Out,Music For Relaxation - Quiet Relaxing Music,2017-04-04,2KcU5JQ3Sm7yG3bazSyimK,https://open.spotify.com/track/2KcU5JQ3Sm7yG3bazSyimK,intimate dreamy tender
Beautiful Ambient Corporate Inspiration,Romansenykmusic,Corporate Collection,2021-12-02,2rKwZLNAHrZFHa3fFnI5Fk,https://open.spotify.com/track/2rKwZLNAHrZFHa3fFnI5Fk,intimate dreamy tender
Peaceful Ambiance for Creative Sky,Autumn Jazz Ambient,Ambiance for Morning Victory,2022-10-20,6BJ2DrnKd4U8aK7lRYofBJ,https://open.spotify.com/track/6BJ2DrnKd4U8aK7lRYofBJ,intimate dreamy tender
Ambient Adventures,Lo Fi Beats,Pixels & Vinyl: Relaxing Lofi Mix,2024-08-23,6q6e1UFMmHUZt7TSNcUUTv,https://open.spotify.com/track/6q6e1UFMmHUZt7TSNcUUTv,intimate dreamy tender
The Ambient,Ben Dransfield,Relief,2020-12-11,3OrRh2pL9siKz3qoM2IiYk,https://open.spotify.com/track/3OrRh2pL9siKz3qoM2IiYk,intimate dreamy tender
Cinematic Soundscape,Laurent Juillet,Cinematic Soundscapes,2013-03-27,4fAawi3ZMm6MJB4AdxdFlB,https://open.spotify.com/track/4fAawi3ZMm6MJB4AdxdFlB,intimate dreamy tender
Ambient Piano,Relax Radio,"Ambient Music - Easy Listening Piano, Calm Music for Sleep, Studying, Spa, Baby, Yoga, Meditation and Relaxation",2015-12-08,6svgyG9tutdleBcxN0SwPp,https://open.spotify.com/track/6svgyG9tutdleBcxN0SwPp,intimate dreamy tender
Ambient Soundscapes,Soundscapes!,Soundscapes,2011-04-24,183Ngwjm93DyFVdASeIU2X,https://open.spotify.com/track/183Ngwjm93DyFVdASeIU2X,intimate dreamy tender
"Ambient Sounds (Sleep & Relaxation), Pt. 41",Sleepy Times,Ambient Sounds (Sleep & Relaxation),2018,1NR1LFVrFJ04qCBfdt6mqA,https://open.spotify.com/track/1NR1LFVrFJ04qCBfdt6mqA,intimate dreamy tender
"Ambient Sounds (Sleep & Relaxation), Pt. 33",Sleepy Times,Ambient Sounds (Sleep & Relaxation),2018,7nFiWZEWIL89vMZrOIi8v9,https://open.spotify.com/track/7nFiWZEWIL89vMZrOIi8v9,intimate dreamy tender
"Ambient Sounds (Sleep & Relaxation), Pt. 13",Sleepy Times,Ambient Sounds (Sleep & Relaxation),2018,6l9rsE0Yvkdsqir7UtXDQe,https://open.spotify.com/track/6l9rsE0Yvkdsqir7UtXDQe,intimate dreamy tender
Inspiration Ambient,Alan Al,Instrumental,2017-01-07,1us4L9XcHORhuYGJ5BYV1N,https://open.spotify.com/track/1us4L9XcHORhuYGJ5BYV1N,intimate dreamy tender
Calm Ambient,Relax Chillout Lounge,Pure Relaxing Chillout Music,2019-05-24,6FSgnKusbTXUaHpL64iOql,https://open.spotify.com/track/6FSgnKusbTXUaHpL64iOql,intimate dreamy tender
Ambient LoFi,LO-FI BEATS,"!!!"" RnB Lofi ""!!!",2022-01-28,0b9cYICtiTw2K4SBBNe5LG,https://open.spotify.com/track/0b9cYICtiTw2K4SBBNe5LG,intimate dreamy tender
Ambient Instrumental Theme,Ambient Sound Center,"Dramatic Ambient - Gothic Dark Fantasy Ambient, Sad & Somber Background",2019-06-11,6jX3ZxbLz7mHzY7GMVa6LG,https://open.spotify.com/track/6jX3ZxbLz7mHzY7GMVa6LG,intimate dreamy tender
Ambient LoFi Meditation,Lofi Sleep Chill & Study,LoFi Chill,2021-05-31,2976zop7SF4pYfx0mytTwf,https://open.spotify.com/track/2976zop7SF4pYfx0mytTwf,intimate dreamy tender
Ambient (Background Music),Meditation Relax Club,Spa Music 101 Wellness – Ultimate Soothing Relaxing Sounds for Spas & Hammam,2016-01-22,46vyV45qGLlUz3QOLQjvM1,https://open.spotify.com/track/46vyV45qGLlUz3QOLQjvM1,intimate dreamy tender
Ambient,Liquid Spirit Out,Working: Soothing Instrumental Songs for Your Office and Work Place,2022-07-08,7KywHd9CjFymOOH2hHH1dW,https://open.spotify.com/track/7KywHd9CjFymOOH2hHH1dW,intimate dreamy tender
Ambient,Soundscapes - Relaxing Music,Ambients,1999-05-18,2Qic4Wm2S4ByJJUyn3LrFz,https://open.spotify.com/track/2Qic4Wm2S4ByJJUyn3LrFz,intimate dreamy tender
Ambient Groove,Lo-Fi Dreamy Violin,Relaxing Beats for Studying,2025-01-14,1hYJwK91YbJU4QJ55CHUiU,https://open.spotify.com/track/1hYJwK91YbJU4QJ55CHUiU,intimate dreamy tender
Ambient Anxiety Relief Music,Mental Health Music,Calm Piano Music For Mental Health - Classical Playlist For Anxiety & Stress Relief,2022-08-23,44YWWw90Ql3ElcFEWaWYDC,https://open.spotify.com/track/44YWWw90Ql3ElcFEWaWYDC,intimate dreamy tender
Ambient Light,Relaxing Music Jazz Universe,"Jazz for Waking Up – Good Morning Music, Easy Smooth Jazz, Positive Music, Essential Morning Music, Pleasant Jazz, Morning Coffee Jazz",2017-04-03,6ZXOZH8W2iD1Jpe9LoEsgv,https://open.spotify.com/track/6ZXOZH8W2iD1Jpe9LoEsgv,intimate dreamy tender
Ambient Piano Sleep Music,Deep Sleep Music Collective,Music for Sleep and Soft Piano Sleeping Music,2017-10-27,3CyFmUUWKULbYIRD66uvQT,https://open.spotify.com/track/3CyFmUUWKULbYIRD66uvQT,intimate dreamy tender
Ambient Jazz,Jazz Instrumental Chill,Jazz Please,2022-10-12,5rzf6QvApPCdtvu8JWWYQG,https://open.spotify.com/track/5rzf6QvApPCdtvu8JWWYQG,intimate dreamy tender
Inspiring Ambient,DensoMusic,Ambient Corporate Background,2021-03-21,7qUv81aCnBV7hbIhxqX7J0,https://open.spotify.com/track/7qUv81aCnBV7hbIhxqX7J0,intimate dreamy tender
Ambient Piano,Study Aid,"Study Aid: Easy Listening Piano Music for Focus, Brain Trainer, No Stress, Exams, Relaxation, Zen, Serenity, Memory & Concentration",2016-02-11,1NQ3w9OPoL4ZXjTpddPmNS,https://open.spotify.com/track/1NQ3w9OPoL4ZXjTpddPmNS,intimate dreamy tender
"Ambient Sounds (Sleep & Relaxation), Pt. 39",Sleepy Times,Ambient Sounds (Sleep & Relaxation),2018,6og2SIRdOylsbKNJqFo4Ef,https://open.spotify.com/track/6og2SIRdOylsbKNJqFo4Ef,intimate dreamy tender
Corporate Ambient,AShamaluevMusic,Corporate Ambient,2018-12-03,6A9Dagw9sf7WzpIo6iCiqR,https://open.spotify.com/track/6A9Dagw9sf7WzpIo6iCiqR,intimate dreamy tender
"Ambient Sounds (Sleep & Relaxation), Pt. 09",Sleepy Times,Ambient Sounds (Sleep & Relaxation),2018,3K7rEuNNFEzI5m8NsxtP1u,https://open.spotify.com/track/3K7rEuNNFEzI5m8NsxtP1u,intimate dreamy tender
Ambient Music,Binaural Beats Sleep,Binaural Beats: Alpha Waves and Ambient Music For Deep Sleep,2019-03-03,0IfkQAPD0IhWPyOKmMWm62,https://open.spotify.com/track/0IfkQAPD0IhWPyOKmMWm62,intimate dreamy tender
Ambient Music,Spiritual Power Control,"Spiritual Journey to the Past (Deep Ethnic Meditation, Soothing Sounds for the Soul & Well Being, Native American Flute, Indian Drums & Chants)",2017-08-17,2Pc0CZGZPpHZtH45WcC1uE,https://open.spotify.com/track/2Pc0CZGZPpHZtH45WcC1uE,intimate dreamy tender
Contemporary Ambience for Playing Flashbacks,Trabajar desde Casa,Instrumental Music for Work,2022-12-03,57mN8AUOftHGaKuFFIMmqI,https://open.spotify.com/track/57mN8AUOftHGaKuFFIMmqI,intimate dreamy tender
Calm Ambient Music,Stress Relief Calm Oasis,"Anti Stress Music: 7 Hours Relaxation, Autogenic Training, Biofeedback New Age Soothing Songs, Stress Relief Therapy Healing",2016-03-08,3mMyYBQoKzG5Awz5BwHEaH,https://open.spotify.com/track/3mMyYBQoKzG5Awz5BwHEaH,intimate dreamy tender
Ambient Piano Lofi,Zen.,Ambient Piano Lofi,2022-06-27,63oLkNwFosiZGxIZ1Ptics,https://open.spotify.com/track/63oLkNwFosiZGxIZ1Ptics,intimate dreamy tender
Calming Instrumental Piano Music Vibes,Calming Instrumental Jazz Ambiance,Calming Instrumental Piano Music Vibes,2019-10-17,5Wjo3MhozZaeb5JXfJ35yW,https://open.spotify.com/track/5Wjo3MhozZaeb5JXfJ35yW,intimate dreamy tender
Ambient Sleep Music,Baby Lullabies Music,"Baby Lullabies: Relaxing Baby Music Piano, Baby Songs, Bedtime Music, Soothing Baby Sleep, Newborn Sleep Aid, Instrumental Piano",2013-02-11,1Ra1rvNweJ0rzJoNrHHm5D,https://open.spotify.com/track/1Ra1rvNweJ0rzJoNrHHm5D,intimate dreamy tender
Ambient Sounds,Lord Krishna,Concentration Music Exam Study – Instrumental Background Music for Studying,2015-09-30,1f0AlUchFir7A8Yn2qWbc2,https://open.spotify.com/track/1f0AlUchFir7A8Yn2qWbc2,intimate dreamy tender
Calm Ambient Piano,cleanmindsounds,Calm Ambient Piano,2022-08-30,3HkGOFMjhWi5uP5ZMgJL11,https://open.spotify.com/track/3HkGOFMjhWi5uP5ZMgJL11,intimate dreamy tender
Ambient Documentary Cinematic,cleanmindsounds,Ambient Documentary Cinematic,2022-10-29,1yNpG7bwvAMfX0tZZvfLXn,https://open.spotify.com/track/1yNpG7bwvAMfX0tZZvfLXn,intimate dreamy tender
Ambient Meditation,Herman Glenn,"Study Music Brain Power (music for study, deep focus, music for concentration, concentration music, relaxing piano, piano relaxation , piano ambient, study time, studying music, brain music, memory and concentration for exam, study hard)",2017-02-10,7uPbbinBRQwArP3NXdWK2U,https://open.spotify.com/track/7uPbbinBRQwArP3NXdWK2U,intimate dreamy tender
Ambient Dreams,The Deep Sleep Scientists,Dreamtime,2020-10-22,18GilYoGfF9LUeDruW1f83,https://open.spotify.com/track/18GilYoGfF9LUeDruW1f83,intimate dreamy tender
SPA Ambient,John Zen,Sleep Sounds - Relaxing Instrumental Music for Sleep Disorders and Insomnia,2016-04-11,5i3Z2esTU3Bgt5RzC3l5yz,https://open.spotify.com/track/5i3Z2esTU3Bgt5RzC3l5yz,intimate dreamy tender
Mysterious Ambient Cinematic,cleanmindsounds,Mysterious Ambient Cinematic,2022-09-30,07ClLalCUUWPsTsG0sjUwu,https://open.spotify.com/track/07ClLalCUUWPsTsG0sjUwu,intimate dreamy tender
Ambient Background Music,Background Music Experience,"Background Music: Relaxing Background Piano Music for Relaxation, Spa Music Meditation, Yoga Music, Ambient Music for Sleep and Calm Music for Studying and Sleeping Music",2017-08-11,6YHzeduiLQOn5r1BmXMPSy,https://open.spotify.com/track/6YHzeduiLQOn5r1BmXMPSy,intimate dreamy tender
Soft Atmosphere,Jazz Instrumental Music Academy,"Soft Background Music – Instrumental Jazz Ambient, Easy Listening Piano, Slow Songs for Night Relaxation",2017-04-06,3t9wbR3W9Wbg4iCJIeXHS0,https://open.spotify.com/track/3t9wbR3W9Wbg4iCJIeXHS0,intimate dreamy tender
Ambient Sleeping Music,Deep Sleep Music Collective,"Sleep: Sounds of Ocean Waves and Piano For Sleeping, Relaxation and Deep Sleep Aid",2019-03-05,3iODcZdDYcRf0bKVmFD5Ky,https://open.spotify.com/track/3iODcZdDYcRf0bKVmFD5Ky,intimate dreamy tender
Meditation Ambient Part I,Ambient Space Background,Ambient Sleep - Space Music Meditation,2022-05-31,1F1X7lfxaTS4VDaWnLd9e4,https://open.spotify.com/track/1F1X7lfxaTS4VDaWnLd9e4,intimate dreamy tender
Ambient Meditation World,Trouble Sleeping Music Universe,"Peaceful Music for Sleep: Natural Sounds, Relaxation, Spirituality, Meditation, Deep Sleep, Healing Soundtrack, Sounds of Nature",2016-10-06,1Lyk760qsEefcHTk6mQVIP,https://open.spotify.com/track/1Lyk760qsEefcHTk6mQVIP,intimate dreamy tender
Ambient Piano Sleeping Music,Deep Sleep Music Collective,Music for Sleep and Soft Piano Sleeping Music,2017-10-27,2g8yHhtAOqe3B6p062w76M,https://open.spotify.com/track/2g8yHhtAOqe3B6p062w76M,intimate dreamy tender
Ambience - Instrumental,4everfreebrony,Ambience (Ambient.White Original Soundtrack),2021-10-03,3Ay0iwbgeYFoy38oYhSWZj,https://open.spotify.com/track/3Ay0iwbgeYFoy38oYhSWZj,intimate dreamy tender
Inspire Ambient Music,331Music,Good Vibe Corporate,2021-02-23,3CrIVaax64eZ7ZPfr7IuUb,https://open.spotify.com/track/3CrIVaax64eZ7ZPfr7IuUb,intimate dreamy tender
Ambient Tech,DensoMusic,Ambient Corporate Background,2021-03-21,7qxMuRZpVlyIZyDQhfFwyE,https://open.spotify.com/track/7qxMuRZpVlyIZyDQhfFwyE,intimate dreamy tender
Ambient Background Instrumental Piano,Piano for Studying,Background Music Piano (Instrumentals),2021-11-05,3Udatv7WhDOPc26HVtsBi7,https://open.spotify.com/track/3Udatv7WhDOPc26HVtsBi7,intimate dreamy tender
Ambient Piano,Music for Reading,"Keep Calm and Concentration (music for studying, relaxing music, focus and study, easy listening, piano music for concentration)",2016-05-08,13ZOn2XiAueeAyEk3tkqPv,https://open.spotify.com/track/13ZOn2XiAueeAyEk3tkqPv,intimate dreamy tender
Ambient Electro Cinematic Trailer,Carlos Estella,Epic,2020-06-23,0vi0ftPEdNKLL3KaBWh5Hn,https://open.spotify.com/track/0vi0ftPEdNKLL3KaBWh5Hn,intimate dreamy tender
Ambient Winter Instrumentals Playlist,Chill Winter Music,Cozy Winter Vibes Music For Chilling By Fireplace,2022-12-28,2XdzsC709ZDSxcMT8l6xCu,https://open.spotify.com/track/2XdzsC709ZDSxcMT8l6xCu,intimate dreamy tender
Cinematic Piano Ambient,AShamaluevMusic,Cinematic Piano Ambient,2017-10-15,3eSreCYlZ8pRg3fDkO2POI,https://open.spotify.com/track/3eSreCYlZ8pRg3fDkO2POI,intimate dreamy tender
Ambient Spa Music,Spa,"Spa: Piano and Nature Sounds and Bird Sounds For Spa Music, Massage Music, Yoga Music, Meditation Music and Soothing Music For Relaxation",2021-04-16,0DI3tWSkYLtwNZjKguoTcz,https://open.spotify.com/track/0DI3tWSkYLtwNZjKguoTcz,intimate dreamy tender
Ambient Subconscious,Harper Zen,Meditation Dream: Relaxing Music for Meditation,2015-02-26,4zdJXN2ue0iLVEV62VKX7o,https://open.spotify.com/track/4zdJXN2ue0iLVEV62VKX7o,intimate dreamy tender
Soft Atmosphere,Jazz Instrumental Music Academy,"Soft Background Music – Instrumental Jazz Ambient, Easy Listening Piano, Slow Songs for Night Relaxation",2017-04-06,3t9wbR3W9Wbg4iCJIeXHS0,https://open.spotify.com/track/3t9wbR3W9Wbg4iCJIeXHS0,intimate dreamy tender
Ambient Chopin,Peter M. Murray,Ambient Chopin,2015-04-28,6O7iRVA3so0JF0fE3NLpZV,https://open.spotify.com/track/6O7iRVA3so0JF0fE3NLpZV,intimate dreamy tender
Ambient Music for Meditation,Relaxing Zen Music Therapy,"Hypnotic Trance Meditation – Ambient Sounds, Relaxation Therapy, Mystical Trance, Yoga & Mindfulness, Serenity & Calmness, Sleep & Dreams",2017-10-02,6ZTfcTHgnco86LPUCavBBi,https://open.spotify.com/track/6ZTfcTHgnco86LPUCavBBi,intimate dreamy tender
Ambient Piano Music for Sleeping,Deep Sleep Music Collective,Music for Sleep and Soft Piano Sleeping Music,2017-10-27,7eQzIP1yhtKzZZ92mn6PLM,https://open.spotify.com/track/7eQzIP1yhtKzZZ92mn6PLM,intimate dreamy tender
Distant Visions,Keith Richie,Ambient Highways,2021-04-12,3C6arXyVAjOIQWPTyfrsUd,https://open.spotify.com/track/3C6arXyVAjOIQWPTyfrsUd,intimate dreamy tender
Instrumental Atmosphere,Amelia System,New Age Ambient - Relaxing Electronic Music,2020-04-14,5AoFBXRgN14044BNqi7uVx,https://open.spotify.com/track/5AoFBXRgN14044BNqi7uVx,intimate dreamy tender
Atmospheric Backdrops for Morning Victory,Autumn Jazz Ambient,Ambiance for Morning Victory,2022-10-20,6Z6moNVWEtdLkgirS31uyB,https://open.spotify.com/track/6Z6moNVWEtdLkgirS31uyB,intimate dreamy tender
Ambient Jazz,Sensual Chill Saxaphone Band,Winter Jazz Ballads,2017-12-12,0O2gQeLOOmJfsEy4NuY0U0,https://open.spotify.com/track/0O2gQeLOOmJfsEy4NuY0U0,intimate dreamy tender
Hypnotic Ambience for Creative Sky,Autumn Jazz Ambient,Ambiance for Morning Victory,2022-10-20,6NczuTvabl3u4JTCNjrUQt,https://open.spotify.com/track/6NczuTvabl3u4JTCNjrUQt,intimate dreamy tender
Tranquil Ambient,Restfull Sleep Music Collection,Harp Music for Sleep: Soothing Sleepover Songs,2021-12-07,5uQRJgfR3RUpnKbyHLG9AJ,https://open.spotify.com/track/5uQRJgfR3RUpnKbyHLG9AJ,intimate dreamy tender
Tranquil Ambient,Baby Sleep Lullaby Academy,"Instrumental Lullaby for Babies (Music Box Lullaby, Soothing Calming Music & Gentle Sleep Sounds, Sleep Aid, Sweet Dreams)",2018-10-04,5dIHVPzMtEdeRp9mQiyHId,https://open.spotify.com/track/5dIHVPzMtEdeRp9mQiyHId,intimate dreamy tender
Ambience,E.lementaL,Ambience,2021-06-21,5HROkBK3wYfIk0Ri782BLf,https://open.spotify.com/track/5HROkBK3wYfIk0Ri782BLf,intimate dreamy tender
Spirit - Ambient Music,Little World of Peace,Spa Music,2011-03-31,7rbmTKOkxviUT7nOEboXaP,https://open.spotify.com/track/7rbmTKOkxviUT7nOEboXaP,intimate dreamy tender
Ambient Cinematic Documentary,cleanmindsounds,Ambient Cinematic Documentary,2022-06-28,0VjSKyl25l1uKhi3DrostF,https://open.spotify.com/track/0VjSKyl25l1uKhi3DrostF,intimate dreamy tender
Relaxing Ambient Music,Jazzy Study,3 Hours of Smooth Jazz for Studying,2018-12-15,6Db4WA64047ZWt1Fr7BQ4S,https://open.spotify.com/track/6Db4WA64047ZWt1Fr7BQ4S,intimate dreamy tender
Ambient Music For Spa,Spa,"Spa Music: Rain Sounds and The Most Relaxing Background Music For Spa, Massage, Yoga, Meditation, Healing and Welness, Vol. 3",2019-09-01,1uDZUMH2MNe2lZizbxsqAc,https://open.spotify.com/track/1uDZUMH2MNe2lZizbxsqAc,intimate dreamy tender
Ambient Orchestra for Calm Productivity,Jun Lee,Ambient Orchestral Score for Relaxed Study and Focus,2025-04-11,4xAtpEXp24X97VPjeJQvie,https://open.spotify.com/track/4xAtpEXp24X97VPjeJQvie,intimate dreamy tender
Ambient Music For Sleep,Deep Sleep Music Collective,"Sleep: Sounds of Ocean Waves and Piano For Sleeping, Relaxation and Deep Sleep Aid",2019-03-05,4JoZQvyCHPhge8aoNMYymi,https://open.spotify.com/track/4JoZQvyCHPhge8aoNMYymi,intimate dreamy tender
Ambient 05,Knight Shift,Knight Shift,2013-09-20,6S1VCkZcMjgzxloRp2Z5lG,https://open.spotify.com/track/6S1VCkZcMjgzxloRp2Z5lG,intimate dreamy tender
Piano Ambient Lounge,Jazz Paradise Music Moment,"Jazz with Ocean Waves - Mellow, Relaxing and Hypnotically Soothing",2018-02-27,1IcKrgw5jY7cBfbrLpJKLC,https://open.spotify.com/track/1IcKrgw5jY7cBfbrLpJKLC,intimate dreamy tender
Ambient Journey,Robbins Island Music Group,"Ambient Mood Music: Ambient Instrumental Music for Deep Sleep, Stress Relief, Bedtime Music, Meditation & Spa Treatments",2014-06-04,5ncCkYAt4fNn8p4cACLRIf,https://open.spotify.com/track/5ncCkYAt4fNn8p4cACLRIf,intimate dreamy tender
Sad Ambient LoFi,LO-FI BEATS,"!!!"" Lofi Beats To Sleep To ""!!!",2022-09-21,0UP6jXBb9WvnM5TeYoZuaN,https://open.spotify.com/track/0UP6jXBb9WvnM5TeYoZuaN,intimate dreamy tender
In my quiet hour,Lo-Fi Ambient,Lofi Ambient with Nature Sounds,2020-08-23,1BmAKHjcu2YDcokgYkUYRz,https://open.spotify.com/track/1BmAKHjcu2YDcokgYkUYRz,intimate dreamy tender
Ambient Music,Meditation Music Zone,"Shamanic Meditation (Indian Healing Music with Nature Sounds, Relaxation & Sleep)",2018-02-10,2FqTWYyu7omTyh7ZFF5uZY,https://open.spotify.com/track/2FqTWYyu7omTyh7ZFF5uZY,intimate dreamy tender
Mystical Ambience,Asian Zen: Spa Music Meditation,"Spa Music: Relaxing and Soothing Instrumental Music With Nature Sounds of Birds for Massage Therapy, Yoga, Meditation, Deep Sleep and Asian Zen Bird Sounds and Oriental Music for Spa",2017-02-23,1auymeC50ZAoEbSZPGz474,https://open.spotify.com/track/1auymeC50ZAoEbSZPGz474,intimate dreamy tender
Lofi Chill Ambience,Sad Music,Lofi Relaxing Hip Hop Beats,2021-05-18,6ejLG28ScO7AG8zCeJdfnA,https://open.spotify.com/track/6ejLG28ScO7AG8zCeJdfnA,intimate dreamy tender
Soundscapes,Robbins Island Music Group,"Ambient Mood Music: Ambient Instrumental Music for Deep Sleep, Stress Relief, Bedtime Music, Meditation & Spa Treatments",2014-06-04,6QzvAkEcj2iZPfjjvTiWDK,https://open.spotify.com/track/6QzvAkEcj2iZPfjjvTiWDK,intimate dreamy tender
Ambient Music and Binaural Beats,Binaural Beats Focus,"Binaural Beats Studying Music: Binaural Beats for Focus and Ocean Waves, Study Music, Isochronic Tones and Theta Waves for Concentration",2021-10-26,4yOD1ng6PP4joiwbx3RCWh,https://open.spotify.com/track/4yOD1ng6PP4joiwbx3RCWh,intimate dreamy tender
Meditation Ambient Part II,Ambient Space Background,Ambient Sleep - Space Music Meditation,2022-05-31,2Csxo5W6D8QWNtQba8KN8I,https://open.spotify.com/track/2Csxo5W6D8QWNtQba8KN8I,intimate dreamy tender
Inspirational Ambient,Mapa,Ambient,2021-12-24,6rk6VGnE7bMKtQbWR9PZ5J,https://open.spotify.com/track/6rk6VGnE7bMKtQbWR9PZ5J,intimate dreamy tender
Ambient Music,Sleeping Music Zone,Bedtime Ambient Music (Monotonous Music That’ll Make You Feel Sleepy and Make You Fall Asleep Quickly and Easily),2019-08-02,7iKhw4LBZmMeGDrNeEQ7wc,https://open.spotify.com/track/7iKhw4LBZmMeGDrNeEQ7wc,intimate dreamy tender
Perfect Ambience,Spa Music Hour,2 Hours of Relaxing Spa Ambience,2020-12-07,4LmZkswV8W54KrtB232e1M,https://open.spotify.com/track/4LmZkswV8W54KrtB232e1M,intimate dreamy tender
Ambient Sleep,Ambience Architect,Calming Night,2022-12-15,7BiW9cg3lnkKvn9m39eYet,https://open.spotify.com/track/7BiW9cg3lnkKvn9m39eYet,intimate dreamy tender
Ambient LoFi,LO-FI BEATS,"!!!"" Relaxing Cafe Beats ""!!!",2022-09-22,4ClWynpq9S71STYBteyCk2,https://open.spotify.com/track/4ClWynpq9S71STYBteyCk2,intimate dreamy tender
Ambient LoFi,Lofi Sleep Chill & Study,Coding Music,2021-02-21,5hwYAJpWsL5GlyvoONJYsC,https://open.spotify.com/track/5hwYAJpWsL5GlyvoONJYsC,intimate dreamy tender
Ambient Piano - Solo,Jazz Music Lounge,Light Instrumental Jazz,2022-01-07,2hmGgusagBFwJ8dEPBfxMV,https://open.spotify.com/track/2hmGgusagBFwJ8dEPBfxMV,intimate dreamy tender
Instrumental Piano Ambience,Piano for Studying,Relaxing Piano Music For Work,2021-08-17,1xhiSfiuliA7pMifKzZpsj,https://open.spotify.com/track/1xhiSfiuliA7pMifKzZpsj,intimate dreamy tender
Ambient,Kids Lullabies,50 Songs for Sleepy Kids - Instrumental Music for Baby Sleep Deep Relaxation,2017-03-13,2uFgpKACNus5MmxQq5kyGd,https://open.spotify.com/track/2uFgpKACNus5MmxQq5kyGd,intimate dreamy tender
Ambient Nature Motivations,Calming Music Ensemble,"111 Zen Power Tracks: Music for Yoga, Pilates and Tai-Chi (Nature Sounds, Ocean Waves, Birds in Garden and Forest, Water Ambient, Oriental Flute, Calming New Age)",2016-12-30,3yOjV0LtrEm8aZP3bM7KNc,https://open.spotify.com/track/3yOjV0LtrEm8aZP3bM7KNc,intimate dreamy tender
Ambient Motivational Corporate,StereojamMusic,Inspirational Corporate Music,2016-10-15,7f3f3rOEkagYu3urWwKR1y,https://open.spotify.com/track/7f3f3rOEkagYu3urWwKR1y,intimate dreamy tender
Ambient Documentary,cleanmindsounds,Ambient Documentary,2022-09-30,1CkaBMu2z9oPYXdtlaAqYC,https://open.spotify.com/track/1CkaBMu2z9oPYXdtlaAqYC,intimate dreamy tender
Ambient Music,Mitch Lerunesh,Sounds for Deep Mental Stillness,2016-08-23,00qWvepQrFMp8O4cd5uEbn,https://open.spotify.com/track/00qWvepQrFMp8O4cd5uEbn,intimate dreamy tender
Ambient Mild Documentary - Ambient Mild Documentary,DepasRec,Ambient Mild Documentary,2018-11-15,1UJLBquYvjQBkc3gWPsirV,https://open.spotify.com/track/1UJLBquYvjQBkc3gWPsirV,intimate dreamy tender
Soothe,Instrumental Sleeping Music,A Playlist of Ambient Music,2022-02-17,0k4D0J7MpPhZH9FpP2oz11,https://open.spotify.com/track/0k4D0J7MpPhZH9FpP2oz11,intimate dreamy tender
Ambient Learning,Upbeat Study Music,Upbeat Study Music Ambient Concentration,2022-01-24,6NFw7xZGuh6Dw3vxZtcoMM,https://open.spotify.com/track/6NFw7xZGuh6Dw3vxZtcoMM,intimate dreamy tender
Ambient Corporate,StereojamMusic,Inspirational Corporate Music,2016-10-15,1DCiUDHRk7EV5Wcj648v1B,https://open.spotify.com/track/1DCiUDHRk7EV5Wcj648v1B,intimate dreamy tender
Ambient Piano,Violin Chinrest,New Age Piano Music - Ambient Sleep Music,2020-09-22,7Lx0kOvvLnHZgRtRLvxjGL,https://open.spotify.com/track/7Lx0kOvvLnHZgRtRLvxjGL,intimate dreamy tender
Chillout Soundscapes,Like Chopin,Relaxing Piano Music Ambient Soundscapes,2018-11-25,6ABb3SBYuzaZCsyPaboRnq,https://open.spotify.com/track/6ABb3SBYuzaZCsyPaboRnq,intimate dreamy tender
Lounge Piano Ambient,Cocktail Lounge Piano,Cocktail Lounge Piano Playlist,2019-06-25,3LxbKSCAAtbHrH63RdlUNK,https://open.spotify.com/track/3LxbKSCAAtbHrH63RdlUNK,intimate dreamy tender
Ambient Baby Sleep Music,Baby Sleep Music,Baby Sleep Music: Calm Baby Lullabies and Soothing Instrumental Music For Baby Sleep Aid and baby Lullaby Music For Sleep,2020-02-06,3bSEqUofDg1AaMxxXEPP1v,https://open.spotify.com/track/3bSEqUofDg1AaMxxXEPP1v,intimate dreamy tender
Relaxing Ambient Synth Music,Amelia System,Relaxing 80s Synth - Cyberpunk Vibes Night City,2020-10-09,4p3TtSd69WXk368l98o2cm,https://open.spotify.com/track/4p3TtSd69WXk368l98o2cm,intimate dreamy tender
Atmospheric Ambience for Mystical Life,Office Work Music,Summer Holiday Chill,2023-02-25,7FeMHzr6zngmAcvmbWI5a5,https://open.spotify.com/track/7FeMHzr6zngmAcvmbWI5a5,intimate dreamy tender
Relaxing Ambience,Music Studying,Music Studying,2020-06-13,4C7XNzYvwwcijNxs3NXmMw,https://open.spotify.com/track/4C7XNzYvwwcijNxs3NXmMw,intimate dreamy tender
Ambient LoFi,Lofi Sleep Chill & Study,Lofi Rain,2021-11-12,0goLA2tQOALXq3sLL74KPb,https://open.spotify.com/track/0goLA2tQOALXq3sLL74KPb,intimate dreamy tender
Breathing Brain (II),The Ambient Composer,Relaxing Classical Sleep,2017-05-02,7kUdkLAmxTdzXPsmBha7GV,https://open.spotify.com/track/7kUdkLAmxTdzXPsmBha7GV,intimate dreamy tender
Ambient Piano 2,MATSU,ソロピアノ Vol.3 -Instrumental BGM- by Audiostock,2020-09-16,34UIDX7YeEmCmzY2X8Gf5g,https://open.spotify.com/track/34UIDX7YeEmCmzY2X8Gf5g,intimate dreamy tender
Peaceful Piano Instrumental For Studying,Study Music Research,Ambient Piano For Studying,2022-11-07,2TdNqTy41icRllATeZFhtM,https://open.spotify.com/track/2TdNqTy41icRllATeZFhtM,intimate dreamy tender
Ambient Spa Music for Massage,James Inner,"The Ultimate Insomnia Cure - Slow Wave Sleep, Delta & Alpha Waves for Sleep Therapy",2017-06-21,5Cl34ijiGvNgmgwVLS4FCe,https://open.spotify.com/track/5Cl34ijiGvNgmgwVLS4FCe,intimate dreamy tender
"Musical Ambient Melodies for Peaceful Thoughts, Pt. 21",Quiet Meditation Music,Musical Ambient Melodies for Peaceful Thoughts,2022-07-29,7BdH7LTp8YbpURDfDcQJ9S,https://open.spotify.com/track/7BdH7LTp8YbpURDfDcQJ9S,intimate dreamy tender
Ambient Ethnic Cinematic,cleanmindsounds,Ambient Ethnic Cinematic,2022-11-30,2kQygUJZmhZUgMzKnfmeXF,https://open.spotify.com/track/2kQygUJZmhZUgMzKnfmeXF,intimate dreamy tender
Perfect Ambience,Spa Music Hour,2 Hours of Calming Piano for Deep Sleep,2020-12-03,0BMUDBXQtH7ZZgQ9UM6JFT,https://open.spotify.com/track/0BMUDBXQtH7ZZgQ9UM6JFT,intimate dreamy tender
Relaxing Background Jazz Vibes,Calming Instrumental Jazz Ambiance,Calming Instrumental Piano Music Vibes,2019-10-17,4cGbsCnDxxgC4zeUTOlQQb,https://open.spotify.com/track/4cGbsCnDxxgC4zeUTOlQQb,intimate dreamy tender
Ambient Corporate Background,StereojamMusic,Background Music For Successful Corporation,2020-11-21,1u99p8JJYYx0VudDgb1oJA,https://open.spotify.com/track/1u99p8JJYYx0VudDgb1oJA,intimate dreamy tender
Ambient Piano,Ben Dransfield,Slow Motion,2020-12-11,1QBexSt7JhZvTFdGh0TVwb,https://open.spotify.com/track/1QBexSt7JhZvTFdGh0TVwb,intimate dreamy tender
Ambient Attention,Mellow Study Grooves,Peaceful Productivity,2023-05-19,5mOXrjeikdrsD4q4VX7KCy,https://open.spotify.com/track/5mOXrjeikdrsD4q4VX7KCy,intimate dreamy tender
Ambient Cinematic Suspense,cleanmindsounds,Ambient Cinematic Suspense,2022-11-30,56dZYoeou8fgCZM1LhOcnP,https://open.spotify.com/track/56dZYoeou8fgCZM1LhOcnP,intimate dreamy tender
Ambient Background Forest Music,Spa Music Relaxation,"Spa Nature: Relaxing Zen Music For Spa Music and Nature Sounds, Forest Sounds and Bird Sounds For Spa, Massage, Healing and Wellness",2019-06-26,1C0wm2whvtfm28tOjoh8JX,https://open.spotify.com/track/1C0wm2whvtfm28tOjoh8JX,intimate dreamy tender
Ambient Dreams,The Blue Sky Relaxation Experience,"Relaxation Music with Ocean Waves: Spa and Massage, Vol. 1",2015-02-20,2OejsKM6OFG6tKVRQzwHgR,https://open.spotify.com/track/2OejsKM6OFG6tKVRQzwHgR,intimate dreamy tender
Entanglement,Mike Sajic,Electronic Scores,2018-05-17,4bF3aADi2R9m7I372OX29j,https://open.spotify.com/track/4bF3aADi2R9m7I372OX29j,intimate dreamy tender
Ambient Forest,Robin Berger,Mind Body And Soul,2017-12-07,5OUH726SpqX0iL3uOPcKrX,https://open.spotify.com/track/5OUH726SpqX0iL3uOPcKrX,intimate dreamy tender
Ambient Music to Relax Your Mind - Deep Meditation Music,Moody Time,"Relaxing Music - Songs and Lullabies to Help You Relax, Sleep and Meditate",2010-09-15,24sxCsdoNb9hS1JC5nXCrM,https://open.spotify.com/track/24sxCsdoNb9hS1JC5nXCrM,intimate dreamy tender
Calm,Ambient Music Therapy,Simplify . Clear . Calm . Soothe . Peace .,2005-01-01,2pmTLyV5gm9LUUCBCz80vF,https://open.spotify.com/track/2pmTLyV5gm9LUUCBCz80vF,intimate dreamy tender
Rainy Day (Reading Music),Ambience Fantasy,Instrumental Music for Reading Comics,2022-09-01,0kmvW5pmRjgSpPM5jP4S37,https://open.spotify.com/track/0kmvW5pmRjgSpPM5jP4S37,intimate dreamy tender
Ambient Music for Meditation,Meditasyon Enstrümental,Meditation Music Collection 50 - Meditation Music and Relaxing Meditation Songs,2015-08-24,6idzPFAWQjuXxxaEP7y5uc,https://open.spotify.com/track/6idzPFAWQjuXxxaEP7y5uc,intimate dreamy tender
Ambient LoFi Meditation,Lofi Sleep Chill & Study,Lofi Rain,2021-11-12,4snxzA4ImvwN1V85MxqZv4,https://open.spotify.com/track/4snxzA4ImvwN1V85MxqZv4,intimate dreamy tender
Ambient Relaxation,Instrumental Sleeping Music,Quietly,2022-11-25,13jm9pze7Jrvoq5fvE0Oy5,https://open.spotify.com/track/13jm9pze7Jrvoq5fvE0Oy5,intimate dreamy tender
Ambient Clouds,Gold In June,Waves,2010-08-13,1CdbvPX6BMe8ZoInb5cNwY,https://open.spotify.com/track/1CdbvPX6BMe8ZoInb5cNwY,intimate dreamy tender
Movie Music,Miami Chill Music Ensemble,Ambient Relaxation Chill Music Cool Instrumental Songs for Chilling Out,2020-11-11,39BN7D1ESMiAjHyE7BQoB2,https://open.spotify.com/track/39BN7D1ESMiAjHyE7BQoB2,intimate dreamy tender
Ambient Music,Best Jazz Virtuoso & Background JAZZ Essentials,"Luxury Hotel Lounge & Jazz Surroundings on Lobby Bar: Smooth Jazz Background, Full Relaxation & Chill, Rest after Long Journey, Amazing Experiences",2019-07-26,1FheLwsx0FUYkY2k4fOcH3,https://open.spotify.com/track/1FheLwsx0FUYkY2k4fOcH3,intimate dreamy tender
Smooth Calming Focusing Soft Sounds,Dark Lofi,Ambient Dark LoFi For Studying,2021-11-29,0zNpLvUzaqItc0HRpGa0qY,https://open.spotify.com/track/0zNpLvUzaqItc0HRpGa0qY,intimate dreamy tender
Ambient Music,Cosmos Records,"Ambient - Ambient Music and Ambient Sounds for Relaxation Meditation, Spa, Massage and Yoga",2011-02-16,5Cy38e1sIszlJdthLaVA3z,https://open.spotify.com/track/5Cy38e1sIszlJdthLaVA3z,intimate dreamy tender
Electronic Piano Ambience,Study Music Research,Upbeat Piano For Studying,2022-05-26,0VvckGnB7EZlFWvKLQVt4k,https://open.spotify.com/track/0VvckGnB7EZlFWvKLQVt4k,intimate dreamy tender
Perfect Ambience,Spa Music Hour,2 Hours of Calm Piano on the Shore,2020-12-04,2sO2SPCxav4wLF1gZ3LAR8,https://open.spotify.com/track/2sO2SPCxav4wLF1gZ3LAR8,intimate dreamy tender
Ambient Noise,Zenith Sky,Elusive Serenade,2020-09-30,7DGddzYlSkdrI6mLeHe0aL,https://open.spotify.com/track/7DGddzYlSkdrI6mLeHe0aL,intimate dreamy tender
Ambient Background Music,Study Music & Sounds,"Study Music For Focus and Ambient Alpha Waves Binaural Beats Studying Music, Vol. 5",2018-05-06,4axgKEo86wQJajpgCU5djX,https://open.spotify.com/track/4axgKEo86wQJajpgCU5djX,intimate dreamy tender
Ambient Sleep Music,Free Spirit,Meditation Piano Music With Nature Sounds Natural White Noise for Relaxation,2011-10-26,0gbNSWv9PXdzDvJjk5b2ji,https://open.spotify.com/track/0gbNSWv9PXdzDvJjk5b2ji,intimate dreamy tender
Mind,Ambient Sounds for Reading,Ambient Stories,2018-06-09,4foSAIZP6vKsHF9aSCnnsl,https://open.spotify.com/track/4foSAIZP6vKsHF9aSCnnsl,intimate dreamy tender
Ambient,Drøme,Drøme,2022-04-08,0AcUrDzL8fb74CmLN8O9N1,https://open.spotify.com/track/0AcUrDzL8fb74CmLN8O9N1,intimate dreamy tender
Sanft,Ambientalism,Blissful Serenades,2021-07-07,5lgcxvz1oCL8eDCHFJX99Q,https://open.spotify.com/track/5lgcxvz1oCL8eDCHFJX99Q,intimate dreamy tender
Calming Ambience,The Deep Sleep Scientists,Bedtime Bliss,2020-10-06,20EfIEjrRYmmRVXtf4gSRK,https://open.spotify.com/track/20EfIEjrRYmmRVXtf4gSRK,intimate dreamy tender
Ambient,Focus Brain,Deep Study Music for Exams and Concentration – Deepen Your Concentration,2018-05-29,0EzEWLDWPTTcy2flSuKG07,https://open.spotify.com/track/0EzEWLDWPTTcy2flSuKG07,intimate dreamy tender
Ambient Piano,Study Concentration,"Study Concentration: Focus, Brain Power, Studying Music, Memory & Relaxation",2016-09-04,2lZzH2RyhGNrNaVBUkYj48,https://open.spotify.com/track/2lZzH2RyhGNrNaVBUkYj48,intimate dreamy tender
Chill Ambient Vibes,Pop Instrumental Collection,Café Spring,2023-05-02,4IbeMqs2FxTrP2pNk6XyZE,https://open.spotify.com/track/4IbeMqs2FxTrP2pNk6XyZE,intimate dreamy tender
Ambient Music,Massage Music and Spa,Spa Music,2015-11-11,4y774A3reprSGhoXNAHuNz,https://open.spotify.com/track/4y774A3reprSGhoXNAHuNz,intimate dreamy tender
Tranquil Soundscape,Instrumental Chillout Lounge Music Club,Soft Carnival Restaurant Playlist,2020-09-11,3kbJ7GFXfM7J23Q9bAKYDX,https://open.spotify.com/track/3kbJ7GFXfM7J23Q9bAKYDX,intimate dreamy tender
Ambient Soundscapes,Every Night Alder,"Deep Sleep Hypnosis 101 - Relaxing Music to Help You Sleep at Night, Lucid Dreaming Songs",2016-08-13,5QhsQNcfSpCzl23JjJENXD,https://open.spotify.com/track/5QhsQNcfSpCzl23JjJENXD,intimate dreamy tender
Ambient Music,State of Deep Focus,Focus Music for Work – Increase Focus and Creative Thinking with Sounds of Nature and Instrumental Background Music,2019-10-01,4blLOYqecrjwGXdt8nKT4E,https://open.spotify.com/track/4blLOYqecrjwGXdt8nKT4E,intimate dreamy tender
Ambient Binaural Beats,Binaural Beats Sleep,"Binaural Beats: Ambient Music and Rain Sounds for Sleep, Deep Sleep Relaxation and Soothing Sleeping",2018-12-07,1ef6IFLEet3DYDhezHaKYi,https://open.spotify.com/track/1ef6IFLEet3DYDhezHaKYi,intimate dreamy tender
Background Instrumental Music Lounge,Hans Ambient,Morning Coffee Lounge - Soft and Slow Lounge Chillout Music for Ambience,2014-09-30,6ooruSGSC6CVJT7361MULx,https://open.spotify.com/track/6ooruSGSC6CVJT7361MULx,intimate dreamy tender
Ambient Piano,Allen Grey,Soundscape Collection,2020-12-09,2E0y9OsqpfFxXlxZGZbziZ,https://open.spotify.com/track/2E0y9OsqpfFxXlxZGZbziZ,intimate dreamy tender
Breathing Brain (I),The Ambient Composer,Relaxing Classical Sleep,2017-05-02,4YgGlbOSnp8MV7pAyTGJbi,https://open.spotify.com/track/4YgGlbOSnp8MV7pAyTGJbi,intimate dreamy tender
Ambient Winter - Instrumentals,Chill Winter Music,Cozy Winter Vibes Music For Chilling By Fireplace,2022-12-28,3Mtt7YZSd4OSwrU2vecGQf,https://open.spotify.com/track/3Mtt7YZSd4OSwrU2vecGQf,intimate dreamy tender
Ambient Soundscape for Sleep,Solis Reverie,Autumn's Enchanted Sojourn,2020-03-01,3F5uzDnYSGdFxNjMf0ysSQ,https://open.spotify.com/track/3F5uzDnYSGdFxNjMf0ysSQ,intimate dreamy tender
Ambient Background Forest Sound Music,Binaural Beats Study Music,Concentration Study: Background Binaural Beats Reading Music,2022-06-28,3gVWAuxFj7Cvmcv0Dlpnjy,https://open.spotify.com/track/3gVWAuxFj7Cvmcv0Dlpnjy,intimate dreamy tender
Ambient Chill,The Soft Jazz Candle Light Romantic Music Band,"Candle Light Romance (Soft Jazz Instrumental, Easy Listening, Dinner, Relaxing Music Songs with Romantic Party Ambiance)",2013-06-24,4xVGyHqJzO156Qlvj1OyO9,https://open.spotify.com/track/4xVGyHqJzO156Qlvj1OyO9,intimate dreamy tender
Ambient Sitar,Mystical Guide,Escape from Negatives: Music for Good Mental Health and Positivity,2019-06-12,7MG3I6GpnS8iXcZ3VIKIcb,https://open.spotify.com/track/7MG3I6GpnS8iXcZ3VIKIcb,intimate dreamy tender
Ambient,Stereo Color,Documentary,2022-08-22,6ZQXBI004hedgd6hauTRjc,https://open.spotify.com/track/6ZQXBI004hedgd6hauTRjc,intimate dreamy tender
Chill Study Beats,Acerting Art,Lofi Music Compilation,2021-11-30,5X6n1mw0n4yIwohGWPnG5D,https://open.spotify.com/track/5X6n1mw0n4yIwohGWPnG5D,intimate dreamy tender
Ambient Mysteries,Mark Kilian,"Science and Research, Vol. 2",2010-06-30,7J1JrSqW5cYmMys3wPoCW0,https://open.spotify.com/track/7J1JrSqW5cYmMys3wPoCW0,intimate dreamy tender
Storm Calmer,Ambience Fantasy,Fantasy Lullaby Music: 22 Enchanted Majestic Orchestral Tracks,2022-07-08,0pTJVt2m9QNm1nIt43yJOB,https://open.spotify.com/track/0pTJVt2m9QNm1nIt43yJOB,intimate dreamy tender
Ambient Piano Solo,Piano for Studying,Relaxing Piano Music For Work,2021-08-17,71ViCH4LQiFLcH8aAnwTpy,https://open.spotify.com/track/71ViCH4LQiFLcH8aAnwTpy,intimate dreamy tender
R&R,Calming Instrumental Jazz Ambiance,Calming Instrumental Piano Music Vibes,2019-10-17,00wv9aAu8KVAlmGS5KH6yy,https://open.spotify.com/track/00wv9aAu8KVAlmGS5KH6yy,intimate dreamy tender
Amazing Ambient,Soothing Motion,Journaling Soundscapes: Soft Music to Start Journaling and Take Notes of your Thoughts and Feelings,2022-03-14,4cifrAjQHabHOCpeUWPfiZ,https://open.spotify.com/track/4cifrAjQHabHOCpeUWPfiZ,intimate dreamy tender
Classic Spa Ambience,Spa Music Hour,2 Hours of Serene Piano Sleep,2020-12-05,4tWVg5KOvtgWmrl4B5aWjd,https://open.spotify.com/track/4tWVg5KOvtgWmrl4B5aWjd,intimate dreamy tender
Ambiance of a Piano,Shannon Devos,"Indie Cinematic Soundtrack Music, Vol. 2",2015-10-29,30JSWea6FlwWumUShhYr2M,https://open.spotify.com/track/30JSWea6FlwWumUShhYr2M,intimate dreamy tender
Ambient LoFi Meditation,Lofi Sleep Chill & Study,Night Lofi,2021-11-09,4Zhx1DbhLgvMYSNSw9jcDw,https://open.spotify.com/track/4Zhx1DbhLgvMYSNSw9jcDw,intimate dreamy tender
Ambient Piano,Study Time,"Instrumental Piano, Relaxation, Study, Chill, Sleep, Meditation, Yoga, Zen, Babies, Soft, Calm",2018-10-11,48Ug5CETajWILH8mOrUOde,https://open.spotify.com/track/48Ug5CETajWILH8mOrUOde,intimate dreamy tender
Ambient LoFi,Lofi Sleep Chill & Study,Night Lofi,2021-11-09,27Dy5qzGIGdEjXFNunuCix,https://open.spotify.com/track/27Dy5qzGIGdEjXFNunuCix,intimate dreamy tender
Forest Ambient LoFi,LoFi By Nature,Forest Ambiance & Lofi Chill,2022-04-22,2p8JeiB9G74uyPHG8hmeWO,https://open.spotify.com/track/2p8JeiB9G74uyPHG8hmeWO,intimate dreamy tender
Soft Rain Ambient Music,Study Music Library,"Study Music With Rain Sounds, Calm Music For Studying, Reading, Focus, Concentration and Relaxing Studying Music With Nature Sounds Background Music Study Aid",2020-04-22,0LMuN0q8ULCQexMwCTkWit,https://open.spotify.com/track/0LMuN0q8ULCQexMwCTkWit,intimate dreamy tender
Ambient Music For Sleep,Binaural Beats Sleep,"Binaural Beats: Ambient Music and Rain Sounds for Sleep, Deep Sleep Relaxation and Soothing Sleeping",2018-12-07,1AFswmTqww4zQ2NBIrnQFv,https://open.spotify.com/track/1AFswmTqww4zQ2NBIrnQFv,intimate dreamy tender
Emotional Cinematic Ambient,AShamaluevMusic,Emotional Cinematic Ambient,2018-12-31,7vBOdpZSovoUjFgtYKPzfE,https://open.spotify.com/track/7vBOdpZSovoUjFgtYKPzfE,intimate dreamy tender
Cinematic Minimalist Ambient Piano,Rafael Krux,Cinematic Piano,2022-05-23,2iG0xob7wNKUyUFLoZaWhk,https://open.spotify.com/track/2iG0xob7wNKUyUFLoZaWhk,intimate dreamy tender
Ambient Music,Baby Deep Sleep Lullabies,"Relaxing Piano Lullabies – Gentle New Age Background Music for Babies to Relax, Relaxing Songs for Toddlers to Fall Asleep, Natural Baby Sleep Aids with White Noise and Soothing Sounds",2015-07-08,25PSCD2MFP5rNv5GifYNdc,https://open.spotify.com/track/25PSCD2MFP5rNv5GifYNdc,intimate dreamy tender
Ambient Music For Luxury Merchandise,Media Music Group,Ambient Music For Luxury Merchandise,2021-02-22,3W7dHaakvq91Lv9rRyDd6g,https://open.spotify.com/track/3W7dHaakvq91Lv9rRyDd6g,intimate dreamy tender
Beautiful Ambient Music,Beats to Relax and Study to,Lazy Cozy Vibes,2022-12-10,1hZPBgAi7mUlcs6vKGcU8k,https://open.spotify.com/track/1hZPBgAi7mUlcs6vKGcU8k,intimate dreamy tender
Rest Your Head (II),The Ambient Composer,Relaxing Classical Sleep,2017-05-02,1V2PC8jdAVziTCROTyot16,https://open.spotify.com/track/1V2PC8jdAVziTCROTyot16,intimate dreamy tender
Ambient Music (Ocean Waves),Ocean Beach Waves Consort,"Soothing Ocean and Sea Waves (Relaxing and Soft Music for Sleep, Relaxation and Rest, Deep Meditation, Healing Water Sounds, Pure Serenity and Calmness)",2017-10-02,4d24IhOHY7I72zb52aDcK7,https://open.spotify.com/track/4d24IhOHY7I72zb52aDcK7,intimate dreamy tender
Background Documentary Ambient,cleanmindsounds,Background Documentary Ambient,2022-04-30,7yXQ7ShjT7FW85okgBDRNp,https://open.spotify.com/track/7yXQ7ShjT7FW85okgBDRNp,intimate dreamy tender
Background Ambience For Focus,Upbeat Study Music,Upbeat Study Music For Focus & Concentration,2021-10-25,0nXUK9FJdvvewoDesnvK1e,https://open.spotify.com/track/0nXUK9FJdvvewoDesnvK1e,intimate dreamy tender
Ambient Sky,Deepak Sleepra,"Music for Sleep, Relaxation and Stress Relief",2017-10-16,6KlKTLxG1oPd867IsTdYyw,https://open.spotify.com/track/6KlKTLxG1oPd867IsTdYyw,intimate dreamy tender
"Musical Ambient Melodies for Peaceful Thoughts, Pt. 30",Ultimate Massage Music Ensemble,Relaxing Massage Music,2022-08-05,2SE6xAk4i2e7PeWyPT6bfy,https://open.spotify.com/track/2SE6xAk4i2e7PeWyPT6bfy,intimate dreamy tender
Quiet,Calm Music,A Playlist of Ambient Music,2022-02-17,2Ng2BG9nzcPDNeIRaIuEKe,https://open.spotify.com/track/2Ng2BG9nzcPDNeIRaIuEKe,intimate dreamy tender
Ambient LoFi Meditation,LO-FI BEATS,"!!!"" Relaxing Cafe Beats ""!!!",2022-09-22,1Ybgwy5m5NnVixszpQf5Bq,https://open.spotify.com/track/1Ybgwy5m5NnVixszpQf5Bq,intimate dreamy tender
Ambient Wonders,Instrumental Piano Universe,50 Calming Tracks to Relax the Soul,2022-07-22,744bNB2paT465iEFKYsIum,https://open.spotify.com/track/744bNB2paT465iEFKYsIum,intimate dreamy tender
Ambient Classical Piano for Sleep,Binaural Atmospheres,Ambient Relaxing Music to Eliminate Anxiety,2020-12-03,0ya7raZJAJUwZ5NDRNUuKm,https://open.spotify.com/track/0ya7raZJAJUwZ5NDRNUuKm,intimate dreamy tender
Ambient Classical Piano for Studying,Binaural Atmospheres,Ambient Relaxing Music to Eliminate Anxiety,2020-12-03,0b5kh4PwRCoRtRRHIWOB5E,https://open.spotify.com/track/0b5kh4PwRCoRtRRHIWOB5E,intimate dreamy tender
Classic Ambience,Astramento,New Age Jazz Ambient Album,2020-08-25,4y7vITTMOLS3iETgIPIVwr,https://open.spotify.com/track/4y7vITTMOLS3iETgIPIVwr,intimate dreamy tender
Ambient Music for Yoga Nidra - Classical Guitar Version,Moody Time,"Relaxing Music - Songs and Lullabies to Help You Relax, Sleep and Meditate",2010-09-15,1GQM7sDoWgXAAaPdUqhfKO,https://open.spotify.com/track/1GQM7sDoWgXAAaPdUqhfKO,intimate dreamy tender
Cinematic Ambient,Laurent Juillet,Cinematic Ambient,2013-07-24,40Sm29xoZ1y0nhfBBDbbXp,https://open.spotify.com/track/40Sm29xoZ1y0nhfBBDbbXp,intimate dreamy tender
Cinematic Ambient,Mapa,Planet Earth,2021-04-30,1phUY0AKK7rEU54R08KI5t,https://open.spotify.com/track/1phUY0AKK7rEU54R08KI5t,intimate dreamy tender
Piano Instrumetnal For Concentration,Study Music Research,Ambient Piano For Studying,2022-11-07,5Hk1OiS1SiEiSLeEHQxZlC,https://open.spotify.com/track/5Hk1OiS1SiEiSLeEHQxZlC,intimate dreamy tender
Ambient Music For Spa,Spa,"Spa Music: The Most Relaxing Background Music For Spa, Massage, Yoga, Meditation, Healing and Welness",2019-08-28,7yE64kQmGiMjqx7nT8lPpF,https://open.spotify.com/track/7yE64kQmGiMjqx7nT8lPpF,intimate dreamy tender
Ambient Space,Jonny Easton,Music For Films,2020-09-23,55zPPA4Nu8CwJxy2AygcFq,https://open.spotify.com/track/55zPPA4Nu8CwJxy2AygcFq,intimate dreamy tender
Sad Ambient LoFi,LO-FI BEATS,"!!!"" Relaxing LoFi Beats ""!!!",2022-09-10,3jOsty1aaQv3FvdkuOiLTg,https://open.spotify.com/track/3jOsty1aaQv3FvdkuOiLTg,intimate dreamy tender
Ambient Music for Studying (Study Music),Study Power,"Study Music: Ambient Music for Studying, Focus, Concentration and Study Alpha Waves Binaural Beats Studying Music",2017-12-15,5gljTbuCInn2cVVcFUoqRD,https://open.spotify.com/track/5gljTbuCInn2cVVcFUoqRD,intimate dreamy tender
Ambient Study Suite,Classical Study Music,Classical Study Music,2024-12-04,374gW6I0VmMVCNlUetSe7X,https://open.spotify.com/track/374gW6I0VmMVCNlUetSe7X,intimate dreamy tender
Contemporary Ambience for Lounge Melodies,Bossa Nova Restaurant Music,Jazz Songs for Relaxation,2022-10-06,1usXuM4db4ko4LdQUKbV7G,https://open.spotify.com/track/1usXuM4db4ko4LdQUKbV7G,intimate dreamy tender
Documentary Background Ambient,cleanmindsounds,Documentary Background Ambient,2022-06-28,5uPOfwm7x1LwVPFeeFHSGG,https://open.spotify.com/track/5uPOfwm7x1LwVPFeeFHSGG,intimate dreamy tender
Bakground Piano Light Ambience,Study Music Research,Upbeat Piano For Studying,2022-05-26,4Dg7UueKyqQeAdgD1YBPjj,https://open.spotify.com/track/4Dg7UueKyqQeAdgD1YBPjj,intimate dreamy tender
Jungle - Cinematic,The Library Of The Human Soul,Nature,2019-08-04,1KztfxUBVw24tT2ed19EsN,https://open.spotify.com/track/1KztfxUBVw24tT2ed19EsN,intimate dreamy tender
Ambience,Inside Your Soul,While Painting: Soft Inspirational Music to Listen to While Painting,2021-11-05,2g0RjElZOJe0lVP3RXLRIi,https://open.spotify.com/track/2g0RjElZOJe0lVP3RXLRIi,intimate dreamy tender
Ambient LoFi,Lofi Sleep Chill & Study,Reading Music,2021-11-20,7gIUdV660TMw0QHITTBetI,https://open.spotify.com/track/7gIUdV660TMw0QHITTBetI,intimate dreamy tender
Ambient Corporate,MaxKoMusic,Ambient Corporate,2021-02-10,3qorrVnpLDxEgNQBStGfiL,https://open.spotify.com/track/3qorrVnpLDxEgNQBStGfiL,intimate dreamy tender
Ambient Piano Deep Sleep,Coffee House Classics,Merry Christmas Jazz Music Playlist,2021-12-05,4h26QIC7PgYlzdIyYpFyJF,https://open.spotify.com/track/4h26QIC7PgYlzdIyYpFyJF,intimate dreamy tender
Ambient Time Soundscape,Allen Grey,Soundscape Collection,2020-12-09,642zVVLJqgl2jrhrKWGAug,https://open.spotify.com/track/642zVVLJqgl2jrhrKWGAug,intimate dreamy tender
Ambient - Music for Sleeping,Sleeping Mozart Relaxing Baby,Falling Asleep – Soft Music Background and Gentle Sounds of Nature to Help You Relax and Sleep,2019-06-14,2gNwG63n7nqCtnKy9DbHmn,https://open.spotify.com/track/2gNwG63n7nqCtnKy9DbHmn,intimate dreamy tender
Ambient Background Piano,Outdoor Piano Party,Acoustic Piano Background Jazz,2019-07-08,2HfN9BPhLhU1xlMqyY8FSz,https://open.spotify.com/track/2HfN9BPhLhU1xlMqyY8FSz,intimate dreamy tender
Ambient Music,Ambient Andromeda,"Vipassana Meditation, Vol. 2 - Ambient Nature Sounds Music 2014 for Insight Meditation",2014-04-10,1bYAi0bnXXFSOelKivlQTz,https://open.spotify.com/track/1bYAi0bnXXFSOelKivlQTz,intimate dreamy tender
Ambient Instrumental Music,Dave Herson,Bali Chillout Music,2015-05-11,1tOoA9oFqsr6eS1or3O96x,https://open.spotify.com/track/1tOoA9oFqsr6eS1or3O96x,intimate dreamy tender
Light Ambient Piano,Trouble Sleeping Music Universe,1 Hour Relaxing Sleep Music - Instant Quiet Calm and Stress Relief,2021-06-16,04THKJq9LPaE87qzEh7nqv,https://open.spotify.com/track/04THKJq9LPaE87qzEh7nqv,intimate dreamy tender
Ambient Guitar Sleep Music (Ocean Waves),Deep Sleep Music Collective,"Sleep Music: Soothing Asmr Sounds of Ocean Waves for Sleep, Relaxing Guitar Sleep Aid and Calm Sleeping Music",2017-12-09,1gsonZ8u0yMKIZU8CvSuXl,https://open.spotify.com/track/1gsonZ8u0yMKIZU8CvSuXl,intimate dreamy tender
Ambient Jazz,Johnny Colltrena,Piano Jazz Music,2017-02-22,0vZFoyylP5Owt7UtUEOQfa,https://open.spotify.com/track/0vZFoyylP5Owt7UtUEOQfa,intimate dreamy tender
"Soothing Ambient Sounds for Blissful Sleep, Pt. 19",Calm Music For Sleeping,Thinking Before Sleep on My Favourite Pillow,2022-11-04,0mtBvYxKW5j9uWLIKr4o2g,https://open.spotify.com/track/0mtBvYxKW5j9uWLIKr4o2g,intimate dreamy tender
Ambient Music for Relaxation,Savasana,Ambient Spa Music,2017-04-16,5c7NClaAuWZKVztyEWQZ07,https://open.spotify.com/track/5c7NClaAuWZKVztyEWQZ07,intimate dreamy tender
Calm,Peaceful Ambient,Peaceful Journey,2022-04-07,5qrSLMySQixjk3ntGjIvp3,https://open.spotify.com/track/5qrSLMySQixjk3ntGjIvp3,intimate dreamy tender
Professional Environment,"Florian Robin,Max Darmon",Corporate Heritage,2022-02-17,1wWDlqCoEBfr2zFWgNVJHb,https://open.spotify.com/track/1wWDlqCoEBfr2zFWgNVJHb,intimate dreamy tender
Ambient Sleep Music,Sleep Music,"Sleeping Music: Relaxing Music and Sounds For Deep Sleep, Natural Sleep Aid, Sleep Music For Relaxation, Music To Cure Insomnia and Calm Music For Sleep",2020-06-03,189cpNJ1bAvub3VSTFQECD,https://open.spotify.com/track/189cpNJ1bAvub3VSTFQECD,intimate dreamy tender
Chill Study,Ambient,Lofi Concentration Study,2021-08-19,4h4zxMbAnsjSh5HDrSUlJh,https://open.spotify.com/track/4h4zxMbAnsjSh5HDrSUlJh,intimate dreamy tender
Ambient Calm Music,MrClaps,Best Of,2022-11-12,6DboziQk5xYiBZ4PvuLJOD,https://open.spotify.com/track/6DboziQk5xYiBZ4PvuLJOD,intimate dreamy tender
Dark Ambient,Ambient Space Background,Dark Ambient 2019 - 3 Hours of Deep Space Relaxation,2019-06-29,3jaaHy1d1o8Ajmn05LogsY,https://open.spotify.com/track/3jaaHy1d1o8Ajmn05LogsY,intimate dreamy tender
Bakground Piano Light Ambience,Study Music Research,Upbeat Piano For Studying,2022-05-26,4Dg7UueKyqQeAdgD1YBPjj,https://open.spotify.com/track/4Dg7UueKyqQeAdgD1YBPjj,intimate dreamy tender
Relaxing Ambient Inspiring,makesound music,Chill Lounge Music,2022-10-15,3et4Gcii13enGps0fIinUC,https://open.spotify.com/track/3et4Gcii13enGps0fIinUC,intimate dreamy tender
Ambient Jazz,Alternative Jazz Lounge,2017 Jazz,2017-10-31,4PLJk2bKk3kmqwPIq98kBJ,https://open.spotify.com/track/4PLJk2bKk3kmqwPIq98kBJ,intimate dreamy tender
Soothing Ambient Music,Amelia System,Relaxing 80s Synth - Cyberpunk Vibes Night City,2020-10-09,0OwWUr0y1p6ODPbtj1B6pQ,https://open.spotify.com/track/0OwWUr0y1p6ODPbtj1B6pQ,intimate dreamy tender
Ambient Space Background,Amelia System,Relaxing 80s Synth - Cyberpunk Vibes Night City,2020-10-09,7phJzRNsmVfxvfY1OEHIhz,https://open.spotify.com/track/7phJzRNsmVfxvfY1OEHIhz,intimate dreamy tender
Ambient Lounge,Lounge relax,"Positive Vibes – Pure Relaxation, Chill Out Instrumental Music, Positive Vibrations",2016-09-23,7Kdq8ieC2BTzMeQ8i92H65,https://open.spotify.com/track/7Kdq8ieC2BTzMeQ8i92H65,intimate dreamy tender
Peaceful Ambient,Japanese Relax,Relaxing Japanese Background Music,2021-12-03,3rVzpSeFMY6TNkm71FYbXj,https://open.spotify.com/track/3rVzpSeFMY6TNkm71FYbXj,intimate dreamy tender
Ambient Music for Studying (Reading Music),Study Power,"Study Music: Ambient Music for Studying, Focus, Concentration and Study Alpha Waves Binaural Beats Studying Music",2017-12-15,7COibOVtp62J1RdMeM8EXA,https://open.spotify.com/track/7COibOVtp62J1RdMeM8EXA,intimate dreamy tender
Soft Ambient Vibes,Spa Music Relaxation,Escape Reality | Spa & Relax,2020-05-10,51CMGgYsasvxsXp7hs1hqB,https://open.spotify.com/track/51CMGgYsasvxsXp7hs1hqB,intimate dreamy tender
Working Ambient Music,Relaxing Office Music Collection,"Chill Out in Office – Instrumental Music to Work, Easy Listening, Chillout Sounds, Elevator Music, Positive Energy, Waiting Room Music",2015-10-12,6Gu74WihLk1JsT7hT2g6nI,https://open.spotify.com/track/6Gu74WihLk1JsT7hT2g6nI,intimate dreamy tender
Inspirational Ambient,AShamaluevMusic,Inspirational Ambient,2019-09-30,34JnRqjUHjo1EPWWObtPz9,https://open.spotify.com/track/34JnRqjUHjo1EPWWObtPz9,intimate dreamy tender
Create Soothing Atmosphere,Instrumental Jazz Music Ambient,"Easy Listening Music - Inspirational Positive Chillout Ambient, Best Uplifting Sounds for Tutorials & Videos, Background Instrumental Music for Everything",2017-09-14,4W6q16ITTYMaVEm5CW5CLc,https://open.spotify.com/track/4W6q16ITTYMaVEm5CW5CLc,intimate dreamy tender
Cinematic,Sergey Bryukhno,Ambient Background Music,2022-04-19,1muAvDFgDXC0APBi0LNXaR,https://open.spotify.com/track/1muAvDFgDXC0APBi0LNXaR,intimate dreamy tender
Adventure Cinematic,Mapa,Ambient Background,2022-04-29,1fp2dIr73dU0Uao1T2OpaY,https://open.spotify.com/track/1fp2dIr73dU0Uao1T2OpaY,intimate dreamy tender
Ambient Relaxation vol. 2,Ethan Calloway,Chillhop Essentials Winter 2018,2018-12-20,3V7hpw66h3RJ681eXO0CGe,https://open.spotify.com/track/3V7hpw66h3RJ681eXO0CGe,intimate dreamy tender
Soothing Jazz Ambience,Jazz Music Lounge,Light Instrumental Jazz,2022-01-07,0B4o5RH0Jt3Rrw52AA4HIQ,https://open.spotify.com/track/0B4o5RH0Jt3Rrw52AA4HIQ,intimate dreamy tender
Ambient Slideshow,Oleg Kashchenko,Uplifting Ambient,2020-12-29,30eNQn9NEKio1eZLFtmmIe,https://open.spotify.com/track/30eNQn9NEKio1eZLFtmmIe,intimate dreamy tender
Ambient Corporate Peaceful,BearStockMusic,Energetic Music,2022-11-30,7f2ljWJpoScviL8JwW1FpV,https://open.spotify.com/track/7f2ljWJpoScviL8JwW1FpV,intimate dreamy tender
Classic Spa Ambience,Spa Music Hour,Relaxing Piano Sleep Music,2020-05-09,05e1OKzatnaNkRXrls5BGv,https://open.spotify.com/track/05e1OKzatnaNkRXrls5BGv,intimate dreamy tender
Ambient Soundscapes,Mysterious World Music,African Dance: Traditional Drums Music,2019-06-10,2f3XCwGf8efFue8YcS9chd,https://open.spotify.com/track/2f3XCwGf8efFue8YcS9chd,intimate dreamy tender
Ambient Chill,The Chillout Saxophone Players,Chill Sax (Downtempo Smooth Jazz Saxophone Music),2014-01-17,6w55xWXqHgTTRKVRLPjju9,https://open.spotify.com/track/6w55xWXqHgTTRKVRLPjju9,intimate dreamy tender
Mellow Skylines,Classical Study Music,Ambient Classical Tones,2019-08-12,5wC13HTOrlGBmyLs0UjDIT,https://open.spotify.com/track/5wC13HTOrlGBmyLs0UjDIT,intimate dreamy tender
Ambient Piano Atmosphere,Jazz Concentration Academy,"Effective Study: Relaxing Piano Moods Music for Better Concentration (Smooth Songs for Studying, Focus, Reading, Relaxation & Easy Learn)",2017-03-16,742OFiqUbAL4wmCNBfEKL2,https://open.spotify.com/track/742OFiqUbAL4wmCNBfEKL2,intimate dreamy tender
Ambient Nature Music,Relaxing Flute Music Zone,"Nature's Spa - Ocean Meditation, Classical Indian Flute, Healing Massage, Relaxation in Peaceful Ambient Music",2021-04-28,5A0ekhVy1uF34X8iH374LN,https://open.spotify.com/track/5A0ekhVy1uF34X8iH374LN,intimate dreamy tender
Peaceful Ambient,makesound music,Chill Lounge Music,2022-10-15,6qYRHf21DUhUJJe0zSPLtO,https://open.spotify.com/track/6qYRHf21DUhUJJe0zSPLtO,intimate dreamy tender
Ambient Instrumental Flute,Asian Flute Music Oasis,"Japanese Flute Music for Relaxation, Meditation, Massage and Yoga – Shakuhachi, Bamboo Flute",2020-08-17,5rpbO73CnNFHVcuwiaRqlm,https://open.spotify.com/track/5rpbO73CnNFHVcuwiaRqlm,intimate dreamy tender
Classic Spa Ambience,Spa Music Hour,Relaxing Spa with Water Sounds,2020-07-05,5Wxsiiw7cnPzNtIsAMNPjz,https://open.spotify.com/track/5Wxsiiw7cnPzNtIsAMNPjz,intimate dreamy tender
Ambient Music to Sleep to,Deep Sleep Music Academy,"50 Relaxing Zen Tracks on Insomnia and Relaxation [Music for Deep Sleep, Healing Sounds of Peaceful Nature Songs (Sleep Meditation)]",2017-04-21,2GI0Tf43iqBlg9JWitrRCW,https://open.spotify.com/track/2GI0Tf43iqBlg9JWitrRCW,intimate dreamy tender
Sad Ambient LoFi,LO-FI BEATS,"!!!"" Relaxing Cafe Beats ""!!!",2022-09-22,5RLXT12q80NaFq2uqmhLik,https://open.spotify.com/track/5RLXT12q80NaFq2uqmhLik,intimate dreamy tender
Background Ambient,Mapa,Planet Earth,2021-04-30,2ywuIbo5BhIXMzuzKCm5uT,https://open.spotify.com/track/2ywuIbo5BhIXMzuzKCm5uT,intimate dreamy tender
Spacious Hearts,Classical Study Music,Ambient Classical Tones,2019-08-12,1cneZ9WKRw7kJIsFBPKY4h,https://open.spotify.com/track/1cneZ9WKRw7kJIsFBPKY4h,intimate dreamy tender
Ambient Sounds,Mantra Yoga Music Oasis,"Ambient Yoga Training – The Best New Age Music for Yoga, Meditation & Relaxation, Morning Training",2016-08-25,7za8SEEdnNrFFAxTMVkUdU,https://open.spotify.com/track/7za8SEEdnNrFFAxTMVkUdU,intimate dreamy tender
Ambient Inspiring Rock,SoulProdMusic,Ambient Inspiring Rock,2021-08-23,4KOCC7iCHB5IIxwe2jfxIr,https://open.spotify.com/track/4KOCC7iCHB5IIxwe2jfxIr,intimate dreamy tender
Emotional Ambient Soundscape,Allen Grey,Soundscape Collection,2020-12-09,2XarRud2KKSBm4k7xDWREP,https://open.spotify.com/track/2XarRud2KKSBm4k7xDWREP,intimate dreamy tender
Soft Atmosphere,Ambient,Ambient Playlist,2015-10-21,0y8vC6UDoEqpVXa74kVTnF,https://open.spotify.com/track/0y8vC6UDoEqpVXa74kVTnF,intimate dreamy tender
Ambient Chill,COSMK,Fantasy Chill Out: Ambient Music for Easy Sleep and Relaxing Lounge,2019-06-12,0i1Ls7VO1UdJayZvcwecm3,https://open.spotify.com/track/0i1Ls7VO1UdJayZvcwecm3,intimate dreamy tender
Ambient Piano Sleep Music,Music for Sleep,"Sleep Aid For Insomnia: Soft Piano Music and Nature Sounds For Deep Sleep Music, Relaxing Music For Sleep and Calm Sleeping Music With Forest and Bird Sounds",2020-01-17,3upOxyPkLokkeJIYlgsJJn,https://open.spotify.com/track/3upOxyPkLokkeJIYlgsJJn,intimate dreamy tender
Ambient Candle Light,Calm Vibes,Guitar Instrumental Background,2021-06-23,209V9FeQDFRomkCsqjJcKi,https://open.spotify.com/track/209V9FeQDFRomkCsqjJcKi,intimate dreamy tender
Atmospheric Pads for Sleep,Instrumental Sleeping Music,Quietly,2022-11-25,4TiTm8lzbmqMlVOIWYx66B,https://open.spotify.com/track/4TiTm8lzbmqMlVOIWYx66B,intimate dreamy tender
Library Environment,Lost & Sound,Relaxing Piano Songs,2020-05-15,5PV3rGhHGDd9oszW50J4ai,https://open.spotify.com/track/5PV3rGhHGDd9oszW50J4ai,intimate dreamy tender
Ambient,Moon Tunes,8D Music,2019-08-01,4Yq148zM3JFywlUvrjb1h0,https://open.spotify.com/track/4Yq148zM3JFywlUvrjb1h0,intimate dreamy tender
Ambient Chill,Soft Jazz,"Mellow Jazz Morning - Spring Jazz Music, Calm Jazz, Slow & Sentimental Jazz Music, Easy Listening Jazz, Coffee Time",2020-05-05,1yMc2jFNx5DPXvQdJ5tMw5,https://open.spotify.com/track/1yMc2jFNx5DPXvQdJ5tMw5,intimate dreamy tender
Ambient Music For Relaxation,Jazz Sax Lounge Collection,"Bossa Nova Jazz: Instrumental Music, Home & Restaurant Playlist, Romantic Ambiance",2021-03-17,5KYFUyoI632UFGH18Zm4Ul,https://open.spotify.com/track/5KYFUyoI632UFGH18Zm4Ul,intimate dreamy tender
Ambient Space Background,Ambient Space Background,Mountain Music - Nature Sounds and Relaxing Spiritual Music,2020-09-30,2IQeGiabYKhESIIHj4doTz,https://open.spotify.com/track/2IQeGiabYKhESIIHj4doTz,intimate dreamy tender
Atmospheric,Ambient Space,Focus Mode,2021-05-12,4UnbYSM6fR5SIr7APB31KV,https://open.spotify.com/track/4UnbYSM6fR5SIr7APB31KV,intimate dreamy tender
Ambient Music,Focus on Reading,"Book Reading Music – Natural Noise for Focus and Concentration, Brain Stimulation, Study and Work, Office Background Music",2019-08-05,4dpB8h8GoaBrs88IPDcI6a,https://open.spotify.com/track/4dpB8h8GoaBrs88IPDcI6a,intimate dreamy tender
Corporate Ambient Background,Audiosphere,Corporate Ambient Background,2018-10-10,4wF4QGRC3ETSKTMwtj0k4r,https://open.spotify.com/track/4wF4QGRC3ETSKTMwtj0k4r,intimate dreamy tender
Piano Focus,Ambient Space,Focus Mode,2021-05-12,0RC4nWSwKj2aFg3GlhUrRh,https://open.spotify.com/track/0RC4nWSwKj2aFg3GlhUrRh,intimate dreamy tender
Ambient Music for Meditation,Wellness Media,Massage Music Playlist,2015-09-30,6pPeoJFW5egn0mzV0ZnqtB,https://open.spotify.com/track/6pPeoJFW5egn0mzV0ZnqtB,intimate dreamy tender
Ambient Spa Music,Spa Massage,Best Relaxing Spa Music: Music for Spa and Massage Yoga and Meditation and Stress Relief,2016-08-15,0US38EXEcNYBVgkP4x8V4o,https://open.spotify.com/track/0US38EXEcNYBVgkP4x8V4o,intimate dreamy tender
Ambient Sounds,Oscar Castaño Chavez,Ambient Sounds,2020-01-24,5G7gCxf7HO2e40JdrrZKf8,https://open.spotify.com/track/5G7gCxf7HO2e40JdrrZKf8,intimate dreamy tender
Ambient Sleep Music,Amelia System,Relaxing 80s Synth - Cyberpunk Vibes Night City,2020-10-09,50Bf3FIvShAScEniUWg1rw,https://open.spotify.com/track/50Bf3FIvShAScEniUWg1rw,intimate dreamy tender
Reading Music,Ambient Palmer,Study Music Playlist - Ultimate Studying Music for Concentration & Intense Exam,2015-03-16,6c5uD1eCu1xwD4Fc8KLnEO,https://open.spotify.com/track/6c5uD1eCu1xwD4Fc8KLnEO,intimate dreamy tender
Ambient Meditation,Cosmo Reyes,"Study Ambient: Ambient Music for Study , Relax and Concentration (brain power , alpha waves)",2017-01-20,1uRJXEw3L1jYJfomrltgyt,https://open.spotify.com/track/1uRJXEw3L1jYJfomrltgyt,intimate dreamy tender
Ambient 02,Knight Shift,Knight Shift,2013-09-20,1TBiB3IMDcdgK5m8duBK4b,https://open.spotify.com/track/1TBiB3IMDcdgK5m8duBK4b,intimate dreamy tender
My Little Ambient Melodies 01,Inner Science,Ambient Variation,2017-07-26,7i5WLeW0BIgqTALLovWhoj,https://open.spotify.com/track/7i5WLeW0BIgqTALLovWhoj,intimate dreamy tender
Ambient Music for Studying (Focus and Concentration),Study Power,"Study Music: Ambient Music for Studying, Focus, Concentration and Study Alpha Waves Binaural Beats Studying Music",2017-12-15,2wvFmclP5gEreN43TShem5,https://open.spotify.com/track/2wvFmclP5gEreN43TShem5,intimate dreamy tender
Cinematic Ambient Cello,Rafael Krux,Cinematic Ambient Cello,2022-08-15,388vl2hSEfzQvh1VNurfs9,https://open.spotify.com/track/388vl2hSEfzQvh1VNurfs9,intimate dreamy tender
Rain Background Ambient Music,Study Music Library,"Study Music With Rain Sounds, Calm Music For Studying, Reading, Focus, Concentration and Relaxing Studying Music With Nature Sounds Background Music Study Aid",2020-04-22,3haZVDdB7f3OSI91BqCSv3,https://open.spotify.com/track/3haZVDdB7f3OSI91BqCSv3,intimate dreamy tender
Room Five,Ambienti Coassiali,Vol. 1 (Room 1-6),2018-04-13,5iKwRPxYhHkJEUkCs85gvS,https://open.spotify.com/track/5iKwRPxYhHkJEUkCs85gvS,intimate dreamy tender
Late Night,Ambient Space,Focus Mode,2021-05-12,4pHOGSJxJUkHKUND0F3DoL,https://open.spotify.com/track/4pHOGSJxJUkHKUND0F3DoL,intimate dreamy tender
Ambient Soundscape,Fuerza Positiva,Musicoterapia,2011-03-21,4CkjCzUjfjPf1IyEnVvjyD,https://open.spotify.com/track/4CkjCzUjfjPf1IyEnVvjyD,intimate dreamy tender
Relaxing Ambient Music,Soothing Chill Out for Insomnia,"Relaxing Melodies for Children - Favorites Instrumental Piano Music for Sleep, Lullabies, Baby Music, Nursery Rhymes, Baby Sleep Training, Baby Relax",2015-05-26,7ihtXcj2LCfubq6Fz8M85s,https://open.spotify.com/track/7ihtXcj2LCfubq6Fz8M85s,intimate dreamy tender
Ambient Piano & Strings,Zakhar Valaha,Angels & Piano,2021-02-05,6v1FozSisnauIRRuUiAMZI,https://open.spotify.com/track/6v1FozSisnauIRRuUiAMZI,intimate dreamy tender
Uplifting Ambience,LO-FI BEATS,"!!!"" Relaxing Cafe Beats ""!!!",2022-09-22,0LCQPCTm5a68WdbPCBhfsY,https://open.spotify.com/track/0LCQPCTm5a68WdbPCBhfsY,intimate dreamy tender
Ambient Lounge,AShamaluevMusic,Ambient Lounge,2019-09-05,7i3rZ5REJk1hh2JNk4PJex,https://open.spotify.com/track/7i3rZ5REJk1hh2JNk4PJex,intimate dreamy tender
Ambient Cinematic Emotional Cello,Music2Noise,Ambient Textures Volume 1,2022-04-05,3Paw7aWNjOjFLUzoEwU96B,https://open.spotify.com/track/3Paw7aWNjOjFLUzoEwU96B,intimate dreamy tender
Beautiful Background Ambient,makesound music,Chill Lounge Music,2022-10-15,4SItovDWp8r71TTeSj2Mkj,https://open.spotify.com/track/4SItovDWp8r71TTeSj2Mkj,intimate dreamy tender
House Of The Lord - Lofi Ambient Instrumental,With The Clouds,House Of The Lord,2022-11-04,17VkCwchXdcffTwrCcH8mP,https://open.spotify.com/track/17VkCwchXdcffTwrCcH8mP,intimate dreamy tender
Positive Ambient Corporate,makesound music,Happy Motivational,2022-10-23,5EWySq63cA3KN6bkFUkLJf,https://open.spotify.com/track/5EWySq63cA3KN6bkFUkLJf,intimate dreamy tender
Ambience of Clouds,Deep Sleep,Ambient Music for Relaxation and Deep Sleep,2020-02-12,1AwsmpHZq1YX6nUER25spR,https://open.spotify.com/track/1AwsmpHZq1YX6nUER25spR,intimate dreamy tender
Ambient Cinematic Drone,Zakhar Valaha,Angels & Piano,2021-02-05,48a0QiPSiR1SnJiOA0V4oU,https://open.spotify.com/track/48a0QiPSiR1SnJiOA0V4oU,intimate dreamy tender
Ambience,Rouge Fou,Cinematic Minimalism,2021-06-01,21utPyZ5yb8dCQzOLcSEtV,https://open.spotify.com/track/21utPyZ5yb8dCQzOLcSEtV,intimate dreamy tender
Ambient Dreaming,Relax Music for Positive Thinking,Relax Music for Positive Thinking,2015-10-14,2IxFgcdDMOkBYAl2E7Tt62,https://open.spotify.com/track/2IxFgcdDMOkBYAl2E7Tt62,intimate dreamy tender
Classic Spa Ambience,Spa Music Hour,1 Hour to Ease Into Lucid Deep Sleep,2020-07-04,5Z5bid3KE7vNBv5rByfn3q,https://open.spotify.com/track/5Z5bid3KE7vNBv5rByfn3q,intimate dreamy tender
Ambient Music (Nature of Sounds),Relaxing Music Guys,"Deep Sleep with Ocean Waves – Relaxing Sounds Help to Sleep, Soothing Music, Sleep Hypnosis, Sea Breeze, Bedtime, Menatal Calm",2015-06-10,2FDmJqY1fAc0oB8H7yYz3F,https://open.spotify.com/track/2FDmJqY1fAc0oB8H7yYz3F,intimate dreamy tender
Ambient Atmosphere,Deep Sleep,Ambient Music for Relaxation and Deep Sleep,2020-02-12,6F2RjvoVQsW92hnBj1427w,https://open.spotify.com/track/6F2RjvoVQsW92hnBj1427w,intimate dreamy tender
Guitar Chill Out Soundtrack for Cortados,Classical Jazz for Reading,Smooth Jazz Chill Out - Ambiance for Morning Lattes,2021-12-20,2TDfTF4PFfAyS4S8zxeoCT,https://open.spotify.com/track/2TDfTF4PFfAyS4S8zxeoCT,intimate dreamy tender
Ambient Pressure,Erik Griswold,Time Crystals,2015-01-27,3cS0MNP50AsmdRI9WY9512,https://open.spotify.com/track/3cS0MNP50AsmdRI9WY9512,intimate dreamy tender
Ambient Mood,Ambient,Calm Ambient,2022-01-03,2sQ7rT4YuW9t37CxLmU082,https://open.spotify.com/track/2sQ7rT4YuW9t37CxLmU082,intimate dreamy tender
Ambient Music Sleep Aid,Deep Sleep Music Collective,"Sleeping Music: Rain Sounds, Nature Sounds and Relaxing Piano Music For Sleep, Deep Sleep Aid and The Best Sleep Music",2019-06-28,3JMrFIuP3ZRDZJWAVMPa4c,https://open.spotify.com/track/3JMrFIuP3ZRDZJWAVMPa4c,intimate dreamy tender
Ambient Music,Spa Massage Music Zone,Massage Background Music – Spa Relaxation with Nature Sounds for Wellness Center,2016-05-25,15BjaR12o4FGWyCKwg92eV,https://open.spotify.com/track/15BjaR12o4FGWyCKwg92eV,intimate dreamy tender
Ambient Music,Chill Out Relax,"Healing Instrumental Music for Meditation, Relaxation, Health, Spa, Chakras, Spiritually & Anti-Stress",2015-11-06,5jiDLUiucJztEaOS9IYaWS,https://open.spotify.com/track/5jiDLUiucJztEaOS9IYaWS,intimate dreamy tender
Ambient Jazz,Jazz Instrumental Chill,Jazz Melody,2022-09-10,6qPVLDSD06QWXxFJf48gUy,https://open.spotify.com/track/6qPVLDSD06QWXxFJf48gUy,intimate dreamy tender
AMBIENT PIANO AND STRINGS,Zakhar Valaha,AMBIENT PIANO AND STRINGS,2019-09-19,5BgEzeprSjcceV3LcE1PT2,https://open.spotify.com/track/5BgEzeprSjcceV3LcE1PT2,intimate dreamy tender
Deep Study,Ambient Space,Focus Mode,2021-05-12,7MBsARjmq1IQ0x3BtMZmqb,https://open.spotify.com/track/7MBsARjmq1IQ0x3BtMZmqb,intimate dreamy tender
Ambient Sounds,Deep Sleep,Ambient Music for Relaxation and Deep Sleep,2020-02-12,3YQz5TRNlVah9ORLYSz0SO,https://open.spotify.com/track/3YQz5TRNlVah9ORLYSz0SO,intimate dreamy tender
Ambient Prelude,Mathias Algotsson,Ambient Prelude,2021-04-29,04bQl7M6C9NYh8WFCeP2zp,https://open.spotify.com/track/04bQl7M6C9NYh8WFCeP2zp,intimate dreamy tender
Ambiental Lounge,makesound music,Chill Lounge Music,2022-10-15,0dG2Zt8TX9Z1fVYntawrY5,https://open.spotify.com/track/0dG2Zt8TX9Z1fVYntawrY5,intimate dreamy tender
Ambient Music Piano,Night Wonderland,Slow Songs,2012-03-15,74yaZOviyRDhf13PXAFwXc,https://open.spotify.com/track/74yaZOviyRDhf13PXAFwXc,intimate dreamy tender
Ambient Music for Studying (Binaural Beats),Study Power,"Study Music: Ambient Music for Studying, Focus, Concentration and Study Alpha Waves Binaural Beats Studying Music",2017-12-15,1Uvzkbd4PY3maPK7NXUQAj,https://open.spotify.com/track/1Uvzkbd4PY3maPK7NXUQAj,intimate dreamy tender
Lounge rain ambience,Sleepy Eyes,Rain Jazz Piano,2022-03-03,71U3x6W6m9yuhSDXUMYcuA,https://open.spotify.com/track/71U3x6W6m9yuhSDXUMYcuA,intimate dreamy tender
Focused,Ambient Space,Focus Mode,2021-05-12,3TygdeeNpcYCXxNGZXr6H0,https://open.spotify.com/track/3TygdeeNpcYCXxNGZXr6H0,intimate dreamy tender
Ambient Dreaming,Calming Music Sanctuary,"Meditation 111 Songs: Deep Regeneration Ambient Music for Relaxation Yoga, Natural Healing Sounds for Massage and Spa",2016-03-09,2TwBnrZ2aGLZjDUPIA35Sw,https://open.spotify.com/track/2TwBnrZ2aGLZjDUPIA35Sw,intimate dreamy tender
Office Ambient,Study Janelle,"Concentration Music - Improve Reading & Memorization Skills, Study Songs",2016-09-20,5uJcTKYCUBrOsuHg994i70,https://open.spotify.com/track/5uJcTKYCUBrOsuHg994i70,intimate dreamy tender
Ambient Hotel,Sleep Music by Lullify,Dream Phase,2022-02-03,2MOBBd8ZiTwmx06m5xlua7,https://open.spotify.com/track/2MOBBd8ZiTwmx06m5xlua7,intimate dreamy tender
Ambient Lounge,Mezzosound,"Lounge Music, Vol. 3",2022-03-07,3SPvnF9GBkN796ru6jP0JB,https://open.spotify.com/track/3SPvnF9GBkN796ru6jP0JB,intimate dreamy tender
Ambience,Indigo Flower,Sleep Music 50 - The Best Sleeping Songs Collection of All Times,2016-07-28,1D5Hno2WjPFH3Gqd29AgcK,https://open.spotify.com/track/1D5Hno2WjPFH3Gqd29AgcK,intimate dreamy tender
Focus Mode,Ambient Space,Focus Mode,2021-05-12,0cXf5jtCOV9yEdFIcVLLbb,https://open.spotify.com/track/0cXf5jtCOV9yEdFIcVLLbb,intimate dreamy tender
Piano Ambient,AShamaluevMusic,Piano Ambient,2019-04-29,19heOn8N8zvVwm3Zy6dx5r,https://open.spotify.com/track/19heOn8N8zvVwm3Zy6dx5r,intimate dreamy tender
Ambience,Deep Sleep,Ambient Music for Relaxation and Deep Sleep,2020-02-12,3WYUR8A2qO2qFmfrUOKloa,https://open.spotify.com/track/3WYUR8A2qO2qFmfrUOKloa,intimate dreamy tender
Atmospheric Cinematic Ambient,AShamaluevMusic,Atmospheric Cinematic Ambient,2019-12-22,0HAm6iXLZUZaQc8eN3DVKU,https://open.spotify.com/track/0HAm6iXLZUZaQc8eN3DVKU,intimate dreamy tender
Ambient Chill Vibes,LO-FI BEATS,"!!!"" Chill Lofi bat pour dormir ""!!!",2022-10-10,2l0IITDeKpLl0q6jyRtNov,https://open.spotify.com/track/2l0IITDeKpLl0q6jyRtNov,intimate dreamy tender
Soundtrack,Miriam Belotti,Lullaby Piano Songs,2015-12-17,0tAMWLQMOwevceO5Dswfav,https://open.spotify.com/track/0tAMWLQMOwevceO5Dswfav,intimate dreamy tender
Ambient Light,Music Beyond,Drama,2018-10-22,0leLhC9ESi61E7KTCXASTP,https://open.spotify.com/track/0leLhC9ESi61E7KTCXASTP,intimate dreamy tender
Recapture,Quiet Quest,"Ambient Music for Studying, Vol. 1",2022-11-11,0TWk6XmZa0sxxWSV6xUQ9W,https://open.spotify.com/track/0TWk6XmZa0sxxWSV6xUQ9W,intimate dreamy tender
Ambient Sleep Sounds,RW Piano Lullabies,"Calm Piano Lullabies – Soothing Instrumental Background Music for Deep Sleep, Baby Bedtime Songs, Relaxing Ambience, Infant Massage, Flute, Guitar",2019-10-30,35iPENM9jp1sylKNfR1u9k,https://open.spotify.com/track/35iPENM9jp1sylKNfR1u9k,intimate dreamy tender
Meditation And Deep Sleep Ambience,Instrumental Sleep Relax Music,Meditation And Deep Sleep Ambience,2020-02-13,7kIDs1TP2uGxtIHy8DzrOD,https://open.spotify.com/track/7kIDs1TP2uGxtIHy8DzrOD,intimate dreamy tender
Natural Spa Ambient,Forest Hills Music Universe,"Calm Piano with Fall Woods (Relaxing Music & Nature Sounds, Healing Water, Birds Atmosphere, Thunderstorm and Wind, Rest Afternoon)",2017-09-13,6Zuv3d7Pky3Jv4arJDMYSf,https://open.spotify.com/track/6Zuv3d7Pky3Jv4arJDMYSf,intimate dreamy tender
Ambient Relaxation,SleepTherapy,Sleep Music: 101 Deep Sleep Lullabies,2015-11-06,5saYKunE6gO0MZZ0HCE1R2,https://open.spotify.com/track/5saYKunE6gO0MZZ0HCE1R2,intimate dreamy tender
Ambient Sleep Music,Bar Lounge,Spa Session: A Beautiful Collection of Relaxing and Soothing Sounds to take you Away from Stress and Anxiety and Place you amongst the Peace and Tranquillity of Nature,2016-09-20,7DABxJhN9llWpYGXZnBD12,https://open.spotify.com/track/7DABxJhN9llWpYGXZnBD12,intimate dreamy tender
Natural Planetarium (2012),Genki Iijima,Natural Planetarium,2012-02-03,52bn4zkjfe6W2PghKeQyJT,https://open.spotify.com/track/52bn4zkjfe6W2PghKeQyJT,intimate dreamy tender
Deep Focus Music,Ambient Space,Focus Mode,2021-05-12,14w1iAZezibMoXdn6tdNau,https://open.spotify.com/track/14w1iAZezibMoXdn6tdNau,intimate dreamy tender
Concentration,Ambient Space,Focus Mode,2021-05-12,3A470HXkbipIDvETZpEEsu,https://open.spotify.com/track/3A470HXkbipIDvETZpEEsu,intimate dreamy tender
Background Ambient Corporate,makesound music,Corporate Ambient Inspiring,2022-10-10,4s15v2Fxb9sBDWjerJZrMX,https://open.spotify.com/track/4s15v2Fxb9sBDWjerJZrMX,intimate dreamy tender
Ambient Music (Sleep Music),Mitchell Solaris,Mindful Meditation - Relaxing Music for Mindfulness Meditations,2014-07-10,4iYQbT9OALetC1yTUWTdUA,https://open.spotify.com/track/4iYQbT9OALetC1yTUWTdUA,intimate dreamy tender
In the Atmosphere,Ambient Space,Focus Mode,2021-05-12,5kIPsqcN8iDywIrNxZpZeE,https://open.spotify.com/track/5kIPsqcN8iDywIrNxZpZeE,intimate dreamy tender
Film Credits,Relaxing Piano Music,Best of Movie Soundtracks,2014-10-25,61tW8NTc6GsoSMGX6FTfoL,https://open.spotify.com/track/61tW8NTc6GsoSMGX6FTfoL,intimate dreamy tender
Dark Ambient,Dark Sci-Fi Space,"Space Ambient Harmonics: Starship Sleeping Music, Relaxing Ambience",2021-04-12,5rsnE4OLFEDBNaz4atznPp,https://open.spotify.com/track/5rsnE4OLFEDBNaz4atznPp,intimate dreamy tender
Moonbow Ambient,Tom Hillock,Neo-soundscapes,2009-08-31,6qe7rBWjvYrNtpMFbOSaYm,https://open.spotify.com/track/6qe7rBWjvYrNtpMFbOSaYm,intimate dreamy tender
Cinematic Piano&Strings 5,arachang,ヒーリング Vol.4 -Instrumental BGM- by Audiostock,2020-09-23,08MYyqzRvG2r3niZcejIOP,https://open.spotify.com/track/08MYyqzRvG2r3niZcejIOP,intimate dreamy tender
Ambient Instrumental Song,Zen Zone Academy,50 Zen Amazing Songs – Find Your Balance Meditating with this Emotional Music...and Pray,2017-06-28,7DHJdlXsHQPiLc9patYbRM,https://open.spotify.com/track/7DHJdlXsHQPiLc9patYbRM,intimate dreamy tender
Ambient Sleep Music Sounds,Free Spirit,Meditation Piano Music With Nature Sounds Natural White Noise for Relaxation,2011-10-26,4FbgaViAo5n6TiZDpVR8yH,https://open.spotify.com/track/4FbgaViAo5n6TiZDpVR8yH,intimate dreamy tender
Instrumental Atmosphere,Oriental Music Zone,Oriental Sleeping Tunes,2020-02-22,6XpioBHDtx815Vl7Y42EzU,https://open.spotify.com/track/6XpioBHDtx815Vl7Y42EzU,intimate dreamy tender
Wonderful Piano Inspiring Soundtrack,Audiosphere,Cinematic Soundtracks,2020-04-28,65i2FaTh0Pf1SkxEbCMQVH,https://open.spotify.com/track/65i2FaTh0Pf1SkxEbCMQVH,intimate dreamy tender
"Ambient Music for Deep Sleep, Healing & Relaxation",Sound Healing Center,"The Ultimate Relaxation Kit (Music for Deep Sleep, Meditation, Spa, Healing & Relaxation)",2015-01-25,088ZKqOApuInKzu3vk1SyN,https://open.spotify.com/track/088ZKqOApuInKzu3vk1SyN,intimate dreamy tender
Ambient Spaces,Simon Darlow,Ambient Spaces: Relaxation Music,2011-02-23,1m1B1pmoW1bUvvp4ELYRbw,https://open.spotify.com/track/1m1B1pmoW1bUvvp4ELYRbw,intimate dreamy tender
Ambient Meditaton,Bali Spa Project,60 Min Session Relaxing Massage: Peaceful Instrumental Zen Music,2021-12-02,5bmhBfWocgzLllMAMvdlf1,https://open.spotify.com/track/5bmhBfWocgzLllMAMvdlf1,intimate dreamy tender
Piano Ambient,Sound Gallery by Dmitry Taras,Piano Ambient,2021-05-13,1GZ6ee1tBPcSjryi5sYToP,https://open.spotify.com/track/1GZ6ee1tBPcSjryi5sYToP,intimate dreamy tender
Atmospheric Piano,Ambient Space,Atmospheric Piano,2021-05-06,2cZh7UbhcLF7pADKRkd67a,https://open.spotify.com/track/2cZh7UbhcLF7pADKRkd67a,intimate dreamy tender
Ambient Lounge Cafe,Tropical Chill Music Land,"Ambient Lounge Cafe - Guitar Songs & Soft Summer Music, Just Relax, Instrumental Background Music",2015-08-25,3DiM3xqnvOmRwZfbeLuiZn,https://open.spotify.com/track/3DiM3xqnvOmRwZfbeLuiZn,intimate dreamy tender
Quiet Ambiance for Mellow Journeys,Café Vintage,Lovely Jazz Piano Duo - Ambiance for Pure Moments,2022-10-03,3aJ5pygApmxAYAatEiFf4e,https://open.spotify.com/track/3aJ5pygApmxAYAatEiFf4e,intimate dreamy tender
Ambient Background Music,Mindfulness Meditation Music Spa Maestro,"111 Tracks Relaxation and Mindfulness: Meditation Spiritual Healing Sounds of Nature, New Age Yoga Music, Find Your Inner Peace & Stress Relief",2017-01-26,06zxdWTAcGJ0FFbYmRUHZ9,https://open.spotify.com/track/06zxdWTAcGJ0FFbYmRUHZ9,intimate dreamy tender
Ambient Dreaming,"Positive Thinking: Music for Meditation, Yoga & Deep Sleep",Yoga Music for Positive Thinking,2015-11-04,4D2nzM0NnAvfQwsun22Yks,https://open.spotify.com/track/4D2nzM0NnAvfQwsun22Yks,intimate dreamy tender
Chill Ambient,Korean Rain,Trip Too Hard,2019-02-18,7eX5EZGookfzyhv3muXeN9,https://open.spotify.com/track/7eX5EZGookfzyhv3muXeN9,intimate dreamy tender
Ambient 05,Earth 2160,Earth 2160,2013-09-20,0wkBhmWdaRfTB8vMnb8ntl,https://open.spotify.com/track/0wkBhmWdaRfTB8vMnb8ntl,intimate dreamy tender
Calm Scene,Laurent Juillet,Cinematic Ambient,2013-07-24,00v7epWuKKrOZNiaDiEOnV,https://open.spotify.com/track/00v7epWuKKrOZNiaDiEOnV,intimate dreamy tender
This Ambient Music,331Music,Uplifting Music,2022-03-25,7FiBWIxvOCUNNVNzsZXSVV,https://open.spotify.com/track/7FiBWIxvOCUNNVNzsZXSVV,intimate dreamy tender
Mood,Ambient Space,Focus Mode,2021-05-12,27SbfE0MANgYO8iZw8ZAfw,https://open.spotify.com/track/27SbfE0MANgYO8iZw8ZAfw,intimate dreamy tender
Instrumental Music - Piano Solo,Instrument Jazz Music Ambient,Instrumentals Music - Chill Out Smooth Jazz Relaxation Spa Dinner Sexy Sensual,2018-12-13,7roaYG4Pun4QMyh0gDJvka,https://open.spotify.com/track/7roaYG4Pun4QMyh0gDJvka,intimate dreamy tender
Ambient Clouds of Light,Best of Relaxing Meditation and Massage Music,Best of Relaxing Meditation and Massage Music,2010-08-07,2eZdewAZGQCVJZfBUxd9AJ,https://open.spotify.com/track/2eZdewAZGQCVJZfBUxd9AJ,intimate dreamy tender
Instrumental Music - Upbeat Smooth Jazz,Instrument Jazz Music Ambient,Instrumentals Music - Chill Out Smooth Jazz Relaxation Spa Dinner Sexy Sensual,2018-12-13,6buVlQWygY4oFcEEeJDATH,https://open.spotify.com/track/6buVlQWygY4oFcEEeJDATH,intimate dreamy tender
Ambient Calm Rainfall,Rain Sounds Nature Collection,Rainy Evening Hibernation: Immersive Ambient to Boost Sleep Hipnosis Process,2022-03-02,2G2hetrkwOR5r5f9CC2Ztx,https://open.spotify.com/track/2G2hetrkwOR5r5f9CC2Ztx,intimate dreamy tender
Ambient Piano For Studying,Calm Music for Studying,Study Piano (Instrumental),2021-05-10,7uoww2pzIJ3PkMaQXo6rbH,https://open.spotify.com/track/7uoww2pzIJ3PkMaQXo6rbH,intimate dreamy tender
Calming Piano,Ambient Space,Atmospheric Piano,2021-05-06,7244ioOvUNAIJY0InsWlmW,https://open.spotify.com/track/7244ioOvUNAIJY0InsWlmW,intimate dreamy tender
Quiet Ambiance for Mellow Journeys,Café Vintage,Lovely Jazz Piano Duo - Ambiance for Pure Moments,2022-10-03,3aJ5pygApmxAYAatEiFf4e,https://open.spotify.com/track/3aJ5pygApmxAYAatEiFf4e,intimate dreamy tender
Study Music,Ambient Palmer,"Study Music - Amazing Relaxing Music for Studying, Reading, Concentration",2015-03-05,6xIPaqioQr47cIfKXRSJaW,https://open.spotify.com/track/6xIPaqioQr47cIfKXRSJaW,intimate dreamy tender
Rain + Ambient Piano XX (741Hz),432Hz Meditation Music,Rain + Ambient Piano (741Hz),2022-09-16,5t9AHgGvUY92iF7UUewLfD,https://open.spotify.com/track/5t9AHgGvUY92iF7UUewLfD,intimate dreamy tender
Summer Ambient Background,makesound music,Ambient Corporate,2022-10-17,7aHfEYBGEi7hr37dF93Pm6,https://open.spotify.com/track/7aHfEYBGEi7hr37dF93Pm6,intimate dreamy tender
Rain + Ambient Piano III (741Hz),432Hz Meditation Music,Rain + Ambient Piano (741Hz),2022-09-16,5zl6v4KRK9WRNC9rZniTGr,https://open.spotify.com/track/5zl6v4KRK9WRNC9rZniTGr,intimate dreamy tender
Ambient Music 8D,8D Audio,8D Sound the New Technology 2019 (Music 8D),2019-04-12,7bZMeWqTW20gb4cxbC6Tj0,https://open.spotify.com/track/7bZMeWqTW20gb4cxbC6Tj0,intimate dreamy tender
Ambient Music,Meditation Relax Club,Ambient Music Therapy: Healing Music Sound Therapy for Relax and Chakra,2013-11-11,2rdvIEToS4eIi0VSFoEiMH,https://open.spotify.com/track/2rdvIEToS4eIi0VSFoEiMH,intimate dreamy tender
Film,Reflectiv,Influxu Spiritus II,2018-12-07,7FjfAjmIRNZehMcg1CBC2m,https://open.spotify.com/track/7FjfAjmIRNZehMcg1CBC2m,intimate dreamy tender
Massage Ambience,Spa Music Collective,"101 Spa Music - The Greatest Relaxing Spa Music for Massage, Beauty Treatments, Relaxation, Meditation and Sleep Collection",2015-10-23,7AQ3qCUPKetIm66DbPnpvE,https://open.spotify.com/track/7AQ3qCUPKetIm66DbPnpvE,intimate dreamy tender
Ambient Piano,Piano Music Spa,Soothing Melodies: Calm Piano Instrumentals,2024-06-29,3Hi0vEypRuyrfZ2bnvRXmt,https://open.spotify.com/track/3Hi0vEypRuyrfZ2bnvRXmt,intimate dreamy tender
Ambient 04,Earth 2160,Earth 2160,2013-09-20,2eXw234vfenWIWD0YdTs2v,https://open.spotify.com/track/2eXw234vfenWIWD0YdTs2v,intimate dreamy tender
Calm Scene,Laurent Juillet,Cinematic Ambient,2013-07-24,00v7epWuKKrOZNiaDiEOnV,https://open.spotify.com/track/00v7epWuKKrOZNiaDiEOnV,intimate dreamy tender
Relaxation Ambient,Mitchell Solaris,"Relaxing Sounds 101 - Keep Calm and Anxiety Free, Sleep Well, Relieve Stress",2015-04-27,3g3PlDeOBPSMMPP3HE7zFX,https://open.spotify.com/track/3g3PlDeOBPSMMPP3HE7zFX,intimate dreamy tender
Ambient 03,Earth 2160,Earth 2160,2013-09-20,2egbOUuQ5PgE1kxQvEIfBK,https://open.spotify.com/track/2egbOUuQ5PgE1kxQvEIfBK,intimate dreamy tender
Ambient Calm Rainfall,Rain Sounds Nature Collection,Rainy Evening Hibernation: Immersive Ambient to Boost Sleep Hipnosis Process,2022-03-02,2G2hetrkwOR5r5f9CC2Ztx,https://open.spotify.com/track/2G2hetrkwOR5r5f9CC2Ztx,intimate dreamy tender
Ambient Piano For Studying,Calm Music for Studying,Study Piano (Instrumental),2021-05-10,7uoww2pzIJ3PkMaQXo6rbH,https://open.spotify.com/track/7uoww2pzIJ3PkMaQXo6rbH,intimate dreamy tender
Rain + Ambient Piano III (741Hz),432Hz Meditation Music,Rain + Ambient Piano (741Hz),2022-09-16,5zl6v4KRK9WRNC9rZniTGr,https://open.spotify.com/track/5zl6v4KRK9WRNC9rZniTGr,intimate dreamy tender
Ambient Music,Meditation Relax Club,Ambient Music Therapy: Healing Music Sound Therapy for Relax and Chakra,2013-11-11,2rdvIEToS4eIi0VSFoEiMH,https://open.spotify.com/track/2rdvIEToS4eIi0VSFoEiMH,intimate dreamy tender
Sleep Piano Ambience,Ambient Space,Atmospheric Piano,2021-05-06,55cp4rRDe08UlKvoyxpeU3,https://open.spotify.com/track/55cp4rRDe08UlKvoyxpeU3,intimate dreamy tender
Rain + Ambient Piano XII (741Hz),432Hz Meditation Music,Rain + Ambient Piano (741Hz),2022-09-16,6WwiykQXVEEA4QBoUSkHkl,https://open.spotify.com/track/6WwiykQXVEEA4QBoUSkHkl,intimate dreamy tender
Rain + Ambient Piano XVI (741Hz),432Hz Meditation Music,Rain + Ambient Piano (741Hz),2022-09-16,3zi7If87xBJRt5SQxmK0Xa,https://open.spotify.com/track/3zi7If87xBJRt5SQxmK0Xa,intimate dreamy tender
Massage Ambience,Spa Music Collective,"101 Spa Music - The Greatest Relaxing Spa Music for Massage, Beauty Treatments, Relaxation, Meditation and Sleep Collection",2015-10-23,7AQ3qCUPKetIm66DbPnpvE,https://open.spotify.com/track/7AQ3qCUPKetIm66DbPnpvE,intimate dreamy tender
Rain + Ambient Piano IX (741Hz),432Hz Meditation Music,Rain + Ambient Piano (741Hz),2022-09-16,6ZQsd5tqAkXWNQWbr44vsJ,https://open.spotify.com/track/6ZQsd5tqAkXWNQWbr44vsJ,intimate dreamy tender
Landscape,Ambient Music Garden,Meditate Volume 1,2020-11-10,5fjFs86VoKoD5SAfz1TdrW,https://open.spotify.com/track/5fjFs86VoKoD5SAfz1TdrW,intimate dreamy tender
