track_name,artist_name,album_name,release_date,track_id,spotify_url,mood_keywords
Emotional Ambient Sounds for Introspective Moments,Shiroishi,Quiet Piano Music for Introspective Evenings,2025-09-12,6Uib5vh2V6cDbl0c2YFgfz,https://open.spotify.com/track/6Uib5vh2V6cDbl0c2YFgfz,introspective pensive cerebral
Introspective,Quiet Quest,Ambient Study Music,2023-08-13,4LA7drvhn21ciWBYP1kPKC,https://open.spotify.com/track/4LA7drvhn21ciWBYP1kPKC,introspective pensive cerebral
A Morning of Introspection,Anaamaly,Geometric Moods (432 Hz),2021-09-12,3WdzCs9Tnht8FMx7nDcylI,https://open.spotify.com/track/3WdzCs9Tnht8FMx7nDcylI,introspective pensive cerebral
Introspection,Aveniós,Introspection,2025-05-23,4wtpJ0oLbPI5WAwXd7eZxD,https://open.spotify.com/track/4wtpJ0oLbPI5WAwXd7eZxD,introspective pensive cerebral
Introspection,Estas Tonne,"Anthology, Vol. I & Vol. II (Live)",2021-06-18,5IZvAmEfPNaVOTkubNVr84,https://open.spotify.com/track/5IZvAmEfPNaVOTkubNVr84,introspective pensive cerebral
Instrospection,Jedi Dreams,Ambient Fragments V,2023-05-05,4b5SLU8xM8wHjkicykafGc,https://open.spotify.com/track/4b5SLU8xM8wHjkicykafGc,introspective pensive cerebral
Ambient Introspection Leading to Inner Peace,Ricky Trye,"Ambient Piano Meditations: Calm Music for Introspection, Rest and Relaxation",2021-01-21,1atX1iRvRhevSiuUUDnze2,https://open.spotify.com/track/1atX1iRvRhevSiuUUDnze2,introspective pensive cerebral
Introspection - Edit,Laraaji,Introspection (Edit),2017-07-19,4SqfCU4jNDOqP8qKcSpMU9,https://open.spotify.com/track/4SqfCU4jNDOqP8qKcSpMU9,introspective pensive cerebral
Introspective Illusions,Cooper Sams,Enchanted Eden & Introspective Illusions,2023-05-03,2UqBobvn89LVzQeUdAInpZ,https://open.spotify.com/track/2UqBobvn89LVzQeUdAInpZ,introspective pensive cerebral
Emotional Ambient Piano,OlexandrMusic,Emotional Ambient Piano,2022-07-08,1F7dGf03Hpf7qkfjQINjSS,https://open.spotify.com/track/1F7dGf03Hpf7qkfjQINjSS,introspective pensive cerebral
Introspection,Carl Borg,Introspection,2025-01-24,4ZssSxyCMYnHfESsLELqwI,https://open.spotify.com/track/4ZssSxyCMYnHfESsLELqwI,introspective pensive cerebral
Intro,Cubicolor,Brainsugar,2016-09-16,4bjeltvdBsWvyGDsZ0QwvH,https://open.spotify.com/track/4bjeltvdBsWvyGDsZ0QwvH,introspective pensive cerebral
Introspection,Yan Springett,Introspection,2022-11-04,7CQoXp03YJAgvkhQZA7nxq,https://open.spotify.com/track/7CQoXp03YJAgvkhQZA7nxq,introspective pensive cerebral
Introspection,Peace In Stillness,Introspection,2024-07-05,7CgocZ2k4lgtCl1aPW9fEi,https://open.spotify.com/track/7CgocZ2k4lgtCl1aPW9fEi,introspective pensive cerebral
Introspection,Ron Well,Introspection,2023-01-19,2cZJIUh0N1GkzZr3YjL5zN,https://open.spotify.com/track/2cZJIUh0N1GkzZr3YjL5zN,introspective pensive cerebral
Introspective,Gabriel Lewis,In the Old Country,2017-08-18,2XkGoCKEhC122xCz8Is8h5,https://open.spotify.com/track/2XkGoCKEhC122xCz8Is8h5,introspective pensive cerebral
Introspective Thoughts Gamma (88-176hz),Waves Of Sine,Introspective Thoughts Gamma,2024-07-19,4Kd0E840XEJnAPxl1tktZY,https://open.spotify.com/track/4Kd0E840XEJnAPxl1tktZY,introspective pensive cerebral
Astral Reverie,Intrinsic Flow,Echoes of Silence,2024-03-11,2HwoIWDMVzZjLw9kJuMXUB,https://open.spotify.com/track/2HwoIWDMVzZjLw9kJuMXUB,introspective pensive cerebral
Introspective,Phlox Sage,Introspective,2023-05-02,7d1CXUTMlMxmBWz3Mwsdvk,https://open.spotify.com/track/7d1CXUTMlMxmBWz3Mwsdvk,introspective pensive cerebral
Peaceful,Intrinsic Flow,Aetherial Beauty,2023-12-01,45Az6nD32tX4cITlzsHeZ0,https://open.spotify.com/track/45Az6nD32tX4cITlzsHeZ0,introspective pensive cerebral
Intrinsic Ambient,Calm Music for Studying,Exam Tomorrow,2022-09-23,4jEMJUoDKbXdtv1V0jtQ19,https://open.spotify.com/track/4jEMJUoDKbXdtv1V0jtQ19,introspective pensive cerebral
Introspective,Peaceful Violin,"Beautiful Violin & Ocean Waves, Instrumental Piano",2022-02-03,3XaepDF58dbArJKV2VGa7Y,https://open.spotify.com/track/3XaepDF58dbArJKV2VGa7Y,introspective pensive cerebral
Introspection,Soothe My Soul,Introspection,2024-05-15,4ElMnakrBImtuLAYs32hQg,https://open.spotify.com/track/4ElMnakrBImtuLAYs32hQg,introspective pensive cerebral
Introspection,Steven C,"The Ultimate Zen, Meditation & Spa Music",2020-03-05,4PqmySEyGYdgP0Vl3FmSFn,https://open.spotify.com/track/4PqmySEyGYdgP0Vl3FmSFn,introspective pensive cerebral
"Ambient Sleep Magic, Pt. 1",Sleep Fruits Music,"Sleep Fruits Session, Vol. 7",2023-09-09,3I7WllKKTJEe3YuhaGikpz,https://open.spotify.com/track/3I7WllKKTJEe3YuhaGikpz,introspective pensive cerebral
Introspection,One Decade,Introspection,2018-08-10,00UoA1HzNLg99txTVvVyen,https://open.spotify.com/track/00UoA1HzNLg99txTVvVyen,introspective pensive cerebral
Ambient Corporate Inspiration,DensoMusic,Ambient Soft Corporate Collection,2022-04-25,51c9dDzSD2xngyJfDGyVW1,https://open.spotify.com/track/51c9dDzSD2xngyJfDGyVW1,introspective pensive cerebral
Introspection,Dan Gibson's Solitudes,Calm the Mind,2013-10-22,2s9XDRwPTUVFYUOPqNRAl5,https://open.spotify.com/track/2s9XDRwPTUVFYUOPqNRAl5,introspective pensive cerebral
Reflective Melody,Simply Hypnotic,Music for Exploration: Mystical Soundscaping,2023-09-22,0BsxYCeXEcm3hKGGc4fD7D,https://open.spotify.com/track/0BsxYCeXEcm3hKGGc4fD7D,introspective pensive cerebral
Insightful Deep Thinking (Original Mix),Francisco Dane,Heavenly Ambiance - Healing Music Collection,2020-05-01,4dYj02tqQjHbLZ5u3XAfyU,https://open.spotify.com/track/4dYj02tqQjHbLZ5u3XAfyU,introspective pensive cerebral
Introspective,LAAKE,Introspective,2017-06-15,3LU41qIkh4lND6PM4W8jHw,https://open.spotify.com/track/3LU41qIkh4lND6PM4W8jHw,introspective pensive cerebral
introspection,tomcbumpz,Melodic Nostalgic,2021-01-22,1yd3FIob1WtM7fRbqwFLaw,https://open.spotify.com/track/1yd3FIob1WtM7fRbqwFLaw,introspective pensive cerebral
Introspection 432 Hz,Emuna Music,Healing Meditation,2024-01-26,6PqZJuzA0kO6IYEMqqd2Nf,https://open.spotify.com/track/6PqZJuzA0kO6IYEMqqd2Nf,introspective pensive cerebral
Introspection,Hoenix,Introspection,2019-02-01,1NfwcxpcT9c4AA09KtabBb,https://open.spotify.com/track/1NfwcxpcT9c4AA09KtabBb,introspective pensive cerebral
Intransigence,Hakobune,In Arboreal Whispering,2016-10-26,4eMOIEdYGXThAxGb7SdNZd,https://open.spotify.com/track/4eMOIEdYGXThAxGb7SdNZd,introspective pensive cerebral
Introspection Profonde,Yzalune,Introspection Profonde,2024-10-27,1C7SIltbrb59ZsLOWad1IL,https://open.spotify.com/track/1C7SIltbrb59ZsLOWad1IL,introspective pensive cerebral
Insubstantial,Quiet Quest,Metaphysical,2022-05-02,0FdoCTc1VrHk6fbG1NFzYB,https://open.spotify.com/track/0FdoCTc1VrHk6fbG1NFzYB,introspective pensive cerebral
Ambient Focus,Sleep Fruits Music,"Relaxing Sleep Music, Vol.1",2021-02-05,5YAJ3TmXu9yFAmyLf5912C,https://open.spotify.com/track/5YAJ3TmXu9yFAmyLf5912C,introspective pensive cerebral
Ambient Dreaming,Ambient Music Sleep Therapy,Ambient Sleep Therapy,2015-11-04,3q0U2GccjDdRr4okfiXkBn,https://open.spotify.com/track/3q0U2GccjDdRr4okfiXkBn,introspective pensive cerebral
Ambient Dreaming,Relaxing Music for Stress Relief,Relax: Music for Stress Relief,2015-10-14,5yjT8vMPCYfQbblxLtmOPB,https://open.spotify.com/track/5yjT8vMPCYfQbblxLtmOPB,introspective pensive cerebral
A Slow Lesson In Introspection,36,Music For Isolation (Suite),2021-03-17,54mdLDu9YUPyTOdKnjnKga,https://open.spotify.com/track/54mdLDu9YUPyTOdKnjnKga,introspective pensive cerebral
Self-Reflection - Soothing Sounds for Introspection,Self-Isolation Coffeehouse,Smooth Jazz for Self-Isolation,2020-04-17,2L7kwgJmK8yvn419yZtkSw,https://open.spotify.com/track/2L7kwgJmK8yvn419yZtkSw,introspective pensive cerebral
Introspection,Dream Sounds,"Dream Sounds, Vol. 4",2022-03-28,1jbISX828xDJQSVf4MrAps,https://open.spotify.com/track/1jbISX828xDJQSVf4MrAps,introspective pensive cerebral
"Introspection Music for a Deep Meditative State, Pt. 40",Deep Meditation Lullabies,Relax Love,2022-12-10,2uGdikKgdqeUKTuzoQb5PP,https://open.spotify.com/track/2uGdikKgdqeUKTuzoQb5PP,introspective pensive cerebral
Spiritual Introspection,The O'Neill Brothers Group,Meditation Music for Centering Yourself,2017-05-12,72O6WGsyBoVwWtQyQpEsOh,https://open.spotify.com/track/72O6WGsyBoVwWtQyQpEsOh,introspective pensive cerebral
Introspection,Spa,"Relaxing Music with Thunderstorms for Spa Music, Massage Therapy, Yoga Music, Sleeping Music, Meditation Music, Studying Music and the Best Guitar Music for Sleeping and Nature Sounds Music for Spa",2017-03-28,0Dkfelm9RGpXDtEqxCaS4D,https://open.spotify.com/track/0Dkfelm9RGpXDtEqxCaS4D,introspective pensive cerebral
Ambient Emotional Cinematic,Romansenykmusic,Soft Cinematic Soundtracks,2020-03-19,3iRW391RwTm8QN9jSqjwmQ,https://open.spotify.com/track/3iRW391RwTm8QN9jSqjwmQ,introspective pensive cerebral
"Ambient Slumber Serenade, Pt. 25",Sleep Fruits Music,"Sleep Fruits Session, Vol. 7",2023-09-09,5IJ9C153GGfkFhhQMHeLN6,https://open.spotify.com/track/5IJ9C153GGfkFhhQMHeLN6,introspective pensive cerebral
Reflections - Ambient Reprise,Archaellum,Reflections (Ambient Reprise),2021-09-07,4VDikAebfWADVzTc54e3n6,https://open.spotify.com/track/4VDikAebfWADVzTc54e3n6,introspective pensive cerebral
Introspection,Vicenzo Piano,Only Memories Remain,2024-07-19,2gYQ5OiRG9yIwGwOxZyyYh,https://open.spotify.com/track/2gYQ5OiRG9yIwGwOxZyyYh,introspective pensive cerebral
Introspect,Joe Bongiorno,Somewhere Within - Solo Piano,2007-07-16,1hLPWOkehw3e2GtqKShTeG,https://open.spotify.com/track/1hLPWOkehw3e2GtqKShTeG,introspective pensive cerebral
Introspection,Avith Ortega,Sinergy,2017-03-11,47Q5CABpsFCRfFFGfnNwiP,https://open.spotify.com/track/47Q5CABpsFCRfFFGfnNwiP,introspective pensive cerebral
Ambient Music for Lucid Dreaming and Concentration,Ambient Andromeda,"Vipassana Meditation - Music for Insight Meditation, Yoga, Relaxation",2011-02-16,3Rci5nZSMwRasRbUxv0AKf,https://open.spotify.com/track/3Rci5nZSMwRasRbUxv0AKf,introspective pensive cerebral
Introspective,Laugabeats,Introspective,2023-03-24,66ndiBDpIkAFXuuddhBYIh,https://open.spotify.com/track/66ndiBDpIkAFXuuddhBYIh,introspective pensive cerebral
Reflections,Intrinsic Flow,Echoes of Silence,2024-03-11,2j3WvrnzMKyj6UBkOofuge,https://open.spotify.com/track/2j3WvrnzMKyj6UBkOofuge,introspective pensive cerebral
Introspection Section,Tommy Guerrero,Loose Grooves and Bastard Blues,1997-03-01,1r9YvCbmUUKXuwIY5lIEMe,https://open.spotify.com/track/1r9YvCbmUUKXuwIY5lIEMe,introspective pensive cerebral
Introspection,Laraaji,Bring On The Sun,2017-09-22,3gBpYsMtPOZnBBej7lkBhW,https://open.spotify.com/track/3gBpYsMtPOZnBBej7lkBhW,introspective pensive cerebral
Soft Inspiring Corporate Uplifting Ambient,Romansenykmusic,Light Melodies,2021-01-28,6hFV5UrsgXmoy9gemEu4X0,https://open.spotify.com/track/6hFV5UrsgXmoy9gemEu4X0,introspective pensive cerebral
Retrospective - Ambient Version,Dreamoon,Dreamy Vibes Vol. 1,2023-02-24,5Oa1hkHUzulxCXaKdnO3Cq,https://open.spotify.com/track/5Oa1hkHUzulxCXaKdnO3Cq,introspective pensive cerebral
Introspection,Josh Teed,The Journey East,2021-07-16,2WHojfp7UIs2UgoYsTcSJ8,https://open.spotify.com/track/2WHojfp7UIs2UgoYsTcSJ8,introspective pensive cerebral
Introspection,Modern Headspace,"Lofi Instrumentals, Vol. 1",2022-02-18,5HyRhCOYcnctGYBDkh4OFE,https://open.spotify.com/track/5HyRhCOYcnctGYBDkh4OFE,introspective pensive cerebral
Introspective Beats,Lo-Fi for Studying,Introspective Beats,2023-04-07,57gpvN4Piow9DKfX3a2Ort,https://open.spotify.com/track/57gpvN4Piow9DKfX3a2Ort,introspective pensive cerebral
Intro,Brainwave Lab,Oscillator Soundscapes,2021-12-17,4T6iMzNPVBo65uF92OVdRV,https://open.spotify.com/track/4T6iMzNPVBo65uF92OVdRV,introspective pensive cerebral
Cinematic Ambient Corporate Inspiring Emotional,Romansenykmusic,Soft Cinematic Soundtracks,2020-03-19,009zm4nS6Bl2GtHt2iitDA,https://open.spotify.com/track/009zm4nS6Bl2GtHt2iitDA,introspective pensive cerebral
Introspective Echoes,Saint Of Sin,Divine Opera,2024-11-29,3LIY9ZWBIuatHyBORGeL5n,https://open.spotify.com/track/3LIY9ZWBIuatHyBORGeL5n,introspective pensive cerebral
Pensive,Quiet Quest,Ambient Study Music,2023-08-13,7nqLelPHIlT7tlO8OI4VDY,https://open.spotify.com/track/7nqLelPHIlT7tlO8OI4VDY,introspective pensive cerebral
Introspective Improvisations,Coffee Shop Vibes,Moonlight Confessions,2023-02-12,67jdX5GPgZkY7y2EYpewY4,https://open.spotify.com/track/67jdX5GPgZkY7y2EYpewY4,introspective pensive cerebral
Introspection,Julián Aponte,Instrospective nights,2024-07-12,3xi8XhjZHCgxCZuRxA5dok,https://open.spotify.com/track/3xi8XhjZHCgxCZuRxA5dok,introspective pensive cerebral
Interlude,Evocativ,Awakening,2016-11-25,7c7RGFR6Z5wsqfQLNAEUMr,https://open.spotify.com/track/7c7RGFR6Z5wsqfQLNAEUMr,introspective pensive cerebral
Retrospectacular,Domaine Blanc,Retrospectacular,2020-06-01,58Z8R4KZPbfTc6KVYZLwTb,https://open.spotify.com/track/58Z8R4KZPbfTc6KVYZLwTb,introspective pensive cerebral
Moon Valley (Ambient Introspection),Suzanne Doucet,Moon Valley (Ambient Introspection),2014-04-11,0AuC6j66fjBzcNjWViIlfr,https://open.spotify.com/track/0AuC6j66fjBzcNjWViIlfr,introspective pensive cerebral
Introvert - Original Mix,Aether,Introvert,2016-03-25,3g5KnMiStkc34AhYVvlRrD,https://open.spotify.com/track/3g5KnMiStkc34AhYVvlRrD,introspective pensive cerebral
Incipit - Nature Sounds Version,Infinite Reflections,Incipit,2023-04-07,3oYPFxZzS5054TZG5BZjvg,https://open.spotify.com/track/3oYPFxZzS5054TZG5BZjvg,introspective pensive cerebral
Inspiring Dense Cheerful Minimal,DepasRec,Inspiring Dense Cheerful Minimal,2019-05-15,5r0ccKtGnuKE7vHAw2tha8,https://open.spotify.com/track/5r0ccKtGnuKE7vHAw2tha8,introspective pensive cerebral
Your Wellbeing,Angela Laur,2018 Essentials for Introspection,2018-03-30,7lKjhNiPkIBsMwyyq2BIcx,https://open.spotify.com/track/7lKjhNiPkIBsMwyyq2BIcx,introspective pensive cerebral
Introspection,Le Promeneur,Errance,2024-09-25,0SqWdyi5pstTCWCvbEOFmj,https://open.spotify.com/track/0SqWdyi5pstTCWCvbEOFmj,introspective pensive cerebral
Peaceful Ambience,Arctic Comfort,Reflections in Moonlit Waters,2017-11-05,6oe4QZZbBELtM1yV3y4l8s,https://open.spotify.com/track/6oe4QZZbBELtM1yV3y4l8s,introspective pensive cerebral
Cinematic Piano Ambient,AShamaluevMusic,Cinematic Inspirational Music,2017-01-01,4BVhvnWYe8H6RtcMYI2ZnL,https://open.spotify.com/track/4BVhvnWYe8H6RtcMYI2ZnL,introspective pensive cerebral
"Sleep Fruits Session, Vol. 3, Pt. 2",Sleep Fruits Music,"Sleep Fruits Session, Vol. 3",2023-05-16,4W9oqNvCdeZV9Q94eNkbcS,https://open.spotify.com/track/4W9oqNvCdeZV9Q94eNkbcS,introspective pensive cerebral
"Sleep Fruits Session, Vol. 3, Pt. 3",Sleep Fruits Music,"Sleep Fruits Session, Vol. 3",2023-05-16,005MEK6Yc1B9kmC5YD3tPo,https://open.spotify.com/track/005MEK6Yc1B9kmC5YD3tPo,introspective pensive cerebral
"Introspection Music for a Deep Meditative State, Pt. 39",Meditation Guru,Relaxing Ambient Playlist,2022-11-07,5qn5DxMSTAwGuLxM880uLg,https://open.spotify.com/track/5qn5DxMSTAwGuLxM880uLg,introspective pensive cerebral
Introspection,White Sounds,High Andes Wind: Focus And Introspection,2023-01-23,1sU2UQypYXP4F0ZDhsBrHQ,https://open.spotify.com/track/1sU2UQypYXP4F0ZDhsBrHQ,introspective pensive cerebral
Introspection,Mircea & Raul Vrajitoru,Inner Vision,2011-05-01,1D2ss2nyCowGbbYdSZuS1j,https://open.spotify.com/track/1D2ss2nyCowGbbYdSZuS1j,introspective pensive cerebral
"Musical Ambient Melodies for Peaceful Thoughts, Pt. 1",Quiet Meditation Music,Musical Ambient Melodies for Peaceful Thoughts,2022-07-29,6BpcFPCz4GnQRrr92qMmWG,https://open.spotify.com/track/6BpcFPCz4GnQRrr92qMmWG,introspective pensive cerebral
Introspection,Vetle Nærø,Introspection,2021-04-16,38MPF3rvMwS0ko9ppwO0xf,https://open.spotify.com/track/38MPF3rvMwS0ko9ppwO0xf,introspective pensive cerebral
Introspection,Ivy Ravenwood,Instrumental Harp Originals for Relaxing,2020-02-27,1WPupEboTnMQUODWBazvwl,https://open.spotify.com/track/1WPupEboTnMQUODWBazvwl,introspective pensive cerebral
Ambient Study for Focus,Work Music,Effective Brainwaves That Improve Concentration and Focus,2022-09-15,5PzvZnmt7tTiC01W2rSQZo,https://open.spotify.com/track/5PzvZnmt7tTiC01W2rSQZo,introspective pensive cerebral
Becoming Introspective,Piano Den,Almost at my Limit,2023-07-23,2t3GMSuPNjjO4dWy2PPX9f,https://open.spotify.com/track/2t3GMSuPNjjO4dWy2PPX9f,introspective pensive cerebral
Impressions,Ambient Endeavors,Impressions,2020-05-30,44Y021wfHO8PmefskFmhBR,https://open.spotify.com/track/44Y021wfHO8PmefskFmhBR,introspective pensive cerebral
Intro Ambient Calming (Remastered),OK Beats,Intro Ambient Calming (Remastered),2024-04-10,6d4WQAFa1w57cw7xFZKHjz,https://open.spotify.com/track/6d4WQAFa1w57cw7xFZKHjz,introspective pensive cerebral
Introspection,Franco Robert,Piano Spells III,2020-07-24,4JLvlBPNW8XgZaylk2zETV,https://open.spotify.com/track/4JLvlBPNW8XgZaylk2zETV,introspective pensive cerebral
"Binaural Beats (Deep Sleep): Reflection Room, Pt. 1",Binaural Universe,Binaural Sleep Cycle: Chill Ambience,2018-03-13,1hwwuYzFoQwoc7iYNWoZP1,https://open.spotify.com/track/1hwwuYzFoQwoc7iYNWoZP1,introspective pensive cerebral
Ambient Corporate,DensoMusic,Ambient Corporate Background,2021-03-21,6HOvL9ywbMGIkZcqFPguJB,https://open.spotify.com/track/6HOvL9ywbMGIkZcqFPguJB,introspective pensive cerebral
Ambient Minimal Corporate,DensoMusic,Ambient Corporate Background,2021-03-21,4J0Pf9H6mBoSjuAqN3y9Pl,https://open.spotify.com/track/4J0Pf9H6mBoSjuAqN3y9Pl,introspective pensive cerebral
Intro(spective) - Solo Piano Version,Fabio Gangi,Intro(spective),2022-10-28,7uEW1qbMIsSNUacdPfi64B,https://open.spotify.com/track/7uEW1qbMIsSNUacdPfi64B,introspective pensive cerebral
"Sleep Fruits Session, Vol. 3, Pt. 7",Sleep Fruits Music,"Sleep Fruits Session, Vol. 3",2023-05-16,7vNEf0cGy9ZzsKJEv5WQ76,https://open.spotify.com/track/7vNEf0cGy9ZzsKJEv5WQ76,introspective pensive cerebral
"Sleep Fruits Session, Vol. 3, Pt. 14",Sleep Fruits Music,"Sleep Fruits Session, Vol. 3",2023-05-16,2ecsvLqEN1u6KkNHoHAWn5,https://open.spotify.com/track/2ecsvLqEN1u6KkNHoHAWn5,introspective pensive cerebral
Ambient Reflections,Stardust Moon,Ambient Reflections,2025-05-01,1eJWQMkLWC4OhaGAZ1Yy3J,https://open.spotify.com/track/1eJWQMkLWC4OhaGAZ1Yy3J,introspective pensive cerebral
Reflection,Interstellar Noise,Reflection,2021-09-10,4O7QRo5ZdHCSVbx6Nh4gLM,https://open.spotify.com/track/4O7QRo5ZdHCSVbx6Nh4gLM,introspective pensive cerebral
"Sleep Fruits Session, Vol. 3, Pt. 10",Sleep Fruits Music,"Sleep Fruits Session, Vol. 3",2023-05-16,5GedE9GOBhWhpPq5N8zkhJ,https://open.spotify.com/track/5GedE9GOBhWhpPq5N8zkhJ,introspective pensive cerebral
Insight (Introspection),Biosphere: Nature Sounds & Music,Infinity,2006-08-29,6h0Qziyf8RUTK9qAMSBS8o,https://open.spotify.com/track/6h0Qziyf8RUTK9qAMSBS8o,introspective pensive cerebral
Introspective Travels,Hiemal,Introspective Travels,2019-05-18,1ZiHWEV5v6XWd8sNZIDZUd,https://open.spotify.com/track/1ZiHWEV5v6XWd8sNZIDZUd,introspective pensive cerebral
Introspection,Music Therapy Center of Creve Couer,"Music for Music Therapy, Step 1: Healing Piano Music",2010-03-08,4plr213eQ1ZJlho8SrzpSs,https://open.spotify.com/track/4plr213eQ1ZJlho8SrzpSs,introspective pensive cerebral
"Introspection Music for a Deep Meditative State, Pt. 22",Meditation Music Therapy,Calming Playlist,2022-10-31,2YGUL0rQzILG6650jufBvX,https://open.spotify.com/track/2YGUL0rQzILG6650jufBvX,introspective pensive cerebral
Introspective,Atmospheric Lights,Introspective,2021-10-15,1zc6pqR9LH7K2oztW3pEUR,https://open.spotify.com/track/1zc6pqR9LH7K2oztW3pEUR,introspective pensive cerebral
Introspeccion (Instrumental),Elevate,Dharma (Instrumental),2019-01-25,788MjBtpqJlPnKeAeVRpNJ,https://open.spotify.com/track/788MjBtpqJlPnKeAeVRpNJ,introspective pensive cerebral
Introspective Therapy,Study Radiance,Relaxing Music,2020-06-05,5rIBIHoccsokcNor7MQb2I,https://open.spotify.com/track/5rIBIHoccsokcNor7MQb2I,introspective pensive cerebral
Reflection I,Intrusion,Intrusion / Reflection,2008-07-09,2rD1f87nJi5m4Ui86mSmZp,https://open.spotify.com/track/2rD1f87nJi5m4Ui86mSmZp,introspective pensive cerebral
"Musical Ambient Melodies for Peaceful Thoughts, Pt. 4",Quiet Meditation Music,Musical Ambient Melodies for Peaceful Thoughts,2022-07-29,1qMhuoqUXwz2pJniLoxUUO,https://open.spotify.com/track/1qMhuoqUXwz2pJniLoxUUO,introspective pensive cerebral
Inception Time Soundtrack - Ambient,Connectionist,Inception Time Soundtrack (Ambient),2022-06-01,7alGIxvqrXgRknPQ1geuas,https://open.spotify.com/track/7alGIxvqrXgRknPQ1geuas,introspective pensive cerebral
"Musical Ambient Melodies for Peaceful Thoughts, Pt. 9",Quiet Meditation Music,Musical Ambient Melodies for Peaceful Thoughts,2022-07-29,1f6l8TyunmOIQKctRvxXvs,https://open.spotify.com/track/1f6l8TyunmOIQKctRvxXvs,introspective pensive cerebral
Introspection (Solo Rework),Richard LaBrooy,Introspection (Solo Rework),2019-05-31,55pyHLsxKonDCpT4lpgVBd,https://open.spotify.com/track/55pyHLsxKonDCpT4lpgVBd,introspective pensive cerebral
Intrinsic,Homeomorphic,Intrinsic,2020-03-15,5abvwab4pm3CIKw3wf8jXe,https://open.spotify.com/track/5abvwab4pm3CIKw3wf8jXe,introspective pensive cerebral
Introspección,Oscar Castaño Chavez,Introspección,2020-03-09,6uz6QvfgOShLvLFIx39ZSo,https://open.spotify.com/track/6uz6QvfgOShLvLFIx39ZSo,introspective pensive cerebral
Introspection,Eternal Flute,Introspection,2024-03-08,48jUP9V96P0Z8QjlFIrQdP,https://open.spotify.com/track/48jUP9V96P0Z8QjlFIrQdP,introspective pensive cerebral
Pensive,Martin Czerny,Sad Cello & Piano Collection V,2020-09-25,1ELkdNkyRm9O2PqvjN5F4v,https://open.spotify.com/track/1ELkdNkyRm9O2PqvjN5F4v,introspective pensive cerebral
Instrumental Office Music,Concentration Music for Work,"Focus & Work: Background Concentration, Work and Focus Music",2022-05-02,2bdeTzlyT0AIOCDigZQhqz,https://open.spotify.com/track/2bdeTzlyT0AIOCDigZQhqz,introspective pensive cerebral
Inspirational Touching Emotional Piano,DepasRec,Inspirational Touching Emotional Piano,2019-05-13,6fqkJV6IRwhfXmbB61Pf3g,https://open.spotify.com/track/6fqkJV6IRwhfXmbB61Pf3g,introspective pensive cerebral
Ambient Café Instrumental,Coffee House Instrumental Jazz Playlist,Coffee Shop Essentials: Slow Piano Jazz,2019-06-30,1bL35CTgRliBQ5GWtL0zGc,https://open.spotify.com/track/1bL35CTgRliBQ5GWtL0zGc,introspective pensive cerebral
Brainwave Entrainment Sleep Aid,Binaural Beats Sleep,"Binaural Beats: Ambient Sleep Sounds of Alpha Waves, Isochronic Tones and Brainwave Entrainment",2018-04-16,7LkF3lf29Zvrg9busIXrKE,https://open.spotify.com/track/7LkF3lf29Zvrg9busIXrKE,introspective pensive cerebral
Introspective Resonance,Albert Power,Adhd Focus Music with Binaural Beats,2023-05-21,4n80WI5bQNZIqEq5YEIzjQ,https://open.spotify.com/track/4n80WI5bQNZIqEq5YEIzjQ,introspective pensive cerebral
"Introspection Music for a Deep Meditative State, Pt. 23",Meditation Music Therapy,Calming Playlist,2022-10-31,4qQTjcOaRd0UASdRNitVoU,https://open.spotify.com/track/4qQTjcOaRd0UASdRNitVoU,introspective pensive cerebral
"Introspection Music for a Deep Meditative State, Pt. 29",Meditation Music Therapy,Calming Playlist,2022-10-31,72Tj1vobD4AN9tkaLanhA9,https://open.spotify.com/track/72Tj1vobD4AN9tkaLanhA9,introspective pensive cerebral
"Introspection Music for a Deep Meditative State, Pt. 30",Meditation Music Therapy,Calming Playlist,2022-10-31,7010OyextVZanbBGXv5bYM,https://open.spotify.com/track/7010OyextVZanbBGXv5bYM,introspective pensive cerebral
"Introspection Music for a Deep Meditative State, Pt. 28",Meditation Music Therapy,Calming Playlist,2022-10-31,2EkmiYOSuJFHWF5Bw8oVSI,https://open.spotify.com/track/2EkmiYOSuJFHWF5Bw8oVSI,introspective pensive cerebral
Introspection,Emotive Grey,Grey Unknown - EP,2021-04-30,2p4PtLOcOdSC7RNuvUYm2R,https://open.spotify.com/track/2p4PtLOcOdSC7RNuvUYm2R,introspective pensive cerebral
"Introspection Music for a Deep Meditative State, Pt. 33",Meditation Music Therapy,Calming Playlist,2022-10-31,2j0J8WJqHjVmt01lkBiMjB,https://open.spotify.com/track/2j0J8WJqHjVmt01lkBiMjB,introspective pensive cerebral
"Introspection Music for a Deep Meditative State, Pt. 27",Meditation Music Therapy,Calming Playlist,2022-10-31,72tZIJqkUfREb9hW20wz8O,https://open.spotify.com/track/72tZIJqkUfREb9hW20wz8O,introspective pensive cerebral
Introspection,Dane Forrest,Building Castles,2014-08-19,5XJwudndjbaBuVo0qEEQof,https://open.spotify.com/track/5XJwudndjbaBuVo0qEEQof,introspective pensive cerebral
Introspective,Alex Banks,Projections,2022-08-05,0yw2rvusd6F2sat0X2ig8k,https://open.spotify.com/track/0yw2rvusd6F2sat0X2ig8k,introspective pensive cerebral
Reflection,Intrusion,The Seduction of Silence,2010-11-22,6v0kHTMbjh3z5V9CjzgU7U,https://open.spotify.com/track/6v0kHTMbjh3z5V9CjzgU7U,introspective pensive cerebral
Introspective,Tejal Yann,Reflections,2020-08-08,27lXXY12S083d2J9j1NnL6,https://open.spotify.com/track/27lXXY12S083d2J9j1NnL6,introspective pensive cerebral
"Musical Ambient Melodies for Peaceful Thoughts, Pt. 7",Quiet Meditation Music,Musical Ambient Melodies for Peaceful Thoughts,2022-07-29,1ufBExFuVQXLNue0KW89TM,https://open.spotify.com/track/1ufBExFuVQXLNue0KW89TM,introspective pensive cerebral
"Musical Ambient Melodies for Peaceful Thoughts, Pt. 6",Quiet Meditation Music,Musical Ambient Melodies for Peaceful Thoughts,2022-07-29,78nAv3MhIO2LanCrCwQdCf,https://open.spotify.com/track/78nAv3MhIO2LanCrCwQdCf,introspective pensive cerebral
"Musical Ambient Melodies for Peaceful Thoughts, Pt. 10",Quiet Meditation Music,Musical Ambient Melodies for Peaceful Thoughts,2022-07-29,5EDucIBCfQB4qmybBFFpyV,https://open.spotify.com/track/5EDucIBCfQB4qmybBFFpyV,introspective pensive cerebral
"Musical Ambient Melodies for Peaceful Thoughts, Pt. 5",Quiet Meditation Music,Musical Ambient Melodies for Peaceful Thoughts,2022-07-29,0hK8bGj8FQlsf0QTriD7Sa,https://open.spotify.com/track/0hK8bGj8FQlsf0QTriD7Sa,introspective pensive cerebral
Reflecting Impulses,I Awake,The Core,2008-05-20,61N98uEn13sJLcXwudOw1O,https://open.spotify.com/track/61N98uEn13sJLcXwudOw1O,introspective pensive cerebral
Introitus,sToa,Porta Vlll,1995,7fkEo9lF5X9wdJeZckmMuh,https://open.spotify.com/track/7fkEo9lF5X9wdJeZckmMuh,introspective pensive cerebral
Ambient Music,Binaural Beats Sleep,"Binaural Beats Sleep: Ambient Music for Deep Sleep, Alpha Waves Sleep Aid and Calm Sleeping Music",2018-12-19,7ykIazxZG5YjdU7KpZ1L0x,https://open.spotify.com/track/7ykIazxZG5YjdU7KpZ1L0x,introspective pensive cerebral
Introspection,The Spiritual Voyager,Healing Music Mantras for Well Being: Rhythmic Music for Yoga Practice and the Healing Spa,2019-08-12,5tlqeMrzZyIoJiuxenf6CD,https://open.spotify.com/track/5tlqeMrzZyIoJiuxenf6CD,introspective pensive cerebral
"Introspection Music for a Deep Meditative State, Pt. 14",Meditation Music Therapy,Calming Playlist,2022-10-31,18a0GXZC4flTC3ZXx3Ealv,https://open.spotify.com/track/18a0GXZC4flTC3ZXx3Ealv,introspective pensive cerebral
"Introspection Music for a Deep Meditative State, Pt. 19",Meditation Music Therapy,Calming Playlist,2022-10-31,7617fZ0HLA6Q91KKBvMkJE,https://open.spotify.com/track/7617fZ0HLA6Q91KKBvMkJE,introspective pensive cerebral
"Introspection Music for a Deep Meditative State, Pt. 24",Meditation Music Therapy,Calming Playlist,2022-10-31,0NX9pd407JsVQOMc9be8IS,https://open.spotify.com/track/0NX9pd407JsVQOMc9be8IS,introspective pensive cerebral
"Introspection Music for a Deep Meditative State, Pt. 20",Meditation Music Therapy,Calming Playlist,2022-10-31,4nT5LBQEUt99Bh8XmTHPo9,https://open.spotify.com/track/4nT5LBQEUt99Bh8XmTHPo9,introspective pensive cerebral
Introspection,Spa Soundscapes,Perceptions,2021-10-29,4SN2e5g4nkrZCmJgUNrWzq,https://open.spotify.com/track/4SN2e5g4nkrZCmJgUNrWzq,introspective pensive cerebral
Instrumental Song for Study and Reflection,Focus,Study Session: Instrumental Background Music for Study and Concentration,2021-11-17,58M0UY9wD4PG95aIgDGVIg,https://open.spotify.com/track/58M0UY9wD4PG95aIgDGVIg,introspective pensive cerebral
Inspirational Piano Ambient,AShamaluevMusic,Inspirational Piano Ambient,2019-06-20,2R1LD6Yd6Cra8qC7fAqD0U,https://open.spotify.com/track/2R1LD6Yd6Cra8qC7fAqD0U,introspective pensive cerebral
Pensive,Joe Volpe,Introspection,2010-07-12,0vUjIssUGjkO3rtk8CD7Et,https://open.spotify.com/track/0vUjIssUGjkO3rtk8CD7Et,introspective pensive cerebral
"Musical Ambient Melodies for Peaceful Thoughts, Pt. 14",Quiet Meditation Music,Musical Ambient Melodies for Peaceful Thoughts,2022-07-29,345Rk9sNqYuG2G895Muf14,https://open.spotify.com/track/345Rk9sNqYuG2G895Muf14,introspective pensive cerebral
"Musical Ambient Melodies for Peaceful Thoughts, Pt. 13",Quiet Meditation Music,Musical Ambient Melodies for Peaceful Thoughts,2022-07-29,5jROIizhXoMJbyJU4hQzQ2,https://open.spotify.com/track/5jROIizhXoMJbyJU4hQzQ2,introspective pensive cerebral
"Musical Ambient Melodies for Peaceful Thoughts, Pt. 24",Quiet Meditation Music,Sweet Redemption,2022-07-22,4g1eeWEay6v8maS0peXI9u,https://open.spotify.com/track/4g1eeWEay6v8maS0peXI9u,introspective pensive cerebral
"Musical Ambient Melodies for Peaceful Thoughts, Pt. 15",Quiet Meditation Music,Musical Ambient Melodies for Peaceful Thoughts,2022-07-29,7aIC7klgCX3wxnsj4ce2Xx,https://open.spotify.com/track/7aIC7klgCX3wxnsj4ce2Xx,introspective pensive cerebral
"Musical Ambient Melodies for Peaceful Thoughts, Pt. 12",Quiet Meditation Music,Musical Ambient Melodies for Peaceful Thoughts,2022-07-29,08L9pNQB5NhoZExlDPytgi,https://open.spotify.com/track/08L9pNQB5NhoZExlDPytgi,introspective pensive cerebral
"Musical Ambient Melodies for Peaceful Thoughts, Pt. 22",Quiet Meditation Music,Sweet Redemption,2022-07-22,3hHUbNKSJ5E1CHZvRDyDbE,https://open.spotify.com/track/3hHUbNKSJ5E1CHZvRDyDbE,introspective pensive cerebral
"Musical Ambient Melodies for Peaceful Thoughts, Pt. 16",Quiet Meditation Music,Musical Ambient Melodies for Peaceful Thoughts,2022-07-29,0KYkwKbpHpBe5Hnh2P0TyV,https://open.spotify.com/track/0KYkwKbpHpBe5Hnh2P0TyV,introspective pensive cerebral
Quiet Ambience for Intellectual Steps,Restaurant Background Playlist,Bgm for Thinking Shadows,2022-10-15,3RjhobOvtNTMS66nqNnS5V,https://open.spotify.com/track/3RjhobOvtNTMS66nqNnS5V,introspective pensive cerebral
Instrumental Background Music for Writing,Writing Music Inspire,Writing Music Ambient,2019-12-06,5NWtkYVC4ItUxPCWEhiuyp,https://open.spotify.com/track/5NWtkYVC4ItUxPCWEhiuyp,introspective pensive cerebral
Atmospheric Inspiring Piano,DS Productions,Atmospheric Inspiring Piano,2020-11-02,606lhKCyXEYsHgdoutrLxv,https://open.spotify.com/track/606lhKCyXEYsHgdoutrLxv,introspective pensive cerebral
Reversing Existence,Innesti,Apperception,2020-08-10,6BZjUJmyn7wu3NeYvDZrBI,https://open.spotify.com/track/6BZjUJmyn7wu3NeYvDZrBI,introspective pensive cerebral
432 Hz Introspection - Session Theme,432 Hz Sound Therapy,"Deep Meditation & Binaural Beats, Vol. 6",2022-11-15,5iEIYqSEthx47a4HZhOuBN,https://open.spotify.com/track/5iEIYqSEthx47a4HZhOuBN,introspective pensive cerebral
"Introspection Music for a Deep Meditative State, Pt. 16",Meditation Music Therapy,Calming Playlist,2022-10-31,4uZEYf33fjEWyRt9mlq8jg,https://open.spotify.com/track/4uZEYf33fjEWyRt9mlq8jg,introspective pensive cerebral
"Introspection Music for a Deep Meditative State, Pt. 25",Meditation Music Therapy,Calming Playlist,2022-10-31,1eC59JPZYmOZ0KtLagqJbR,https://open.spotify.com/track/1eC59JPZYmOZ0KtLagqJbR,introspective pensive cerebral
"Introspection Music for a Deep Meditative State, Pt. 15",Meditation Music Therapy,Calming Playlist,2022-10-31,7IvsLmr2xf84tWNyrFxMxm,https://open.spotify.com/track/7IvsLmr2xf84tWNyrFxMxm,introspective pensive cerebral
"Introspection Music for a Deep Meditative State, Pt. 21",Meditation Music Therapy,Calming Playlist,2022-10-31,7xKkcxRZS9zlaIJRTLHCeq,https://open.spotify.com/track/7xKkcxRZS9zlaIJRTLHCeq,introspective pensive cerebral
Ambient Inspiration,DensoMusic,Ambient Corporate Background,2021-03-21,3TusN0gYe1WDnsNm7d25rA,https://open.spotify.com/track/3TusN0gYe1WDnsNm7d25rA,introspective pensive cerebral
Introspection,Peaceful Piano Keys,Piano Peace,2022-05-30,38E4WCni3ZORpMJWPdHDtA,https://open.spotify.com/track/38E4WCni3ZORpMJWPdHDtA,introspective pensive cerebral
Introspection,Mythos,Mythos,1998-02-08,5VieCvY4S3xVrhZ1f3UmTB,https://open.spotify.com/track/5VieCvY4S3xVrhZ1f3UmTB,introspective pensive cerebral
Introspective Perceptionis,Jean-Luc Ponty,The Gift Of Time,1987-10-13,10tUYLAhgLdC2yRfMnpjLy,https://open.spotify.com/track/10tUYLAhgLdC2yRfMnpjLy,introspective pensive cerebral
"Musical Ambient Melodies for Peaceful Thoughts, Pt. 28",Quiet Meditation Music,Sweet Redemption,2022-07-22,4CudKJMbw24Qh5LuwNtRvG,https://open.spotify.com/track/4CudKJMbw24Qh5LuwNtRvG,introspective pensive cerebral
"Musical Ambient Melodies for Peaceful Thoughts, Pt. 29",Relaxation mentale,Cool Touch,2022-08-20,4ADMDsMp0suLnmHI3ypnVg,https://open.spotify.com/track/4ADMDsMp0suLnmHI3ypnVg,introspective pensive cerebral
"Musical Ambient Melodies for Peaceful Thoughts, Pt. 23",Quiet Meditation Music,Sweet Redemption,2022-07-22,0pua0LrYunjMJPWVND0GIT,https://open.spotify.com/track/0pua0LrYunjMJPWVND0GIT,introspective pensive cerebral
"Musical Ambient Melodies for Peaceful Thoughts, Pt. 25",Quiet Meditation Music,Sweet Redemption,2022-07-22,37RM70OCpM0SW9TOGdtrqy,https://open.spotify.com/track/37RM70OCpM0SW9TOGdtrqy,introspective pensive cerebral
"Musical Ambient Melodies for Peaceful Thoughts, Pt. 21",Quiet Meditation Music,Sweet Redemption,2022-07-22,73YaFI98t2XgCelKxrol3x,https://open.spotify.com/track/73YaFI98t2XgCelKxrol3x,introspective pensive cerebral
"Musical Ambient Melodies for Peaceful Thoughts, Pt. 17",Quiet Meditation Music,Musical Ambient Melodies for Peaceful Thoughts,2022-07-29,2aE20ETe1YNMwe8HFWmlr3,https://open.spotify.com/track/2aE20ETe1YNMwe8HFWmlr3,introspective pensive cerebral
"Musical Ambient Melodies for Peaceful Thoughts, Pt. 19",Quiet Meditation Music,Sweet Redemption,2022-07-22,6Lha1QPDapx4MI7qiVNtzr,https://open.spotify.com/track/6Lha1QPDapx4MI7qiVNtzr,introspective pensive cerebral
"Musical Ambient Melodies for Peaceful Thoughts, Pt. 18",Quiet Meditation Music,Musical Ambient Melodies for Peaceful Thoughts,2022-07-29,0gGf4F0U7V1DiAMNCpo6BQ,https://open.spotify.com/track/0gGf4F0U7V1DiAMNCpo6BQ,introspective pensive cerebral
"Musical Ambient Melodies for Peaceful Thoughts, Pt. 20",Quiet Meditation Music,Sweet Redemption,2022-07-22,3j42Wb9SF53f8TI493SXei,https://open.spotify.com/track/3j42Wb9SF53f8TI493SXei,introspective pensive cerebral
introspective thoughts,Beaumont,sunset in the lake,2022-03-18,11d5tYelkMoqn0FyCFihoT,https://open.spotify.com/track/11d5tYelkMoqn0FyCFihoT,introspective pensive cerebral
Converging,Quiet Quest,Ambient Music for Deep Focus,2022-09-02,4F9RCtP7gUNCq4hvxfnwjs,https://open.spotify.com/track/4F9RCtP7gUNCq4hvxfnwjs,introspective pensive cerebral
Thoughtful Introspection,David Kates,"Spa and Spirit: Music for Deep Thought, Focus and Relaxation",2019-08-12,2HIS0Sx5IJaIO725nMOM2z,https://open.spotify.com/track/2HIS0Sx5IJaIO725nMOM2z,introspective pensive cerebral
"Introspection Music for a Deep Meditative State, Pt. 38",Meditation Music Therapy,Calming Playlist,2022-10-31,5RAMajv6h5DU5Ulko0Jfhj,https://open.spotify.com/track/5RAMajv6h5DU5Ulko0Jfhj,introspective pensive cerebral
"Introspection Music for a Deep Meditative State, Pt. 17",Meditation Music Therapy,Calming Playlist,2022-10-31,4yjTGOjrmRFqbc1oT2YNjK,https://open.spotify.com/track/4yjTGOjrmRFqbc1oT2YNjK,introspective pensive cerebral
Introspect - Instrumental,Johari,Yūrei (Instrumental),2022-03-23,4iBjYSykzCxjj4FidrgKkI,https://open.spotify.com/track/4iBjYSykzCxjj4FidrgKkI,introspective pensive cerebral
Introspection,Avyo,Introspection,2021-11-05,146Om2FJqXArzGSOdJhjLf,https://open.spotify.com/track/146Om2FJqXArzGSOdJhjLf,introspective pensive cerebral
Introspective Therapy,Piano Sleep Music,Piano Sleep Music,2020-06-08,5xa290xyEql0PAUNqvy1NF,https://open.spotify.com/track/5xa290xyEql0PAUNqvy1NF,introspective pensive cerebral
Introspection,The Last Days of Our Past,Introspection,2023-03-31,2XXqht1cOOSObFYAeWyhZs,https://open.spotify.com/track/2XXqht1cOOSObFYAeWyhZs,introspective pensive cerebral
Introspection of an Introvert,Marc Rizzo,Colossal Myopia,2005-08-02,7uc3tUBS4PMWifZt9xBajC,https://open.spotify.com/track/7uc3tUBS4PMWifZt9xBajC,introspective pensive cerebral
Introspection,Tibetan Bowls,Tibetan Bowls Meditation,2021-03-18,3X0oHly7mmtfQmET9nrVTp,https://open.spotify.com/track/3X0oHly7mmtfQmET9nrVTp,introspective pensive cerebral
Inspirational Thoughts,Meditation Music Zone,"Sound Meditation 111 – Ambient Sounds for Relax, Concentration & Nada Yoga, Music Therapy for Inner Bliss",2016-02-29,4RQgPDNJ2TNPhk1ekdHuRz,https://open.spotify.com/track/4RQgPDNJ2TNPhk1ekdHuRz,introspective pensive cerebral
Intrinsic,Adrian Disch,The Promise of Finding,2021-03-03,3MSyd67rtVXWre2fJ5Ioq2,https://open.spotify.com/track/3MSyd67rtVXWre2fJ5Ioq2,introspective pensive cerebral
Memory (Emotional Piano Instrumentals),Moesync,Time Lost (Emotional Piano Instrumentals),2024-10-08,0fdTtM7YS6DZcPgB4lGlI5,https://open.spotify.com/track/0fdTtM7YS6DZcPgB4lGlI5,introspective pensive cerebral
"Musical Ambient Melodies for Peaceful Thoughts, Pt. 26",Quiet Meditation Music,Sweet Redemption,2022-07-22,0CpV70PXEttIMKvMggYCfs,https://open.spotify.com/track/0CpV70PXEttIMKvMggYCfs,introspective pensive cerebral
"Musical Ambient Melodies for Peaceful Thoughts, Pt. 30",Ultimate Massage Music Ensemble,Happy Hour,2022-07-22,3rHlfkGo4yQFK47f4Xf4f7,https://open.spotify.com/track/3rHlfkGo4yQFK47f4Xf4f7,introspective pensive cerebral
Introspection,Falco Skye,The Winding Stream,2016-05-26,24XgKzfA71fFKU6lWV5i5r,https://open.spotify.com/track/24XgKzfA71fFKU6lWV5i5r,introspective pensive cerebral
Waves of Perception,Dead Melodies,Memento,2022-03-29,2miG7ehrvN2AWiPzBTA169,https://open.spotify.com/track/2miG7ehrvN2AWiPzBTA169,introspective pensive cerebral
Cosmic Reflections,Binaural Beats by Lullify,Digital,2023-05-22,5UA4rfY2A4SZlvNFzN8j9D,https://open.spotify.com/track/5UA4rfY2A4SZlvNFzN8j9D,introspective pensive cerebral
Slow Piano Melodies for Deep Thought,Shiroishi,Quiet Piano Music for Introspective Evenings,2025-09-12,15FdafqOZL61pmIlG51t6H,https://open.spotify.com/track/15FdafqOZL61pmIlG51t6H,introspective pensive cerebral
Intra,Thomas Horeczko,Ephemeral Memory,2025-08-29,2ODk6HgaYigCGc9XKk6SKh,https://open.spotify.com/track/2ODk6HgaYigCGc9XKk6SKh,introspective pensive cerebral
Introspection,Ambient Space,Atmospheric Piano,2021-05-06,4HasWZiXRZPx500JvI7nfS,https://open.spotify.com/track/4HasWZiXRZPx500JvI7nfS,introspective pensive cerebral
"Introspection Music for a Deep Meditative State, Pt. 26",Meditation Music Therapy,Calming Playlist,2022-10-31,62ZdPtizhYQaNX2pYRKcl9,https://open.spotify.com/track/62ZdPtizhYQaNX2pYRKcl9,introspective pensive cerebral
"Introspection Music for a Deep Meditative State, Pt. 37",Meditation Music Therapy,Calming Playlist,2022-10-31,4nWJdjtn6Q8y8mk80Sn1go,https://open.spotify.com/track/4nWJdjtn6Q8y8mk80Sn1go,introspective pensive cerebral
"Introspection Music for a Deep Meditative State, Pt. 34",Meditation Music Therapy,Calming Playlist,2022-10-31,1PjHAqEcZ6VhEalBaXEeD0,https://open.spotify.com/track/1PjHAqEcZ6VhEalBaXEeD0,introspective pensive cerebral
"Introspection Music for a Deep Meditative State, Pt. 31",Meditation Music Therapy,Calming Playlist,2022-10-31,6ATzhJGyiaYTT7UZIJpHqO,https://open.spotify.com/track/6ATzhJGyiaYTT7UZIJpHqO,introspective pensive cerebral
"Introspection Music for a Deep Meditative State, Pt. 36",Meditation Music Therapy,Calming Playlist,2022-10-31,2MB8bPYFKsZjlbN11kNkAc,https://open.spotify.com/track/2MB8bPYFKsZjlbN11kNkAc,introspective pensive cerebral
Introspection Light,Piano for Studying,Mellow Café Grand Piano Album,2020-07-23,18yH3Pp1nycMlD4y7QAssp,https://open.spotify.com/track/18yH3Pp1nycMlD4y7QAssp,introspective pensive cerebral
Introspective,Patrick Kelly,Essential Meditation,2010-10-25,7mpaGhB66K87PgIE5S0aYi,https://open.spotify.com/track/7mpaGhB66K87PgIE5S0aYi,introspective pensive cerebral
Instrumental Backgrounds,Gentle Crystal Sounds Divine,"Zen Music: Ambient Meditation (Natural Hypnosis Music for Relax, Sleep & Meditation, Anti Stress Time, Calming Zen, Spiritual Yoga)",2017-04-21,70xsMHk0N7RQslAzNTC50h,https://open.spotify.com/track/70xsMHk0N7RQslAzNTC50h,introspective pensive cerebral
White Noise For Introspection,Sonic Interactive,White Noise For Studying,2017-01-09,3wb4whyp1NYLNpCkAPk2NZ,https://open.spotify.com/track/3wb4whyp1NYLNpCkAPk2NZ,introspective pensive cerebral
Introspection,Witchlight Reverie,The Hermit,2024-08-05,16zXk6uDjno73v2EiWzXCt,https://open.spotify.com/track/16zXk6uDjno73v2EiWzXCt,introspective pensive cerebral
Introspection #3,Eric Legnini Trio,Ballads,2017-10-26,4hWgdd42lEbh4ncklBvXbc,https://open.spotify.com/track/4hWgdd42lEbh4ncklBvXbc,introspective pensive cerebral
Sad Song for You,Ambient Palmer,"Brain Power Study Music: ""Solo Piano"" Music for Concentration",2013-05-17,1sNmDvoxM0n0HjqPKmhRqc,https://open.spotify.com/track/1sNmDvoxM0n0HjqPKmhRqc,introspective pensive cerebral
Intrusions,Tim Hecker,Instrumental Tourist,2014-05-27,6ZwwjYix8hHuMXJj6BAYlm,https://open.spotify.com/track/6ZwwjYix8hHuMXJj6BAYlm,introspective pensive cerebral
Introspectif,Magnus Ludvigsson,Introspectif,2024-01-08,61PuU6vRd7WBv7GtLAXAeV,https://open.spotify.com/track/61PuU6vRd7WBv7GtLAXAeV,introspective pensive cerebral
Inspiring Corporate Ambient Background,AndrisMusic,Relaxation Albums,2021-02-24,6TQ14V3kVdo9MVf6shpZF9,https://open.spotify.com/track/6TQ14V3kVdo9MVf6shpZF9,introspective pensive cerebral
Introspection,Avery Foster,Beyond Binary,2024-11-08,4GLUFGnvSfV68lgWEZlf8q,https://open.spotify.com/track/4GLUFGnvSfV68lgWEZlf8q,introspective pensive cerebral
Insight,Stuart Roslyn,Beats and Soundscapes 2,2012-05-01,3mnyGNPjyLeDavy78DhN4E,https://open.spotify.com/track/3mnyGNPjyLeDavy78DhN4E,introspective pensive cerebral
Introversion,Metaform,The Electric Mist,2010-06-15,6aCQTepcQJPqZuTl5SmT9D,https://open.spotify.com/track/6aCQTepcQJPqZuTl5SmT9D,introspective pensive cerebral
Intro,Yosi Horikawa,Vapor,2013-06-24,4TzRCsBJPJ3OtOBggObr3z,https://open.spotify.com/track/4TzRCsBJPJ3OtOBggObr3z,introspective pensive cerebral
Introspective,Incidental Music,"Tv Series Music, Vol. 4",2019-05-03,0dE6re0HcKrPqUM1DmOX0R,https://open.spotify.com/track/0dE6re0HcKrPqUM1DmOX0R,introspective pensive cerebral
Introspection,Nature Sounds,Relaxing Music with Nature Sounds,2015-12-21,3tT2DlFipGOvQqpa3K0Nw4,https://open.spotify.com/track/3tT2DlFipGOvQqpa3K0Nw4,introspective pensive cerebral
Introspection,Quiet Piano Reflections,"Music for Meditation, Vol. 3: Peace",2013-05-08,2W19xqnT0u5aTFmNr4o73t,https://open.spotify.com/track/2W19xqnT0u5aTFmNr4o73t,introspective pensive cerebral
Introspective,Violins,"Relaxing String Quartet for Sleep, Insomnia, Meditation, Study",2021-12-16,56R6WDlmcbHQiWPOybZVqj,https://open.spotify.com/track/56R6WDlmcbHQiWPOybZVqj,introspective pensive cerebral
"Introspection Music for a Deep Meditative State, Pt. 18",Meditation Music Therapy,Calming Playlist,2022-10-31,3xTNaAFOl4UcNvpjeG9gpL,https://open.spotify.com/track/3xTNaAFOl4UcNvpjeG9gpL,introspective pensive cerebral
Introspection - Nature Sounds Version,Flute Music Meditation DEA Channel,Flute & Water,2023-08-07,4IEEu9FbtXvRxvsT9kaOdd,https://open.spotify.com/track/4IEEu9FbtXvRxvsT9kaOdd,introspective pensive cerebral
Introspection,Spheric Sanctuary,Introspection,2024-04-06,2rnyygBMbaywTtzyFP8nFM,https://open.spotify.com/track/2rnyygBMbaywTtzyFP8nFM,introspective pensive cerebral
Inspirational Cinematic Ambient,AShamaluevMusic,Inspirational Cinematic Ambient,2018-07-16,0o07y13oIyB17Ipdp6KTVs,https://open.spotify.com/track/0o07y13oIyB17Ipdp6KTVs,introspective pensive cerebral
Introspection,Niclas Lundqvist,Explorations,2023-11-10,25N1WHqbdRxoeMf6PdD6nc,https://open.spotify.com/track/25N1WHqbdRxoeMf6PdD6nc,introspective pensive cerebral
Introspection,Astral Wonder,Introspection,2023-01-27,3fXYIxI6vlozGWuXaGITUZ,https://open.spotify.com/track/3fXYIxI6vlozGWuXaGITUZ,introspective pensive cerebral
Inspired Piano Ambient,makesound music,Cinematic Emotional Piano,2022-10-18,7hJY0xt1REN2ggKMQwjCvP,https://open.spotify.com/track/7hJY0xt1REN2ggKMQwjCvP,introspective pensive cerebral
Ambient Inspiring Piano,DS Productions,Ambient Inspiring Piano,2020-07-25,3vSkSMQqe5CzQZQLHtkbIE,https://open.spotify.com/track/3vSkSMQqe5CzQZQLHtkbIE,introspective pensive cerebral
Introspection,Sol Rising,The Lofi Sessions,2022-01-07,1XKvMGVBjfHuDFp6eO3tf5,https://open.spotify.com/track/1XKvMGVBjfHuDFp6eO3tf5,introspective pensive cerebral
A Time For Introspection,Altitude Underscore,"Natural World: Nature Themes, Vol. 2",2019-03-01,1aK6GJcfxf4T3twYIWGd28,https://open.spotify.com/track/1aK6GJcfxf4T3twYIWGd28,introspective pensive cerebral
Introspection,Phaeleh,Soma,2021-10-22,32186gtuop11hFbUa3PRxM,https://open.spotify.com/track/32186gtuop11hFbUa3PRxM,introspective pensive cerebral
Memories,Reflections,Spirit Earth,2013-01-01,2dQx9qPj7Gd7af8hhB9vdi,https://open.spotify.com/track/2dQx9qPj7Gd7af8hhB9vdi,introspective pensive cerebral
Introspection #2,Eric Legnini Trio,Ballads,2017-10-26,7IREh9fsTQoO6QM2uBe0sg,https://open.spotify.com/track/7IREh9fsTQoO6QM2uBe0sg,introspective pensive cerebral
Reflection - Applefish Rework,Tokari,Reflection,2022-03-18,2N06zQz39q38mx5oIdbYMr,https://open.spotify.com/track/2N06zQz39q38mx5oIdbYMr,introspective pensive cerebral
Reflection (Remastered),Ancient Winds,Peaceful Dove,2004-08-09,46nnA5DCydmoCFmRP7ET04,https://open.spotify.com/track/46nnA5DCydmoCFmRP7ET04,introspective pensive cerebral
Reflective Mood,The O'Neill Brothers Group,Acoustics on Guitar for Reflection and Renewal,2019-03-05,2CsLPhi3vlPdPvyOQUz12d,https://open.spotify.com/track/2CsLPhi3vlPdPvyOQUz12d,introspective pensive cerebral
Introspective Therapy,Concentrating Music,Concentrating Music,2020-06-09,4u85krSiIzF7rp818AHu2c,https://open.spotify.com/track/4u85krSiIzF7rp818AHu2c,introspective pensive cerebral
Introspective Frequencies,Fred Westra,Earth Frequency Chapter 2,2023-01-13,5YdfogR2pBuccUnIffTbmg,https://open.spotify.com/track/5YdfogR2pBuccUnIffTbmg,introspective pensive cerebral
Introspective Oceans,Alio Die,The Utopian Blossom,2020-03-20,5rvEV6dp6LBoG0z6JyMGwQ,https://open.spotify.com/track/5rvEV6dp6LBoG0z6JyMGwQ,introspective pensive cerebral
Introspective,Harper Zen,Meditation Dream: Relaxing Music for Meditation,2015-02-26,3RHczSj9lK3tjsE5vUw4Nu,https://open.spotify.com/track/3RHczSj9lK3tjsE5vUw4Nu,introspective pensive cerebral
Introspection,Deep Wave,Lo-Fi Study Beats,2020-04-17,2fwUr9RZC1SZgq8PH2E2Na,https://open.spotify.com/track/2fwUr9RZC1SZgq8PH2E2Na,introspective pensive cerebral
Introspection,GLVM,Introspection,2021-12-24,6l9uRlTiDiMWBFVl79DCB0,https://open.spotify.com/track/6l9uRlTiDiMWBFVl79DCB0,introspective pensive cerebral
Inspirational Thoughts,Instrumental Jazz Music Ambient,"Jazz in the Background - Soft Relaxing Collection for Cafe, Restaurant, Museum, Waiting Room & Hotel Lobby",2018-05-23,2KpIO6YnVjnTF91uk37rNT,https://open.spotify.com/track/2KpIO6YnVjnTF91uk37rNT,introspective pensive cerebral
Introspect,Peaceful Pianos,Peaceful Piano,2008-01-05,4pHczqd3z6XrFphFiRJOmN,https://open.spotify.com/track/4pHczqd3z6XrFphFiRJOmN,introspective pensive cerebral
Reflect,Warm Binary,Chord Memory,2015-06-16,4jWLiVnD3nRcqeLyfrp6Eb,https://open.spotify.com/track/4jWLiVnD3nRcqeLyfrp6Eb,introspective pensive cerebral
Introspection,Liu Li-Chin,Embrace,2011-09-12,50ytLGIUZrxoELYf6JWm6j,https://open.spotify.com/track/50ytLGIUZrxoELYf6JWm6j,introspective pensive cerebral
Intrinsic Cascade,Spa Ambience,Ayurveda: Restorative Moments,2021-07-19,1CZOlpu8ehFNOr2WzjExTr,https://open.spotify.com/track/1CZOlpu8ehFNOr2WzjExTr,introspective pensive cerebral
Introspection,Norman Dück,A Fleeting Memory,2023-11-10,4bWiwkS0zRWrvzcF8Alwn3,https://open.spotify.com/track/4bWiwkS0zRWrvzcF8Alwn3,introspective pensive cerebral
Instrumental Music,Concentration Music for Work,"Concentration Music For Work: Studying Music For Focus, Background Music For Reading, Calm Study Music, Office Music, Easy Listening Background Music and The Best Studying Music",2020-02-28,4fUgCPe20i10TWIcfBlQps,https://open.spotify.com/track/4fUgCPe20i10TWIcfBlQps,introspective pensive cerebral
Intro,Pensees,Sleepaway,2017-05-17,7jmuM1peyK2norxEuiq1Wo,https://open.spotify.com/track/7jmuM1peyK2norxEuiq1Wo,introspective pensive cerebral
Introspect (Bonus Beat),Dil Withers,DT002: Dil 'Blivers,2013-01-01,4gD39Yefp0BJ1PcI3iS4Un,https://open.spotify.com/track/4gD39Yefp0BJ1PcI3iS4Un,introspective pensive cerebral
Ambient Piano Solo,Study Motivation,Upbeat Study Instrumentals For Focus,2022-07-11,4hjJllkp7hREJjhbIBNwnh,https://open.spotify.com/track/4hjJllkp7hREJjhbIBNwnh,introspective pensive cerebral
Insight,Warmth,Essay,2016-06-01,2GGK0TqtCVdJjuRuL9DT3N,https://open.spotify.com/track/2GGK0TqtCVdJjuRuL9DT3N,introspective pensive cerebral
Introspective Dream,Eric Harry,"Away Melancholy, Away",2009-01-08,7AARwdKycaUJAxdfwnDivb,https://open.spotify.com/track/7AARwdKycaUJAxdfwnDivb,introspective pensive cerebral
Intricate Introspection,Calm Music for Studying,Focus Boost,2023-08-12,2NM7MzxeoR9P27zvhm8EJp,https://open.spotify.com/track/2NM7MzxeoR9P27zvhm8EJp,introspective pensive cerebral
Introspection,Haquin,Introspection,2021-11-22,73dAt5Mu39EnwgUT8JU3Ef,https://open.spotify.com/track/73dAt5Mu39EnwgUT8JU3Ef,introspective pensive cerebral
"Introspection04, Pt. 1",Peter Ries,Ambient Library - Introspection04,2024-02-02,4wZeYTx2I7xeQhn8X0OIpd,https://open.spotify.com/track/4wZeYTx2I7xeQhn8X0OIpd,introspective pensive cerebral
Introspective Therapy,Music To Study By,Music To Study By,2020-06-20,5Yq3hqDDqLDcP8dxp5Wzzq,https://open.spotify.com/track/5Yq3hqDDqLDcP8dxp5Wzzq,introspective pensive cerebral
Deepening Breathe - Day 26: Introspection Melody,The inner Harmonies,Mindful Flutes (For Busy Days - 30 Cuts),2015-04-10,0oPtlxQrB6c0m5ML3RacLG,https://open.spotify.com/track/0oPtlxQrB6c0m5ML3RacLG,introspective pensive cerebral
Introspection,Flute Music Meditation DEA Channel,Native Flute for Deep Sleep,2023-07-21,2jbdNz8hAoqYE6UMU3dZX3,https://open.spotify.com/track/2jbdNz8hAoqYE6UMU3dZX3,introspective pensive cerebral
Pensive Robot,Eric Kinny,Robot Emotions,2017-04-28,6LSSClOgsXHX20rpuRyCey,https://open.spotify.com/track/6LSSClOgsXHX20rpuRyCey,introspective pensive cerebral
Mental Inspiration,Exam Study Piano Music Guys,"Binaural Ambient Music for Brainwaves Entertainment – Deep Instrumental Beats for Focus on Adhd, Attention, Concentration and Improve Memory for Study",2015-09-23,1gHTNAkrYogIDGSImXuARJ,https://open.spotify.com/track/1gHTNAkrYogIDGSImXuARJ,introspective pensive cerebral
Reflections in the Windows,Music That Will Make You Cry,Introspective Emotional Thoughtful,2015-09-25,5wkBk3XZmovajDxmejAdjh,https://open.spotify.com/track/5wkBk3XZmovajDxmejAdjh,introspective pensive cerebral
Introspective Musing,Sightings of the Hubble,Deep Relief,2025-04-14,5YVvw8BmSfpdaWGZK4Pb20,https://open.spotify.com/track/5YVvw8BmSfpdaWGZK4Pb20,introspective pensive cerebral
Introspection,Spectrum Voyage,Introspection,2025-01-15,4MYkNLvSMeWQFZGOyDLJhn,https://open.spotify.com/track/4MYkNLvSMeWQFZGOyDLJhn,introspective pensive cerebral
Immersion,Endless Melancholy,A Perception of Everything,2020-03-16,5aLbw1tYLoQnYAR2chwkxg,https://open.spotify.com/track/5aLbw1tYLoQnYAR2chwkxg,introspective pensive cerebral
Intro - Cycle Intro,Pensees,Cycle,2015-03-22,0Z22aTPnSbVebpIunODRXY,https://open.spotify.com/track/0Z22aTPnSbVebpIunODRXY,introspective pensive cerebral
Beautiful Ambient Cinematic Emotional,Romansenykmusic,Soft Cinematic Soundtracks,2020-03-19,0fA7ULakndESrgGw7QYHY4,https://open.spotify.com/track/0fA7ULakndESrgGw7QYHY4,introspective pensive cerebral
Synthetics - Instrumental,Reflections,Willow Instrumental,2020-05-15,6TUdstRRSAX357dNG8mcZ8,https://open.spotify.com/track/6TUdstRRSAX357dNG8mcZ8,introspective pensive cerebral
Ambient Dreaming,Sleep Music,Sleep Playlist,2015-10-21,0g6iXtyUpQRmSuCohnpMwv,https://open.spotify.com/track/0g6iXtyUpQRmSuCohnpMwv,introspective pensive cerebral
Introspection - Instrumental,Cassetter,Robot Era (Deluxe Edition),2021-07-15,51q5IpXOVWUXBAMiF3rIdk,https://open.spotify.com/track/51q5IpXOVWUXBAMiF3rIdk,introspective pensive cerebral
Ambient Dreaming,"Positive Thinking: Music To Develop A Complete Meditation Mindset For Yoga, Deep Sleep",Positive Thinking with Yoga Music,2015-12-30,6sZfQ77EEYdPiwSZAySpJ9,https://open.spotify.com/track/6sZfQ77EEYdPiwSZAySpJ9,introspective pensive cerebral
Introspection,Adam Salkeld,Deep Cinematic,2018-08-22,43vYsVxepdWknkSSvuUPrO,https://open.spotify.com/track/43vYsVxepdWknkSSvuUPrO,introspective pensive cerebral
Introspection,Bedtime Instrumental Piano Music Academy,Dreamland Tranquillity,2024-09-23,14poIukuYCcvjc0jeosJxs,https://open.spotify.com/track/14poIukuYCcvjc0jeosJxs,introspective pensive cerebral
Introspection I,We Are The City,Violent (Original Motion Picture Soundtrack),2017-11-24,3BixzEfsCE0LSbuLMnDRp5,https://open.spotify.com/track/3BixzEfsCE0LSbuLMnDRp5,introspective pensive cerebral
Introspect,David Parsons,Parsons: In Retrospect (1980-2003),2004-01-01,1gmDdhnPSCQRt6cORxyLS6,https://open.spotify.com/track/1gmDdhnPSCQRt6cORxyLS6,introspective pensive cerebral
Inspiration Ambient,Alan Al,Instrumental,2017-01-07,1us4L9XcHORhuYGJ5BYV1N,https://open.spotify.com/track/1us4L9XcHORhuYGJ5BYV1N,introspective pensive cerebral
Open Perceptions,Brain Waves Therapy,"Intuition: Magnificent Inner Compass, Awakening of the 3rd Eye & Psychic Abilities with 852 Hz Higher Frequencies Meditation Music",2022-10-21,28aWaa8QvnaPBxU9HkhllS,https://open.spotify.com/track/28aWaa8QvnaPBxU9HkhllS,introspective pensive cerebral
Introspective,Innerhythm,Introspective,2024-02-16,6M4lXcLU0UYTpHzkMNOdSc,https://open.spotify.com/track/6M4lXcLU0UYTpHzkMNOdSc,introspective pensive cerebral
Introspection,Primary Sense,Introspection,2024-10-04,0wNpnAzwoBaTbfKWYAPQds,https://open.spotify.com/track/0wNpnAzwoBaTbfKWYAPQds,introspective pensive cerebral
Reflection II - Unreleased Extended Mix,Intrusion,Intrusion / Reflection,2008-07-09,2YHAzXi3sOQ8ydlVhutKhX,https://open.spotify.com/track/2YHAzXi3sOQ8ydlVhutKhX,introspective pensive cerebral
Introspective,Beatcore,Introspective feat. Ashley Apollodor,2021-08-31,5iR3hcQIGtlipsOhqOSkjF,https://open.spotify.com/track/5iR3hcQIGtlipsOhqOSkjF,introspective pensive cerebral
Meditational Insight,Flute Music Ensemble,"Native Flute Meditation: Sleep Music for Insomnia, Relaxing Sound Therapy, Quiet and Quality Dreaming",2022-06-06,6VdU2iwC2GWIsGGMiekABM,https://open.spotify.com/track/6VdU2iwC2GWIsGGMiekABM,introspective pensive cerebral
Reflection - Instrumental,Freddie Joachim,In With Time Instrumentals,2018-05-11,7HNk3e3TlCEpZulMyF6yhD,https://open.spotify.com/track/7HNk3e3TlCEpZulMyF6yhD,introspective pensive cerebral
Inspirational Emotional Piano,makesound music,Cinematic Emotional Piano,2022-10-18,3PwPeSEgmwH9eGAuOsjfXO,https://open.spotify.com/track/3PwPeSEgmwH9eGAuOsjfXO,introspective pensive cerebral
Ambient Meditation,Meditation Relax Club,15 Soft Atmospheres: Lucid Dreaming Meditation Relax Club Music to Sleep Through the Night,2020-04-27,5M0Do7jexH7NPrpQwMmVmY,https://open.spotify.com/track/5M0Do7jexH7NPrpQwMmVmY,introspective pensive cerebral
Introduction (Reflections) with White Noise Waves,Piano & Guitar,Relaxing Music with Beautiful Nature - Peaceful Piano & Guitar,2021-07-21,4SpFa4tMxew2al3doo4lJ0,https://open.spotify.com/track/4SpFa4tMxew2al3doo4lJ0,introspective pensive cerebral
Uplifting Inspirational Hopeful,makesound music,Cinematic Emotional Piano,2022-10-18,4K5kM4a8zcWTVjvTJ9r0oS,https://open.spotify.com/track/4K5kM4a8zcWTVjvTJ9r0oS,introspective pensive cerebral
Spacious Music for Emotional Cures,Instrumental Lobby Music,Summer Grooves,2023-07-19,1lmZcxMX161yskj8Po5ZtO,https://open.spotify.com/track/1lmZcxMX161yskj8Po5ZtO,introspective pensive cerebral
Intro,Spaceouters,Reflections,2021-01-10,01SgpqgesXp782WXNvOVny,https://open.spotify.com/track/01SgpqgesXp782WXNvOVny,introspective pensive cerebral
Introspection,Aural Float,Introspectives,2008-02-29,28QnR1pOmXT5I2BUkG3Q2v,https://open.spotify.com/track/28QnR1pOmXT5I2BUkG3Q2v,introspective pensive cerebral
Introspection,Aleks Michalski,Existence,2018-04-16,5bPpSxC6hRtwdqTLh5eStz,https://open.spotify.com/track/5bPpSxC6hRtwdqTLh5eStz,introspective pensive cerebral
Introspective Therapy,Piano Music for Studying,Piano Music,2020-06-10,0ejj8jpr08eDxWQwkYaE8t,https://open.spotify.com/track/0ejj8jpr08eDxWQwkYaE8t,introspective pensive cerebral
Introspective Reflection,Brittney Pilarcik,Gentle Piano,2023-05-04,00fDxF5uYIKbMt5ma68qPt,https://open.spotify.com/track/00fDxF5uYIKbMt5ma68qPt,introspective pensive cerebral
Instrumental Atmosphere,Sleep Rain Memories,Deep Sleep Soothing Loopable Rain Sounds for a Perfect Sleep,2022-03-12,0zISyAdLrFI81PtixmCVW2,https://open.spotify.com/track/0zISyAdLrFI81PtixmCVW2,introspective pensive cerebral
Hypnotic Ambient Music,Mystic Background Music Masters,"111 Hypnotic Music for Lucid Dreams: Mindfulness & Self Hypnosis, REM Sleep Music Dream Cycle, Hypnotherapy, Pure Meditation Music Sessions",2016-09-19,2TsR7cJqul3ezT4cOgqfQD,https://open.spotify.com/track/2TsR7cJqul3ezT4cOgqfQD,introspective pensive cerebral
Melancholie (Emotional Piano Instrumentals),Moesync,Silent Reflections (Emotional Piano Instrumentals),2024-12-23,1DMcKA8343sZ4iogdrGXSK,https://open.spotify.com/track/1DMcKA8343sZ4iogdrGXSK,introspective pensive cerebral
Introspective,Afternoon In Stereo,Introspective,2023-01-06,7mrKIMzzQs7bBZhK9pWh55,https://open.spotify.com/track/7mrKIMzzQs7bBZhK9pWh55,introspective pensive cerebral
Reflection - Instrumental,Massive Attack,Inertia Creeps,1998-10-19,2UyppwonAi8ckkW0m8QdBm,https://open.spotify.com/track/2UyppwonAi8ckkW0m8QdBm,introspective pensive cerebral
Inspiring Ambient,Dmitriy Sevostyanov,Inspiring Piano,2022-08-17,4q1GqVtnIngCMG149zduup,https://open.spotify.com/track/4q1GqVtnIngCMG149zduup,introspective pensive cerebral
Ambient Suspenseful Background (Original Motion Picture Soundtrack),Acoustic Instrumental Vibes,Ambient Suspenseful Background (Original Motion Picture Soundtrack),2022-10-18,1M6GOFvY9YviLMRlTUZm1V,https://open.spotify.com/track/1M6GOFvY9YviLMRlTUZm1V,introspective pensive cerebral
Introspection,Richard LaBrooy,Introspection,2019-04-12,5NWClykeGxcZLjH4fJfA1q,https://open.spotify.com/track/5NWClykeGxcZLjH4fJfA1q,introspective pensive cerebral
Ambient Meditation,Herman Glenn,"Study Music Brain Power (music for study, deep focus, music for concentration, concentration music, relaxing piano, piano relaxation , piano ambient, study time, studying music, brain music, memory and concentration for exam, study hard)",2017-02-10,7uPbbinBRQwArP3NXdWK2U,https://open.spotify.com/track/7uPbbinBRQwArP3NXdWK2U,introspective pensive cerebral
Ambient Inspire,StereojamMusic,Inspirational Corporate Music,2016-10-15,6AXIhu57GTipzXn65wnvw2,https://open.spotify.com/track/6AXIhu57GTipzXn65wnvw2,introspective pensive cerebral
Introspection of an Inquisitive Soul,Krystian Lamb,Introspection,2024-01-18,4WoHpXLuWJhnrKN1NtL3iJ,https://open.spotify.com/track/4WoHpXLuWJhnrKN1NtL3iJ,introspective pensive cerebral
Reflection,Modern Headspace,"Lofi Instrumentals, Vol. 2",2022-06-03,3YuIlk7qyTEwZKakqe3LrJ,https://open.spotify.com/track/3YuIlk7qyTEwZKakqe3LrJ,introspective pensive cerebral
Inspirational Ambient,Irish Celtic Spirit of Relaxation Academy,"Celtic Spa & Relaxation (Best Classic Irish Harp & Flute, Relax & Have Stress Free St. Patrick’s Day)",2018-01-29,4ELL77XljHdOCZkKgm0wDy,https://open.spotify.com/track/4ELL77XljHdOCZkKgm0wDy,introspective pensive cerebral
Transcribing Dreams,Innesti,Apperception,2020-08-10,0d8HuKgpeFBHDDc0EMb4eS,https://open.spotify.com/track/0d8HuKgpeFBHDDc0EMb4eS,introspective pensive cerebral
Introspection of the Soul,Bansuri Flute Collection,"Reiki Bansuri: Recommended Music for Reiki Treatments and Meditation, Healing Flutes for Massage and Calm Nature for Harmonious and Balanced Life",2016-12-30,425tD70ELXLF5KrM6k1tFs,https://open.spotify.com/track/425tD70ELXLF5KrM6k1tFs,introspective pensive cerebral
Introspection,Michael Mildrum and Focal Point,Observations,2009-03-11,2XcXP2yKUDBPChWBxzhsBX,https://open.spotify.com/track/2XcXP2yKUDBPChWBxzhsBX,introspective pensive cerebral
"Introspection04, Pt. 5",Peter Ries,432 Hz Calming Frequencies,2024-07-26,7ol79EguhcavVtLt2NtbeU,https://open.spotify.com/track/7ol79EguhcavVtLt2NtbeU,introspective pensive cerebral
Introspection,Milo Graves,Peace of Mind,2020-04-06,2zY2YEZ9JfSPZYwjzm0d9a,https://open.spotify.com/track/2zY2YEZ9JfSPZYwjzm0d9a,introspective pensive cerebral
Piano Reflections,Focus,Inspirational Piano Music: Moving Piano Study Tracks for Creative Learning,2023-11-13,6FJwumROvrCqZDlhFrdeFe,https://open.spotify.com/track/6FJwumROvrCqZDlhFrdeFe,introspective pensive cerebral
Introspective,Melodiesinfonie,We Gonna Be Ok,2022-06-24,5VZjewApZLk6JgC3YL31lj,https://open.spotify.com/track/5VZjewApZLk6JgC3YL31lj,introspective pensive cerebral
Introspective Exploration I,The Isle,The Music of The Isle: Audio Codex I,2025-04-04,6TiBzlbChtaZJUyybKVa24,https://open.spotify.com/track/6TiBzlbChtaZJUyybKVa24,introspective pensive cerebral
Introspective,Dario Crisman,Introspective,2023-03-03,4tNeJylBvFuqXcxw6gpIcq,https://open.spotify.com/track/4tNeJylBvFuqXcxw6gpIcq,introspective pensive cerebral
Ambient Piano,Study Time,"Brain Fuel: Intense Studying, Focus, Memory, Better Learning, Relaxation, Zen, Serenity, Harmony",2016-12-16,3hdZW2wyJPoG58fa6sr54H,https://open.spotify.com/track/3hdZW2wyJPoG58fa6sr54H,introspective pensive cerebral
Uplifting Inspirational Cinematic,makesound music,Cinematic Emotional Piano,2022-10-18,2Mhwz7Y54ze4hMavRWKxUH,https://open.spotify.com/track/2Mhwz7Y54ze4hMavRWKxUH,introspective pensive cerebral
Introspection,Path to Moksha,Introspection,2024-08-20,4yIKb4MMXh89e9W5EYLfwX,https://open.spotify.com/track/4yIKb4MMXh89e9W5EYLfwX,introspective pensive cerebral
Ambient Pulse,Mind Amend,Peak Focus For Complex Tasks Isochronic Tones Study Music,2015-04-08,3Fj3O8mqpO69pUuD0rx1xe,https://open.spotify.com/track/3Fj3O8mqpO69pUuD0rx1xe,introspective pensive cerebral
Inspiring and Emotional Piano,makesound music,Cinematic Emotional Piano,2022-10-18,75hq6NXrOvwMzrfEr2Y0yA,https://open.spotify.com/track/75hq6NXrOvwMzrfEr2Y0yA,introspective pensive cerebral
"Introspection04, Pt. 3",Peter Ries,Ambient Library - Introspection04,2024-02-02,6wAvSfUqlosIZQ6vWtioKP,https://open.spotify.com/track/6wAvSfUqlosIZQ6vWtioKP,introspective pensive cerebral
Meditative Background,Peaceful Mind Music Consort,"Neurons Regeneration (Brain Waves Synchronization, Classical Music & White Noise, Nature Sounds for Absolutely Calm, Spiritual Regeneration & Reboot, Calm Down, Powerful Stress Reduction, Health Life)",2018-11-22,2j7BlhRmKKgyfP5Ee2cOmX,https://open.spotify.com/track/2j7BlhRmKKgyfP5Ee2cOmX,introspective pensive cerebral
Positive Ambient,Positive Thinking Lama,Top 30 Songs for Creative Thinking - High Focus Music for Better Concentration,2017-11-28,0VOddgNVSgP9WW7Zzk6Mo9,https://open.spotify.com/track/0VOddgNVSgP9WW7Zzk6Mo9,introspective pensive cerebral
Intrinsic,ambinate,Cycles EP,2011-11-21,4e2bn4H7DDphUFnk4mOVhJ,https://open.spotify.com/track/4e2bn4H7DDphUFnk4mOVhJ,introspective pensive cerebral
Reflective Reverie,Focus,Melodies for Focus: Music for Deep Learning and Information Retention,2023-07-24,5OYQPtpFrYXPSv7BxhtvpR,https://open.spotify.com/track/5OYQPtpFrYXPSv7BxhtvpR,introspective pensive cerebral
Slow Dramatic Reflective Piano,Stephan Lindsjo,"Mood Introspective, Set 35",2022-04-17,3TzRU5rfmmMIsOMTfuSHxc,https://open.spotify.com/track/3TzRU5rfmmMIsOMTfuSHxc,introspective pensive cerebral
Introspection,Minddigger,Introspection,2022-09-01,73hPqBf3a0CcAecSEtAg79,https://open.spotify.com/track/73hPqBf3a0CcAecSEtAg79,introspective pensive cerebral
Inspirational Ambient Corporate Technology,DensoMusic,Ambient Corporate Background,2021-03-21,08HcQA1gwKGVd89xfrO5mr,https://open.spotify.com/track/08HcQA1gwKGVd89xfrO5mr,introspective pensive cerebral
Introspection - Dntel Remix,Laraaji,Sun Transformations,2018-06-01,5lmFChTRdDKvZZs8hHVGzz,https://open.spotify.com/track/5lmFChTRdDKvZZs8hHVGzz,introspective pensive cerebral
Introspection,Handpan Mystic Flow,Inner Journeys - Solo Handpan 2019,2020-02-21,6jeoEVciJQ4GgXJSeTLFGS,https://open.spotify.com/track/6jeoEVciJQ4GgXJSeTLFGS,introspective pensive cerebral
Introspection,Peace Music,Introspection,2023-10-06,0LFh0oXr1N9EIOZkrR8YQ6,https://open.spotify.com/track/0LFh0oXr1N9EIOZkrR8YQ6,introspective pensive cerebral
Quiet Reflections,Deep Sleep Hypnosis Masters,"Worries-Free Sleep: Sleep Ambience Space, Meditation & Deep Relaxation at Night, Soothing Tranquility",2021-05-12,4V4qTpqPQpC5vVIFL4SCPb,https://open.spotify.com/track/4V4qTpqPQpC5vVIFL4SCPb,introspective pensive cerebral
Ambient Space Sounds and Isochronic Tones,Binaural Beats Sleep,Binaural Beats Sleep Music and Ambient Asmr Space Sounds for Sleep,2018-02-28,4XkGFHtQ39TheAEksf0E5o,https://open.spotify.com/track/4XkGFHtQ39TheAEksf0E5o,introspective pensive cerebral
Ambient Music,Mindfullness Meditation World,"Synthwave Sleep: Space Trip, Cyber Dream, Subliminal Affirmations, Insomnia Relief & Ultra Relaxing Music",2022-08-17,5xHY6RG0pSjzy7Ga3rwUs9,https://open.spotify.com/track/5xHY6RG0pSjzy7Ga3rwUs9,introspective pensive cerebral
Intrinsic Light,RHHS Music,Intrinsic Light,2020-04-09,5OfEJGhnS8GkwjX1LggopA,https://open.spotify.com/track/5OfEJGhnS8GkwjX1LggopA,introspective pensive cerebral
Introspection,Weatherson,Precarious,2022-03-09,07o4P5GCHsdvYsMYYuELmR,https://open.spotify.com/track/07o4P5GCHsdvYsMYYuELmR,introspective pensive cerebral
Introspection,Kjell Sønksen,Introspection,2022-08-12,5qs5uXjfinS9a2uDDzZ2aO,https://open.spotify.com/track/5qs5uXjfinS9a2uDDzZ2aO,introspective pensive cerebral
Therapeutic Ambience,Ambient Space,Ambient Relaxation,2021-05-06,734GBkQvUneeBEi3hhDz0f,https://open.spotify.com/track/734GBkQvUneeBEi3hhDz0f,introspective pensive cerebral
Introspective Exploration II,The Isle,The Music of The Isle: Audio Codex I,2025-04-04,114PPHG3mwWoRuPj8S7xcw,https://open.spotify.com/track/114PPHG3mwWoRuPj8S7xcw,introspective pensive cerebral
Electro Ambient Instrumentals,Spiritual Meditation Vibes,"Healing Miracle Music & Angelic Meditation - Relaxation Music for Positive Energy, Chakra Balance, Pain Relief, Reiki",2017-09-27,5pTF6v4AnkhgywcS5mH9tC,https://open.spotify.com/track/5pTF6v4AnkhgywcS5mH9tC,introspective pensive cerebral
Modern Reflective Instrumental,Gadget,Mood Swings Instrumentals,2017-01-24,20O1R5e4IWJJeDfQCerqdf,https://open.spotify.com/track/20O1R5e4IWJJeDfQCerqdf,introspective pensive cerebral
Introspection,David Henderson,Soothing My Soul,2010-10-18,1oZ50oGkT8ZH4qPRD3BDLz,https://open.spotify.com/track/1oZ50oGkT8ZH4qPRD3BDLz,introspective pensive cerebral
"Introspection04, Pt. 8",Peter Ries,Ambient Library - Introspection04,2024-02-02,0LnBp7n9RPsgYrR2SFyy93,https://open.spotify.com/track/0LnBp7n9RPsgYrR2SFyy93,introspective pensive cerebral
"Introspection04, Pt. 4",Peter Ries,Ambient Library - Introspection04,2024-02-02,2bU701I2rDKQiFglwCRt6Q,https://open.spotify.com/track/2bU701I2rDKQiFglwCRt6Q,introspective pensive cerebral
Contemplative Action,Ambient Music Sleep Therapy,Ambient Sleep Therapy,2015-11-04,1gYJPmzTEX7VP9MCvxefV6,https://open.spotify.com/track/1gYJPmzTEX7VP9MCvxefV6,introspective pensive cerebral
Introspect,Oliver Barnacle,Dragon Skies (Original Game Soundtrack),2021-04-13,40kCjNupncQU3vj3Khs8qf,https://open.spotify.com/track/40kCjNupncQU3vj3Khs8qf,introspective pensive cerebral
Input,Sync24,Ambient Archive [1996-2002],2012-11-14,2XZoD1tABQT7EMLYRf9VOx,https://open.spotify.com/track/2XZoD1tABQT7EMLYRf9VOx,introspective pensive cerebral
Introspection,Harmony of Senses,"Best Meditation Music Collection - Top 50 Relaxing Songs to Meditate, Meditation Zen Sounds",2014-12-18,09Rwz9tPKtyMkhFz0jMrtV,https://open.spotify.com/track/09Rwz9tPKtyMkhFz0jMrtV,introspective pensive cerebral
Introspection,Dreamcloud Haze,Introspection,2021-11-19,2LtqIM5phob3KZwNwihRo1,https://open.spotify.com/track/2LtqIM5phob3KZwNwihRo1,introspective pensive cerebral
Tranquility and Mindful Introspection,Ricky Trye,"Ambient Piano Meditations: Calm Music for Introspection, Rest and Relaxation",2021-01-21,31AyzX9mZp7NURvIki2o4a,https://open.spotify.com/track/31AyzX9mZp7NURvIki2o4a,introspective pensive cerebral
Introspection (Dub Jam) Instrumental,Alias Molombo,Introspection (Dub Jam),2024-10-11,0hvMJeBYXpwiYxro6F5rpu,https://open.spotify.com/track/0hvMJeBYXpwiYxro6F5rpu,introspective pensive cerebral
Reflective Rhythmic Respite,Chillout Lounge Piano,Delicate Dreams,2024-11-22,2xJ4rKPLsBA9cLrYxlfH9c,https://open.spotify.com/track/2xJ4rKPLsBA9cLrYxlfH9c,introspective pensive cerebral
Inspirational Corporate Ambient,AShamaluevMusic,Inspirational Corporate Ambient,2019-03-11,2iTLUC9qHK6auBy45Ar4Eg,https://open.spotify.com/track/2iTLUC9qHK6auBy45Ar4Eg,introspective pensive cerebral
Exosphere (Ambient Inspirational Music),Rodrigo Rodriguez,Exosphere (Ambient Inspirational Music),2020-10-11,29rGTQYGLhfeNJYL3T2gz3,https://open.spotify.com/track/29rGTQYGLhfeNJYL3T2gz3,introspective pensive cerebral
Relaxing Ambient Sounds,Gentle Instrumental Music Paradise,"50 Relaxing Ambient Sounds (Inner Power, Deep Sleep, Healing Instrumental Music, Relaxation, Meditation, Yoga, Rest, Stress Relief)",2018-05-21,1yCgDCMk3ErJv5T046IbzW,https://open.spotify.com/track/1yCgDCMk3ErJv5T046IbzW,introspective pensive cerebral
Ambient Dreaming,Music for Sleep,Music for Sleep and Dreams,2015-11-11,2mUYeJ2fulp0ZKUgUq57bc,https://open.spotify.com/track/2mUYeJ2fulp0ZKUgUq57bc,introspective pensive cerebral
Insight,Mindful Beats,Mindful Beats for Work and Focus,2020-08-13,6bl5311P2AcST5bChJmVQk,https://open.spotify.com/track/6bl5311P2AcST5bChJmVQk,introspective pensive cerebral
Reflective; Somber; Slow; Building - Acoustic Piano Rock Instrumental Track / Music Bed,Misfits & Thieves,Absolute Soft Rock - Vol. 1,2011-07-01,1HohqJBH6fGKW24Dn3cKFD,https://open.spotify.com/track/1HohqJBH6fGKW24Dn3cKFD,introspective pensive cerebral
"Introspection04, Pt. 2",Peter Ries,Ambient Library - Introspection04,2024-02-02,68ULvbwKX8RYSqcY3HyKBG,https://open.spotify.com/track/68ULvbwKX8RYSqcY3HyKBG,introspective pensive cerebral
Introspection,Relaxing Music,Meditation Music,2020-11-19,2tKjVrd957GWAj06iETXTh,https://open.spotify.com/track/2tKjVrd957GWAj06iETXTh,introspective pensive cerebral
"Introspection04, Pt. 9",Peter Ries,Ambient Library - Introspection04,2024-02-02,6ulmyNbVsRR5LkCHn9n0Wg,https://open.spotify.com/track/6ulmyNbVsRR5LkCHn9n0Wg,introspective pensive cerebral
Evening Introspection,Spa Relaxation & Spa,Transcendental Prayer Pieces,2020-06-27,3YupPCbF5tnoMvb3LtHBt5,https://open.spotify.com/track/3YupPCbF5tnoMvb3LtHBt5,introspective pensive cerebral
Introspective Pt. 1,Michel Jean,Introspective Pt. 1,2022-02-11,3VKGXEiC61JRf8Q5FJPrwy,https://open.spotify.com/track/3VKGXEiC61JRf8Q5FJPrwy,introspective pensive cerebral
Inspirational Ambient,Mapa,Ambient,2021-12-24,6rk6VGnE7bMKtQbWR9PZ5J,https://open.spotify.com/track/6rk6VGnE7bMKtQbWR9PZ5J,introspective pensive cerebral
Introspection,UVB,Life,2015-11-23,6W5AdvZh79xkuqxNMdkm9g,https://open.spotify.com/track/6W5AdvZh79xkuqxNMdkm9g,introspective pensive cerebral
Introspective,Sferro,Introspective,2018-08-26,4YO4NDEKLaw157XcxWIup7,https://open.spotify.com/track/4YO4NDEKLaw157XcxWIup7,introspective pensive cerebral
Ambient Awakening,Jai Lainbachs,60 Introspection Nights,2018-04-24,4PkXT1egyuc3xpqmtdXFGc,https://open.spotify.com/track/4PkXT1egyuc3xpqmtdXFGc,introspective pensive cerebral
Introspection,Jakub Tirco,Introspection,2016-07-29,7mvgJf0lUhOMQslIhVOTpa,https://open.spotify.com/track/7mvgJf0lUhOMQslIhVOTpa,introspective pensive cerebral
Ambient Behavior Edge (Long Version) - Instrumental,James Leroy Johnson,Meditation Sessions (Long Versions),2021-04-08,2WHBkzCZWAU68DUYeDUhQL,https://open.spotify.com/track/2WHBkzCZWAU68DUYeDUhQL,introspective pensive cerebral
Ambient Piano Deep Sleep,Piano Peace,"Instrumental Piano For Studying Music, Music For Reading, Focus and Concentration",2020-11-27,0WEgM06tOIqGLnkCUPTQRw,https://open.spotify.com/track/0WEgM06tOIqGLnkCUPTQRw,introspective pensive cerebral
Ambient Dreaming,Peaceful Meditation Music,Peaceful Spa Meditation Music,2015-11-18,3FOCueTAoYvOVe4aNiiy8U,https://open.spotify.com/track/3FOCueTAoYvOVe4aNiiy8U,introspective pensive cerebral
Introspective - Instrumental,Straight Shot Home,In-Retrospect Deluxe Reimagined,2022-02-18,5CirH6snhpEhbmWieTSi8o,https://open.spotify.com/track/5CirH6snhpEhbmWieTSi8o,introspective pensive cerebral
Instrumental Break,Sleep Rain Memories,Deep Sleep Soothing Loopable Rain Sounds for a Perfect Sleep,2022-03-12,1OOgyUi5jA3cZo0G2D13sr,https://open.spotify.com/track/1OOgyUi5jA3cZo0G2D13sr,introspective pensive cerebral
Introspective,Jimpster,Domestic Science,2002-07-01,5aVrYhyKBmrZgH7iicctfw,https://open.spotify.com/track/5aVrYhyKBmrZgH7iicctfw,introspective pensive cerebral
Reflection - 40th Anniversary Remaster,Steve Roach,Structures from Silence (Deluxe) [40th Anniversary Remaster],1984-08-24,6MlCI3nqC1as2XmIjekoCh,https://open.spotify.com/track/6MlCI3nqC1as2XmIjekoCh,introspective pensive cerebral
Meditative Introduction,Eurasia,East to West,2018-09-13,5zuS9kfZTj5i71DtpyOkNZ,https://open.spotify.com/track/5zuS9kfZTj5i71DtpyOkNZ,introspective pensive cerebral
Pensive,HAELIUM,Expanding,2021-08-20,4mLgFXyWvUwltIeL8HAgDY,https://open.spotify.com/track/4mLgFXyWvUwltIeL8HAgDY,introspective pensive cerebral
"Introspection04, Pt. 6",Peter Ries,Ambient Library - Introspection04,2024-02-02,2IOmpV2dOwr0ixtot3Ozuh,https://open.spotify.com/track/2IOmpV2dOwr0ixtot3Ozuh,introspective pensive cerebral
Introspective,Mikael Arvo,Introspective,2020-08-10,16BcSD3uFW9ovmdJ1EfFqI,https://open.spotify.com/track/16BcSD3uFW9ovmdJ1EfFqI,introspective pensive cerebral
Introspect,monoscape,Halcyon Bloom,2020-07-26,2vGzGksRggvQ8eEZyyTW1K,https://open.spotify.com/track/2vGzGksRggvQ8eEZyyTW1K,introspective pensive cerebral
Ambient,Focus Brain,Deep Study Music for Exams and Concentration – Deepen Your Concentration,2018-05-29,0EzEWLDWPTTcy2flSuKG07,https://open.spotify.com/track/0EzEWLDWPTTcy2flSuKG07,introspective pensive cerebral
An Introspective Sky,Ries,"Northern Calm Soundskies, Vol. 1",2024-11-11,5lpBxpqRqS4D35K5smuVFe,https://open.spotify.com/track/5lpBxpqRqS4D35K5smuVFe,introspective pensive cerebral
Introspection,Spa Music & Meditation Collective,Amazing Spa Music,2021-10-27,23G5oxqHcQ1Bmo8ao0JURO,https://open.spotify.com/track/23G5oxqHcQ1Bmo8ao0JURO,introspective pensive cerebral
Reflection,Yoga Instrumentals,Yoga Ambiance,2011-08-01,3DrNsEc3jtjGCrFXcDGQYL,https://open.spotify.com/track/3DrNsEc3jtjGCrFXcDGQYL,introspective pensive cerebral
Inspiring Ambient,DensoMusic,Ambient Corporate Background,2021-03-21,7qUv81aCnBV7hbIhxqX7J0,https://open.spotify.com/track/7qUv81aCnBV7hbIhxqX7J0,introspective pensive cerebral
Piano Interlude (Ideal for Studying and Reading),Positive Ray,Spa Relaxation Piano Music Selection - Emotional Space Background Music,2013-02-22,56gk9QQAMzk5606vvWnbNo,https://open.spotify.com/track/56gk9QQAMzk5606vvWnbNo,introspective pensive cerebral
Introspective,Sub:liminal,Space & Time EP,2020-04-27,0LyH9I9lbUegEvn6OqUGGu,https://open.spotify.com/track/0LyH9I9lbUegEvn6OqUGGu,introspective pensive cerebral
Pensive Passages,Classical Music to Study to,Inspiring Classical for Learning,2024-08-16,63yx4JmhKel6MsDcG7wdXK,https://open.spotify.com/track/63yx4JmhKel6MsDcG7wdXK,introspective pensive cerebral
Ambient (Background Music),High Focus,Focus Playlist – Brain Food Music Therapy for Concentration on Study,2017-01-18,1YuLHnMzmnBiLF6r2VtWen,https://open.spotify.com/track/1YuLHnMzmnBiLF6r2VtWen,introspective pensive cerebral
Intrusion Dub,Intrusion,Intrusion / Reflection,2008-07-09,57M4bv721v6BTPhAENbLWr,https://open.spotify.com/track/57M4bv721v6BTPhAENbLWr,introspective pensive cerebral
Introspect,Joachim Spieth,Luminophor,2018-10-15,1tL8xavfWRwCkft9PJ5Ymm,https://open.spotify.com/track/1tL8xavfWRwCkft9PJ5Ymm,introspective pensive cerebral
Introspection,Eskadet,Introspection,2012-03-30,5TQyYzNn3sj5a8uoM9uFf4,https://open.spotify.com/track/5TQyYzNn3sj5a8uoM9uFf4,introspective pensive cerebral
Introspection,Haengelik Deville,Introspection,2020-11-18,1W98c90eXRv1PtixuFzVqR,https://open.spotify.com/track/1W98c90eXRv1PtixuFzVqR,introspective pensive cerebral
Intrinsically,Robin Scherpen,For The Unseen,2023-02-24,4Hkt1irAi6jXT96mgX215I,https://open.spotify.com/track/4Hkt1irAi6jXT96mgX215I,introspective pensive cerebral
Ambient Dreaming,Stress Relief,Stress Relief Playlist,2015-10-21,3VEAlw6IZmObGEOZTbNSlJ,https://open.spotify.com/track/3VEAlw6IZmObGEOZTbNSlJ,introspective pensive cerebral
Individuals,Ambient,Ambient Dreamscapes,2022-03-05,7FPt50RX7plKumOc8vC2XO,https://open.spotify.com/track/7FPt50RX7plKumOc8vC2XO,introspective pensive cerebral
Introspection,Total Bryan,Piano Spa Music - Spa Massage Music & Soothing Relaxing Songs (Piano Music Collection),2015-10-01,2qn3Zc86IMgggDuFuCw1Kz,https://open.spotify.com/track/2qn3Zc86IMgggDuFuCw1Kz,introspective pensive cerebral
"Introspection04, Pt. 7",Peter Ries,Ambient Library - Introspection04,2024-02-02,3Vppejk7eD93qdDeL6x1XH,https://open.spotify.com/track/3Vppejk7eD93qdDeL6x1XH,introspective pensive cerebral
Introspection,Strings of Kin,"Garden of Relaxation: Music for Spa, Focus and Relaxation",2020-06-09,2uZdaZyZyNxZwQIgSdiIh8,https://open.spotify.com/track/2uZdaZyZyNxZwQIgSdiIh8,introspective pensive cerebral
Into the Mind,Focus,Study Session: Instrumental Background Music for Study and Concentration,2021-11-17,6u4qws13X7T6DahloFAqRv,https://open.spotify.com/track/6u4qws13X7T6DahloFAqRv,introspective pensive cerebral
Electronic Piano Ambience,Study Music Research,Upbeat Piano For Studying,2022-05-26,0VvckGnB7EZlFWvKLQVt4k,https://open.spotify.com/track/0VvckGnB7EZlFWvKLQVt4k,introspective pensive cerebral
Reflection - Spa,Ambient Dreamer,Spa Volume 1,2022-05-20,1sKKk3WayX4W1H5OR3fQHd,https://open.spotify.com/track/1sKKk3WayX4W1H5OR3fQHd,introspective pensive cerebral
Reflection,Liquid Memoirs,Ambient Essentials,2019-06-20,75XfDMjCPD8eh0OLJfHtRq,https://open.spotify.com/track/75XfDMjCPD8eh0OLJfHtRq,introspective pensive cerebral
Studying Music (Introspective),Focus Study Music Academy,"Studying Music: Calm Piano Music for Studying, Reading, Concentration, Focus and Meditation",2017-05-17,22epbMeCSYVwvgGyIEdll6,https://open.spotify.com/track/22epbMeCSYVwvgGyIEdll6,introspective pensive cerebral
Introspection,Alicia Enstrom,Ruminations,2021-05-19,0HNj2xs3qHO7pYUlqnIL48,https://open.spotify.com/track/0HNj2xs3qHO7pYUlqnIL48,introspective pensive cerebral
Subliminal Ambient Meditation Music: Power Memory,Subliminal Threshold Affirmations,Power Memory Subliminal Affirmations & Guided Meditation Hypnosis with Relaxing Music & Nature Sounds Awake or Sleep Brain Mind,2014-06-01,5bIIhnGHHByeD3twzj0kQW,https://open.spotify.com/track/5bIIhnGHHByeD3twzj0kQW,introspective pensive cerebral
Introspective,Sherry Finzer,The Gratitude Project,2023-08-25,0fmFpMNkYIrFn1vxLSzPjh,https://open.spotify.com/track/0fmFpMNkYIrFn1vxLSzPjh,introspective pensive cerebral
Inspirational Grooves,Instrumental Jazz Music Ambient,50 Cafe Jazz Tunes for a Cozy Autumn Breakfast,2024-07-25,0Xv22FIpNEnFM0y7Le4Tps,https://open.spotify.com/track/0Xv22FIpNEnFM0y7Le4Tps,introspective pensive cerebral
Introspection,Rudresh Mahanthappa,Kinsmen,2008-09-22,3PxVG85kN9Q63a2V2nAO2V,https://open.spotify.com/track/3PxVG85kN9Q63a2V2nAO2V,introspective pensive cerebral
Dramatic Ambient Piano,cleanmindsounds,Dramatic Ambient Piano,2023-02-28,0MsqXbvUW0XXoUuIkwVSlS,https://open.spotify.com/track/0MsqXbvUW0XXoUuIkwVSlS,introspective pensive cerebral
Introspection,Emmanuel Songsore,Introspection,2023-03-17,2LK0bYcaXZ5fHpSsYA8Hs5,https://open.spotify.com/track/2LK0bYcaXZ5fHpSsYA8Hs5,introspective pensive cerebral
Reflection,Oliver Michael,Spectre,2019-04-02,6ZdMzwI1JvklNo96N3ltgF,https://open.spotify.com/track/6ZdMzwI1JvklNo96N3ltgF,introspective pensive cerebral
Introspection,North & Beyond,Serenity,2023-10-18,3xAVp2nyhXeZb3OwwhPjmI,https://open.spotify.com/track/3xAVp2nyhXeZb3OwwhPjmI,introspective pensive cerebral
Ambient Background Corporate,DensoMusic,Ambient Soft Corporate Collection,2022-04-25,5KPBgq1dVbqE1F5E1j2x8C,https://open.spotify.com/track/5KPBgq1dVbqE1F5E1j2x8C,introspective pensive cerebral
Introspection,Jprsn,Introspection,2018-03-10,6PPnTGfTUPNgA2ZJC0lNw7,https://open.spotify.com/track/6PPnTGfTUPNgA2ZJC0lNw7,introspective pensive cerebral
Music for Brain,Ambient Palmer,"Brain Power Study Music: ""Solo Piano"" Music for Concentration",2013-05-17,5vfBypGfRZJ90kx7xTuT1c,https://open.spotify.com/track/5vfBypGfRZJ90kx7xTuT1c,introspective pensive cerebral
Subtle Introspection,AMBIENT RADIO,Relax And Sleep,2022-05-12,39jJAsxFk0PECndW9Q72Sw,https://open.spotify.com/track/39jJAsxFk0PECndW9Q72Sw,introspective pensive cerebral
Introspective,Jordane Tumarinson,Nuit Blanche,2020-10-02,1XfNhxF4eAhE9k4lwiZ6Kt,https://open.spotify.com/track/1XfNhxF4eAhE9k4lwiZ6Kt,introspective pensive cerebral
Introspection,Catherine Marie Charlton,"Red Leaf, Grey Sky (Piano Improvisations)",2011-10-01,6XhjrVcfEj8wxVbfmx3h0t,https://open.spotify.com/track/6XhjrVcfEj8wxVbfmx3h0t,introspective pensive cerebral
"Introspection04, Pt. 10",Peter Ries,Ambient Library - Introspection04,2024-02-02,3l0VsLo27c0SVdMNj6eFVR,https://open.spotify.com/track/3l0VsLo27c0SVdMNj6eFVR,introspective pensive cerebral
Introspection - Spa,Solace Moon,Sounds of Solace: Songs to Relax to Vol. 1,2023-04-21,3xoykqFfxNlqRVX9iOmW4r,https://open.spotify.com/track/3xoykqFfxNlqRVX9iOmW4r,introspective pensive cerebral
Instrumental Piano for Focus on Learning,Ambient Palmer,"Studying Music - Piano Songs to Increase Brain Power, Study Music Background",2012-03-14,0ykgDUYSRi4D7OOWGDB8dQ,https://open.spotify.com/track/0ykgDUYSRi4D7OOWGDB8dQ,introspective pensive cerebral
Inspiring Ambient,Soundbeaver,Inspirational Songs,2017-06-01,6ULvAnCiGJaor8E0ZkQGgF,https://open.spotify.com/track/6ULvAnCiGJaor8E0ZkQGgF,introspective pensive cerebral
Inspiring Calm Optimistic,BlueTreeAudio,Corporate Ambient Sound,2020-07-17,0QejA12bHZZ1vsjBJ0yG0D,https://open.spotify.com/track/0QejA12bHZZ1vsjBJ0yG0D,introspective pensive cerebral
Introspect II,antinode,Introspect,2023-07-18,7DOFVYOW33JoDUURrPoQJw,https://open.spotify.com/track/7DOFVYOW33JoDUURrPoQJw,introspective pensive cerebral
Seashore Introspection,Music of the Forest,Where I Am From,2019-04-30,5AYRUJ5de0zZ9QtF41YAFX,https://open.spotify.com/track/5AYRUJ5de0zZ9QtF41YAFX,introspective pensive cerebral
introspection,pakkokon,夢で,2022-11-17,7E5UEuNhQRpLD2Q6beFm40,https://open.spotify.com/track/7E5UEuNhQRpLD2Q6beFm40,introspective pensive cerebral
Reflective Moods,Florian Voelxen,Reflective Moods,1981-01-01,73gxPAJ4uDWfGGgIC1bvW7,https://open.spotify.com/track/73gxPAJ4uDWfGGgIC1bvW7,introspective pensive cerebral
Invite Stillness Within,Ambientalism,Blissful Serenades,2021-07-07,3ITPT8nSHIhifZPZSPgiY2,https://open.spotify.com/track/3ITPT8nSHIhifZPZSPgiY2,introspective pensive cerebral
Piano Instrumental,Ambient Palmer,"Studying Music - Piano Songs to Increase Brain Power, Study Music Background",2012-03-14,7sHtOwK9gE8gE94UUdMJh6,https://open.spotify.com/track/7sHtOwK9gE8gE94UUdMJh6,introspective pensive cerebral
Hypnotic Ambience for Autumn Leaves,Upbeat Instrumental Music,Sensational Saxophone Bossa - Bgm for Cool Autumn,2022-10-22,1Sm1zobfsc51eJWKtaidh8,https://open.spotify.com/track/1Sm1zobfsc51eJWKtaidh8,introspective pensive cerebral
Sentimental Piano Music,Ambient Palmer,"Studying Music - Piano Songs to Increase Brain Power, Study Music Background",2012-03-14,7agbLdqiyiGIJzOQvx1zoN,https://open.spotify.com/track/7agbLdqiyiGIJzOQvx1zoN,introspective pensive cerebral
Relaxing Ambiance for Fresh Feelings,Upbeat Instrumental Music,Sensational Saxophone Bossa - Bgm for Cool Autumn,2022-10-22,0RMuiAd1ZMUOWWWLBds7Yp,https://open.spotify.com/track/0RMuiAd1ZMUOWWWLBds7Yp,introspective pensive cerebral
Into a Portal,Sad Music,Piano & Sentimental Moments,2023-05-07,0CB607UzrxLbJinvgHOIkb,https://open.spotify.com/track/0CB607UzrxLbJinvgHOIkb,introspective pensive cerebral
Pensive Precision,Calm Music for Studying,Focus Boost,2023-08-12,7wtA9ROkuUou53ZGUvLrLu,https://open.spotify.com/track/7wtA9ROkuUou53ZGUvLrLu,introspective pensive cerebral
Introspective Therapy,ConcentrationMusic,Concentration Music,2020-06-14,4ffMBjAMeX7NFOxNHnEJto,https://open.spotify.com/track/4ffMBjAMeX7NFOxNHnEJto,introspective pensive cerebral
Introspective Ocean,Dreaming Fairy,Seasons of Emotion,2023-06-05,01knvNRkdGA1uN2su721qL,https://open.spotify.com/track/01knvNRkdGA1uN2su721qL,introspective pensive cerebral
Introspective Therapy,Concentration Sounds,Concentration,2020-06-12,40zAGMG7zuAzxgwBuqN2Vf,https://open.spotify.com/track/40zAGMG7zuAzxgwBuqN2Vf,introspective pensive cerebral
Introspection,Stephen Root,Emotional Journeys,2015-04-27,0lEvFr92ROrZ4cFDmOoCM8,https://open.spotify.com/track/0lEvFr92ROrZ4cFDmOoCM8,introspective pensive cerebral
Música Introspectiva de Fondo,Serenvivo,Solos Suaves para Relajarse,2020-07-27,2SrZezSDurdNLLekCWdYi1,https://open.spotify.com/track/2SrZezSDurdNLLekCWdYi1,introspective pensive cerebral
Introspective Therapy,Zen Spa,Zen Spa,2020-06-23,3xuWuOgwy9qXATlhZnrgD5,https://open.spotify.com/track/3xuWuOgwy9qXATlhZnrgD5,introspective pensive cerebral
Introspection,Nicolas Bras,Meditative Flutes,2020-04-20,6i0i58rFfTKEnOwTWtLZ2K,https://open.spotify.com/track/6i0i58rFfTKEnOwTWtLZ2K,introspective pensive cerebral
"Introspective, Inner Peace, Deeper Relaxation, Peaceful Mindful Sleep",Ricky Trye,"Ambient Piano Meditations: Calm Music for Introspection, Rest and Relaxation",2021-01-21,0xLk0bXNOmrEfJCerQDK21,https://open.spotify.com/track/0xLk0bXNOmrEfJCerQDK21,introspective pensive cerebral
Introspection,J.H. Guraj,Introspection / Migration,2020-07-31,4ZVnDkAHKGg0sLbIgHgQvq,https://open.spotify.com/track/4ZVnDkAHKGg0sLbIgHgQvq,introspective pensive cerebral
Introspection - Loopable Noise,Solace Moon,Sounds of Solace: White Noise to Fall Asleep to Vol. 1,2023-11-24,0gyoqEwNpV9nR3eStLRkDY,https://open.spotify.com/track/0gyoqEwNpV9nR3eStLRkDY,introspective pensive cerebral
Intrinsic (Alt Version),Adrian Disch,The Promise of Finding,2021-03-03,04pgsDasxQSSgYCw64xoWe,https://open.spotify.com/track/04pgsDasxQSSgYCw64xoWe,introspective pensive cerebral
Inspirational Thoughts,Waiting Room Background Music Ensemble,"Calm Waiting Room: Background Jazz, Smooth Instrumental Music, Reduce Stress & Relaxation, Uplifting Elevator Music",2017-01-26,5uaZcPZCuRQx9VHBokw5em,https://open.spotify.com/track/5uaZcPZCuRQx9VHBokw5em,introspective pensive cerebral
Cognition Enhancer Extended 90 Ambient 1,Mind Amend,Cognition Enhancer Extended - Isochronic Tones,2015-02-09,7rW3XwJ0kh3UeStKK2Lu1H,https://open.spotify.com/track/7rW3XwJ0kh3UeStKK2Lu1H,introspective pensive cerebral
Sleep: Dreamy Ambient Music For Sleep 3,Ambient Music Therapy,Sleep: Ambient Sleep Therapy 9,2009-01-01,27taQgstlYGylwSNSricGP,https://open.spotify.com/track/27taQgstlYGylwSNSricGP,introspective pensive cerebral
Sleep: Dreamy Ambient Music For Sleep 1,Ambient Music Therapy,Sleep: Ambient Sleep Therapy 9,2009-01-01,1nLa9VnbyTnSsFEfg1T6Lf,https://open.spotify.com/track/1nLa9VnbyTnSsFEfg1T6Lf,introspective pensive cerebral
Introspection,Kuba,Introspection,2023-09-22,4sLzRgya7uhsLfuxN8EV05,https://open.spotify.com/track/4sLzRgya7uhsLfuxN8EV05,introspective pensive cerebral
Quiet Expectation,Quiet Piano Reflections,"Music for Meditation, Vol. 2: Awakening",2012-04-23,7LLdyzsjGRRz2V9nMj9Ri3,https://open.spotify.com/track/7LLdyzsjGRRz2V9nMj9Ri3,introspective pensive cerebral
Deep Reflections,Sound Therapy Masters,"Subconscious Hypnosis (Healing Frequencies for Deep Regeneration, Eliminate Stress, Self Healing & Improvement)",2018-10-05,07gcx16BVLmTUcluNiHEgz,https://open.spotify.com/track/07gcx16BVLmTUcluNiHEgz,introspective pensive cerebral
Masara (Ambient Background Music),Fearless Motivation Instrumentals,Masara (Ambient Background Music),2018-08-22,3L51kFq4a8wC5w8t32hxjJ,https://open.spotify.com/track/3L51kFq4a8wC5w8t32hxjJ,introspective pensive cerebral
Introspect,WORDPLAY4U2HEAR,Introspect,2020-11-20,3KAp9VIyZUrUtxyK7zfkNK,https://open.spotify.com/track/3KAp9VIyZUrUtxyK7zfkNK,introspective pensive cerebral
Deep Introspection Chillout,Nature Sound Retreat,10 Minute Meditations - Music for Relaxation (Vol. 2),2022-04-01,04Mx3z3ZmjWgnfTDVjFBHi,https://open.spotify.com/track/04Mx3z3ZmjWgnfTDVjFBHi,introspective pensive cerebral
Inspirational Ambient,AShamaluevMusic,Inspirational Ambient,2019-09-30,34JnRqjUHjo1EPWWObtPz9,https://open.spotify.com/track/34JnRqjUHjo1EPWWObtPz9,introspective pensive cerebral
Ambient - Instrumental Music,Meditation Relax Club,Slow Calming Music for Your Peace – Relaxing Sounds Background Music for Yoga,2017-09-28,7Ieu8yPmLyrMqpd1X3iuUm,https://open.spotify.com/track/7Ieu8yPmLyrMqpd1X3iuUm,introspective pensive cerebral
Introspective Inquiries,Margaret Dahlberg,Guided Harmonies: The Covid Series,2021-05-01,1TorAxy5rV0ypHASVh4TvL,https://open.spotify.com/track/1TorAxy5rV0ypHASVh4TvL,introspective pensive cerebral
Intrinsic (instrumental),Zero Hour,A Fragile Mind,2005,0yq0V1QOVsPNyeYixNmZwQ,https://open.spotify.com/track/0yq0V1QOVsPNyeYixNmZwQ,introspective pensive cerebral
"Ambient and Inspiring Power Background Music (Inspirational, Interstellar)",Lesfm,"Ambient and Inspiring Power Background Music (Inspirational, Interstellar)",2021-01-04,29ev392izTKG4zyYkgwRex,https://open.spotify.com/track/29ev392izTKG4zyYkgwRex,introspective pensive cerebral
Introspection,Meditation Music Therapy,Afternoon Meditation,2022-02-24,5FpLMZ3IGa4J8HmfLa5nQx,https://open.spotify.com/track/5FpLMZ3IGa4J8HmfLa5nQx,introspective pensive cerebral
Reflection,Sad Piano and Violin,Powerful Emotive Instrumental Music,2021-12-14,5CRm5bUXRjpU4T1BOv5AM1,https://open.spotify.com/track/5CRm5bUXRjpU4T1BOv5AM1,introspective pensive cerebral
Ambient Corporate,StereojamMusic,Inspirational Corporate Music,2016-10-15,1DCiUDHRk7EV5Wcj648v1B,https://open.spotify.com/track/1DCiUDHRk7EV5Wcj648v1B,introspective pensive cerebral
Quiet Ambient Space for Relaxation and Meditation,Ricky Trye,"Ambient Piano Meditations: Calm Music for Introspection, Rest and Relaxation",2021-01-21,6KMm1CPvwebE7F1zrdyweo,https://open.spotify.com/track/6KMm1CPvwebE7F1zrdyweo,introspective pensive cerebral
Universe: An Ambient Lucid Dream Adventure,Brainwave Music,Sleep with Brainwave Music,2020-02-01,35nXREyknzj3EelGT8Ur3W,https://open.spotify.com/track/35nXREyknzj3EelGT8Ur3W,introspective pensive cerebral
Introspection,Frank van Essen,Sanctum,2018-10-25,1bm5hfV7EfRRBwjYuCRCsH,https://open.spotify.com/track/1bm5hfV7EfRRBwjYuCRCsH,introspective pensive cerebral
Ambient Subconscious,Harper Zen,Meditation Dream: Relaxing Music for Meditation,2015-02-26,4zdJXN2ue0iLVEV62VKX7o,https://open.spotify.com/track/4zdJXN2ue0iLVEV62VKX7o,introspective pensive cerebral
Introspection,Neptune Project,A Question of Reality,2019-02-22,3uxTkx64aSHhNlzh4MKQIf,https://open.spotify.com/track/3uxTkx64aSHhNlzh4MKQIf,introspective pensive cerebral
Insight (Meditation),slowave,"Biologica, Volume Three (Human)",2022-10-07,7hcP5IHDqBJUdbXBJ3pIBo,https://open.spotify.com/track/7hcP5IHDqBJUdbXBJ3pIBo,introspective pensive cerebral
Ambient Dreaming,Ambient,The Best Ambient 2015,2015-11-22,1rIqGi64dxTDsX0Gu2hnUG,https://open.spotify.com/track/1rIqGi64dxTDsX0Gu2hnUG,introspective pensive cerebral
Introspection,Hereafter,This Life is a Beautiful War,2022-06-24,71rVaRHgO7IAPVFnpV5Wvk,https://open.spotify.com/track/71rVaRHgO7IAPVFnpV5Wvk,introspective pensive cerebral
Introspection #76,Adeline Hotel,Good Timing,2021-02-19,5ywLdF7z3bnNetT82x8gB5,https://open.spotify.com/track/5ywLdF7z3bnNetT82x8gB5,introspective pensive cerebral
Connecting the Opposites,Calm Music,Introspection,2022-08-19,7KTJ7K5c3cUbbIECsHpZiV,https://open.spotify.com/track/7KTJ7K5c3cUbbIECsHpZiV,introspective pensive cerebral
Focus,Interiors,Focus,2021-02-05,5qQqgTpe8y91KbZJlg7wLE,https://open.spotify.com/track/5qQqgTpe8y91KbZJlg7wLE,introspective pensive cerebral
Introspection - Komorebi Mix,Laraaji,Mindful Breathing,2020-12-11,5z8KSfQYVeFtJ4W5lBypD3,https://open.spotify.com/track/5z8KSfQYVeFtJ4W5lBypD3,introspective pensive cerebral
Introspection,NINJA TRACKS,Passage,2021-02-22,2zh582qEm8dhKSX7w3eYQ9,https://open.spotify.com/track/2zh582qEm8dhKSX7w3eYQ9,introspective pensive cerebral
Pure 4.9 Hz Introspection Relaxation Deeper Sleep Treat Insomnia Fall Asleep Fast,Complete Brainwave Therapy System,"Theta Waves Brainwave Entrainment Meditation with Nature Sounds, Ambient Music & Subtle Binaural Beats",2016-01-01,2t5GKAXAHZxStDK2v2UQjX,https://open.spotify.com/track/2t5GKAXAHZxStDK2v2UQjX,introspective pensive cerebral
Focus,Peaceful Ambient,Ambient Focus,2022-04-16,1bvrhSolaqVfWOnavN8Ci4,https://open.spotify.com/track/1bvrhSolaqVfWOnavN8Ci4,introspective pensive cerebral
Introverted Intuition (Tsukiji),TOMC,Music for the Ninth Silence,2022-01-07,0WvLDGGt6Wyqxr7S1uVw24,https://open.spotify.com/track/0WvLDGGt6Wyqxr7S1uVw24,introspective pensive cerebral
Motivational Dreams,Brain Study Music Guys,"Ambient Piano Music for Writing – Calm Soothing Music, Creative Inspiration, Mental Renewal, Deep Focus, Clear Your Mind, Music for Reading & Studying, Exam Study, Ambient Sounds",2017-06-13,7n4nFGfRBeIn3eoqaZEmrQ,https://open.spotify.com/track/7n4nFGfRBeIn3eoqaZEmrQ,introspective pensive cerebral
Introspektiv,BGPONE,Pure Instrumental Music,2015-12-18,14Z0iLotjRvELJZmfSo28h,https://open.spotify.com/track/14Z0iLotjRvELJZmfSo28h,introspective pensive cerebral
Reflective Moment,Jaylen Sharise,Soothing Sleep,2024-04-19,0jIX3pnWPRCQYNCXQE98qP,https://open.spotify.com/track/0jIX3pnWPRCQYNCXQE98qP,introspective pensive cerebral
Introspettivo,Vibrazioni Production,Suoni Nella Notte,2007-06-19,7vgyh0IwZOCqLVu43lICHA,https://open.spotify.com/track/7vgyh0IwZOCqLVu43lICHA,introspective pensive cerebral
Pensive,Nel Brim,Pensive,2019-06-30,5FQOuBPHMrrkPiBpbJNMjf,https://open.spotify.com/track/5FQOuBPHMrrkPiBpbJNMjf,introspective pensive cerebral
Ambient Dreams,The Deep Sleep Scientists,Dreamtime,2020-10-22,18GilYoGfF9LUeDruW1f83,https://open.spotify.com/track/18GilYoGfF9LUeDruW1f83,introspective pensive cerebral
Introspection,Cristobal Pesce,Introspection,2021-06-14,7ojV2qmVLbCVVmNJKwoDVq,https://open.spotify.com/track/7ojV2qmVLbCVVmNJKwoDVq,introspective pensive cerebral
Pure Reflection,Peter Ries,Ambient Library - Introspection03,2024-01-05,477d0dqYYVMcPLDvASWbtq,https://open.spotify.com/track/477d0dqYYVMcPLDvASWbtq,introspective pensive cerebral
Reflections,Endless Melancholy,Deep as the Dark Blue Sea,2020-06-08,5uvD7eTUHstDdNUcm3lGhL,https://open.spotify.com/track/5uvD7eTUHstDdNUcm3lGhL,introspective pensive cerebral
Reflections,Lab's Cloud,The Structure of Emotions,2021-04-16,6YG6TGlDCuyldBu9AhOG9a,https://open.spotify.com/track/6YG6TGlDCuyldBu9AhOG9a,introspective pensive cerebral
Calm & Dreamy Reflections in the Rain,Peaceful Ambient Psychedelic Ways,Calm & Dreamy Reflections in the Rain,2023-05-15,6CL8nasDNjlTh2RDZkz0V7,https://open.spotify.com/track/6CL8nasDNjlTh2RDZkz0V7,introspective pensive cerebral
Ambient Instrumental,Jazz Guitar Music Zone,"Jazz Music Relaxation – Easy Listening Smooth Jazz, After Work Relax, Ambient Instrumental Soft Jazz, Cool Modern Jazz",2017-04-04,5IVs7bFrvGa6lAdNlzbdcn,https://open.spotify.com/track/5IVs7bFrvGa6lAdNlzbdcn,introspective pensive cerebral
Retrospective,Steve Fish,Celestial Journeys,1995,2OR4H7IIw3R26iBNnulTpi,https://open.spotify.com/track/2OR4H7IIw3R26iBNnulTpi,introspective pensive cerebral
Deep Insight,Study Alpha Waves,"Study Music Brain Power Vol.3 : Ambient Music for Study and Relax (focus, study music, music for concentration, concentration music, relaxing, relaxation, piano ambient, study hard, studying music, brain food)",2017-05-24,2i5kzd9EBsmg07BTFOrcQ4,https://open.spotify.com/track/2i5kzd9EBsmg07BTFOrcQ4,introspective pensive cerebral
Introspection,Justin Moses,Beyond Measure: The EP,2015-09-18,3OJWkGToh2bPKNlBW2y7ik,https://open.spotify.com/track/3OJWkGToh2bPKNlBW2y7ik,introspective pensive cerebral
Ambient Dreaming,"Positive Thinking: Music for Meditation, Yoga & Deep Sleep",Yoga Music for Positive Thinking,2015-11-04,4D2nzM0NnAvfQwsun22Yks,https://open.spotify.com/track/4D2nzM0NnAvfQwsun22Yks,introspective pensive cerebral
Introspective Therapy,Quiet Time Music,Quiet Time Music,2020-06-15,0GyGScWTKdGgRnYIYyibeJ,https://open.spotify.com/track/0GyGScWTKdGgRnYIYyibeJ,introspective pensive cerebral
Expectation,Peaceful Ambient,Ambient Focus,2022-04-16,3ogwH6Ify4RbYwZVAxUqU7,https://open.spotify.com/track/3ogwH6Ify4RbYwZVAxUqU7,introspective pensive cerebral
Trance,Peaceful Ambient,Ambient Focus,2022-04-16,1HTsoV82UhLztlviQ17ccY,https://open.spotify.com/track/1HTsoV82UhLztlviQ17ccY,introspective pensive cerebral
"Relaxing Sounds, Ambient Music to Stay Awake",Brainwaves Mike,Deep Brain Stimulation Music - Study Music for Concentration and Exam Preparation,2015-02-13,5vAGG0BXA4I6bxI2e8DJH4,https://open.spotify.com/track/5vAGG0BXA4I6bxI2e8DJH4,introspective pensive cerebral
Ambient Space,Inspiring Meditation Sounds Academy,"Cosmic Meditation – Ambient Therapy Music, Cosmic Vibrations, Mindfulness Healing, Meditation & Yoga, Om Chant, Healing Energy, New Age Music",2017-09-04,6b6p5lxhoOH1RXTyYpT2bH,https://open.spotify.com/track/6b6p5lxhoOH1RXTyYpT2bH,introspective pensive cerebral
Intrinsic,Solaris,Aeon V,2017-03-21,7zs2HcXi2TqBsb3IGOg12A,https://open.spotify.com/track/7zs2HcXi2TqBsb3IGOg12A,introspective pensive cerebral
Ambient Dissolution Into Nostalgic Dreams,hanging moss,Autumn Journeys & Reflections,2013-11-07,4B6wQc2k9MwS7MVSaTBPqH,https://open.spotify.com/track/4B6wQc2k9MwS7MVSaTBPqH,introspective pensive cerebral
Introspection - Pulsarum Remix,Minddigger,Introspection,2022-09-01,4nXVSWM9FzSGDGJ4nbgUiS,https://open.spotify.com/track/4nXVSWM9FzSGDGJ4nbgUiS,introspective pensive cerebral
Introspective,Dillard,Suti,2019-10-08,5UD1K1t8xX2o1xeGVkNDrr,https://open.spotify.com/track/5UD1K1t8xX2o1xeGVkNDrr,introspective pensive cerebral
Introspective,Jason Savell,Latin & Spanish Guitar,2015-07-08,01pjmTE1Mo1uTj3lJA65Zq,https://open.spotify.com/track/01pjmTE1Mo1uTj3lJA65Zq,introspective pensive cerebral
Introspect,Samuel Jorda Stalder,Mind Sanctuary,2024-10-18,7Iuhq0O5te2uCEpOJBmXAj,https://open.spotify.com/track/7Iuhq0O5te2uCEpOJBmXAj,introspective pensive cerebral
Flowing Dreamscape,Ambientalism,Blissful Serenades,2021-07-07,3mNC8sICPOthtjWZ13uxzE,https://open.spotify.com/track/3mNC8sICPOthtjWZ13uxzE,introspective pensive cerebral
Reflections,Lemonchill,Sentant,2007-08-31,1ZswSYlqr67GMWJ4VSqyrO,https://open.spotify.com/track/1ZswSYlqr67GMWJ4VSqyrO,introspective pensive cerebral
Ambient Sleep,Binaural Beats,Turn Your Dreams and Wisdom into Reality,2019-11-09,0f1znrv4qf3Kkh5W3TNWvr,https://open.spotify.com/track/0f1znrv4qf3Kkh5W3TNWvr,introspective pensive cerebral
§4: Cognitive Improvements,Sleep Center™,Sleep Center: Disk 1,2014-09-06,34YThBXoAVzbERsjrQnfR2,https://open.spotify.com/track/34YThBXoAVzbERsjrQnfR2,introspective pensive cerebral
Deep Reflections To White Noise,Sonic Interactive,White Noise For Studying,2017-01-09,7cw7WJhts78DXc2dTv6WU9,https://open.spotify.com/track/7cw7WJhts78DXc2dTv6WU9,introspective pensive cerebral
Inspirational Thoughts,Relaxing Office Music Collection,"Chill Out in Office – Instrumental Music to Work, Easy Listening, Chillout Sounds, Elevator Music, Positive Energy, Waiting Room Music",2015-10-12,0AGvd4Tg66ZJA1qo6KQI1H,https://open.spotify.com/track/0AGvd4Tg66ZJA1qo6KQI1H,introspective pensive cerebral
Intro,Circular,Substans,2009-05-26,14AVt55jpsM80KpXblLiwT,https://open.spotify.com/track/14AVt55jpsM80KpXblLiwT,introspective pensive cerebral
Introspection,ComaStudio,Brilliance,2021,3hxfEzYcBOdNarvU3OSrCI,https://open.spotify.com/track/3hxfEzYcBOdNarvU3OSrCI,introspective pensive cerebral
Dreamy Ambient,Binaural Beats,Turn Your Dreams and Wisdom into Reality,2019-11-09,1jxPAn64WkQ0JsdRbTbb9r,https://open.spotify.com/track/1jxPAn64WkQ0JsdRbTbb9r,introspective pensive cerebral
Reflective Solitude,Harmonious Reflection,Reflective Strings,2023-06-08,25ujP5ZEgVZwlpe7uFr0gX,https://open.spotify.com/track/25ujP5ZEgVZwlpe7uFr0gX,introspective pensive cerebral
Instrumental background,Radio Enigma,Calming Study Music: The Perfect Playlist for Studying or Working,2018-05-14,0trSO9RtEYeKiFFbnldYmL,https://open.spotify.com/track/0trSO9RtEYeKiFFbnldYmL,introspective pensive cerebral
Cognition Enhancer Extended 90 Ambient 2,Mind Amend,Cognition Enhancer Extended - Isochronic Tones,2015-02-09,1LzlPtO3Y70Qt0SoZBIcgz,https://open.spotify.com/track/1LzlPtO3Y70Qt0SoZBIcgz,introspective pensive cerebral
Introspection on Retrospection / The State of the World,David Alexander,Thorns,2019-05-17,7MKyVhYcP8AtX2Uphjg6fy,https://open.spotify.com/track/7MKyVhYcP8AtX2Uphjg6fy,introspective pensive cerebral
Inspiring Ambiance for Summer Tones,Happy Instrumental Music,Music for Summer Keytones,2022-06-20,4aBccoALldraMl4Yc7BARI,https://open.spotify.com/track/4aBccoALldraMl4Yc7BARI,introspective pensive cerebral
Ambient Minimal Upbeat,DensoMusic,Ambient Corporate Background,2021-03-21,1XgrTLD361TpCpotszIltG,https://open.spotify.com/track/1XgrTLD361TpCpotszIltG,introspective pensive cerebral
Insight,Morninglightmusic,Voice of the Sage,2022-11-04,2OmBVHq4RRpslWc406V2zX,https://open.spotify.com/track/2OmBVHq4RRpslWc406V2zX,introspective pensive cerebral
Introspective Whispers - Felt Piano,Raphael Beaudon,Introspective Whispers,2022-09-01,0sbDyNnrrkWON9aL9Esh2i,https://open.spotify.com/track/0sbDyNnrrkWON9aL9Esh2i,introspective pensive cerebral
Introspec,Survival Spheres,Selection 8 (Save Room Ambience),2024-02-03,1rsBoUCGyg8QfqQp2Pqe9j,https://open.spotify.com/track/1rsBoUCGyg8QfqQp2Pqe9j,introspective pensive cerebral
Intrinsic Energies,Sun Ra,Pathways to Unknown Worlds,2019-02-22,2F2uDwD3AulgLwLDqzPM4C,https://open.spotify.com/track/2F2uDwD3AulgLwLDqzPM4C,introspective pensive cerebral
Insight Visualization,Deep Sleep,Deep Sleep Music,2017-08-19,2zgRzAWLI9U7iBwMuahHOf,https://open.spotify.com/track/2zgRzAWLI9U7iBwMuahHOf,introspective pensive cerebral
Ambient Dreaming,Yoga Workout Music,Yoga Meditation Workout,2015-10-28,0FxDulVkbSJB8oDVHp19NO,https://open.spotify.com/track/0FxDulVkbSJB8oDVHp19NO,introspective pensive cerebral
Introspect,Zamar Music Ministries,Tranquil Piano,2019-01-01,7ej3zbFZ8OLZRWM0gYVG6f,https://open.spotify.com/track/7ej3zbFZ8OLZRWM0gYVG6f,introspective pensive cerebral
"Daily Reflections, Anxiety Free",Waiting Room Background Music Ensemble,"Calm Waiting Room: Background Jazz, Smooth Instrumental Music, Reduce Stress & Relaxation, Uplifting Elevator Music",2017-01-26,4VvTTKQdQZFFLSMZbXqloY,https://open.spotify.com/track/4VvTTKQdQZFFLSMZbXqloY,introspective pensive cerebral
Hypnotherapy Deep Thoughts & Reflection,Binaural Beats Sleep,Healing Frequencies - Binaural Beats,2018-11-02,1CtSX7tKqSS32edRFYozJP,https://open.spotify.com/track/1CtSX7tKqSS32edRFYozJP,introspective pensive cerebral
Open Air,Peaceful Ambient,Peaceful Journey,2022-04-07,7AlEJwCQtv6v70QOjGXDM0,https://open.spotify.com/track/7AlEJwCQtv6v70QOjGXDM0,introspective pensive cerebral
Brainshift,Peter Ries,Ambient Library - Introspection03,2024-01-05,2FCn4Enk3t0pd9AG0zrhdt,https://open.spotify.com/track/2FCn4Enk3t0pd9AG0zrhdt,introspective pensive cerebral
Reflection,Ambient Space,Atmospheric Piano,2021-05-06,0nJfkKYqgbDpbVVTfSQx75,https://open.spotify.com/track/0nJfkKYqgbDpbVVTfSQx75,introspective pensive cerebral
Introspection,6 Strings & Machines,Introspection,2022-06-28,0mnvSdwB5FQlOdcHlZqdwP,https://open.spotify.com/track/0mnvSdwB5FQlOdcHlZqdwP,introspective pensive cerebral
Introspection,Sapphire Skies,Nostalgia,2021-01-23,0grG6Z3HJbrQsNU2N7Wq1i,https://open.spotify.com/track/0grG6Z3HJbrQsNU2N7Wq1i,introspective pensive cerebral
Introspection,Alexander Markson,Spring Preludes,2020-03-04,4pHVEKWopKojkrGJdgLEeg,https://open.spotify.com/track/4pHVEKWopKojkrGJdgLEeg,introspective pensive cerebral
Soft Inspirational Music,Deep Sleep Hypnosis Masters,"Lucid Dreaming Adventure - Deep Sleep Music, Imagination, Journey, Hypnosis, Enhanced Experience, Deep Relaxation",2017-10-04,2RLAHT8UIlqGlHw32ve2Yl,https://open.spotify.com/track/2RLAHT8UIlqGlHw32ve2Yl,introspective pensive cerebral
Intrinsical,Colossal Trailer Music,Ununpentium,2015-11-04,3zrUwLyxy0MxwlAzMCZcWD,https://open.spotify.com/track/3zrUwLyxy0MxwlAzMCZcWD,introspective pensive cerebral
Intrinsic Perceptions (Bonus Track),Emer Kinsella,In Orbit (Original Motion Picture Soundtrack),2019-07-12,4hm1SRCLDYr6PbgVVSTnfF,https://open.spotify.com/track/4hm1SRCLDYr6PbgVVSTnfF,introspective pensive cerebral
Intrinsic,Mjuk,Intrinsic,2023-05-12,5r5fURCpCt1BRZbA7SIrHL,https://open.spotify.com/track/5r5fURCpCt1BRZbA7SIrHL,introspective pensive cerebral
Ambient Reflection,Asian Zen,Relaxation and Meditation,2014-06-19,3ULQWx54bZxawBNPAwiOX1,https://open.spotify.com/track/3ULQWx54bZxawBNPAwiOX1,introspective pensive cerebral
Introspection,Alex Monfort Trio,Introspection,2018-05-18,7s3oVBpHv4wpd24f4lxDoZ,https://open.spotify.com/track/7s3oVBpHv4wpd24f4lxDoZ,introspective pensive cerebral
Awareness,Quiet Quest,"Ambient Music for Studying, Vol. 1",2022-11-11,0OU0NrsMPzCyiHm2GYNzfw,https://open.spotify.com/track/0OU0NrsMPzCyiHm2GYNzfw,introspective pensive cerebral
Ambience,Inside Your Soul,While Painting: Soft Inspirational Music to Listen to While Painting,2021-11-05,2g0RjElZOJe0lVP3RXLRIi,https://open.spotify.com/track/2g0RjElZOJe0lVP3RXLRIi,introspective pensive cerebral
Introspect,Skekz,Introspect,2020-10-16,2qQDJJqvXiPOyuhkuelQMQ,https://open.spotify.com/track/2qQDJJqvXiPOyuhkuelQMQ,introspective pensive cerebral
Rainy Ambience Reflections,Rain Fruits Sounds,10 Hours Gentle Night Rain,2023-08-29,3RKjm3XoOy3PdRa8xOhOtM,https://open.spotify.com/track/3RKjm3XoOy3PdRa8xOhOtM,introspective pensive cerebral
Zen Introspect,Anandha Samadhi,"Modern Transcendent, Vol. 1",2017,6yKb6zlibPcOyeqUEzWVmT,https://open.spotify.com/track/6yKb6zlibPcOyeqUEzWVmT,introspective pensive cerebral
Ambient Study Music - Piano Piece,Ambient Piano Works,Silent Piano Grove Focus,2024-10-29,3OS2WPhcOXSmvrnklAyriq,https://open.spotify.com/track/3OS2WPhcOXSmvrnklAyriq,introspective pensive cerebral
Concentrating Music for Creative Thinking,Concentration Lacour,Concentration Music for Studying - Instrumental Study Music for Exam Study,2015-01-27,4JqjuuFxNqThQM5P2LazGY,https://open.spotify.com/track/4JqjuuFxNqThQM5P2LazGY,introspective pensive cerebral
Introspection 4,Rogier Van Otterloo,Dolce Vita,2014,4hiIUSD93ocYOE6t3Pv77k,https://open.spotify.com/track/4hiIUSD93ocYOE6t3Pv77k,introspective pensive cerebral
Inspiration,Brain Waves Therapy,Brain Wave Oscillation,2021-09-04,0pBi0DOGNX2ZsCXkj8SuDV,https://open.spotify.com/track/0pBi0DOGNX2ZsCXkj8SuDV,introspective pensive cerebral
Introspira,PuzzleWaves,Melanchoria,2024-09-16,5GhWjH7pbrOhRFIDhphqCF,https://open.spotify.com/track/5GhWjH7pbrOhRFIDhphqCF,introspective pensive cerebral
Introspective,Francesco Fareri,Suspension | the New Sonic Design,2012-05-16,3CLzRS1Pjh3WSp26nR30FA,https://open.spotify.com/track/3CLzRS1Pjh3WSp26nR30FA,introspective pensive cerebral
Ambient Dreaming,Relax Music for Positive Thinking,Relax Music for Positive Thinking,2015-10-14,2IxFgcdDMOkBYAl2E7Tt62,https://open.spotify.com/track/2IxFgcdDMOkBYAl2E7Tt62,introspective pensive cerebral
Introspection,Red Dictionary,Hope Will Find Its Way,2013-01-18,41cc2hsndG53Mjqdk8EiW6,https://open.spotify.com/track/41cc2hsndG53Mjqdk8EiW6,introspective pensive cerebral
Ambient Music,State of Deep Focus,Focus Music for Work – Increase Focus and Creative Thinking with Sounds of Nature and Instrumental Background Music,2019-10-01,4blLOYqecrjwGXdt8nKT4E,https://open.spotify.com/track/4blLOYqecrjwGXdt8nKT4E,introspective pensive cerebral
Positive Insight,Mindfullness Meditation World,Instrumental Music For Meditation,2023-05-08,4vvauvccp2ci4TGQ0p5XgO,https://open.spotify.com/track/4vvauvccp2ci4TGQ0p5XgO,introspective pensive cerebral
Introspection,BeBetter,Best Music to Chill after Hard Working Day,2022-01-02,1Pq46VanBfo3ckGhNJ3Xg9,https://open.spotify.com/track/1Pq46VanBfo3ckGhNJ3Xg9,introspective pensive cerebral
Meditational Insight,Jane Groud,Relaxing Flute Introspection,2023-03-08,2WBqWiDU8YGEQddl7oUzrE,https://open.spotify.com/track/2WBqWiDU8YGEQddl7oUzrE,introspective pensive cerebral
Ambient Soundscapes,Piotr Janeczek,Relaxing Instrumental Meditation Music,2014-12-27,5e2ZsoNOCYQvx8F1Pa7GqH,https://open.spotify.com/track/5e2ZsoNOCYQvx8F1Pa7GqH,introspective pensive cerebral
Floating,Peaceful Ambient,Ambient Focus,2022-04-16,4CNFtChcHDHm6F132djU2W,https://open.spotify.com/track/4CNFtChcHDHm6F132djU2W,introspective pensive cerebral
Inspirational Ambience,May Padma,Deep Mindfulness Zen Introspection,2015-11-06,4sUKRGbZ0afJ7GkFX5e1mG,https://open.spotify.com/track/4sUKRGbZ0afJ7GkFX5e1mG,introspective pensive cerebral
Clear Mind - Ambient Music,Focus Brain,Deep Study Music for Exams and Concentration – Deepen Your Concentration,2018-05-29,5aRGPjHWG4NuQHs2bSLdxE,https://open.spotify.com/track/5aRGPjHWG4NuQHs2bSLdxE,introspective pensive cerebral
Introspectif Dub - Dub,Orgasmo Sonore,Climax,2020-01-05,3LR4LGHYrrFVjND78VyEJg,https://open.spotify.com/track/3LR4LGHYrrFVjND78VyEJg,introspective pensive cerebral
Reflective Moment,Bob Bradley,Reflective Observational,2013-01-29,03KrHrlJsKw2Timi0hO7i5,https://open.spotify.com/track/03KrHrlJsKw2Timi0hO7i5,introspective pensive cerebral
Shooting Space Ambient,Emotional Healing Intrumental Academy,"Another World – Cosmic Meditation, Epic Space Music, Background for Inner Journey, Deep Experience, Lucid Dream",2018-02-09,6l1KcEn60VHjvGCLgXcJLF,https://open.spotify.com/track/6l1KcEn60VHjvGCLgXcJLF,introspective pensive cerebral
Reflexive,Jeroen Search,Monism,2018-12-10,1j2Umt5WCe2A3BomBEzO5o,https://open.spotify.com/track/1j2Umt5WCe2A3BomBEzO5o,introspective pensive cerebral
Ambient Music,Herman Glenn,"Study Music Brain Power (music for study, deep focus, music for concentration, concentration music, relaxing piano, piano relaxation , piano ambient, study time, studying music, brain music, memory and concentration for exam, study hard)",2017-02-10,30pWmKFmo0FfQhVw97mFgO,https://open.spotify.com/track/30pWmKFmo0FfQhVw97mFgO,introspective pensive cerebral
Introspective Bloom,Chill Sunset Vibes,BALEARIC SUNSET LOUNGE CHILL HOUSE SESSION,2025-08-05,6WoNC2Dgejb4dM8SFfwCRo,https://open.spotify.com/track/6WoNC2Dgejb4dM8SFfwCRo,introspective pensive cerebral
Nostalgia,David Scott,Departures,2019-09-06,5uMHrp7mylSVui6RnsDJHf,https://open.spotify.com/track/5uMHrp7mylSVui6RnsDJHf,introspective pensive cerebral
Flow,Peaceful Ambient,Peaceful Journey,2022-04-07,3foETcYz4GwwAWvVQOBFHP,https://open.spotify.com/track/3foETcYz4GwwAWvVQOBFHP,introspective pensive cerebral
Introspective Spirit,Cloud 9 Tribe,The Tribe (Soundtrack from the TV Series) [Vol. 2],1998,6TY0gsPb2Np2VG6h1VULgu,https://open.spotify.com/track/6TY0gsPb2Np2VG6h1VULgu,introspective pensive cerebral
Introspective Flow Journey,Unlock your potential HZ,Deep Meditation Music for Inner Peace,2024-11-16,2eSzAl7pagYzqPx0g6ntay,https://open.spotify.com/track/2eSzAl7pagYzqPx0g6ntay,introspective pensive cerebral
Ambient Music for Meditation,Meditasyon Enstrümental,Meditation Music Collection 50 - Meditation Music and Relaxing Meditation Songs,2015-08-24,6idzPFAWQjuXxxaEP7y5uc,https://open.spotify.com/track/6idzPFAWQjuXxxaEP7y5uc,introspective pensive cerebral
Introspective - Meditation,Atmospheric Lights,Introspective,2021-10-15,4v9NST4Wxx83vXj4a29yqP,https://open.spotify.com/track/4v9NST4Wxx83vXj4a29yqP,introspective pensive cerebral
Pensive Pulse,Focus,A Poised Perusal of Profound Perspectives,2024-02-08,4gDlwgHnoNds9p7iKQCJjp,https://open.spotify.com/track/4gDlwgHnoNds9p7iKQCJjp,introspective pensive cerebral
Namaste - An Echo of an Intrinsic Reflection,Reading and Study Music,The Deepest Channels of our Mind (Yesterday's Rain),2015-08-05,1UPvpCTZwKCJuSqFSik9Zy,https://open.spotify.com/track/1UPvpCTZwKCJuSqFSik9Zy,introspective pensive cerebral
Introspect,Shreyas Murali,Introspect,2023-06-12,4HGT4CtJXDABsjqg1gDZQE,https://open.spotify.com/track/4HGT4CtJXDABsjqg1gDZQE,introspective pensive cerebral
Inspirational and Optimistic,BlueTreeAudio,Corporate Ambient Sound,2020-07-17,78oCjdLknx2xdhQsskPxce,https://open.spotify.com/track/78oCjdLknx2xdhQsskPxce,introspective pensive cerebral
Retrospective Memory,The Eye Of Time,ANTI,2015-03-19,3PoXn1o14aX5pA2ohNntBe,https://open.spotify.com/track/3PoXn1o14aX5pA2ohNntBe,introspective pensive cerebral
Inspiring Reiteration,Converted Specifications,Ambient Chillout Lounge Relaxing Music,2022-07-08,5kZ2K7tY1fv1BhBHqoQT7e,https://open.spotify.com/track/5kZ2K7tY1fv1BhBHqoQT7e,introspective pensive cerebral
Introspection (Instrumental),Alias Molombo,Introspection,2022-09-23,26OSI3UnmYyzZTrdLLvP2n,https://open.spotify.com/track/26OSI3UnmYyzZTrdLLvP2n,introspective pensive cerebral
Peaceful Piano Instrumental For Studying,Study Music Research,Ambient Piano For Studying,2022-11-07,2TdNqTy41icRllATeZFhtM,https://open.spotify.com/track/2TdNqTy41icRllATeZFhtM,introspective pensive cerebral
Introspection,Steven Gorden,Gentling Psychedelic Therapy,2021-12-21,4kCvbNXrpMLOTRFXugVp6E,https://open.spotify.com/track/4kCvbNXrpMLOTRFXugVp6E,introspective pensive cerebral
Brainwave Entrainment,Robbins Island Music Group,Music for Thinking: Improve Concentration With Relaxing Music for Studying & Stress Relief Music,2014-07-25,6F7UuL6wpwUItOMK2JA6YC,https://open.spotify.com/track/6F7UuL6wpwUItOMK2JA6YC,introspective pensive cerebral
Ambient Background Music For Concentration,Powerthoughts Meditation Club,"Spa Meditation: Soothing Music For Spa, Massage, Meditation, Yoga, Focus, Concentration, Mindfulness, Stress Relief, Anxiety, Deep Sleep Aid, Healing and Wellness",2020-03-05,0mM8OcTTaqjyHP39kFFn02,https://open.spotify.com/track/0mM8OcTTaqjyHP39kFFn02,introspective pensive cerebral
Introspect,RATAN,Drain,2020-07-30,1bxDDX9znHUwoDzZCzk6Nj,https://open.spotify.com/track/1bxDDX9znHUwoDzZCzk6Nj,introspective pensive cerebral
Introspection,The Lofi Office,Introspection,2022-04-15,6dEYdxgX7xbOxYfaskpLRp,https://open.spotify.com/track/6dEYdxgX7xbOxYfaskpLRp,introspective pensive cerebral
Introspection,Existence Music,Lofi City Hip Hop For Driving 2023,2022-11-10,285LCYmHuboOkj3cta8kPd,https://open.spotify.com/track/285LCYmHuboOkj3cta8kPd,introspective pensive cerebral
Spiritually Insightful Piano (Solo Piano in C Major),Freddie Morris,Reading Time Focus - Concentration with Piano Rhymes,2021-02-02,0km7ptrB3V6f7kswEvop4A,https://open.spotify.com/track/0km7ptrB3V6f7kswEvop4A,introspective pensive cerebral
Intuition Gong Meets Theta Neuro Electronic Pt. 12 - Relax Deeply,Resonance Space,Meditative Space - Sound Bath - Moon Ceremonies 1,2020-12-11,1PbVy7r1EdcQJy2oPd4Brq,https://open.spotify.com/track/1PbVy7r1EdcQJy2oPd4Brq,introspective pensive cerebral
Retrospection,Quiet Quest,"Ambient Music for Studying, Vol. 1",2022-11-11,2I5NgIadFTydfpOIZXH00H,https://open.spotify.com/track/2I5NgIadFTydfpOIZXH00H,introspective pensive cerebral
Introspection,WAVELAB,Introspection,2022-06-22,5IfoSd5k6wJtGgxubAcrSD,https://open.spotify.com/track/5IfoSd5k6wJtGgxubAcrSD,introspective pensive cerebral
Ambient Reflection,Brain Waves Frequencies,"528 Hz: Complete Body Healing - Miracle Tone, Dna Repair & Healing, Nerve And Cell Regeneration",2022-05-18,0HgkX8L7prMcqifP5GSp1c,https://open.spotify.com/track/0HgkX8L7prMcqifP5GSp1c,introspective pensive cerebral
Introspection,Kaleidoscope String Quartet,Reflections,2018-10-26,5lHycbDWo4DM6JkUSsu9fa,https://open.spotify.com/track/5lHycbDWo4DM6JkUSsu9fa,introspective pensive cerebral
Introspective Therapy,Can't Sleep Music,Can't Sleep Music,2020-06-07,5xZgCVPfFTWINVQw9yagSD,https://open.spotify.com/track/5xZgCVPfFTWINVQw9yagSD,introspective pensive cerebral
Increase Pensive,"Silent Meditation, No Sound Pause Breaks",Quiet Meditation Music,2025-01-13,5Kk1Ed4fsJhdU7N6v8nXAh,https://open.spotify.com/track/5Kk1Ed4fsJhdU7N6v8nXAh,introspective pensive cerebral
Creative Thinking,Marcus Sands,Essential Sounds of Introspection,2020-01-16,0JHyrhGLHXxIerPKQGRTJT,https://open.spotify.com/track/0JHyrhGLHXxIerPKQGRTJT,introspective pensive cerebral
Inspired Ambient,makesound music,Ambient Corporate,2022-10-17,39b7a18GZH0H9cttl84CNT,https://open.spotify.com/track/39b7a18GZH0H9cttl84CNT,introspective pensive cerebral
introspection interlude,Soulful Symphony,Cosmic Chakra Healing,2023-02-24,3clCdfoov5iCyolt819y5H,https://open.spotify.com/track/3clCdfoov5iCyolt819y5H,introspective pensive cerebral
Inspirational Background,BlueTreeAudio,Corporate Ambient Sound,2020-07-17,13JATmymQ7vFtGrSeQF4IP,https://open.spotify.com/track/13JATmymQ7vFtGrSeQF4IP,introspective pensive cerebral
Brain Focus Music - Instrumental,Upbeat Study Music,Upbeat Study Music For Fast Learning,2022-02-28,1SHiJC3Y1vpgk4dgoSfOBB,https://open.spotify.com/track/1SHiJC3Y1vpgk4dgoSfOBB,introspective pensive cerebral
Calm,Peaceful Ambient,Peaceful Journey,2022-04-07,5qrSLMySQixjk3ntGjIvp3,https://open.spotify.com/track/5qrSLMySQixjk3ntGjIvp3,introspective pensive cerebral
Music for Work and Focus,Instrumental Sleeping Music,Ambient Dreams,2022-03-11,3z8FC3tkbwwUbCNlIshV9f,https://open.spotify.com/track/3z8FC3tkbwwUbCNlIshV9f,introspective pensive cerebral
Motivated Inspiration,makesound music,Motivational Uplifting Ambient,2022-10-23,69ijX5mi3K5j05lZJerXP2,https://open.spotify.com/track/69ijX5mi3K5j05lZJerXP2,introspective pensive cerebral
Infinite Reflection,Ambient Study Music Therapy,White Noise & Piano Concentration,2024-05-31,3S4g2PkguyWQIoc40PJt0R,https://open.spotify.com/track/3S4g2PkguyWQIoc40PJt0R,introspective pensive cerebral
Ambient Sitar,Mystical Guide,Escape from Negatives: Music for Good Mental Health and Positivity,2019-06-12,7MG3I6GpnS8iXcZ3VIKIcb,https://open.spotify.com/track/7MG3I6GpnS8iXcZ3VIKIcb,introspective pensive cerebral
Intro,Acoustic Labs,Reverential,2017-04-04,3dRrTZg2OIvpRsW1zVpYD4,https://open.spotify.com/track/3dRrTZg2OIvpRsW1zVpYD4,introspective pensive cerebral
Soundscapes for Deep Thinking,Robbins Island Music Group,Music for Thinking: Improve Concentration With Relaxing Music for Studying & Stress Relief Music,2014-07-25,6hjUNrWFaYtNXn3RnKRmOL,https://open.spotify.com/track/6hjUNrWFaYtNXn3RnKRmOL,introspective pensive cerebral
Piano Reflections,Background Jazz Piano,Calm and Gentle Instrumental Piano Pieces,2022-11-27,1t7CVxp1tiRewRszihWF1S,https://open.spotify.com/track/1t7CVxp1tiRewRszihWF1S,introspective pensive cerebral
The Collector,Introspect,The Collector,2018-02-13,49xrO0HCGwQjNq0vMeeHvA,https://open.spotify.com/track/49xrO0HCGwQjNq0vMeeHvA,introspective pensive cerebral
Introspective Spacewalk,Asher Fulero,"Four Healers, Vol. 1",2018-12-11,4Iuq7rsHsbWaEyOcc14eHX,https://open.spotify.com/track/4Iuq7rsHsbWaEyOcc14eHX,introspective pensive cerebral
Peaceful Introspection,Solara Dawn,Gentle Eastern Drones,2020-06-26,7DqLPOsyAlWPIqwLJlWifz,https://open.spotify.com/track/7DqLPOsyAlWPIqwLJlWifz,introspective pensive cerebral
Introspection,The Balek Band,Medecines,2022-06-02,2QhsIYamCUZzGyI2t0ZQ08,https://open.spotify.com/track/2QhsIYamCUZzGyI2t0ZQ08,introspective pensive cerebral
Ambient Piano Inspire Trailer (Intro),331Music,Uplifting Music,2022-03-25,289pmU2nL3o5569hzMCcNS,https://open.spotify.com/track/289pmU2nL3o5569hzMCcNS,introspective pensive cerebral
Introspection,Jonathan Belle,Meditation,2021-05-29,4FY5MFXE9D4Czq1EJiupyO,https://open.spotify.com/track/4FY5MFXE9D4Czq1EJiupyO,introspective pensive cerebral
Intrinsic,Hazed Horizon,Lucid,2020-10-09,6uUEMxDzc0MUfqH7whZmbI,https://open.spotify.com/track/6uUEMxDzc0MUfqH7whZmbI,introspective pensive cerebral
Emotional Ambient Soundscape,Allen Grey,Soundscape Collection,2020-12-09,2XarRud2KKSBm4k7xDWREP,https://open.spotify.com/track/2XarRud2KKSBm4k7xDWREP,introspective pensive cerebral
Reflective Mind,Stephan Lindsjo,Reflective Mind,2024-01-19,1QrazNAx6f1iYK9McO5Bsd,https://open.spotify.com/track/1QrazNAx6f1iYK9McO5Bsd,introspective pensive cerebral
Introspection,Sloati,Deep Response,2022-05-20,4S0ylls2IPl77OdhnqntTI,https://open.spotify.com/track/4S0ylls2IPl77OdhnqntTI,introspective pensive cerebral
Introspective - In a New Light - Patrick Kelly,Patrick Kelly,Mosaic - the Very Best New Age Music 2017,2017-09-11,1IG4LGo7cVVOs1E7pBx9iN,https://open.spotify.com/track/1IG4LGo7cVVOs1E7pBx9iN,introspective pensive cerebral
Open,Dynamic Music,Ambient Electronic,2016-05-18,7hmbaeBTsB0A9kHPZXNmK8,https://open.spotify.com/track/7hmbaeBTsB0A9kHPZXNmK8,introspective pensive cerebral
Introspective,Agustin Pengov,"Connections, Vol. XVII",2021-03-22,3WR6OaPdG8WTfK84jrUZXb,https://open.spotify.com/track/3WR6OaPdG8WTfK84jrUZXb,introspective pensive cerebral
Persistance,Peaceful Ambient,Ambient Focus,2022-04-16,38kh6ijzn7HsGUr4CUVW2H,https://open.spotify.com/track/38kh6ijzn7HsGUr4CUVW2H,introspective pensive cerebral
Introspection,KVI,Introspection,2022-02-06,3K8l0LYqvn2QssDdeNDu95,https://open.spotify.com/track/3K8l0LYqvn2QssDdeNDu95,introspective pensive cerebral
Ambient Morning,Positive Pieces,Yoga Morning,2015-04-01,4Iig2VTD67llQorPM6NBxs,https://open.spotify.com/track/4Iig2VTD67llQorPM6NBxs,introspective pensive cerebral
Intro,Me:Mo,Acoustic View,2010-05-05,2PA8DOkpd8okb4kVVdlEwr,https://open.spotify.com/track/2PA8DOkpd8okb4kVVdlEwr,introspective pensive cerebral
Introspect,Sapphire Skies,Dreaming 432,2022-11-25,4QIk61DA72HaRZsS4BbLke,https://open.spotify.com/track/4QIk61DA72HaRZsS4BbLke,introspective pensive cerebral
Introspecto,Jam Self,Introspecto,2022-01-27,3apBCq4wNlehRg3cuRDayL,https://open.spotify.com/track/3apBCq4wNlehRg3cuRDayL,introspective pensive cerebral
Instrument of Thought,Yoga Meditation Music Group,"An Introduction to Yoga, Vol. 3",2021-08-05,1ceUSQdxsnqHtTm9defyOm,https://open.spotify.com/track/1ceUSQdxsnqHtTm9defyOm,introspective pensive cerebral
Introns,Melodium,99+bonus,2022-11-25,1klGGUbEg1t7tehnYQbJFX,https://open.spotify.com/track/1klGGUbEg1t7tehnYQbJFX,introspective pensive cerebral
Reflexion Time,Incidental Music,"Tv Series Music, Vol. 4",2019-05-03,2uTUxy7xReD0KWmvKqJbei,https://open.spotify.com/track/2uTUxy7xReD0KWmvKqJbei,introspective pensive cerebral
Place for Introspection,Piano Music for Work,Calming Piano Hits to Bring You Divine Relaxation,2023-07-30,1dvGx4nCbCK1iVmvWlTSHC,https://open.spotify.com/track/1dvGx4nCbCK1iVmvWlTSHC,introspective pensive cerebral
Intrinsic,Michael Vignola,Delusions of Grandeur,2020-07-14,2huHvYnhPbD08KP8PHJsDB,https://open.spotify.com/track/2huHvYnhPbD08KP8PHJsDB,introspective pensive cerebral
Abstraktion (Emotional Piano Instrumentals),Moesync,Silent Reflections (Emotional Piano Instrumentals),2024-12-23,3F8vjvyPB2EJ8sbcXQNjkw,https://open.spotify.com/track/3F8vjvyPB2EJ8sbcXQNjkw,introspective pensive cerebral
Namaste Revisited and Retuned - An Echo of an Intrinsic Reflection,Easy Listening Instrumentals,The Deepest Channels of our Mind (Yesterday's Rain),2015-08-05,6MUEHQ3vaJAYbQri8XIMx7,https://open.spotify.com/track/6MUEHQ3vaJAYbQri8XIMx7,introspective pensive cerebral
Open Mind,Peaceful Ambient,Calm Concentration,2022-10-30,1rMZISmGaNkBKsaBOYttrv,https://open.spotify.com/track/1rMZISmGaNkBKsaBOYttrv,introspective pensive cerebral
Calm & Soft Electronic Ambient,Kyrylo Zaplotynskyi,Calm & Soft Electronic Ambient,2023-03-15,3qXDzfx2BvWFSpWLz1xPAP,https://open.spotify.com/track/3qXDzfx2BvWFSpWLz1xPAP,introspective pensive cerebral
Upbeat positive motivational electronic,DepasRec,Upbeat positive motivational electronic,2019-02-24,6uBdBt0VW9HJfYRWQYLxux,https://open.spotify.com/track/6uBdBt0VW9HJfYRWQYLxux,introspective pensive cerebral
Intrinsic,Prequel Tapes,Ruin,2020-07-03,4eUeQU7C4hsvth0ZTicfJy,https://open.spotify.com/track/4eUeQU7C4hsvth0ZTicfJy,introspective pensive cerebral
Introspection,Michele Nobler,Introspection,2019-09-27,1PrDaHt6gOjfitd6DrEuL6,https://open.spotify.com/track/1PrDaHt6gOjfitd6DrEuL6,introspective pensive cerebral
Introspection,Frédéric Kooshmanian,Black Spot (Original TV Series Soundtrack),2017-01-04,40ZN79SsTH6l3HhQWwY3tG,https://open.spotify.com/track/40ZN79SsTH6l3HhQWwY3tG,introspective pensive cerebral
Nostalgic Reflections,Tomás Palazzi,Outpath (Original Game Soundtrack),2024-08-02,4ELg0LHfOmnvcIHWzpmjak,https://open.spotify.com/track/4ELg0LHfOmnvcIHWzpmjak,introspective pensive cerebral
Contemplative Meditation,Ambient Alfred,Contemplative Meditation,2025-06-17,6wTseG7jH5JijYwsNdBYj9,https://open.spotify.com/track/6wTseG7jH5JijYwsNdBYj9,introspective pensive cerebral
Emotional Music,Study Ambient Sounds,Cosmic Relaxing Music - Cosmos Ambient,2021-12-08,6jgOkZE24ZSlVsjWwtzfUF,https://open.spotify.com/track/6jgOkZE24ZSlVsjWwtzfUF,introspective pensive cerebral
Relaxation Memories,Echoes Of Nature,30 Ambient Melodies for Yoga,2022-03-05,6RJGIedzFy1R4iFTdf2CaG,https://open.spotify.com/track/6RJGIedzFy1R4iFTdf2CaG,introspective pensive cerebral
Breathing Brain (II),The Ambient Composer,Relaxing Classical Sleep,2017-05-02,7kUdkLAmxTdzXPsmBha7GV,https://open.spotify.com/track/7kUdkLAmxTdzXPsmBha7GV,introspective pensive cerebral
Transcending,Circular,Cycles of Remembrance,2010-11-05,2H8Y9YuogzMcXCfsV3KehM,https://open.spotify.com/track/2H8Y9YuogzMcXCfsV3KehM,introspective pensive cerebral
Reflection,Ambient,Ambient Retreat,2015-12-27,7dNNWeeh0BrQqwqjLIADPL,https://open.spotify.com/track/7dNNWeeh0BrQqwqjLIADPL,introspective pensive cerebral
Meditate (Soft Instrumental Music),Meditation Relax Club,Ambient Music Therapy: Healing Music Sound Therapy for Relax and Chakra,2013-11-11,4b4WaXxQ8KN79JuaU3yCEb,https://open.spotify.com/track/4b4WaXxQ8KN79JuaU3yCEb,introspective pensive cerebral
Personal Inspiration,Peaceful Mind Music Consort,"Time to Log Off (Natural Mental Detox, Refrains Using Digitals, Yoga Retreats, Thai Hypnotic Meditation, Calm Sounds, Silence Your Mind)",2017-10-03,4nASIBlEpgRBNNXPO2qPYu,https://open.spotify.com/track/4nASIBlEpgRBNNXPO2qPYu,introspective pensive cerebral
Introspection,Justin Clark,Permanent Transience,2014-08-29,5PD0N3mV6VXl65MQ8zFixP,https://open.spotify.com/track/5PD0N3mV6VXl65MQ8zFixP,introspective pensive cerebral
Contemplative Meditative Gentle,Meditation Ambience,Serene Melodic Waves,2024-06-11,1HUMqmmFVTXz0lDrOUog4V,https://open.spotify.com/track/1HUMqmmFVTXz0lDrOUog4V,introspective pensive cerebral
Reflectiveness,Gateway IV,Reflectiveness,2023-06-02,2qLUYYlbESAM6MNpMD0dK0,https://open.spotify.com/track/2qLUYYlbESAM6MNpMD0dK0,introspective pensive cerebral
Introspección (Penumbra),Pablo Peláez,Gotas Del Tiempo (Time Drops),2007-09-01,6BQYWi2aJc84PaZsLbFNbB,https://open.spotify.com/track/6BQYWi2aJc84PaZsLbFNbB,introspective pensive cerebral
Brain Power Music,Deep Concentration,"Music for Concentration – Instrumental Relaxing Background to Focus and Study, Reading, Brain Power, Work, Learn",2018-02-05,3QFiW3JxL0e4YIKtDxmwHp,https://open.spotify.com/track/3QFiW3JxL0e4YIKtDxmwHp,introspective pensive cerebral
Instructive Sequence,Electric Capablanca,Puzzles and Studies,2019-09-13,1JP7vlEnuuZh8niJOQaoPM,https://open.spotify.com/track/1JP7vlEnuuZh8niJOQaoPM,introspective pensive cerebral
Introspective - By an Ion Remix,The New Division,Introspective - Remixes,2015-10-26,2TW1OiZxQUXCX6fF5rZlWm,https://open.spotify.com/track/2TW1OiZxQUXCX6fF5rZlWm,introspective pensive cerebral
The Essence of the Pensive One,8D Jazz,"8D Jazz Music for Studing, Relaxing and Working",2021-12-30,5qaHzGdMegCn8mVs0Wo668,https://open.spotify.com/track/5qaHzGdMegCn8mVs0Wo668,introspective pensive cerebral
Melodic Memories,Harp Heaven,Harp Relaxation,2021-03-23,6zRlOaAKPrNwxJeGthMxd3,https://open.spotify.com/track/6zRlOaAKPrNwxJeGthMxd3,introspective pensive cerebral
Introspection,Paul Motian and The Electric Bebopband,Europe,2015-05-01,2BQsq2ur76T0d3jL0HJ3wH,https://open.spotify.com/track/2BQsq2ur76T0d3jL0HJ3wH,introspective pensive cerebral
Ambient Focus Essentials,Focus Music,Instrumental Beats by Focus Music for Focus and Productivity,2025-06-19,5h2V2QLysRLrwv74VkM60d,https://open.spotify.com/track/5h2V2QLysRLrwv74VkM60d,introspective pensive cerebral
Creative Thinking (Instrumental Music),Office Instrumental,"Office Music – Relaxing Background Music to Improve Concentration, Working, Learning, Reading, Better Focus on Task",2019-08-06,2B1SlEjdmBsLVNG9ysVFHQ,https://open.spotify.com/track/2B1SlEjdmBsLVNG9ysVFHQ,introspective pensive cerebral
Deep Interstellar Space of Mindfulness,Brain Power Activation Music,"Peaceful Learning Process: Soothing Study Music - Memory Improvement, Deep Concentration, Progress",2021-04-06,0nYtAt6scj50LTVEjd31Nx,https://open.spotify.com/track/0nYtAt6scj50LTVEjd31Nx,introspective pensive cerebral
Introspection,Michael Silverman,"Lighter Than Air: Piano Improvisations, Vol. 1",2017-11-13,00hdwg12QWxoplH4lq46tl,https://open.spotify.com/track/00hdwg12QWxoplH4lq46tl,introspective pensive cerebral
Dreaming Music,Moody Time,Soft Relaxing Instrumental Music: Inspirational Songs for Calming & Inner Peace,2014-10-20,6iPFHV24LrJrQYDnEV1pKZ,https://open.spotify.com/track/6iPFHV24LrJrQYDnEV1pKZ,introspective pensive cerebral
Reflections,Jordan Jessep,Ambient Worlds III: Reflections,2015-03-17,1AhDLRBNjtKXewkcShl6ln,https://open.spotify.com/track/1AhDLRBNjtKXewkcShl6ln,introspective pensive cerebral
"Emotional Piano Background Music (Hopeful, Inspirational, Mood, Melancholic)",Lesfm,"Emotional Piano Background Music (Hopeful, Inspirational, Mood, Melancholic)",2021-01-04,2bB8KIWfCBwh7iQo2lkz2W,https://open.spotify.com/track/2bB8KIWfCBwh7iQo2lkz2W,introspective pensive cerebral
Introspective Therapy,Alpha Music,Alpha Music,2020-06-11,0BwHWNoTiesEvaimKgKWcp,https://open.spotify.com/track/0BwHWNoTiesEvaimKgKWcp,introspective pensive cerebral
Introspective Therapy,Nice Music,Nice Music,2020-06-08,4bP4p2uEXOTDTFnOUwABDa,https://open.spotify.com/track/4bP4p2uEXOTDTFnOUwABDa,introspective pensive cerebral
Positive Ambient Corporate,makesound music,Happy Motivational,2022-10-23,5EWySq63cA3KN6bkFUkLJf,https://open.spotify.com/track/5EWySq63cA3KN6bkFUkLJf,introspective pensive cerebral
Introspection Bowl,Tibetan Bowls,Tibetan Bowls and Mindfulness,2021-04-21,6cLEQAP6Yz5k5JLy79K4eZ,https://open.spotify.com/track/6cLEQAP6Yz5k5JLy79K4eZ,introspective pensive cerebral
Intro Ambient Calming,OK Beats,Ambient Calming,2022-09-27,7jkUYtuQTCNtZfQcAc8JTG,https://open.spotify.com/track/7jkUYtuQTCNtZfQcAc8JTG,introspective pensive cerebral
Introspection,What Aleph Said,Aeonia,2021-07-16,35cSWL5QFNAYeKFpi2jRQr,https://open.spotify.com/track/35cSWL5QFNAYeKFpi2jRQr,introspective pensive cerebral
Cinematic Reflective Piano Long: Calm Thoughtful,Stephan Lindsjo,"Stephan Lindsjo, Vol. 2",2018-10-11,2kfAnpnOziAZixTorKyE37,https://open.spotify.com/track/2kfAnpnOziAZixTorKyE37,introspective pensive cerebral
Introspection,Michael Telapary,Flute Meditation,2013-08-28,0rY5JXbsIyxVWk8QctQrv6,https://open.spotify.com/track/0rY5JXbsIyxVWk8QctQrv6,introspective pensive cerebral
Intuition Gong Meets Theta Neuro Electronic Pt. 5 - Space Exploration,Resonance Space,Meditative Space - Sound Bath - Moon Ceremonies 1,2020-12-11,4jQmoajkOr1G1pCfGK4X6y,https://open.spotify.com/track/4jQmoajkOr1G1pCfGK4X6y,introspective pensive cerebral
Reflective Chamber (Nature),Endel,Nature Sounds: Forest Ambience,2023-03-03,3Xu187KJyrwLoWMxiWB7L9,https://open.spotify.com/track/3Xu187KJyrwLoWMxiWB7L9,introspective pensive cerebral
Introspection,Helios Relaxing Space,Blooming Lotus,2023-06-15,5fmDXg3iiERtVz0afiIJiB,https://open.spotify.com/track/5fmDXg3iiERtVz0afiIJiB,introspective pensive cerebral
Introspection,Beware the Blue Sky,Introspection,2017-10-30,3vx9FTQ2lNcLNRgA7HSV3Y,https://open.spotify.com/track/3vx9FTQ2lNcLNRgA7HSV3Y,introspective pensive cerebral
Introspective Tech,Chill House,Introspective Tech,2022-10-28,0EBy0vP8qxcA6YAkVJcOpx,https://open.spotify.com/track/0EBy0vP8qxcA6YAkVJcOpx,introspective pensive cerebral
Calm and inspirational,BlueTreeAudio,Corporate Ambient,2020-07-17,6FX4zESyCFw6dvJaydpW5Y,https://open.spotify.com/track/6FX4zESyCFw6dvJaydpW5Y,introspective pensive cerebral
Introspection - Original Mix,Mr. Moods,Before Midnight,2015-01-13,6OcbjH1glQusaBrOOHS01T,https://open.spotify.com/track/6OcbjH1glQusaBrOOHS01T,introspective pensive cerebral
Intense Studying Background Music,Instrumental Music for Studying,"Intense Studying – Soothing Background Music with Sounds of Nature for Brain Power, Concentration, Reading and Learning",2019-08-06,6tjqZ418z98DqXuPnoDYo6,https://open.spotify.com/track/6tjqZ418z98DqXuPnoDYo6,introspective pensive cerebral
Intro,Tomas Grut,Emotions: 10 Pieces for Piano,2011-11-09,6q7wFbxP5BbYHMKxt8CGFB,https://open.spotify.com/track/6q7wFbxP5BbYHMKxt8CGFB,introspective pensive cerebral
Reflection,Peaceful Ambient,Calm Concentration,2022-10-30,5ZkVqVwQAuGMMGczyMFzIg,https://open.spotify.com/track/5ZkVqVwQAuGMMGczyMFzIg,introspective pensive cerebral
Thoughtfulness,Peaceful Ambient,Calm Concentration,2022-10-30,1uyUc6YqrlX0ebMdelHXwy,https://open.spotify.com/track/1uyUc6YqrlX0ebMdelHXwy,introspective pensive cerebral
Crime (Dramatic Instrumental Music),Introspectunes,Crime (Dramatic Instrumental Music),2021-05-14,6bhHisH4tQFf0ZC6ueqxTl,https://open.spotify.com/track/6bhHisH4tQFf0ZC6ueqxTl,introspective pensive cerebral
Introspection,Jacob Hall,Introspection,2024-03-01,0YR0dV40vhyOqew1yqMJ2P,https://open.spotify.com/track/0YR0dV40vhyOqew1yqMJ2P,introspective pensive cerebral
Ambient Cinematic Emotional Cello,Music2Noise,Ambient Textures Volume 1,2022-04-05,3Paw7aWNjOjFLUzoEwU96B,https://open.spotify.com/track/3Paw7aWNjOjFLUzoEwU96B,introspective pensive cerebral
Ethereal Balm Contemplative,Meditation Ambience,Serene Melodic Waves,2024-06-11,5xp0eVwn8Tg2hC3i6yIxp3,https://open.spotify.com/track/5xp0eVwn8Tg2hC3i6yIxp3,introspective pensive cerebral
Reflexions,Kinoshita,Outer Space,2017-09-04,30ke38w1ZR68Y8qZxRKuwi,https://open.spotify.com/track/30ke38w1ZR68Y8qZxRKuwi,introspective pensive cerebral
Introspective,Chris Doyle,For Afie,2023-09-29,3ji3v2dpwXWNPIApWn3F30,https://open.spotify.com/track/3ji3v2dpwXWNPIApWn3F30,introspective pensive cerebral
Introspection 2,Alexander Brandon,"The MOD Collection, Vol. 2",2015-04-29,0spgSTb24jBFZiHycxzjdS,https://open.spotify.com/track/0spgSTb24jBFZiHycxzjdS,introspective pensive cerebral
Ambient Dreams,Ambient,"Ambient Music for Therapy Deep Sleep, Meditation, Spa, Healing, Relaxation",2015-02-24,0H3QY95OmYri8k1fw91qGR,https://open.spotify.com/track/0H3QY95OmYri8k1fw91qGR,introspective pensive cerebral
Introspection,Distorted Visions,Born Dead,2020-03-05,12nJcG5nYXLNOvjmSfjps0,https://open.spotify.com/track/12nJcG5nYXLNOvjmSfjps0,introspective pensive cerebral
Introspective,Christopher J. Richardson,Introspective,2022-02-11,12KOPmEhKdXWwe8WSgwtBy,https://open.spotify.com/track/12KOPmEhKdXWwe8WSgwtBy,introspective pensive cerebral
Nostalgic Reminiscence,UniqueSound,Pianist's Touch,2020-05-28,2uzUtEHbwtsuntxQxV5fZu,https://open.spotify.com/track/2uzUtEHbwtsuntxQxV5fZu,introspective pensive cerebral
Ambient Morning & Creative Inspiration Theta Waves 6hz (Loopable),Binaural Doctor,Creative Inspiration Theta Waves 6hz,2021-12-30,0e8NsLXJExbIch3uJqtPYU,https://open.spotify.com/track/0e8NsLXJExbIch3uJqtPYU,introspective pensive cerebral
Ambient Dreaming,Yoga,Classic Yoga,2015-11-22,60pMPhijb0zoV0NU3DZpmA,https://open.spotify.com/track/60pMPhijb0zoV0NU3DZpmA,introspective pensive cerebral
Power of Concentration,Ambient Music Sleep Therapy,Ambient Sleep Therapy Sounds,2015-11-25,2IiRWoREBcq7M7uEDwYLWL,https://open.spotify.com/track/2IiRWoREBcq7M7uEDwYLWL,introspective pensive cerebral
Pineal Insight A. 426 Hz V.2,Jhelisa,7 Keys V.2,2021-10-08,3adhD6rWyLszstY1pUYjZD,https://open.spotify.com/track/3adhD6rWyLszstY1pUYjZD,introspective pensive cerebral
Introspection,Frog of fog,Frog way back,2018-03-21,0xFUMNIsrGgc1WXQ1kdcH7,https://open.spotify.com/track/0xFUMNIsrGgc1WXQ1kdcH7,introspective pensive cerebral
Reflection,Musica Reiki,Instrumental Piano for Deep Relaxation,2018-10-15,2jOHKawpSvtyVhlC95aCrY,https://open.spotify.com/track/2jOHKawpSvtyVhlC95aCrY,introspective pensive cerebral
Introspective Whisper Stream,Relax α Wave,Meditation Time - Conversations with Self,2024-01-26,1XAihFV0p8J4qRDVjTZHRA,https://open.spotify.com/track/1XAihFV0p8J4qRDVjTZHRA,introspective pensive cerebral
Introspective Therapy,Soothing Sleep Music,Soothing Sleep Music,2020-06-08,1VkFTbdwJu0MnGi2A7dW97,https://open.spotify.com/track/1VkFTbdwJu0MnGi2A7dW97,introspective pensive cerebral
Introspección Pura,Música Inteligente,Frecuencias de Enfoque,2023-09-16,5GrZmR7ByYJP3eoGjnuZTa,https://open.spotify.com/track/5GrZmR7ByYJP3eoGjnuZTa,introspective pensive cerebral
Introspection 5,Mike Del Ferro,Impressions of Brazil Featuring Ceumar,2013-08-16,6vwwG05GyNjLRJb5ZvgbHr,https://open.spotify.com/track/6vwwG05GyNjLRJb5ZvgbHr,introspective pensive cerebral
Hypnotic Music,Marion Francois,Morning Introspection,2015-07-15,2Pm5xqu1IiXAxYOJyKCUsS,https://open.spotify.com/track/2Pm5xqu1IiXAxYOJyKCUsS,introspective pensive cerebral
Introspection,Ancient Core,Introspection,2024-01-20,3Ek7VNMTWofQteKO2jBUsD,https://open.spotify.com/track/3Ek7VNMTWofQteKO2jBUsD,introspective pensive cerebral
Introspection,Anthony Sahyoun,Proof By Infinite Descent,2021-11-19,1M7AZDFMlOEpernbiGUgo5,https://open.spotify.com/track/1M7AZDFMlOEpernbiGUgo5,introspective pensive cerebral
Intro,Martin Nonstatic,Retrospective,2020-11-19,4nGF31sx6HnGqsqYmr5nDC,https://open.spotify.com/track/4nGF31sx6HnGqsqYmr5nDC,introspective pensive cerebral
Introspect,Ella van der Woude,Instinct (Original Motion Picture Soundtrack),2019-10-15,7rKIUUEEK4bVVYNcph5Ht1,https://open.spotify.com/track/7rKIUUEEK4bVVYNcph5Ht1,introspective pensive cerebral
Jaded Introspection,Relaxing Chill Out Music,Smooth Lounge Piano Notes,2020-07-24,6TsTtxHvSF7io2sWIitV9d,https://open.spotify.com/track/6TsTtxHvSF7io2sWIitV9d,introspective pensive cerebral
Flow Contemplative Calm,Meditation Ambience,Serene Melodic Waves,2024-06-11,3Ov1qk41GaefQzNIIZQ8yW,https://open.spotify.com/track/3Ov1qk41GaefQzNIIZQ8yW,introspective pensive cerebral
Introspection,Ockra,Gratitude,2023-05-26,45sch5kKnBGNQRUn0Nazc9,https://open.spotify.com/track/45sch5kKnBGNQRUn0Nazc9,introspective pensive cerebral
Reflective Mind Beats,Sound Experience,Productivity Pulse – Chillstep Beats for Focus & Concentration Part. 2,2025-10-31,3lLW3ueIqCp97w43onPo5s,https://open.spotify.com/track/3lLW3ueIqCp97w43onPo5s,introspective pensive cerebral
Soothing Repose Ethereal,Meditation Ambience,Serene Melodic Waves,2024-06-11,6VAinGT2MclSybEsX8EM6C,https://open.spotify.com/track/6VAinGT2MclSybEsX8EM6C,introspective pensive cerebral
Intro,Frontal Cortex,Passage,2018-10-25,0JFOVZykzaofuQ9273pfvq,https://open.spotify.com/track/0JFOVZykzaofuQ9273pfvq,introspective pensive cerebral
Thoughtful Exploration,Studera Musik,Canvas's Call,2023-11-30,43TLsSRbngiPTgJXl4QyiE,https://open.spotify.com/track/43TLsSRbngiPTgJXl4QyiE,introspective pensive cerebral
Sensual Calm,Incidental Music,"Tv Series Music, Vol. 4",2019-05-03,4pRbwHvpStUqiokiq6OZ5k,https://open.spotify.com/track/4pRbwHvpStUqiokiq6OZ5k,introspective pensive cerebral
Intrance,Klaus Schulze,Richard Wahnfried's Trancelation,1994-02-21,4ctjJaVdVPg4ZiEpuCK03O,https://open.spotify.com/track/4ctjJaVdVPg4ZiEpuCK03O,introspective pensive cerebral
Introspective cafè,Xenyo,Astral perceptions,2021-03-03,1TbCofAXMY2tQNEvDurik3,https://open.spotify.com/track/1TbCofAXMY2tQNEvDurik3,introspective pensive cerebral
An Inspiring Melody to Study,Music for Working,Mémorisation,2022-12-28,1BiH9k8aCfcSaeFmakGAk6,https://open.spotify.com/track/1BiH9k8aCfcSaeFmakGAk6,introspective pensive cerebral
Remembrance,Quiet Quest,"Ambient Music for Studying, Vol. 1",2022-11-11,5sHKx93hHqcRPxZtmkv1FO,https://open.spotify.com/track/5sHKx93hHqcRPxZtmkv1FO,introspective pensive cerebral
"An Introspective Sojourn, Pt. 1",Millivolt,Philosofiction,2017-11-20,0q3RXheSBFPvV3BGpHAa4A,https://open.spotify.com/track/0q3RXheSBFPvV3BGpHAa4A,introspective pensive cerebral
Ambient Workspace,Focus Concentration,Music for Concentration,2024-01-05,6PR5Q1MEpSNqjFRH4FFxxB,https://open.spotify.com/track/6PR5Q1MEpSNqjFRH4FFxxB,introspective pensive cerebral
Introspect,Prismatica,Aurea 3,2020-09-14,3ywbNWQMGvhXCGDtzalaxR,https://open.spotify.com/track/3ywbNWQMGvhXCGDtzalaxR,introspective pensive cerebral
Introspection,Emiliano Branda,Gandalf,2009-08-29,3auMfNywPIV20Ezc31t8Pz,https://open.spotify.com/track/3auMfNywPIV20Ezc31t8Pz,introspective pensive cerebral
Impressive Dedication,AMBIENT RADIO,Relax And Sleep,2022-05-12,2L4ndZtTXPrJQUISshtDnb,https://open.spotify.com/track/2L4ndZtTXPrJQUISshtDnb,introspective pensive cerebral
Reflective Mind,JazzTronic,Sunset,2021-11-26,2Kb307pJhLkyK2p7TIRPg4,https://open.spotify.com/track/2Kb307pJhLkyK2p7TIRPg4,introspective pensive cerebral
Insightful Radiance,Binaural Beats Estude Música,Gamma Waves: Heightened Perception,2023-06-30,59N6EN4hFOC0TPFagh9tVJ,https://open.spotify.com/track/59N6EN4hFOC0TPFagh9tVJ,introspective pensive cerebral
Introspecção,Clorofila Azul,Selected Ambient Works Vol.2,2025-10-05,4d0iarHbBL3AYzIcdBRlOk,https://open.spotify.com/track/4d0iarHbBL3AYzIcdBRlOk,introspective pensive cerebral
Introspection,Cosmaks,"Le café abstrait by Raphaël Marionneau, Vol. 14",2021-03-19,6y7uoZo2cqN7tf2HGjQUkc,https://open.spotify.com/track/6y7uoZo2cqN7tf2HGjQUkc,introspective pensive cerebral
Insightful Dark,Spa Music Relaxation,Ambience for Spa Relaxation,2024-11-22,4Yn0YMfqPfSd9VEYdmnTT5,https://open.spotify.com/track/4Yn0YMfqPfSd9VEYdmnTT5,introspective pensive cerebral
432 Hz Introspection,Ping,432 Hz Frequence Relaxation,2025-02-13,1sMWnkJker2x4N6ketXDKz,https://open.spotify.com/track/1sMWnkJker2x4N6ketXDKz,introspective pensive cerebral
Atmospheric Piano,Ambient Space,Atmospheric Piano,2021-05-06,2cZh7UbhcLF7pADKRkd67a,https://open.spotify.com/track/2cZh7UbhcLF7pADKRkd67a,introspective pensive cerebral
Background Ambient Corporate,makesound music,Corporate Ambient Inspiring,2022-10-10,4s15v2Fxb9sBDWjerJZrMX,https://open.spotify.com/track/4s15v2Fxb9sBDWjerJZrMX,introspective pensive cerebral
Introspection,Circle The Cityy,Introspection,2022-11-25,6mCDAHr4DsoRsjnJhunC45,https://open.spotify.com/track/6mCDAHr4DsoRsjnJhunC45,introspective pensive cerebral
Contemplative View,Al Gromer Khan,"Meditation, Trance and Hypnosis",2016-02-29,1GIPORP0oJc1d407R0voLC,https://open.spotify.com/track/1GIPORP0oJc1d407R0voLC,introspective pensive cerebral
Intuition Gong Meets Theta Neuro Electronic Pt. 7 - Free Flow,Resonance Space,Meditative Space - Sound Bath - Moon Ceremonies 1,2020-12-11,7t8ukF3uSAHgkaW0lwWbOr,https://open.spotify.com/track/7t8ukF3uSAHgkaW0lwWbOr,introspective pensive cerebral
Meditation Music (Progressive Ambient Soft Relaxing Song to Start to Meditate),The Relaxing Folk Lifestyle Band,"Academia de Música Estudio, Vol. 3 (Una Mezcla de Chill Out, Música Clásica, Electrónica, Latina y Jazz que Te Ayudará a Concentrarte y Estudiar)",2016-03-06,5cIY8kn2fWCBPcoqQAONlz,https://open.spotify.com/track/5cIY8kn2fWCBPcoqQAONlz,introspective pensive cerebral
Introspective - Spa,Atmospheric Lights,Introspective,2021-10-15,0toLubTQ18k0KaZjr7mxnw,https://open.spotify.com/track/0toLubTQ18k0KaZjr7mxnw,introspective pensive cerebral
Instrumental Cave,Meditation Relax Club,Healing Meditation - New Age Zen Meditative Music for Relaxing Sound Healing and Music Therapy,2014-08-28,1fTcRUMknEs6QFjqW0zaBh,https://open.spotify.com/track/1fTcRUMknEs6QFjqW0zaBh,introspective pensive cerebral
Reflective Journey,Bryce Jacobs,Eclectic Hollywood,2014-02-25,2muinK7s1pptGkgGr4hHN1,https://open.spotify.com/track/2muinK7s1pptGkgGr4hHN1,introspective pensive cerebral
Instrumental Therapy,Yoga India,Yoga Music CD's for Yoga Teachers 2018,2018-09-17,2EH5VONwjJA4jxiXj2kMtd,https://open.spotify.com/track/2EH5VONwjJA4jxiXj2kMtd,introspective pensive cerebral
Introspection,Guido Manusardi Trio,Jazz Music (The Italian Jazz Sound),2018-10-12,1MkI0KbwBSzDFeAYQHy2l3,https://open.spotify.com/track/1MkI0KbwBSzDFeAYQHy2l3,introspective pensive cerebral
Emotional Motivational Intro,makesound music,Emotional Cinematic Violins,2022-10-18,1JbjH78LgjG7DxMpSi0il5,https://open.spotify.com/track/1JbjH78LgjG7DxMpSi0il5,introspective pensive cerebral
Introspección,Alejandro Ávila,Alas de Colibrí,2019-03-22,69OrBh0UHZ4mDLM232q5Lf,https://open.spotify.com/track/69OrBh0UHZ4mDLM232q5Lf,introspective pensive cerebral
Introspective,Blade & Masquenada Family,Dove scorrono tranquissime le mie polifonie,2018-09-28,6xnZhaHifIdvQTmlDTNvF3,https://open.spotify.com/track/6xnZhaHifIdvQTmlDTNvF3,introspective pensive cerebral
Introspección,Ambassador,Insatisfacción,2022-04-11,7laJLugXAq2hVx6nvQ5RVM,https://open.spotify.com/track/7laJLugXAq2hVx6nvQ5RVM,introspective pensive cerebral
Calm Inspired,makesound music,Motivational Uplifting Ambient,2022-10-23,2FRwKHADhyTFfLDHQIFVsR,https://open.spotify.com/track/2FRwKHADhyTFfLDHQIFVsR,introspective pensive cerebral
Introspection,frvnco,Here I Am,2023-03-31,67y8IsUTzXGgmnbUcvyD7r,https://open.spotify.com/track/67y8IsUTzXGgmnbUcvyD7r,introspective pensive cerebral
Introspection,Beau Zwart,Future Me (Original Soundtrack),2025-07-02,6EbZOAd6Itkal5db5gWGMM,https://open.spotify.com/track/6EbZOAd6Itkal5db5gWGMM,introspective pensive cerebral
Introspection,Gib,Introspection,2021-01-16,6jxOMB6mkbY7MdzKtWcKCF,https://open.spotify.com/track/6jxOMB6mkbY7MdzKtWcKCF,introspective pensive cerebral
Door to Full Consciousness,Lullabies for Deep Meditation,"Meditation Ambient Music – Lullabies for Deep Meditation, Soft, Gentle, Healing, Only, Harmony of Senses",2016-12-02,2ZyUWjqUhOMN93p4eY0oSa,https://open.spotify.com/track/2ZyUWjqUhOMN93p4eY0oSa,introspective pensive cerebral
Intrínseco,Fabrício Henrique,Intrínseco,2020-10-23,38NfrwvqSBkGbnyYZSRfx5,https://open.spotify.com/track/38NfrwvqSBkGbnyYZSRfx5,introspective pensive cerebral
Hypnotic Music for Memories,Smooth Dinner Jazz,Chilling Time in the Summer Sky,2023-02-25,4WsK6blxTnYPBe4m8Hs7UZ,https://open.spotify.com/track/4WsK6blxTnYPBe4m8Hs7UZ,introspective pensive cerebral
Reflections,Sound Healing Center,"The Healing Harp: Harp Music (for Therapy, Deep Sleep, Meditation, Spa, Healing & Relaxation)",2015-11-23,4F8wxZt36MCZkmX61FfLbl,https://open.spotify.com/track/4F8wxZt36MCZkmX61FfLbl,introspective pensive cerebral
Contemplation,Peaceful Ambient,Calm Concentration,2022-10-30,2P6OeyHtBJV7BI5WINVNob,https://open.spotify.com/track/2P6OeyHtBJV7BI5WINVNob,introspective pensive cerebral
Recapture,Quiet Quest,"Ambient Music for Studying, Vol. 1",2022-11-11,0TWk6XmZa0sxxWSV6xUQ9W,https://open.spotify.com/track/0TWk6XmZa0sxxWSV6xUQ9W,introspective pensive cerebral
Film,Reflectiv,Influxu Spiritus II,2018-12-07,7FjfAjmIRNZehMcg1CBC2m,https://open.spotify.com/track/7FjfAjmIRNZehMcg1CBC2m,introspective pensive cerebral
