track_name,artist_name,album_name,release_date,track_id,spotify_url,mood_keywords
Scary Ambient Music,Elijah Ages,Horror Peaceful Halloween Party,2017-10-04,28HTOOtto8niTE5i5Pe6wo,https://open.spotify.com/track/28HTOOtto8niTE5i5Pe6wo,shadowy suspenseful enigmatic
Shadows,Ambient Realms,"Massive Ambient Music, Vol. 2",2015-02-23,7J1lHQVoRXbVkZvpybU4D3,https://open.spotify.com/track/7J1lHQVoRXbVkZvpybU4D3,shadowy suspenseful enigmatic
Emotional Ambient Piano,OlexandrMusic,Emotional Ambient Piano,2022-07-08,1F7dGf03Hpf7qkfjQINjSS,https://open.spotify.com/track/1F7dGf03Hpf7qkfjQINjSS,shadowy suspenseful enigmatic
Mystery Background,Petar Milinkovic,"Mystery Music, Set 13",2021-11-09,5RqBOeV9enFqfLwXUV0nIZ,https://open.spotify.com/track/5RqBOeV9enFqfLwXUV0nIZ,shadowy suspenseful enigmatic
Rainy Ambience: Evil Lurks,Scary Halloween Night Ambient,Haunted Forest Ambience: Creepy Halloween Music full of Scary Sound Effects and Spooky Noises,2021-10-25,7q0I71nvMW93gmnB68oBLU,https://open.spotify.com/track/7q0I71nvMW93gmnB68oBLU,shadowy suspenseful enigmatic
Scary Ambient Music,Jane Maitri,Scary Halloween Music,2017-10-06,0bA4Yw9F1qVTGBsTxsaME0,https://open.spotify.com/track/0bA4Yw9F1qVTGBsTxsaME0,shadowy suspenseful enigmatic
Gothic Style,Background Music Attention,"Gothic, Atmospheric, Dark Ambient",2020-01-13,7bdKDW2FlULw5lveXzESjp,https://open.spotify.com/track/7bdKDW2FlULw5lveXzESjp,shadowy suspenseful enigmatic
Dark Forest,Ambient Realms,"Massive Ambient Music, Vol.1",2015-03-16,5LYl1xi3941tugJr1GML1Y,https://open.spotify.com/track/5LYl1xi3941tugJr1GML1Y,shadowy suspenseful enigmatic
Atmosphere study ambient focus with rain,Instrumental Music for Study Focus Concentration Sleepp,POV: Fall Autumn Dark Academia Instrumental Study Music vibes with Rain,2023-10-20,42wnR8ezH8KXQDmoDnXxXx,https://open.spotify.com/track/42wnR8ezH8KXQDmoDnXxXx,shadowy suspenseful enigmatic
Dark Forest Motion,Ambient Realms,"Massive Ambient Music, Vol.1",2015-03-16,3xSc6QM5pnd34AfZTKJnMx,https://open.spotify.com/track/3xSc6QM5pnd34AfZTKJnMx,shadowy suspenseful enigmatic
Night Mist,Ambient Realms,"Massive Ambient Music, Vol. 2",2015-02-23,34VCGiNAXRZP4LCX1R5t0u,https://open.spotify.com/track/34VCGiNAXRZP4LCX1R5t0u,shadowy suspenseful enigmatic
Ghost Forest,Ambient Realms,"Massive Ambient Music, Vol.3",2016-01-14,1KHME5RoijB0wgre1LJfpI,https://open.spotify.com/track/1KHME5RoijB0wgre1LJfpI,shadowy suspenseful enigmatic
Ambience: Spooky Forest,Sound Collective,98 Scary Sounds,2011-08-23,48zBAS5eTHhbpbzhsysfrr,https://open.spotify.com/track/48zBAS5eTHhbpbzhsysfrr,shadowy suspenseful enigmatic
Haunted Crypt,Ambient Realms,"Massive Ambient Music, Vol.1",2015-03-16,6nlXozVgHrDOr25F4OwYJX,https://open.spotify.com/track/6nlXozVgHrDOr25F4OwYJX,shadowy suspenseful enigmatic
Melancholic Moment - Strings Version,Slow Rising Hope,Two Trios (Strings Version),2022-01-08,3tApqv72ZIdIItTnXT5woL,https://open.spotify.com/track/3tApqv72ZIdIItTnXT5woL,shadowy suspenseful enigmatic
Magic Forest,Moonlynx,"Fantasy Ambient, Vol. 1",2022-06-17,2KCzK97irsOOq2395FoiJL,https://open.spotify.com/track/2KCzK97irsOOq2395FoiJL,shadowy suspenseful enigmatic
The Empty Chapel,Atrium Carceri,Codex,2018-09-20,0OfWE2c2dRDsCwCkzOBJT2,https://open.spotify.com/track/0OfWE2c2dRDsCwCkzOBJT2,shadowy suspenseful enigmatic
Shadow Arr. For Two Cellos,Nature Dreams,Shadow Arr. For Two Cellos,2023-12-07,36u6Vpq9yqkFXMgocQfZmh,https://open.spotify.com/track/36u6Vpq9yqkFXMgocQfZmh,shadowy suspenseful enigmatic
Mysteries Unfold,The Ambientalist,Mysteries Unfold,2019-03-29,17hx5JGBKT2cXa0Wr4pB4O,https://open.spotify.com/track/17hx5JGBKT2cXa0Wr4pB4O,shadowy suspenseful enigmatic
Immemorial,Apocryphos,Onyx,2015-09-22,6N5cVdUFPXwrFdlAjlsRwA,https://open.spotify.com/track/6N5cVdUFPXwrFdlAjlsRwA,shadowy suspenseful enigmatic
Ambient Suspenseful Background (Original Motion Picture Soundtrack),Acoustic Instrumental Vibes,Ambient Suspenseful Background (Original Motion Picture Soundtrack),2022-10-18,1M6GOFvY9YviLMRlTUZm1V,https://open.spotify.com/track/1M6GOFvY9YviLMRlTUZm1V,shadowy suspenseful enigmatic
Experimental Dark Ambient Cellos,Rafael Krux,Experimental Dark Ambient Cellos,2022-08-10,761F82V78gykTirxID9OMJ,https://open.spotify.com/track/761F82V78gykTirxID9OMJ,shadowy suspenseful enigmatic
Ambient Emotional Cinematic,Romansenykmusic,Soft Cinematic Soundtracks,2020-03-19,3iRW391RwTm8QN9jSqjwmQ,https://open.spotify.com/track/3iRW391RwTm8QN9jSqjwmQ,shadowy suspenseful enigmatic
Mysterious Swamp Lands,Ambient Realms,"Massive Ambient Music, Vol.3",2016-01-14,4kL7dtu4jDTsiG2WB5VaEg,https://open.spotify.com/track/4kL7dtu4jDTsiG2WB5VaEg,shadowy suspenseful enigmatic
"Dark Depths (ambient, suspense, exploration)",Tabletop Rpg Music,Tabletop RPG Music: Volume 4,2021-06-14,4ckWNjA9acojSBFoddwVsD,https://open.spotify.com/track/4ckWNjA9acojSBFoddwVsD,shadowy suspenseful enigmatic
Enchanted Forest,Ambient Realms,"Massive Ambient Music, Vol. 4",2016-08-18,4Sy1qiDuiDIiS46x8YrEAS,https://open.spotify.com/track/4Sy1qiDuiDIiS46x8YrEAS,shadowy suspenseful enigmatic
Creepy Ambient: Raven’s Hollow,Scary Halloween Night Ambient,Haunted Forest Ambience: Creepy Halloween Music full of Scary Sound Effects and Spooky Noises,2021-10-25,0pyArTypZCbNvXmZmN2PwE,https://open.spotify.com/track/0pyArTypZCbNvXmZmN2PwE,shadowy suspenseful enigmatic
"Enchanted Lands, Vol. I",The Guild of Ambience,"Enchanted Lands, Vol. I",2017-01-03,7y1Tcd50q87U8bIOA9Stda,https://open.spotify.com/track/7y1Tcd50q87U8bIOA9Stda,shadowy suspenseful enigmatic
Spark,Gothic Storm,Enigma - Emotional Chamber Thrillers,2020-03-08,0GlnDuz2qbsjwitUp7UXrq,https://open.spotify.com/track/0GlnDuz2qbsjwitUp7UXrq,shadowy suspenseful enigmatic
Background Ambient Atmospheres,Maksym Tkhoryk,Chill Ambient,2022-06-07,7H3VqadkTZT1zqKGS9tj8b,https://open.spotify.com/track/7H3VqadkTZT1zqKGS9tj8b,shadowy suspenseful enigmatic
Darkness Falls: Horror Ambient,Horror Music Collection,Haunted Forest Ambience: Creepy Halloween Music full of Scary Sound Effects and Spooky Noises,2021-10-25,59EcWQqZEFyAK68Mz4AQZF,https://open.spotify.com/track/59EcWQqZEFyAK68Mz4AQZF,shadowy suspenseful enigmatic
Ominous,Philip Ayers,Judgement Calling,2017-07-07,7AsN57t78mEhVrLymR5M4o,https://open.spotify.com/track/7AsN57t78mEhVrLymR5M4o,shadowy suspenseful enigmatic
Creepy Ambiance 2,Rik Schaffer,Vampire: The Masquerade - Bloodlines (Original Soundtrack),2019-10-25,4j2nVMByR6yY7OhdJkrIQs,https://open.spotify.com/track/4j2nVMByR6yY7OhdJkrIQs,shadowy suspenseful enigmatic
Macabre Night,Gothic Storm,Enigma Part 2 - Deeper Cello Investigations,2022-01-27,5iIDysEJs71NVZwxxDSBYk,https://open.spotify.com/track/5iIDysEJs71NVZwxxDSBYk,shadowy suspenseful enigmatic
Bittersweet Epilogue,Gothic Storm,Enigma - Emotional Chamber Thrillers,2020-03-08,7AKOQaTbq8rL6qK7k5QBUV,https://open.spotify.com/track/7AKOQaTbq8rL6qK7k5QBUV,shadowy suspenseful enigmatic
Nightmare Trilogy,Aaron Marshall,Noir Ambiance,2007-01-23,7FIGB9wOs960qoe6zbbg9y,https://open.spotify.com/track/7FIGB9wOs960qoe6zbbg9y,shadowy suspenseful enigmatic
Quiet Halls,Elemental SoundWorks,Nocturnes and Mysteries,2022-01-30,4F28d6mkovwEZZUTzw1L3N,https://open.spotify.com/track/4F28d6mkovwEZZUTzw1L3N,shadowy suspenseful enigmatic
Ancient Tomb,Ambient Realms,"Massive Ambient Music, Vol.1",2015-03-16,11MECteG3npGSYn30Kmj6d,https://open.spotify.com/track/11MECteG3npGSYn30Kmj6d,shadowy suspenseful enigmatic
The Crypt,Ambient Realms,"Massive Ambient Music, Vol. 2",2015-02-23,2fSDq6j41lgcJN3UDrr7Ki,https://open.spotify.com/track/2fSDq6j41lgcJN3UDrr7Ki,shadowy suspenseful enigmatic
Dark Attraction,Gothic Storm,Enigma Part 2 - Deeper Cello Investigations,2022-01-27,12tdvn2zUxXPvbondA0jVm,https://open.spotify.com/track/12tdvn2zUxXPvbondA0jVm,shadowy suspenseful enigmatic
Ambient Instrumental Theme,Ambient Sound Center,"Dramatic Ambient - Gothic Dark Fantasy Ambient, Sad & Somber Background",2019-06-11,6jX3ZxbLz7mHzY7GMVa6LG,https://open.spotify.com/track/6jX3ZxbLz7mHzY7GMVa6LG,shadowy suspenseful enigmatic
Dark Ambient,Background Music Attention,"Gothic, Atmospheric, Dark Ambient",2020-01-13,7k4XRuYWSKR9aNVbV9dCh4,https://open.spotify.com/track/7k4XRuYWSKR9aNVbV9dCh4,shadowy suspenseful enigmatic
Mysterious Forest Sounds | Fantasy Nature Ambience,The Guild of Ambience,Mysterious Forest Sounds | Fantasy Nature Ambience,2021-06-23,6VbGT6OMjgyK75Vh6dKeOd,https://open.spotify.com/track/6VbGT6OMjgyK75Vh6dKeOd,shadowy suspenseful enigmatic
Scary Piano Atmosphere Drone,Bobby Cole,Your Deepest Nightmares: Scary Horror Music,2018-10-29,5KOwuaBryEiNnYQl2ze64d,https://open.spotify.com/track/5KOwuaBryEiNnYQl2ze64d,shadowy suspenseful enigmatic
The Mystery of the Enchanted Garden,The Vault of Ambience,The Mystery of the Enchanted Garden,2023-02-08,3QEPGr6AmNXQGwGZNEINrE,https://open.spotify.com/track/3QEPGr6AmNXQGwGZNEINrE,shadowy suspenseful enigmatic
"Gothic Lands (exploration, ambient, suspense)",Tabletop Rpg Music,Tabletop RPG Music: Volume 5,2021-08-31,6wv3e2ePHYuyNPZvFU1qCP,https://open.spotify.com/track/6wv3e2ePHYuyNPZvFU1qCP,shadowy suspenseful enigmatic
Ambient Tension,David Johanns,Ambient Tension: Deep Relaxation,2015-01-03,2BQpSEzo6YMiDYzteel7jS,https://open.spotify.com/track/2BQpSEzo6YMiDYzteel7jS,shadowy suspenseful enigmatic
Eldritch Prophecy (spooky ambience),Tabletop Rpg Music,Tabletop RPG Music: Volume 2,2021-01-04,3cprq30cfrZMcdSqGqUvYI,https://open.spotify.com/track/3cprq30cfrZMcdSqGqUvYI,shadowy suspenseful enigmatic
"Enchanted Lands, Vol. III",The Guild of Ambience,"Enchanted Lands, Vol. III",2023-04-12,3j7oDdoLkzadDjvukuKmz9,https://open.spotify.com/track/3j7oDdoLkzadDjvukuKmz9,shadowy suspenseful enigmatic
Shivering Expanse (suspenceful ambience),Tabletop Rpg Music,Tabletop RPG Music: Volume 2,2021-01-04,5wZPLODS7toYMrSqZE0teT,https://open.spotify.com/track/5wZPLODS7toYMrSqZE0teT,shadowy suspenseful enigmatic
Dark Gothic Ambient,Myers Music,Dark Gothic Ambient,2023-10-31,2ws6kNhcXQTuunftYY1ZI6,https://open.spotify.com/track/2ws6kNhcXQTuunftYY1ZI6,shadowy suspenseful enigmatic
Haunted Dungeon,Ambient Realms,"Massive Ambient Music, Vol.1",2015-03-16,54ii7InC79rT0l5lo3bn8R,https://open.spotify.com/track/54ii7InC79rT0l5lo3bn8R,shadowy suspenseful enigmatic
Mystery Forest,Bjørn Lynne,Return to Witchwood,2004-07-13,0XnWtArC2YqRMGtA8XuqVT,https://open.spotify.com/track/0XnWtArC2YqRMGtA8XuqVT,shadowy suspenseful enigmatic
Myst-Eries,Rob Westwood,Solstice (Original Soundtrack),2015-12-22,6aSK8wjlLPE8H3mlBtlAzw,https://open.spotify.com/track/6aSK8wjlLPE8H3mlBtlAzw,shadowy suspenseful enigmatic
Spooky Forest,Scary Halloween Night Ambient,"Dark Background Music for Scary Halloween Night: Creepy Sounds, Demonic Vibe, Spooky Forest, Haunted Soul",2021-10-13,3JLFgs1cia7EmvhP7YDaXv,https://open.spotify.com/track/3JLFgs1cia7EmvhP7YDaXv,shadowy suspenseful enigmatic
Echoes,Elemental SoundWorks,Haunting,2022-10-21,4ZbuyD1XU7ZZo1qzIrG5uC,https://open.spotify.com/track/4ZbuyD1XU7ZZo1qzIrG5uC,shadowy suspenseful enigmatic
(Ambience III),Phoenix Glendinning,Leaving Lyndow (Original Soundtrack),2017-02-08,1yfXp4b2nyOHHPO16tTg2H,https://open.spotify.com/track/1yfXp4b2nyOHHPO16tTg2H,shadowy suspenseful enigmatic
Dark Smooth Chord,Joel Fausto & Illusion Orchestra,Illusion Orchestra At The Gloomy Club,2013,3HqwLukp5KGSfBOEkhZ2a3,https://open.spotify.com/track/3HqwLukp5KGSfBOEkhZ2a3,shadowy suspenseful enigmatic
Welcome,Jon Everist,Necropolis Original Soundtrack,2016-07-12,77j60CaWgkQEIXy0Ff6Ypz,https://open.spotify.com/track/77j60CaWgkQEIXy0Ff6Ypz,shadowy suspenseful enigmatic
Creepy Forest,Vince De Vera & Jason Garner,Don't Starve (Original Soundtrack),2013-04-23,78jtQYi608Ty9SjufzQ4PW,https://open.spotify.com/track/78jtQYi608Ty9SjufzQ4PW,shadowy suspenseful enigmatic
Ambient Instrumental Theme,Sexy Erotic Halloween,"Evil Music - Mysterious, Macabre Ambient",2019-06-11,3taOUSp6gNsGP4Y1VTjMzy,https://open.spotify.com/track/3taOUSp6gNsGP4Y1VTjMzy,shadowy suspenseful enigmatic
Creepy Soundscapes,Background Music Attention,"Gothic, Atmospheric, Dark Ambient",2020-01-13,6h9yPo4uEVgMAJ8HASVFVI,https://open.spotify.com/track/6h9yPo4uEVgMAJ8HASVFVI,shadowy suspenseful enigmatic
Ambience Fantasy Music,Ambience Fantasy,Fantasy Lullaby Music: 22 Enchanted Majestic Orchestral Tracks,2022-07-08,4c6b7HslhwMZTOS2r7UY9c,https://open.spotify.com/track/4c6b7HslhwMZTOS2r7UY9c,shadowy suspenseful enigmatic
Dark Ambient Horror,Horror Music,Alien Abduction,2022-03-16,4hEhhIgE31SAhMvuN7cZyH,https://open.spotify.com/track/4hEhhIgE31SAhMvuN7cZyH,shadowy suspenseful enigmatic
Druid Forest,Ambient Realms,"Massive Ambient Music, Vol.3",2016-01-14,0jDJix6qwCRyPLiybcCd8K,https://open.spotify.com/track/0jDJix6qwCRyPLiybcCd8K,shadowy suspenseful enigmatic
Dark Occult Ambient,Myers Music,Dark Occult Ambient,2024-02-22,4NTZNQMznuyO0OAi8AWpVn,https://open.spotify.com/track/4NTZNQMznuyO0OAi8AWpVn,shadowy suspenseful enigmatic
Bridge of Despair,Ambient Realms,"Massive Ambient Music, Vol. 4",2016-08-18,3r1U04ORFZiBPt6mVfMXJW,https://open.spotify.com/track/3r1U04ORFZiBPt6mVfMXJW,shadowy suspenseful enigmatic
Atmospheric Background,Space Radiance,Ambient Space Music,2019-11-03,7yvgHgfDy9kp9aeon8SdsW,https://open.spotify.com/track/7yvgHgfDy9kp9aeon8SdsW,shadowy suspenseful enigmatic
Enigma - Instrumental,PYLOT,Solai,2019-03-21,0NwuhSHIXTb3l5dFYoCwD5,https://open.spotify.com/track/0NwuhSHIXTb3l5dFYoCwD5,shadowy suspenseful enigmatic
"The Tomb (ambient, suspense, exploration)",Tabletop Rpg Music,Tabletop RPG Music: Volume 4,2021-06-14,0p9dvxUM8Jm1EVW8ox8ber,https://open.spotify.com/track/0p9dvxUM8Jm1EVW8ox8ber,shadowy suspenseful enigmatic
Ambient Background,AndrisMusic,Relaxation Albums,2021-02-24,48Ya0OxSFUsftxDh24Yg68,https://open.spotify.com/track/48Ya0OxSFUsftxDh24Yg68,shadowy suspenseful enigmatic
The Shadows of the Forgotten Realm,The Vault of Ambience,Enchanted Chronicles,2023-09-10,2wtZ2XWl6sa56JssKjv9Pe,https://open.spotify.com/track/2wtZ2XWl6sa56JssKjv9Pe,shadowy suspenseful enigmatic
Dark Forest (DnD Music),Dungeons & Dragons Atmospheres,Medieval DnD,2022-02-13,0VeKksUaC9bbi87CkGruL2,https://open.spotify.com/track/0VeKksUaC9bbi87CkGruL2,shadowy suspenseful enigmatic
Dwelling,Adam Hurst,Dwelling,2007-01-01,21ebEMDYnD4alRKhwTSx9P,https://open.spotify.com/track/21ebEMDYnD4alRKhwTSx9P,shadowy suspenseful enigmatic
Ambientic,Dream Diver,Immersive Sleep Sounds,2023-02-17,0UbKid6AEBz6U4qUf72LJg,https://open.spotify.com/track/0UbKid6AEBz6U4qUf72LJg,shadowy suspenseful enigmatic
Ritual,Adam Hurst,View from Within,2011-12-02,5bkvGegMVXMuOKFGK4iQRq,https://open.spotify.com/track/5bkvGegMVXMuOKFGK4iQRq,shadowy suspenseful enigmatic
Haunted by Whispers,Dead Melodies,The Foundations of Ruin,2018-05-08,5wY6O31XN7CfvJ0uJm30Zn,https://open.spotify.com/track/5wY6O31XN7CfvJ0uJm30Zn,shadowy suspenseful enigmatic
Alone in the Dark Rainy Woods,Horror Music Collection,Haunted Forest Ambience: Creepy Halloween Music full of Scary Sound Effects and Spooky Noises,2021-10-25,1pOz9IJmEVLUlOwi22lFVF,https://open.spotify.com/track/1pOz9IJmEVLUlOwi22lFVF,shadowy suspenseful enigmatic
Dark Mystery,Eitan Epstein Music,"Cinematic Piano Suspense, Vol. 1",2022-07-11,5Kzhes8jZx3Z7N1rFvvb93,https://open.spotify.com/track/5Kzhes8jZx3Z7N1rFvvb93,shadowy suspenseful enigmatic
Astral Plane,Ambient Realms,"Massive Ambient Music, Vol.1",2015-03-16,0TyL5MJ6dozPvQqIIGszCN,https://open.spotify.com/track/0TyL5MJ6dozPvQqIIGszCN,shadowy suspenseful enigmatic
Scary Atmosphere,Background Music Attention,"Gothic, Atmospheric, Dark Ambient",2020-01-13,3jQZGOMBLkTYY7beFwubax,https://open.spotify.com/track/3jQZGOMBLkTYY7beFwubax,shadowy suspenseful enigmatic
Dark Ambient RPG Session (Gloomy Music),Dark RPG Music,Dungeons and Catacombs Dark Music,2018-03-19,490TosaisomWMCbD38zaMU,https://open.spotify.com/track/490TosaisomWMCbD38zaMU,shadowy suspenseful enigmatic
Emotional Ambient,AShamaluevMusic,Emotional Ambient,2019-07-18,3jgl9nSnstp1bIsdpvd8AS,https://open.spotify.com/track/3jgl9nSnstp1bIsdpvd8AS,shadowy suspenseful enigmatic
The Haunting,Ambient Realms,"Massive Ambient Music, Vol. 2",2015-02-23,5jcW2Cx6W9y3wDa8iGvg24,https://open.spotify.com/track/5jcW2Cx6W9y3wDa8iGvg24,shadowy suspenseful enigmatic
Suspenseful Movie Soundscape 4 (E),Royalty Free Music & Sound Effect Factory,"#1 Ambient Soundscapes, Movie Soundtracks, & Sound Effects Vol. 2",2013-03-05,0E2Ym4qiRwTofSfXpQ4IQ6,https://open.spotify.com/track/0E2Ym4qiRwTofSfXpQ4IQ6,shadowy suspenseful enigmatic
Haunting Halls,Ambient Realms,"Massive Ambient Music, Vol.1",2015-03-16,1bz5aPOiiOxUbi0tFIXOlg,https://open.spotify.com/track/1bz5aPOiiOxUbi0tFIXOlg,shadowy suspenseful enigmatic
Cinematic Ambient Corporate Inspiring Emotional,Romansenykmusic,Soft Cinematic Soundtracks,2020-03-19,009zm4nS6Bl2GtHt2iitDA,https://open.spotify.com/track/009zm4nS6Bl2GtHt2iitDA,shadowy suspenseful enigmatic
Ambient Dark Academia,Study Music Project,Final Chapter,2025-05-08,3BbMVWHGffeDb0nsTrYCxr,https://open.spotify.com/track/3BbMVWHGffeDb0nsTrYCxr,shadowy suspenseful enigmatic
Shadows in Dreams,Dream Presence,Relaxing Flute Melodies,2022-12-19,6x0Uxk5S2B3u5ypAGvilTP,https://open.spotify.com/track/6x0Uxk5S2B3u5ypAGvilTP,shadowy suspenseful enigmatic
Night Shadows,The Vault of Ambience,Enchanted Chronicles,2023-09-10,1oZVIrmfStOjq3PdjSadpj,https://open.spotify.com/track/1oZVIrmfStOjq3PdjSadpj,shadowy suspenseful enigmatic
Ambient Space Music,Space Radiance,Ambient Space Music,2019-11-03,1MvWbV6ZmTkv4iMuHM7RUw,https://open.spotify.com/track/1MvWbV6ZmTkv4iMuHM7RUw,shadowy suspenseful enigmatic
Ambient,Peaceful Piano Keys,Dreamy Piano,2022-07-14,2q2Rdqs3Seh0dkZUtrPKcW,https://open.spotify.com/track/2q2Rdqs3Seh0dkZUtrPKcW,shadowy suspenseful enigmatic
"Dark Spaces (suspense, exploration)",Tabletop Rpg Music,Tabletop RPG Music: Volume 5,2021-08-31,09cYtN2ZtJLGmocztwFqjH,https://open.spotify.com/track/09cYtN2ZtJLGmocztwFqjH,shadowy suspenseful enigmatic
Cozy Tavern,The Vault of Ambience,Cozy Tavern,2022-10-01,1tn98JThfdbMhAFP5HHhxA,https://open.spotify.com/track/1tn98JThfdbMhAFP5HHhxA,shadowy suspenseful enigmatic
Ethereal Forest Dreamscape,Nature Sounds for Sleep and Relaxation,Dreamy Forest Music,2024-04-25,7LJQwsQ03uqOzE6cPCHFJm,https://open.spotify.com/track/7LJQwsQ03uqOzE6cPCHFJm,shadowy suspenseful enigmatic
Atmospheric Inspiring Piano,DS Productions,Atmospheric Inspiring Piano,2020-11-02,606lhKCyXEYsHgdoutrLxv,https://open.spotify.com/track/606lhKCyXEYsHgdoutrLxv,shadowy suspenseful enigmatic
Dark Halls,Ambient Realms,"Massive Ambient Music, Vol.1",2015-03-16,5036QG2w0Ew2AyEHNZmB8e,https://open.spotify.com/track/5036QG2w0Ew2AyEHNZmB8e,shadowy suspenseful enigmatic
"Soundscape III: Mystery, Soundscape IV: Virtual Shaman",Jay Tholen,"Hypnospace Outlaw Original Soundtrack, Vol. 1",2019-03-12,5qMWOmK5IM3Q7BHcUQaf3k,https://open.spotify.com/track/5qMWOmK5IM3Q7BHcUQaf3k,shadowy suspenseful enigmatic
"Evil's Approach (suspense, ambient, exploration)",Tabletop Rpg Music,Tabletop RPG Music: Volume 5,2021-08-31,0yotehfWmAaF3rrAgJTGV0,https://open.spotify.com/track/0yotehfWmAaF3rrAgJTGV0,shadowy suspenseful enigmatic
Hypnotic Ambient Music,Mystic Background Music Masters,"111 Hypnotic Music for Lucid Dreams: Mindfulness & Self Hypnosis, REM Sleep Music Dream Cycle, Hypnotherapy, Pure Meditation Music Sessions",2016-09-19,2TsR7cJqul3ezT4cOgqfQD,https://open.spotify.com/track/2TsR7cJqul3ezT4cOgqfQD,shadowy suspenseful enigmatic
Dark Ethnic Suspense,Allen Grey,Suspense & Mystery,2022-05-27,5YzACHX3W0ochmQooMzyDr,https://open.spotify.com/track/5YzACHX3W0ochmQooMzyDr,shadowy suspenseful enigmatic
An Ominous Light,Shadow's Symphony,Beneath the Dark,2013-12-06,7jaViddyD1x8FMwkqUNJ5H,https://open.spotify.com/track/7jaViddyD1x8FMwkqUNJ5H,shadowy suspenseful enigmatic
Suspenseful Mystery Investigation,RealTunesStudio,Suspenseful Mystery Investigation,2022-07-18,3X2B80dLkqXcyPjKHUvzrr,https://open.spotify.com/track/3X2B80dLkqXcyPjKHUvzrr,shadowy suspenseful enigmatic
Dreamy Ambient Music For Sleep,Ambient Music Therapy,Dreamy Ambient Music For Sleep,2009-01-01,1HfRKGvJlPPl6DZlUOxITg,https://open.spotify.com/track/1HfRKGvJlPPl6DZlUOxITg,shadowy suspenseful enigmatic
Beautiful Ambient Cinematic Emotional,Romansenykmusic,Soft Cinematic Soundtracks,2020-03-19,0fA7ULakndESrgGw7QYHY4,https://open.spotify.com/track/0fA7ULakndESrgGw7QYHY4,shadowy suspenseful enigmatic
Dark Ambiance (Dark Dungeon RPG),Dark RPG Music,Dungeons and Catacombs Dark Music,2018-03-19,3F6VcTZ41QLQj2rgJgtOD3,https://open.spotify.com/track/3F6VcTZ41QLQj2rgJgtOD3,shadowy suspenseful enigmatic
Ambient Fantasy Music,Ambience Fantasy,Ambient Fantasy Music - Ambience Sound Machine,2022-07-12,4RC0807HkTl29Old0lnFyD,https://open.spotify.com/track/4RC0807HkTl29Old0lnFyD,shadowy suspenseful enigmatic
Suspense Background Music,Power Music Factory,Power Music Factory,2020-10-15,1Llg4JaMVMTt0XkSOdsgBp,https://open.spotify.com/track/1Llg4JaMVMTt0XkSOdsgBp,shadowy suspenseful enigmatic
Enigma Variations IX (Epic Trailer Version),Hidden Citizens,"Revivals, Vol. 2 (Epic Trailer Version)",2020-02-14,6OJbfyLQa7xLB9q5LwfQgB,https://open.spotify.com/track/6OJbfyLQa7xLB9q5LwfQgB,shadowy suspenseful enigmatic
Ambient Cinematic Score,Romansenykmusic,Soft Cinematic Soundtracks,2020-03-19,5k8NwGYULYO9qGVWAzjFPu,https://open.spotify.com/track/5k8NwGYULYO9qGVWAzjFPu,shadowy suspenseful enigmatic
Dark Magical Forest,Ambient Realms,"Massive Ambient Music, Vol. 8",2021-04-02,2lSFC0mxEe6bgDYXf2ajPR,https://open.spotify.com/track/2lSFC0mxEe6bgDYXf2ajPR,shadowy suspenseful enigmatic
Deep Suspence,Background Music Attention,"Gothic, Atmospheric, Dark Ambient",2020-01-13,54mTvoP1xsKruVs3FiMsIW,https://open.spotify.com/track/54mTvoP1xsKruVs3FiMsIW,shadowy suspenseful enigmatic
Paranormal Events,Ambience Mastery,Gothic Horror Ambience,2022-11-26,6txQvIunYXRKG5GVq7ekIt,https://open.spotify.com/track/6txQvIunYXRKG5GVq7ekIt,shadowy suspenseful enigmatic
Abandoned Castle,Background Music Attention,"Gothic, Atmospheric, Dark Ambient",2020-01-13,02uHvYy2Ly0bsjUyfoVhtl,https://open.spotify.com/track/02uHvYy2Ly0bsjUyfoVhtl,shadowy suspenseful enigmatic
Soft Ambient Chill - Instrumental Chill,Gaming Music,Chill Music For Gaming Background BGM (Chill Gaming Music BGM),2022-11-18,0WpXbWMKwccAYNGxYH2JSz,https://open.spotify.com/track/0WpXbWMKwccAYNGxYH2JSz,shadowy suspenseful enigmatic
"Otherworld (ambient, suspense, exploration)",Tabletop Rpg Music,Tabletop RPG Music: Volume 8,2022-02-26,1WTwsRYtfXBWy7LXrK64AX,https://open.spotify.com/track/1WTwsRYtfXBWy7LXrK64AX,shadowy suspenseful enigmatic
Apparition,Adam Hurst,The Secret,2011-06-10,3cd04HimuqdbPzdz7byTb9,https://open.spotify.com/track/3cd04HimuqdbPzdz7byTb9,shadowy suspenseful enigmatic
Fortress Ambience Part I (Remastered),Robyn Miller,Myst (Original Game Soundtrack) [Remastered 2022],2022-02-11,2EwgZ1Wja96tvUTcTZ6Qb4,https://open.spotify.com/track/2EwgZ1Wja96tvUTcTZ6Qb4,shadowy suspenseful enigmatic
"Omen (ambient, suspense, exploration)",Tabletop Rpg Music,Tabletop RPG Music: Volume 7,2022-01-01,4S76mwul16pEvLX9tTjiVN,https://open.spotify.com/track/4S76mwul16pEvLX9tTjiVN,shadowy suspenseful enigmatic
Horror Ambience Long Build Up,Bobby Cole,Chills and Thrills,2018-10-29,6ndP7Ya3Kb40QhZNSfisbp,https://open.spotify.com/track/6ndP7Ya3Kb40QhZNSfisbp,shadowy suspenseful enigmatic
Ambient Backgrounds,Space Radiance,Ambient Space Music,2019-11-03,3PHxwLGyQpYoG0dgevAeCI,https://open.spotify.com/track/3PHxwLGyQpYoG0dgevAeCI,shadowy suspenseful enigmatic
Dreamy Sleep I: Dreamy Sleep Ambiance,#1 Ambient Sleep Aid - (Deluxe Sleep Albums),Dreamy Sleep Ambiance (Album) - By: Ambient Music Therapy,2009-01-01,2XBUPN4VZOXFAkBNcTuFkx,https://open.spotify.com/track/2XBUPN4VZOXFAkBNcTuFkx,shadowy suspenseful enigmatic
Ambient Space Dreams,Floating Thru Space (Ambient Music For Sleep),Floating Thru Space (Ambient Music for Sleep),2022-09-30,2cDpUFkNMP8ue1UBVgwio4,https://open.spotify.com/track/2cDpUFkNMP8ue1UBVgwio4,shadowy suspenseful enigmatic
Haunted Forest - Instrumental Version,Magnum Opus,Magical Fantasy Adventure,2012-12-14,1nRa5PLfciFgn3jIxJI0BG,https://open.spotify.com/track/1nRa5PLfciFgn3jIxJI0BG,shadowy suspenseful enigmatic
Suspense (Music),Sound Collective,Mystery & Terror Sounds,2001-10-02,5usOEx3NzMNfjScHVWRV2m,https://open.spotify.com/track/5usOEx3NzMNfjScHVWRV2m,shadowy suspenseful enigmatic
Eerie Depths,Ampient,"Jealousy, Chapter One (Original Soundtrack)",2022-03-30,35PDUfFSswPXYeScU9ZZLo,https://open.spotify.com/track/35PDUfFSswPXYeScU9ZZLo,shadowy suspenseful enigmatic
Stars Seen From a Futuristic Balcony,Ambience Mastery,Epic Dark Sci-Fi Ambient Music,2023-01-04,1JmG07o0tifo97YZb1jba1,https://open.spotify.com/track/1JmG07o0tifo97YZb1jba1,shadowy suspenseful enigmatic
"Ambience, Fantasy - Tonal Synth Ambience in Eb Minor, Music Fantasy Ambiences, Give You the Hollywood Edge",Sound Effects Library,Magical: Sound Effects,2012-05-15,5blgB3sBlYdCBf8hPdYlzH,https://open.spotify.com/track/5blgB3sBlYdCBf8hPdYlzH,shadowy suspenseful enigmatic
Sinister Passage,Sage Oursler,In Shadow,2012-09-14,2BXyKUOiRyxmmxS2oTeOrW,https://open.spotify.com/track/2BXyKUOiRyxmmxS2oTeOrW,shadowy suspenseful enigmatic
Creepy Background,Drakula,Scary Background Music: Horror Monsters and Nice Sprites Howling Sounds,2019-09-09,53s9Q11JXIjN3Ima5xsj2q,https://open.spotify.com/track/53s9Q11JXIjN3Ima5xsj2q,shadowy suspenseful enigmatic
Instrumental Atmosphere,Amelia System,New Age Ambient - Relaxing Electronic Music,2020-04-14,5AoFBXRgN14044BNqi7uVx,https://open.spotify.com/track/5AoFBXRgN14044BNqi7uVx,shadowy suspenseful enigmatic
Mysterious Places,Ambience Mastery,Foggy Day Ambience,2022-04-08,75qwCFgdkGa4R1CkHUegp6,https://open.spotify.com/track/75qwCFgdkGa4R1CkHUegp6,shadowy suspenseful enigmatic
Ghostly Night Forest,Ambient Realms,"Massive Ambient Music, Vol. 4",2016-08-18,0JUbEGOHQ5cz2oGP4ff6es,https://open.spotify.com/track/0JUbEGOHQ5cz2oGP4ff6es,shadowy suspenseful enigmatic
Tension Suspense Mystery Ambient Atmosphere Crime Scene Theme 001,Background Music Soundtrack,Tension Building Ambient Atmosphere Crime Scene Music,2019-02-25,7nA8ahu59xNWhVmnPLLyUT,https://open.spotify.com/track/7nA8ahu59xNWhVmnPLLyUT,shadowy suspenseful enigmatic
Mysterious Background Music,Power Music Factory,Power Music Factory,2020-10-15,1nf0Nzz894Hk9ODiCiU5qT,https://open.spotify.com/track/1nf0Nzz894Hk9ODiCiU5qT,shadowy suspenseful enigmatic
Inspirational Piano Ambient,AShamaluevMusic,Inspirational Piano Ambient,2019-06-20,2R1LD6Yd6Cra8qC7fAqD0U,https://open.spotify.com/track/2R1LD6Yd6Cra8qC7fAqD0U,shadowy suspenseful enigmatic
Instrumental Backgrounds,Gentle Crystal Sounds Divine,"Zen Music: Ambient Meditation (Natural Hypnosis Music for Relax, Sleep & Meditation, Anti Stress Time, Calming Zen, Spiritual Yoga)",2017-04-21,70xsMHk0N7RQslAzNTC50h,https://open.spotify.com/track/70xsMHk0N7RQslAzNTC50h,shadowy suspenseful enigmatic
Inspiring Ambient,Dmitriy Sevostyanov,Inspiring Piano,2022-08-17,4q1GqVtnIngCMG149zduup,https://open.spotify.com/track/4q1GqVtnIngCMG149zduup,shadowy suspenseful enigmatic
Strange Feeling,Background Music Attention,"Gothic, Atmospheric, Dark Ambient",2020-01-13,4bnorMnBboykWeuckpY1PQ,https://open.spotify.com/track/4bnorMnBboykWeuckpY1PQ,shadowy suspenseful enigmatic
The Whispers of the Fairies (Enchanted Forest Vol.4),The Vault of Ambience,The Whispers of the Fairies (Enchanted Forest Vol.4),2022-09-22,3XGGEsuJOmGXalXMQ6578z,https://open.spotify.com/track/3XGGEsuJOmGXalXMQ6578z,shadowy suspenseful enigmatic
Eerie Forest Path Ambience,Martia's Muses,Eerie Forest Path Ambience,2023-09-08,1cvfsRDPmBHhp9XsyeK7Jz,https://open.spotify.com/track/1cvfsRDPmBHhp9XsyeK7Jz,shadowy suspenseful enigmatic
Unsettling Ambience,Solis Reverie,Shadows' at Dusk,2019-10-17,7C7cZTzRJaIjsastfGqR7H,https://open.spotify.com/track/7C7cZTzRJaIjsastfGqR7H,shadowy suspenseful enigmatic
Haunted Forest,Michael Ghelfi,"RPG / D&D Ambiences and Atmospheres, Vol. 1, Pt. 2",2021-06-19,7wqmFGpJViPouqWpyZWehn,https://open.spotify.com/track/7wqmFGpJViPouqWpyZWehn,shadowy suspenseful enigmatic
DND Horror Ambient Music,Dungeons & Dragons Ambience Zone,DND Horror Ambient Music,2025-09-10,22tRL9v68Iy3Wd7ST0V7BF,https://open.spotify.com/track/22tRL9v68Iy3Wd7ST0V7BF,shadowy suspenseful enigmatic
Fortress Ambience Part II (Remastered),Robyn Miller,Myst (Original Game Soundtrack) [Remastered 2022],2022-02-11,6FXTumMpx7XWD7LWcoO1w3,https://open.spotify.com/track/6FXTumMpx7XWD7LWcoO1w3,shadowy suspenseful enigmatic
Haunting Pursuit,Avith Ortega,Impotence,2014-10-05,0gccFv7GoLN9PGTxCHXvBq,https://open.spotify.com/track/0gccFv7GoLN9PGTxCHXvBq,shadowy suspenseful enigmatic
Dreamy Sleep III: Dreamy Sleep Ambiance,#1 Ambient Sleep Aid - (Deluxe Sleep Albums),Dreamy Sleep Ambiance (Album) - By: Ambient Music Therapy,2009-01-01,7zbGMXE7nsbVmUFSUhXwCK,https://open.spotify.com/track/7zbGMXE7nsbVmUFSUhXwCK,shadowy suspenseful enigmatic
Enigma,StormSound,Orion,2016-09-16,1rLPsZq7oGOyDhuZgoTzUZ,https://open.spotify.com/track/1rLPsZq7oGOyDhuZgoTzUZ,shadowy suspenseful enigmatic
Mysterium,Igneous Flame,Nyx,2013-06-28,3ugXOCm3rZPiEPJSutf2zx,https://open.spotify.com/track/3ugXOCm3rZPiEPJSutf2zx,shadowy suspenseful enigmatic
Dark Cavern,Ambient Realms,"Massive Ambient Music, Vol.1",2015-03-16,5HMrYp3RF85U9PxqgGQWt9,https://open.spotify.com/track/5HMrYp3RF85U9PxqgGQWt9,shadowy suspenseful enigmatic
Enigmatic Shadows of Daydreams,Ambience Fantasy,Ambient Fantasy Soundscapes - Cosmic Music for Lucid Dreaming and Shifting,2024-01-10,5dsYq1kkB6hPb7xxC9cQ6h,https://open.spotify.com/track/5dsYq1kkB6hPb7xxC9cQ6h,shadowy suspenseful enigmatic
Dramatic Ambient,Ambient Sound Center,"Dramatic Ambient - Gothic Dark Fantasy Ambient, Sad & Somber Background",2019-06-11,75OxPGrERexNVSqos3hoN5,https://open.spotify.com/track/75OxPGrERexNVSqos3hoN5,shadowy suspenseful enigmatic
Ambient Haunt,Ambient Realms,"Massive Ambient Music, Vol. 9",2021-07-30,3J89M0wkbMEtYdLTsO0xhD,https://open.spotify.com/track/3J89M0wkbMEtYdLTsO0xhD,shadowy suspenseful enigmatic
Dangerous Mists,Background Music Attention,"Gothic, Atmospheric, Dark Ambient",2020-01-13,5wXHe51bKZzPZGeDt9Zooj,https://open.spotify.com/track/5wXHe51bKZzPZGeDt9Zooj,shadowy suspenseful enigmatic
Dark Shadows,Background Music Attention,"Gothic, Atmospheric, Dark Ambient",2020-01-13,1ZLxQ1bNvAEBMY20pr7Hxx,https://open.spotify.com/track/1ZLxQ1bNvAEBMY20pr7Hxx,shadowy suspenseful enigmatic
Mystery House,Ambient Realms,"Massive Horror Ambience, Vol. 3",2022-04-23,046HhppV6PVbWH1WGrdwmz,https://open.spotify.com/track/046HhppV6PVbWH1WGrdwmz,shadowy suspenseful enigmatic
Dramatic Ambient Piano,cleanmindsounds,Dramatic Ambient Piano,2023-02-28,0MsqXbvUW0XXoUuIkwVSlS,https://open.spotify.com/track/0MsqXbvUW0XXoUuIkwVSlS,shadowy suspenseful enigmatic
Hypnotic Ambience for Autumn Leaves,Upbeat Instrumental Music,Sensational Saxophone Bossa - Bgm for Cool Autumn,2022-10-22,1Sm1zobfsc51eJWKtaidh8,https://open.spotify.com/track/1Sm1zobfsc51eJWKtaidh8,shadowy suspenseful enigmatic
The Misty Passage,Ambient Realms,"Massive Ambient Music, Vol. 5",2019-01-01,5EjPu83lg1YOAvnY5OWnoI,https://open.spotify.com/track/5EjPu83lg1YOAvnY5OWnoI,shadowy suspenseful enigmatic
Haunted Chateau,Ambient Realms,"Massive Ambient Music, Vol. 8",2021-04-02,7CnRRD2C1TDC4cZaXFjBJG,https://open.spotify.com/track/7CnRRD2C1TDC4cZaXFjBJG,shadowy suspenseful enigmatic
Ethnic Ambient Atmosphere,cleanmindsounds,Ethnic Ambient Atmosphere,2023-03-31,2xqzxVPRHwM182lw1zvafP,https://open.spotify.com/track/2xqzxVPRHwM182lw1zvafP,shadowy suspenseful enigmatic
Empty,Gothic Storm,Minimal Melancholy,2019-11-18,1tMmXQJuB1f4rgwbmuUWSW,https://open.spotify.com/track/1tMmXQJuB1f4rgwbmuUWSW,shadowy suspenseful enigmatic
Enigmatic Question,Ah2,Airy Enchanting Mysteries,2019-08-17,7vBn53xxxRX8Br4BC4pJc2,https://open.spotify.com/track/7vBn53xxxRX8Br4BC4pJc2,shadowy suspenseful enigmatic
The Shadows of the Enchanted Realm,The Vault of Ambience,The Shadows of the Enchanted Realm,2023-03-26,1PPetJT7DEfaUoxN3ioGHB,https://open.spotify.com/track/1PPetJT7DEfaUoxN3ioGHB,shadowy suspenseful enigmatic
Dark Forest,Brian Estes,Mysterious Places,2021-09-03,3W0DPjOaPPT5AjfzS5nbQq,https://open.spotify.com/track/3W0DPjOaPPT5AjfzS5nbQq,shadowy suspenseful enigmatic
Dark Celtic Forest Ambience,Nature Sound Retreat,Halloween Ambiences,2023-10-01,6mEZP5gFiFzbameVmUWuYJ,https://open.spotify.com/track/6mEZP5gFiFzbameVmUWuYJ,shadowy suspenseful enigmatic
Subinterior Figures,Apocryphos,The Prisoner's Cinema,2015-01-13,7nsWqD1DPN3Lcle4XLENXL,https://open.spotify.com/track/7nsWqD1DPN3Lcle4XLENXL,shadowy suspenseful enigmatic
A House in Fog,Ambience Mastery,Gothic Horror Ambience,2022-11-26,6Me0CzynC1r9DweGvVnsIn,https://open.spotify.com/track/6Me0CzynC1r9DweGvVnsIn,shadowy suspenseful enigmatic
Halloween Background Music Spooky Scary Party Mix Movie Instrumental Dark Ambient Creepy Tones,Inspirational Vibes,"Halloween Background Music Spooky Scary Party Mix Movie Instrumental Dark Haunted Beats Cinematic Horror Vibes | Creepy Ambience, Eerie Soundtrack, Haunted House Atmosphere, Scary Halloween Playlist",2025-10-11,13YVCdzx7uHL12oN5u3hIg,https://open.spotify.com/track/13YVCdzx7uHL12oN5u3hIg,shadowy suspenseful enigmatic
Gloom Prevails,Shadow's Symphony,Desolate Horror,2016-03-22,2PJX5JC8b829TCaIdvgULW,https://open.spotify.com/track/2PJX5JC8b829TCaIdvgULW,shadowy suspenseful enigmatic
Mysterious Ambient Cinematic,cleanmindsounds,Mysterious Ambient Cinematic,2022-09-30,07ClLalCUUWPsTsG0sjUwu,https://open.spotify.com/track/07ClLalCUUWPsTsG0sjUwu,shadowy suspenseful enigmatic
Ambient Piano Suspense,cleanmindsounds,Ambient Piano Suspense,2022-10-29,0AbTgDHYXwiqIGewkY6Msh,https://open.spotify.com/track/0AbTgDHYXwiqIGewkY6Msh,shadowy suspenseful enigmatic
Mystic Spells,Background Music Attention,"Gothic, Atmospheric, Dark Ambient",2020-01-13,3unyJV4nx6tGXjqURLRIBM,https://open.spotify.com/track/3unyJV4nx6tGXjqURLRIBM,shadowy suspenseful enigmatic
The Creepy Forest,Ambient Realms,"Massive Ambient Music, Vol. 7",2020-03-17,7c2xoge5XpBtzJAyb7w4Am,https://open.spotify.com/track/7c2xoge5XpBtzJAyb7w4Am,shadowy suspenseful enigmatic
Inspirational Cinematic Ambient,AShamaluevMusic,Inspirational Cinematic Ambient,2018-07-16,0o07y13oIyB17Ipdp6KTVs,https://open.spotify.com/track/0o07y13oIyB17Ipdp6KTVs,shadowy suspenseful enigmatic
Abandoned Ship,Ambient Realms,"Massive Ambient SciFi Music, Vol. Two",2018-02-05,3ubOe6xyhAI63SIjNF3nZI,https://open.spotify.com/track/3ubOe6xyhAI63SIjNF3nZI,shadowy suspenseful enigmatic
The Mysterious Rabbit Hole,Ambience Mastery,Alice in Wonderland Ambience (Original Music),2022-12-09,2fiFHOoHkVGHUoaMdJPKDE,https://open.spotify.com/track/2fiFHOoHkVGHUoaMdJPKDE,shadowy suspenseful enigmatic
Piano Of Suspense,Eitan Epstein Music,"Cinematic Piano Suspense, Vol. 1",2022-07-11,4M4BNCgoycU09u5I3vjfBQ,https://open.spotify.com/track/4M4BNCgoycU09u5I3vjfBQ,shadowy suspenseful enigmatic
Ethereal Cinematic Ambient,Rafael Krux,The Universe Dreams in Strings,2021-02-01,3pBbfmxEHEOih4q0rfUv0H,https://open.spotify.com/track/3pBbfmxEHEOih4q0rfUv0H,shadowy suspenseful enigmatic
Dream Ambience,Sagan Hawkes,Sounds of RPG Horror,2021-12-10,2TV7HUdgOzrV57tWxvZLdP,https://open.spotify.com/track/2TV7HUdgOzrV57tWxvZLdP,shadowy suspenseful enigmatic
From the Grave,Shadow's Symphony,The House in the Mist,2011-09-02,3YukiEwPIg6BFlwSuK3Rx9,https://open.spotify.com/track/3YukiEwPIg6BFlwSuK3Rx9,shadowy suspenseful enigmatic
Ambient Inspiration,DensoMusic,Ambient Corporate Background,2021-03-21,3TusN0gYe1WDnsNm7d25rA,https://open.spotify.com/track/3TusN0gYe1WDnsNm7d25rA,shadowy suspenseful enigmatic
Despair,Waterflame,Spooky Ambience,2022-10-28,3sQRT1QDT7SOAyEQ6NIjs6,https://open.spotify.com/track/3sQRT1QDT7SOAyEQ6NIjs6,shadowy suspenseful enigmatic
Apocryphos Grief,Apocryphos,Tomb of Wights,2021-02-16,2QiqPSzHydl7TfUlIvqBZ3,https://open.spotify.com/track/2QiqPSzHydl7TfUlIvqBZ3,shadowy suspenseful enigmatic
Vampiric Fantasy,Background Music Attention,"Gothic, Atmospheric, Dark Ambient",2020-01-13,0SRaeoYOXpd5cIpAkvTACa,https://open.spotify.com/track/0SRaeoYOXpd5cIpAkvTACa,shadowy suspenseful enigmatic
Creepy Viola,Tihomir Hristozov,Creepy Strings,2022-04-01,2vnYYbyXd48QuL1xBYvgbx,https://open.spotify.com/track/2vnYYbyXd48QuL1xBYvgbx,shadowy suspenseful enigmatic
Horror Stories,Instrumental Jazz Music Ambient,Vintage Halloween Jazz Party,2021-10-25,2B4pGedIrsH5A0dXGv1a1k,https://open.spotify.com/track/2B4pGedIrsH5A0dXGv1a1k,shadowy suspenseful enigmatic
Mist and Shadow Ambience,Martia's Muses,Mist and Shadow Ambience,2023-09-07,7ImItVebxvyvKeBpwa3cEf,https://open.spotify.com/track/7ImItVebxvyvKeBpwa3cEf,shadowy suspenseful enigmatic
Dark Ambient,Shook Naim,Dark Ambient,2021-08-28,5WfQB5jgtD3R9MsoGqiVyE,https://open.spotify.com/track/5WfQB5jgtD3R9MsoGqiVyE,shadowy suspenseful enigmatic
Creepy Attic Ambience,Haunting Ambience,Paranormal Ambience & Spooky Night Atmosphere,2025-09-12,2oRG4f4mHUWmAAU6Njo0pr,https://open.spotify.com/track/2oRG4f4mHUWmAAU6Njo0pr,shadowy suspenseful enigmatic
Dark Ambient,Sexy Erotic Halloween,"Evil Music - Mysterious, Macabre Ambient",2019-06-11,2npKrjtmVf7CXswpsyUs2J,https://open.spotify.com/track/2npKrjtmVf7CXswpsyUs2J,shadowy suspenseful enigmatic
Dark Emotional Soundscape,Allen Grey,Soundscape Collection,2020-12-09,3OLVpNUec4g85oYL0hQugo,https://open.spotify.com/track/3OLVpNUec4g85oYL0hQugo,shadowy suspenseful enigmatic
"Ambience, Fantasy - Dramatic Shimmering Synth Ambience Fantasy Ambiences",Sound Effects Library,Magical: Sound Effects,2012-05-15,1uUKw1KYoZN2e4z4owZ4Eo,https://open.spotify.com/track/1uUKw1KYoZN2e4z4owZ4Eo,shadowy suspenseful enigmatic
Dark Ambient Music,Alan Samhita,D&D Ambient Music,2022-03-12,1aJmMl0vtRSQPilQvQdpLC,https://open.spotify.com/track/1aJmMl0vtRSQPilQvQdpLC,shadowy suspenseful enigmatic
Suspense Dark Background,cleanmindsounds,Suspense Dark Background,2022-11-30,6kxPsHzBUQ5e2ApZiwHSMH,https://open.spotify.com/track/6kxPsHzBUQ5e2ApZiwHSMH,shadowy suspenseful enigmatic
Mysterious Space Cinematic,cleanmindsounds,Mysterious Space Cinematic,2022-12-30,382CTQh4WWPmVTBPjkoi61,https://open.spotify.com/track/382CTQh4WWPmVTBPjkoi61,shadowy suspenseful enigmatic
Fantasy Instrumental Music,Relax Viking Music,Fantasy Instrumental Music,2021-09-10,7e5Ngko4OnxJETl0kjHiRC,https://open.spotify.com/track/7e5Ngko4OnxJETl0kjHiRC,shadowy suspenseful enigmatic
The Dead are Here,Ambience Mastery,Halloween Ambience (Scary Atmosphere),2022-10-28,01EuPbh8JVZ6OmUXSLBRYc,https://open.spotify.com/track/01EuPbh8JVZ6OmUXSLBRYc,shadowy suspenseful enigmatic
Mysterious Frontier,Figure and Groove,Western Ambiences,2023-02-23,4GJIFaXfucoZQ8kpe5IZbL,https://open.spotify.com/track/4GJIFaXfucoZQ8kpe5IZbL,shadowy suspenseful enigmatic
Dark Suspense,VGM Library,Dungeon Themes,2016-03-11,42HSzQPFNHZC04GfpfoMKR,https://open.spotify.com/track/42HSzQPFNHZC04GfpfoMKR,shadowy suspenseful enigmatic
Coffin Ambience,Shadowdream,Jazz Soundtracks for Embalming,2020-04-10,2Fc2GaVFq2lZvAD6PrexlY,https://open.spotify.com/track/2Fc2GaVFq2lZvAD6PrexlY,shadowy suspenseful enigmatic
Ambient Meditation,Meditation Relax Club,15 Soft Atmospheres: Lucid Dreaming Meditation Relax Club Music to Sleep Through the Night,2020-04-27,5M0Do7jexH7NPrpQwMmVmY,https://open.spotify.com/track/5M0Do7jexH7NPrpQwMmVmY,shadowy suspenseful enigmatic
Magical and Mysterious,Allen Grey,Horror and Suspense,2020-12-09,1n7gtl5QJbV8K2MeYZz5gU,https://open.spotify.com/track/1n7gtl5QJbV8K2MeYZz5gU,shadowy suspenseful enigmatic
Shrooms of Doom,Ambient Realms,"Massive Ambient Music, Vol. 6",2020-03-17,6GRuWAcbM4DTonbDIIhEn7,https://open.spotify.com/track/6GRuWAcbM4DTonbDIIhEn7,shadowy suspenseful enigmatic
Etheral Dungeon,RPG-Tunes,"Mystic Soundscapes, Vol. 1",2021-09-24,2tIJQeFRX1hSHKkgrp97Bh,https://open.spotify.com/track/2tIJQeFRX1hSHKkgrp97Bh,shadowy suspenseful enigmatic
Creepy Night: Haunted Forest pt. 1,Halloween Effects Horror Library,"Creepy Halloween Atmospheres: Scary Horror Ambient for Spooky Night (Haunted Forest, Graveyard, Catacombs)",2021-10-14,10AUflQnj1LzeH9gQRvVJ2,https://open.spotify.com/track/10AUflQnj1LzeH9gQRvVJ2,shadowy suspenseful enigmatic
Mysterious Atmosphere,Sounds Effects Wav Files Studio,Mystery Music. Terrifying Sounds for Scary Atmospheres,2014-01-21,1gEMahUGQ5FvBnK9CLrFEm,https://open.spotify.com/track/1gEMahUGQ5FvBnK9CLrFEm,shadowy suspenseful enigmatic
Dark Ambient,Aquatix,Dark Ambient,2022-11-18,2DdoX0FzwBe26yarvew3gc,https://open.spotify.com/track/2DdoX0FzwBe26yarvew3gc,shadowy suspenseful enigmatic
Ambience - Spooky Forest,The Scary Pumpkins,Sounds from the Crypt,2003-08-05,3HDko0CUTH9Ub0awkooBSw,https://open.spotify.com/track/3HDko0CUTH9Ub0awkooBSw,shadowy suspenseful enigmatic
Magical Sleepy Harp Music Ambience Chapter I,Atmospherious,Magical Sleepy Harp Music Ambience Chapter I,2023-02-01,3AKIbqvXe8K2F9HFOEe2Tx,https://open.spotify.com/track/3AKIbqvXe8K2F9HFOEe2Tx,shadowy suspenseful enigmatic
Inspiring Music,Ambience Fantasy,Instrumental Music for Reading Comics,2022-09-01,6Cbh4nIe0K9x9EIJSPkieZ,https://open.spotify.com/track/6Cbh4nIe0K9x9EIJSPkieZ,shadowy suspenseful enigmatic
Suspense Atmosphere Background,cleanmindsounds,Suspense Atmosphere Background,2022-06-28,6lSTy2bUJaPN4YD4o4VKNi,https://open.spotify.com/track/6lSTy2bUJaPN4YD4o4VKNi,shadowy suspenseful enigmatic
Instrumental Background,Liquid Spirit Out,Music For Relaxation - Quiet Relaxing Music,2017-04-04,2KcU5JQ3Sm7yG3bazSyimK,https://open.spotify.com/track/2KcU5JQ3Sm7yG3bazSyimK,shadowy suspenseful enigmatic
Ghostly Presence,Ambience Mastery,Halloween Ambience (Scary Atmosphere),2022-10-28,4CGOv6xex27SumX8MYSvzp,https://open.spotify.com/track/4CGOv6xex27SumX8MYSvzp,shadowy suspenseful enigmatic
Atmospheric Noir Film,Jazzhop Full Study,"Jazz Noir: Mystery Detective Dark Night Ambience, LoFi Cafè Project",2022-04-26,4ng0UGGkc0yYeZ13hVUhgH,https://open.spotify.com/track/4ng0UGGkc0yYeZ13hVUhgH,shadowy suspenseful enigmatic
Approaching Danger,Background Music Attention,"Gothic, Atmospheric, Dark Ambient",2020-01-13,1D98KKJ0fri0YgpruDK3C9,https://open.spotify.com/track/1D98KKJ0fri0YgpruDK3C9,shadowy suspenseful enigmatic
Whispers in the Dark,Ambient Realms,"Massive Horror Ambience, Vol. 1",2018-10-11,1CIbQLH3iA3fDKnH8Y16v4,https://open.spotify.com/track/1CIbQLH3iA3fDKnH8Y16v4,shadowy suspenseful enigmatic
Ambient Chamber,Ambient Realms,"Massive Ambient Music, Vol. 6",2020-03-17,5tX2yEhUZ11jtK7X0qm8CP,https://open.spotify.com/track/5tX2yEhUZ11jtK7X0qm8CP,shadowy suspenseful enigmatic
"Ambience, Fantasy Dream Atmosphere, Pleasant Feeling, Electronic, Fantasy Ambiences",Sound Effects Library,Magical: Sound Effects,2012-05-15,3JAX0KzzyOoVmxr7XybZWO,https://open.spotify.com/track/3JAX0KzzyOoVmxr7XybZWO,shadowy suspenseful enigmatic
Ambient Natural Sounds,Beautiful Deep Sleep Music Universe,"50 Therapy with Nature Sounds: Relaxing Instrumental Music & Healing Sounds of Tropical Rain Storms, Forest, Waterfalls for Yoga Meditation, Complete Spa Treatment & Deep Sleep",2017-04-20,6PG0t9NeP85w3nmoYlOhqi,https://open.spotify.com/track/6PG0t9NeP85w3nmoYlOhqi,shadowy suspenseful enigmatic
Cemetery Steps (Death Ambient),The Darker Star,"Dark Ambient: Dark Ambient Music, Atmosphere Music, Solitude and Melancholy",2012-09-03,6wXXysaXVViDr8pVIyFftq,https://open.spotify.com/track/6wXXysaXVViDr8pVIyFftq,shadowy suspenseful enigmatic
Ambient Cinematic Adventure,DS Productions,Ambient Cinematic Adventure,2020-06-24,6z7z8Lqs42D90ET21mmSOm,https://open.spotify.com/track/6z7z8Lqs42D90ET21mmSOm,shadowy suspenseful enigmatic
Occult Ritual Music,Background Music Attention,"Gothic, Atmospheric, Dark Ambient",2020-01-13,1xVcM9JIIx5Hyv5PzW0ZGN,https://open.spotify.com/track/1xVcM9JIIx5Hyv5PzW0ZGN,shadowy suspenseful enigmatic
Mysterons Theme,Radio Science Orchestra,Mysterons Theme,2019-11-08,0sliCazBkrrX6OqVkqaW9F,https://open.spotify.com/track/0sliCazBkrrX6OqVkqaW9F,shadowy suspenseful enigmatic
Ancient Forest,Ambient Realms,"Massive Ambient Music, Vol. 4",2016-08-18,6xXBElVjQZRT7VfMNeHxPT,https://open.spotify.com/track/6xXBElVjQZRT7VfMNeHxPT,shadowy suspenseful enigmatic
Medieval Fantasy City Stores,Ambience Mastery,Epic Fantasy Adventures (Orchestral Instrumentals),2022-03-12,2oGyIRCBpeuuQIHcvvcNKq,https://open.spotify.com/track/2oGyIRCBpeuuQIHcvvcNKq,shadowy suspenseful enigmatic
Memories From The Past,The Vault of Ambience,Fantasy Music & Ambience,2022-02-24,1qtUOc6EhaMH16DgKux8mV,https://open.spotify.com/track/1qtUOc6EhaMH16DgKux8mV,shadowy suspenseful enigmatic
Haunted Forest Sounds,The Guild of Ambience,Haunted Forest Sounds,2018-11-01,1t9NbF4DmtCyVruktXFmOe,https://open.spotify.com/track/1t9NbF4DmtCyVruktXFmOe,shadowy suspenseful enigmatic
Uncoded Symbols,Avith Ortega,Impotence,2014-10-05,65Pgkn7LzZtuPKLl4Id70Q,https://open.spotify.com/track/65Pgkn7LzZtuPKLl4Id70Q,shadowy suspenseful enigmatic
Cozy Forest Nook,The Vault of Ambience,Cozy Forest Nook,2024-02-04,7tDYh7z8xRHGdWi38ol36A,https://open.spotify.com/track/7tDYh7z8xRHGdWi38ol36A,shadowy suspenseful enigmatic
Dark Ambient,Ambient Space Background,Dark Ambient 2019 - 3 Hours of Deep Space Relaxation,2019-06-29,3jaaHy1d1o8Ajmn05LogsY,https://open.spotify.com/track/3jaaHy1d1o8Ajmn05LogsY,shadowy suspenseful enigmatic
Tension Suspense Mystery Ambient Atmosphere Crime Scene Theme 002,Background Music Soundtrack,Tension Building Ambient Atmosphere Crime Scene Music,2019-02-25,0KwIKKsFQaAMAEheNr0Zfo,https://open.spotify.com/track/0KwIKKsFQaAMAEheNr0Zfo,shadowy suspenseful enigmatic
Magical Night of Hauntings,Ambience Mastery,Halloween Ambience (Scary Atmosphere),2022-10-28,4Qx664kqVTpcblyeytxz6J,https://open.spotify.com/track/4Qx664kqVTpcblyeytxz6J,shadowy suspenseful enigmatic
Sombre Moments,Ambience Mastery,Foggy Day Ambience,2022-04-08,4mJPwhISoeYRsvCBe2Brp8,https://open.spotify.com/track/4mJPwhISoeYRsvCBe2Brp8,shadowy suspenseful enigmatic
Spooky Night,Ambient Realms,"Massive Ambient Music, Vol.3",2016-01-14,4TzgwjSIWrfZzlJpsxpNvT,https://open.spotify.com/track/4TzgwjSIWrfZzlJpsxpNvT,shadowy suspenseful enigmatic
Dark Emotive Suspense,Austin Fray,Dark Emotive Suspense,2017-01-27,3ywkERNrsEvOJQDXeBWR77,https://open.spotify.com/track/3ywkERNrsEvOJQDXeBWR77,shadowy suspenseful enigmatic
Black Forest,Background Music Attention,"Gothic, Atmospheric, Dark Ambient",2020-01-13,6cqalbFTGpPbYkZuLjaLcw,https://open.spotify.com/track/6cqalbFTGpPbYkZuLjaLcw,shadowy suspenseful enigmatic
Cinematic Ambient Piano,Dmitriy Sevostyanov,Inspiring Piano,2022-08-17,2bFrilsMXQgtORwD5nAks4,https://open.spotify.com/track/2bFrilsMXQgtORwD5nAks4,shadowy suspenseful enigmatic
Mysterious Anticipation,Dream Cave,Blunt Instrument,2014-11-07,5pVTIuKLANQ1xKvNSRdgc8,https://open.spotify.com/track/5pVTIuKLANQ1xKvNSRdgc8,shadowy suspenseful enigmatic
Mystery Music,Background Music for Videos,"Background Music, Vol. 4",2022-02-18,4HUpZtBoYfBx810DXOiUAc,https://open.spotify.com/track/4HUpZtBoYfBx810DXOiUAc,shadowy suspenseful enigmatic
Factory of Fears,Background Music Attention,"Gothic, Atmospheric, Dark Ambient",2020-01-13,4SpZHkjRMRIPnbqu5Htyb6,https://open.spotify.com/track/4SpZHkjRMRIPnbqu5Htyb6,shadowy suspenseful enigmatic
Super Slow Ambient Mood Music,Cool Instrumental Jazz Collective,Smooth Coffee House Jazz Background,2019-09-08,5TfvSegKpmIfCFlEPcZ4IG,https://open.spotify.com/track/5TfvSegKpmIfCFlEPcZ4IG,shadowy suspenseful enigmatic
Grace (Ambient Background Music),Fearless Motivation Instrumentals,Grace (Ambient Background Music),2018-10-25,6gQoGhv1FkAISvtpJfshDz,https://open.spotify.com/track/6gQoGhv1FkAISvtpJfshDz,shadowy suspenseful enigmatic
Witches and Ghosts,Ambience Mastery,Halloween Ambience (Scary Atmosphere),2022-10-28,5wqDfebfCgII0FdyzUfIcP,https://open.spotify.com/track/5wqDfebfCgII0FdyzUfIcP,shadowy suspenseful enigmatic
A Horror Soundscape Ambient Pad,Bobby Cole,Monsters Live Inside Us,2018-10-29,1o5zCMRP2zFpl919gFQP5C,https://open.spotify.com/track/1o5zCMRP2zFpl919gFQP5C,shadowy suspenseful enigmatic
The Beauty of Darkness,Ambience Mastery,Gothic Horror Ambience,2022-11-26,5jK10YaysqrkboRFBE1FwM,https://open.spotify.com/track/5jK10YaysqrkboRFBE1FwM,shadowy suspenseful enigmatic
Dark Lands,Ambient Realms,"Massive Ambient Music, Vol.1",2015-03-16,7MeFkL7PDRv8WD04qYPIu0,https://open.spotify.com/track/7MeFkL7PDRv8WD04qYPIu0,shadowy suspenseful enigmatic
Dark Forest,Fringe Element,Crimson,2017-09-08,4tcbEjO54b3nLOD6ViprNe,https://open.spotify.com/track/4tcbEjO54b3nLOD6ViprNe,shadowy suspenseful enigmatic
Dark Castle,Ambient Realms,"Massive Ambient Music, Vol.3",2016-01-14,092bnHjnpOAMFcowHZuAe7,https://open.spotify.com/track/092bnHjnpOAMFcowHZuAe7,shadowy suspenseful enigmatic
Graveyard,Ken Elkinson,"Ambient Holidays, Vol. 3 (Halloween Ambient)",2013-08-06,74XAV02Dy4dVVK1XVTfqxN,https://open.spotify.com/track/74XAV02Dy4dVVK1XVTfqxN,shadowy suspenseful enigmatic
Dark Ambient New Age,Soundscapes,Soundscapes – Ambient Sounds Relaxation Music,2015-01-13,6nVQaq1wGd0wu45w5RAr8G,https://open.spotify.com/track/6nVQaq1wGd0wu45w5RAr8G,shadowy suspenseful enigmatic
Ambient Suspense Cinematic,cleanmindsounds,Ambient Suspense Cinematic,2022-08-30,5mrCzophlhYmi9bpfcUx01,https://open.spotify.com/track/5mrCzophlhYmi9bpfcUx01,shadowy suspenseful enigmatic
"Ambience, Fantasy - Eerie Synth Drone, Horror Fantasy Ambiences",Sound Effects Library,Magical: Sound Effects,2012-05-15,79qE5kWoGxp0VRgMvknBD2,https://open.spotify.com/track/79qE5kWoGxp0VRgMvknBD2,shadowy suspenseful enigmatic
Sad and Dramatic Music,Inside Your Soul,"Sad and Dramatic Music: Dark Ambient Collection, Synth Relaxation",2019-11-30,02SYCJRLrMB42KVhbGP56m,https://open.spotify.com/track/02SYCJRLrMB42KVhbGP56m,shadowy suspenseful enigmatic
Magical Fairy Forest (Shroomland at Night),The Vault of Ambience,Magical Fairy Forest (Shroomland at Night),2022-11-04,5bGLKm6WcYrc1ytqmXvF4L,https://open.spotify.com/track/5bGLKm6WcYrc1ytqmXvF4L,shadowy suspenseful enigmatic
Mysterious Land,Electric Dreams,Halloween Ambience,2014-09-24,54dRBswKtaPRnaP1Ig2a9i,https://open.spotify.com/track/54dRBswKtaPRnaP1Ig2a9i,shadowy suspenseful enigmatic
Instrumental Background Music,Calm Music Zone,"Meditation 111 Songs: Deep Regeneration Ambient Music for Relaxation Yoga, Natural Healing Sounds for Massage and Spa",2016-03-09,1mVmnoSf46bQrJPkxtp579,https://open.spotify.com/track/1mVmnoSf46bQrJPkxtp579,shadowy suspenseful enigmatic
Hollow Forest,Ambient Realms,"Massive Ambient Music, Vol. 5",2019-01-01,3RiDHE1LxdJc6Ma7W20ouF,https://open.spotify.com/track/3RiDHE1LxdJc6Ma7W20ouF,shadowy suspenseful enigmatic
Creepy Ambience,Ambient Nature,Creepy Ambience,2022-11-29,41Snl4kg5YwWbqQdX7l7J0,https://open.spotify.com/track/41Snl4kg5YwWbqQdX7l7J0,shadowy suspenseful enigmatic
Sparkling Ambient,Library Of The Human Soul,Christmas (Ambient Edition),2016-01-10,6hERuOFT9LH87JrX4fSaYL,https://open.spotify.com/track/6hERuOFT9LH87JrX4fSaYL,shadowy suspenseful enigmatic
Suspense Instrumental Dramatic,SONG TRILHAS,Suspense Instrumental Dramatic,2022-05-15,4C5iPmSBFdRNuTMlFO9TgW,https://open.spotify.com/track/4C5iPmSBFdRNuTMlFO9TgW,shadowy suspenseful enigmatic
"Creepy, Dark, Scary Halloween Ambient",Creepy Razy,"Spooky Halloween Music: Creepy, Dark, Scary Halloween Ambient Music",2020-10-02,37yn6nSLPmkMGVLqOrlxwF,https://open.spotify.com/track/37yn6nSLPmkMGVLqOrlxwF,shadowy suspenseful enigmatic
Forest is Dark,Scary Halloween Night Ambient,"Dark Background Music for Scary Halloween Night: Creepy Sounds, Demonic Vibe, Spooky Forest, Haunted Soul",2021-10-13,5CNMip2enn6dFziF3GMiMP,https://open.spotify.com/track/5CNMip2enn6dFziF3GMiMP,shadowy suspenseful enigmatic
"Ambience, Fantasy Evolving Environment, Ambience, Fantasy Ambiences",Sound Effects Library,Magical: Sound Effects,2012-05-15,5rhn2h9Q9XGEgjWR7nIAkO,https://open.spotify.com/track/5rhn2h9Q9XGEgjWR7nIAkO,shadowy suspenseful enigmatic
Haunt,Ken Elkinson,"Ambient Holidays, Vol. 3 (Halloween Ambient)",2013-08-06,20SOnEiy78NJ0s7QnreM4t,https://open.spotify.com/track/20SOnEiy78NJ0s7QnreM4t,shadowy suspenseful enigmatic
Bloody Midnight,Background Music Attention,"Gothic, Atmospheric, Dark Ambient",2020-01-13,3DsSoY4kXheASGbnFHzbEO,https://open.spotify.com/track/3DsSoY4kXheASGbnFHzbEO,shadowy suspenseful enigmatic
Ambient Piano Spa Music,Massage Music,Massage Music,2005-04-01,1iGicdBbtzFDbU4MAvKYpH,https://open.spotify.com/track/1iGicdBbtzFDbU4MAvKYpH,shadowy suspenseful enigmatic
Whispers from the Haunted Forest,Spooky Soundscapes Studio,Whispers from the Haunted Forest,2024-10-31,6iQ7RhzCr5cYN7KJ4iKq7S,https://open.spotify.com/track/6iQ7RhzCr5cYN7KJ4iKq7S,shadowy suspenseful enigmatic
Lavendar,Ambient Realms,"Massive Ambient Music, Vol.1",2015-03-16,0ikIhYEtfurcvzNdWA7IuM,https://open.spotify.com/track/0ikIhYEtfurcvzNdWA7IuM,shadowy suspenseful enigmatic
Darker Forces,Shadow's Symphony,Fairvale Funeral Parlor,2012-09-18,7BX4q8muVLtzCDmOmZh4db,https://open.spotify.com/track/7BX4q8muVLtzCDmOmZh4db,shadowy suspenseful enigmatic
Instrumental Music for Reading Comics,Ambience Fantasy,Instrumental Music for Reading Comics,2022-09-01,5sRJrZTz0sG300DbLTZUZh,https://open.spotify.com/track/5sRJrZTz0sG300DbLTZUZh,shadowy suspenseful enigmatic
"Ambience, Fantasy Dream Atmosphere, Emptiness, Electronic, Fantasy Ambiences",Sound Effects Library,Magical: Sound Effects,2012-05-15,5eO4UqB2fhvWaAN7VayNVW,https://open.spotify.com/track/5eO4UqB2fhvWaAN7VayNVW,shadowy suspenseful enigmatic
Haunting Winds,Ambient Realms,"Massive Ambient Music, Vol. 4",2016-08-18,5VFwgtAvvTbMhnUas1HN3I,https://open.spotify.com/track/5VFwgtAvvTbMhnUas1HN3I,shadowy suspenseful enigmatic
Enchanted Spell,Spooky Music,Atmospheric Spooky Music,2024-12-09,1FDcH1QgfGwR6zL3qqajaa,https://open.spotify.com/track/1FDcH1QgfGwR6zL3qqajaa,shadowy suspenseful enigmatic
"Ambience, Fantasy - Mysterious Space Drone with High Pitched Shimmering, Sci Fi, Synth Fantasy Ambiences, Authentic Sound Effects",Sound Effects Library,Magical: Sound Effects,2012-05-15,3o3L2fEYxpgW3IcQoCHMOG,https://open.spotify.com/track/3o3L2fEYxpgW3IcQoCHMOG,shadowy suspenseful enigmatic
"Ambience, Fantasy Dream Atmosphere, Nightmare, Electronic, Fantasy Ambiences",Sound Effects Library,Magical: Sound Effects,2012-05-15,7HVKk92BN64Cx5SUgNaJRW,https://open.spotify.com/track/7HVKk92BN64Cx5SUgNaJRW,shadowy suspenseful enigmatic
Shadows of Space,Ambient Realms,"Massive Ambient SciFi Music, Vol. 1",2016-11-03,1bxBH77Cod6wVxeJ431X8p,https://open.spotify.com/track/1bxBH77Cod6wVxeJ431X8p,shadowy suspenseful enigmatic
Dark Ambience,Dark Ambience,Dark Ambience,2016-03-31,2QoTrnSDvCwOeBRjW6KEHQ,https://open.spotify.com/track/2QoTrnSDvCwOeBRjW6KEHQ,shadowy suspenseful enigmatic
Eerie / Horror Ambient Background Effect 1,HQ Sound FX,Eerie Ambience,2014-10-27,0PxkjHkcycTMEksKHGK2jA,https://open.spotify.com/track/0PxkjHkcycTMEksKHGK2jA,shadowy suspenseful enigmatic
A Gothic Haunted House,Ambience Mastery,Halloween Ambience (Scary Atmosphere),2022-10-28,1ie2sCYglWzshugx9Orsn9,https://open.spotify.com/track/1ie2sCYglWzshugx9Orsn9,shadowy suspenseful enigmatic
Ambient Atmospheres,Guitar Instrumentals,Guitar Music Ambience,2023-05-05,6S8RhtmVZhROeO1tZvQx8T,https://open.spotify.com/track/6S8RhtmVZhROeO1tZvQx8T,shadowy suspenseful enigmatic
Dark Crystal,Ambient Realms,"Massive Ambient SciFi Music, Vol. Two",2018-02-05,7dwpzdrusuIKHhn7QbRxnJ,https://open.spotify.com/track/7dwpzdrusuIKHhn7QbRxnJ,shadowy suspenseful enigmatic
Lights Ambient,Library Of The Human Soul,Christmas (Ambient Edition),2016-01-10,764GGhDlVo4DwsQVDno6vs,https://open.spotify.com/track/764GGhDlVo4DwsQVDno6vs,shadowy suspenseful enigmatic
Mysterious,Sexy Erotic Halloween,"Evil Music - Mysterious, Macabre Ambient",2019-06-11,0gaMt4cxzCoBYWG2DhsEvI,https://open.spotify.com/track/0gaMt4cxzCoBYWG2DhsEvI,shadowy suspenseful enigmatic
Footsteps in the Night,Ambience Mastery,Gothic Horror Ambience,2022-11-26,6Qr2ZmI7cjwrdi3nWk0b8D,https://open.spotify.com/track/6Qr2ZmI7cjwrdi3nWk0b8D,shadowy suspenseful enigmatic
Rust Covered Opulence,Shadow's Symphony,The Funereal Age Descends,2021-10-23,3eO4YCkgmJIYOBJN1JuEMz,https://open.spotify.com/track/3eO4YCkgmJIYOBJN1JuEMz,shadowy suspenseful enigmatic
Drone Cinematic Mysterious,Romansenykmusic,Soft Cinematic Soundtracks,2020-03-19,5aApxor8FvEgFWPHwdVk9L,https://open.spotify.com/track/5aApxor8FvEgFWPHwdVk9L,shadowy suspenseful enigmatic
Hidden Agenda,Experia,Hidden Agenda,2017-07-07,3uwKlvKFx6Xh7Swwa2DWZa,https://open.spotify.com/track/3uwKlvKFx6Xh7Swwa2DWZa,shadowy suspenseful enigmatic
Epilogue,Shah,Shadows,2022-01-21,4ULf2dXsyQRU4dFc9VXoX5,https://open.spotify.com/track/4ULf2dXsyQRU4dFc9VXoX5,shadowy suspenseful enigmatic
Halloween Background Music Spooky Scary Party Mix Movie Instrumental Haunting Ambient Chill,Inspirational Vibes,"Halloween Background Music Spooky Scary Party Mix Movie Instrumental Dark Haunted Beats Cinematic Horror Vibes | Creepy Ambience, Eerie Soundtrack, Haunted House Atmosphere, Scary Halloween Playlist",2025-10-11,3Y3cYMdjGYOdjDGB5UFZGu,https://open.spotify.com/track/3Y3cYMdjGYOdjDGB5UFZGu,shadowy suspenseful enigmatic
Somber,Ambient Realms,"Massive Horror Ambience, Vol. 1",2018-10-11,0nxNs2cXI7R7WJ2TSahT23,https://open.spotify.com/track/0nxNs2cXI7R7WJ2TSahT23,shadowy suspenseful enigmatic
Ambient Cinematic Suspense,cleanmindsounds,Ambient Cinematic Suspense,2022-11-30,56dZYoeou8fgCZM1LhOcnP,https://open.spotify.com/track/56dZYoeou8fgCZM1LhOcnP,shadowy suspenseful enigmatic
Dark Ambient Playlist,Theodor Time,"Dark Ambient Playlist: Relaxing Drone Music, Electronic Synth Music for Study, Concentration, Focus",2019-11-30,0CFxP8KedOWqypwpDzqL5n,https://open.spotify.com/track/0CFxP8KedOWqypwpDzqL5n,shadowy suspenseful enigmatic
Music for Reading,Ambience Fantasy,Instrumental Music for Reading Comics,2022-09-01,1BFJCa7Txm7XaBOyW4Uaio,https://open.spotify.com/track/1BFJCa7Txm7XaBOyW4Uaio,shadowy suspenseful enigmatic
haunting melodies of dark shadows,Dark Ambiental Orchestra,haunting melodies of dark shadows,2023-05-05,1sDHfTWYEFLs9ZURC5rXP0,https://open.spotify.com/track/1sDHfTWYEFLs9ZURC5rXP0,shadowy suspenseful enigmatic
Gothic Buildings,Ambience Mastery,Foggy Day Ambience,2022-04-08,004VJHVy37dzUfzMt4WXUX,https://open.spotify.com/track/004VJHVy37dzUfzMt4WXUX,shadowy suspenseful enigmatic
Mansion of Secrets,Waterflame,Spooky Ambience,2022-10-28,7lmhGeebi9NHy3RyhO714k,https://open.spotify.com/track/7lmhGeebi9NHy3RyhO714k,shadowy suspenseful enigmatic
Strange Shadows,Edward Eclipse,"Evil Background Songs - Spooky Scary Music, Dark Ambient Horror Story Background",2017-10-13,6ZpwcWwpA3ndwgmIF4MF6o,https://open.spotify.com/track/6ZpwcWwpA3ndwgmIF4MF6o,shadowy suspenseful enigmatic
"Ambience, Fantasy - Shimmering Synth Ambience in Eb Major, Music Fantasy Ambiences",Sound Effects Library,Magical: Sound Effects,2012-05-15,3zZVB89O0NdLRoXXdBt6LC,https://open.spotify.com/track/3zZVB89O0NdLRoXXdBt6LC,shadowy suspenseful enigmatic
Mystic Air,Ambient Realms,"Massive Ambient Music, Vol. 7",2020-03-17,4bMGYy1HDLpbLhx0kw1AXw,https://open.spotify.com/track/4bMGYy1HDLpbLhx0kw1AXw,shadowy suspenseful enigmatic
Ambient Sounds - Original Mix,Cryptex,Isolated Incidents,2014-11-15,4tGqQUemrFAKZ6Ao11Sfl5,https://open.spotify.com/track/4tGqQUemrFAKZ6Ao11Sfl5,shadowy suspenseful enigmatic
"Ambience, Fantasy Dream Atmosphere, Hallucination, Strange Voices, Electronic, Fantasy Ambiences, Sfx",Sound Effects Library,Magical: Sound Effects,2012-05-15,2cu3S9PUuis54tEZIVQ6ce,https://open.spotify.com/track/2cu3S9PUuis54tEZIVQ6ce,shadowy suspenseful enigmatic
Dark Passage,Ambient Realms,"Massive Ambient Music, Vol. 4",2016-08-18,3DRN4xTMPxuuEb7Lr4Oaku,https://open.spotify.com/track/3DRN4xTMPxuuEb7Lr4Oaku,shadowy suspenseful enigmatic
Mysterious,Alphaxone,Tomb of Empires,2014-12-19,0ZSHT8qBpxOIGoKxEslL4V,https://open.spotify.com/track/0ZSHT8qBpxOIGoKxEslL4V,shadowy suspenseful enigmatic
Dark Inns,Ambience Fantasy,RPG Bard Music - Rainy Fantasy Game Tavern OST,2019-06-25,6dSvC7fPSYBe07SP8cu0zw,https://open.spotify.com/track/6dSvC7fPSYBe07SP8cu0zw,shadowy suspenseful enigmatic
Desert of Despair,Ambient Realms,"Massive Ambient Music, Vol. 5",2019-01-01,2IPDL70wINxTSy5DmS8CwE,https://open.spotify.com/track/2IPDL70wINxTSy5DmS8CwE,shadowy suspenseful enigmatic
Mysterons,Dave O'Brien,Mystery Train,2022-04-29,4cBusmZH8lli7ofPQpl8Nz,https://open.spotify.com/track/4cBusmZH8lli7ofPQpl8Nz,shadowy suspenseful enigmatic
Abandoned Ruins Ambience,Ambience Lab,Environmental Soundscapes: Chapter 1,2019-12-16,4aImhZwq1wshT2Zp7EOEnS,https://open.spotify.com/track/4aImhZwq1wshT2Zp7EOEnS,shadowy suspenseful enigmatic
Read My Mind,Ambience Fantasy,Instrumental Music for Reading Comics,2022-09-01,4A38fGbBBINeV211ICE4E4,https://open.spotify.com/track/4A38fGbBBINeV211ICE4E4,shadowy suspenseful enigmatic
A Futuristic Lounge,Ambience Mastery,Cyberpunk Epic City Ambience,2022-11-26,67oftYQbCeOJnOm3k5ZLK2,https://open.spotify.com/track/67oftYQbCeOJnOm3k5ZLK2,shadowy suspenseful enigmatic
Strange Dream,Ambient Realms,"Massive Horror Ambience, Vol. 1",2018-10-11,2p15YCvz2PYrdwr93tYxuO,https://open.spotify.com/track/2p15YCvz2PYrdwr93tYxuO,shadowy suspenseful enigmatic
Extra Terrestrial,Dynamic Music,Eerie Analogue Tension,2017-02-23,6YSHUw1Uv9iRNx1PEqlHhS,https://open.spotify.com/track/6YSHUw1Uv9iRNx1PEqlHhS,shadowy suspenseful enigmatic
Hunter,Ambient Realms,"Massive Horror Ambience, Vol. 1",2018-10-11,1bWsZmo2nry9MSNFHYIdT9,https://open.spotify.com/track/1bWsZmo2nry9MSNFHYIdT9,shadowy suspenseful enigmatic
Dark Shadows,The Darker Star,"Dark Ambient: Dark Ambient Music, Atmosphere Music, Solitude and Melancholy",2012-09-03,0a4GDP8QtCHD3zP9FmtddS,https://open.spotify.com/track/0a4GDP8QtCHD3zP9FmtddS,shadowy suspenseful enigmatic
Mysteries,Brian Estes,Mysteries,2020-04-10,34oBxNHYN9FdjAP59cLcY8,https://open.spotify.com/track/34oBxNHYN9FdjAP59cLcY8,shadowy suspenseful enigmatic
"Ambience, Fantasy - Eerie Synth Swarm, High Pitched Shimmering, Horror Fantasy Ambiences, Greatest Sound Effects",Sound Effects Library,Magical: Sound Effects,2012-05-15,13kqaOEMPT0olZBiWL49hq,https://open.spotify.com/track/13kqaOEMPT0olZBiWL49hq,shadowy suspenseful enigmatic
Ambient Piano Soundscape,Allen Grey,Soundscape Collection,2020-12-09,7BbHs9LSiiODXcnQLVKZJ2,https://open.spotify.com/track/7BbHs9LSiiODXcnQLVKZJ2,shadowy suspenseful enigmatic
Shadow Huntress,Ambient Realms,"Massive Ambient Music, Vol. 2",2015-02-23,64Guz2Ek0l2KivazWePitO,https://open.spotify.com/track/64Guz2Ek0l2KivazWePitO,shadowy suspenseful enigmatic
Suspense Mystical Tension Music,DepasRec,Suspense Mystical Tension Music,2018-09-13,0bBy9IhY7wuy5rXmLXAo1L,https://open.spotify.com/track/0bBy9IhY7wuy5rXmLXAo1L,shadowy suspenseful enigmatic
Ambient Space Background Music,Ambient Space Background,Ambient Sleep - Space Music Meditation,2022-05-31,1PzuNegNVaU2CUSlUX1J4r,https://open.spotify.com/track/1PzuNegNVaU2CUSlUX1J4r,shadowy suspenseful enigmatic
Mystical Forest Ambience,Mystical Forest Sounds,Mystical Forest Sounds,2022-02-24,1s6EKJ8AmigWh2Xaq8ecVU,https://open.spotify.com/track/1s6EKJ8AmigWh2Xaq8ecVU,shadowy suspenseful enigmatic
Ominous Ambient Background Music II,Blackmid,Ominous Ambient Background Music,2024-09-23,3J5rkq06wxzlrHZGzgfUEN,https://open.spotify.com/track/3J5rkq06wxzlrHZGzgfUEN,shadowy suspenseful enigmatic
In The Library,Ambience Fantasy,Instrumental Music for Reading Comics,2022-09-01,2S2l1KzILc3zRz6rZDMAPn,https://open.spotify.com/track/2S2l1KzILc3zRz6rZDMAPn,shadowy suspenseful enigmatic
ambient dark music,Halloween Sounds Collective,* HALLOWEEN MUSIC *,2023-02-06,7kgObsw0jcdm2lbHg9qaFy,https://open.spotify.com/track/7kgObsw0jcdm2lbHg9qaFy,shadowy suspenseful enigmatic
Inspiration Ambient,Alan Al,Instrumental,2017-01-07,1us4L9XcHORhuYGJ5BYV1N,https://open.spotify.com/track/1us4L9XcHORhuYGJ5BYV1N,shadowy suspenseful enigmatic
Underground Ambient Space Locker,Bobby Cole,"Dreamtime - New Age - Atmospheres, Vol. 1",2011-06-01,2MLuPNzkYXJ8ac8WOyeEub,https://open.spotify.com/track/2MLuPNzkYXJ8ac8WOyeEub,shadowy suspenseful enigmatic
Heavenly Sounds,Ambience Fantasy,Fantasy Lullaby Music: 22 Enchanted Majestic Orchestral Tracks,2022-07-08,3UZdVVcb5EG2QP5G30iUGj,https://open.spotify.com/track/3UZdVVcb5EG2QP5G30iUGj,shadowy suspenseful enigmatic
Eerie Instrumental,Creepy Carnival Songs,Haunted Harmonies 2024,2024-10-12,22XnOAx6tZuIPFgCY6VPyg,https://open.spotify.com/track/22XnOAx6tZuIPFgCY6VPyg,shadowy suspenseful enigmatic
Whispers - Instrumental,Michael Ghelfi,Fantasy Music Hoard 1: Journeys,2020-04-24,5E0voI7CptJDqAeqnsvtoB,https://open.spotify.com/track/5E0voI7CptJDqAeqnsvtoB,shadowy suspenseful enigmatic
Dark Fog,Ambient Realms,"Massive Ambient Music, Vol. 4",2016-08-18,6vbZELt8D3cufqJTG5Xgvp,https://open.spotify.com/track/6vbZELt8D3cufqJTG5Xgvp,shadowy suspenseful enigmatic
Mysteries of the Dark Enchanted Forest,Ambience Mastery,A Haunted and Magical World (Dark Fairytale Music),2023-03-13,0jq4P4uv9l7zGMRAcpNhUv,https://open.spotify.com/track/0jq4P4uv9l7zGMRAcpNhUv,shadowy suspenseful enigmatic
Haunting Secrets,Ambience Mastery,All Hallows' Eve (Scary Ambience),2022-10-19,7fuoDJpsLXoGL8QwkKAuPj,https://open.spotify.com/track/7fuoDJpsLXoGL8QwkKAuPj,shadowy suspenseful enigmatic
"Ambience, Fantasy - Mysterious Space Drone with High Pitched Shimmering, Sci Fi, Synth Fantasy Ambiences",Sound Effects Library,Magical: Sound Effects,2012-05-15,1nEVx2jF2aCl9hokij9tnL,https://open.spotify.com/track/1nEVx2jF2aCl9hokij9tnL,shadowy suspenseful enigmatic
Ethereal Atmosphere,Allen Grey,Soundscape Collection,2020-12-09,4a2K7BWR4QX88opDDYjjlS,https://open.spotify.com/track/4a2K7BWR4QX88opDDYjjlS,shadowy suspenseful enigmatic
Mystical Forest Ambience,Nature Sounds,180 Nature Sounds,2012-04-10,3mSLgh0wnz2uqjJieJisBM,https://open.spotify.com/track/3mSLgh0wnz2uqjJieJisBM,shadowy suspenseful enigmatic
Gothic Ambient with Thunder (Ambient Music),The Darker Star,"Dark Ambient: Dark Ambient Music, Atmosphere Music, Solitude and Melancholy",2012-09-03,4d3ikQvSAqri4WpO3qmykG,https://open.spotify.com/track/4d3ikQvSAqri4WpO3qmykG,shadowy suspenseful enigmatic
"Ambience, Fantasy Dream Atmosphere, Uncertainty, Electronic, Fantasy Ambiences, Sound FX",Sound Effects Library,Magical: Sound Effects,2012-05-15,7pP9T0UDS8si36NjULNvrI,https://open.spotify.com/track/7pP9T0UDS8si36NjULNvrI,shadowy suspenseful enigmatic
Scary Ambient Music,Elizabeth Mor,Scary Night,2017-11-02,4OZURclkTch3NL5Jr7OcLJ,https://open.spotify.com/track/4OZURclkTch3NL5Jr7OcLJ,shadowy suspenseful enigmatic
Reanimated Enchanted,Spooky Music,Atmospheric Spooky Music,2024-12-09,0KXJ4QCvvCDXpblXT7o6o0,https://open.spotify.com/track/0KXJ4QCvvCDXpblXT7o6o0,shadowy suspenseful enigmatic
Epic Darkness,Ambient Realms,"Massive Horror Ambience Music, Vol. 2",2020-10-13,2QbEuOzOpNNQr1eVCekhOk,https://open.spotify.com/track/2QbEuOzOpNNQr1eVCekhOk,shadowy suspenseful enigmatic
The Beauty of Horror,Ambience Mastery,Halloween Ambience (Scary Atmosphere),2022-10-28,5OSSN3ZbeHfRpqhY1GZVeI,https://open.spotify.com/track/5OSSN3ZbeHfRpqhY1GZVeI,shadowy suspenseful enigmatic
Suspense Documentary Mystical,cleanmindsounds,Suspense Documentary Mystical,2022-08-30,46RwWabif6X4T57nOcRd7D,https://open.spotify.com/track/46RwWabif6X4T57nOcRd7D,shadowy suspenseful enigmatic
Mystic Cavern,Ambient Realms,"Massive Ambient Music, Vol.3",2016-01-14,5ddpX1N8A0xNkYYhu0PrqX,https://open.spotify.com/track/5ddpX1N8A0xNkYYhu0PrqX,shadowy suspenseful enigmatic
Melancholic Ambient Cinematic,cleanmindsounds,Melancholic Ambient Cinematic,2022-12-30,4yb5atua5uahIwODVz7tXH,https://open.spotify.com/track/4yb5atua5uahIwODVz7tXH,shadowy suspenseful enigmatic
Dangerous Forests,Experia,The Enemy Inside,2011-06-10,0PN7cclMsVPFCy7pPrca7J,https://open.spotify.com/track/0PN7cclMsVPFCy7pPrca7J,shadowy suspenseful enigmatic
Ambiance Mystère,Raf21,Huit Femmes (Original Theater Soundtrack),2020-02-25,5v2mPBha4iqP4E2yOThcWw,https://open.spotify.com/track/5v2mPBha4iqP4E2yOThcWw,shadowy suspenseful enigmatic
House in Forest,Ah2,Airy Enchanting Mysteries,2019-08-17,7HztC6GYoWFlZnzmriR1uZ,https://open.spotify.com/track/7HztC6GYoWFlZnzmriR1uZ,shadowy suspenseful enigmatic
Enigma,Mathbonus,Enigma,2021-08-13,7zXfqvdW2DjaKBN0dDlKQK,https://open.spotify.com/track/7zXfqvdW2DjaKBN0dDlKQK,shadowy suspenseful enigmatic
Eerie Abandoned Mansion,Creepy SFX,Creepy Asylum Ambient,2024-09-13,63AMySBxTEYP9P6MRQerQr,https://open.spotify.com/track/63AMySBxTEYP9P6MRQerQr,shadowy suspenseful enigmatic
The Grand Halls,Ambient Realms,"Massive Ambient Music, Vol. 5",2019-01-01,7ltquk4X9ifbYnroSZeEki,https://open.spotify.com/track/7ltquk4X9ifbYnroSZeEki,shadowy suspenseful enigmatic
Suspense Ambient,cleanmindsounds,Suspense Ambient,2022-01-06,61v99JceWqpkbfAlKBKf3T,https://open.spotify.com/track/61v99JceWqpkbfAlKBKf3T,shadowy suspenseful enigmatic
Suspenseful Cinematic Background,cleanmindsounds,Suspenseful Cinematic Background,2022-10-29,1ezHvmnywDUKk7Ya7Qlhsq,https://open.spotify.com/track/1ezHvmnywDUKk7Ya7Qlhsq,shadowy suspenseful enigmatic
Rainy Day (Reading Music),Ambience Fantasy,Instrumental Music for Reading Comics,2022-09-01,0kmvW5pmRjgSpPM5jP4S37,https://open.spotify.com/track/0kmvW5pmRjgSpPM5jP4S37,shadowy suspenseful enigmatic
Chill Instrumental,Miami Chill Music Ensemble,Ambient Relaxation Chill Music Cool Instrumental Songs for Chilling Out,2020-11-11,1VTB33dnY01cLxItKfMYr4,https://open.spotify.com/track/1VTB33dnY01cLxItKfMYr4,shadowy suspenseful enigmatic
Dark Ambient,The Darker Star,"Dark Ambient Music - Nature Sounds, Creepy Soundscapes with Rain Background Sound",2015-10-22,1lnxNl3POaE5vCHMactzg7,https://open.spotify.com/track/1lnxNl3POaE5vCHMactzg7,shadowy suspenseful enigmatic
Etherial Moonrise,Ambience Fantasy,Ambient Fantasy Soundscapes - Cosmic Music for Lucid Dreaming and Shifting,2024-01-10,4uuTWG9LD2rTMJcS61s83S,https://open.spotify.com/track/4uuTWG9LD2rTMJcS61s83S,shadowy suspenseful enigmatic
"Ambience, Fantasy - Synth Drone in C Major, Music Fantasy Ambiences",Sound Effects Library,Magical: Sound Effects,2012-05-15,4bmZIST0ko8rr1VXgjJdKe,https://open.spotify.com/track/4bmZIST0ko8rr1VXgjJdKe,shadowy suspenseful enigmatic
Fantasy Soundscapes,Ambience Fantasy,Ambient Fantasy Soundscapes - Cosmic Music for Lucid Dreaming and Shifting,2024-01-10,4zJKKZeIvcjju7IpQbpHNh,https://open.spotify.com/track/4zJKKZeIvcjju7IpQbpHNh,shadowy suspenseful enigmatic
The Witching Hour,Ambience Mastery,Halloween Ambience (Scary Atmosphere),2022-10-28,2v2TSoC8T3xRjwY6YbMgvW,https://open.spotify.com/track/2v2TSoC8T3xRjwY6YbMgvW,shadowy suspenseful enigmatic
Paranormal Act,Background Music Attention,"Gothic, Atmospheric, Dark Ambient",2020-01-13,0wCFLHbkiuyWyCzzPDQdNA,https://open.spotify.com/track/0wCFLHbkiuyWyCzzPDQdNA,shadowy suspenseful enigmatic
Creepy Tune,The Darker Star,"Dark Ambient Music - Nature Sounds, Creepy Soundscapes with Rain Background Sound",2015-10-22,31GfxDnMEnUWeXsn8xsI7p,https://open.spotify.com/track/31GfxDnMEnUWeXsn8xsI7p,shadowy suspenseful enigmatic
Dark Ambience,Hover,Haunted World,2000-01-01,4Mz2ixqSrkssMHKqkTR7uk,https://open.spotify.com/track/4Mz2ixqSrkssMHKqkTR7uk,shadowy suspenseful enigmatic
Soft Atmosphere,Instrumental Jazz Music Ambient,"Jazz in the Background - Soft Relaxing Collection for Cafe, Restaurant, Museum, Waiting Room & Hotel Lobby",2018-05-23,4yA00DqKcseMKA5d5R7UD4,https://open.spotify.com/track/4yA00DqKcseMKA5d5R7UD4,shadowy suspenseful enigmatic
Ambient Instrumental Study,Study Music Project,Fall Semester,2023-09-23,0JUw7Oncgdf9YB4KEyiM2f,https://open.spotify.com/track/0JUw7Oncgdf9YB4KEyiM2f,shadowy suspenseful enigmatic
Ambient Ambience,Guitar Instrumentals,Gentle Guitar Music,2024-06-07,7eMYRXSAFJMNj6kJ5UpUdO,https://open.spotify.com/track/7eMYRXSAFJMNj6kJ5UpUdO,shadowy suspenseful enigmatic
Suspense Cinematic Mystery,cleanmindsounds,Suspense Cinematic Mystery,2023-02-28,2c4V701uuwLaS3fYjwosYC,https://open.spotify.com/track/2c4V701uuwLaS3fYjwosYC,shadowy suspenseful enigmatic
Mansion Hallways at Night,Ambience Mastery,Gothic Horror Ambience,2022-11-26,6o43rMtf062cHATHC05ZrW,https://open.spotify.com/track/6o43rMtf062cHATHC05ZrW,shadowy suspenseful enigmatic
Observing Ghosts,Ambience Mastery,Gothic Horror Ambience,2022-11-26,6f9bipiUmTeh6DtOAx08NY,https://open.spotify.com/track/6f9bipiUmTeh6DtOAx08NY,shadowy suspenseful enigmatic
Twisted Reflection,Gothic Storm,Enigma 2: Deeper Cello Investigations,2022-01-27,702ILCKRY28UCHaEfOxeCH,https://open.spotify.com/track/702ILCKRY28UCHaEfOxeCH,shadowy suspenseful enigmatic
Snowflake Ambient,Library Of The Human Soul,Christmas (Ambient Edition),2016-01-10,5kOo6djNRfj9FXi8N9n5xO,https://open.spotify.com/track/5kOo6djNRfj9FXi8N9n5xO,shadowy suspenseful enigmatic
Ambient - Instrumental Music,Meditation Relax Club,Slow Calming Music for Your Peace – Relaxing Sounds Background Music for Yoga,2017-09-28,7Ieu8yPmLyrMqpd1X3iuUm,https://open.spotify.com/track/7Ieu8yPmLyrMqpd1X3iuUm,shadowy suspenseful enigmatic
Shades of Night,Ambient Realms,"Massive Horror Ambience, Vol. 1",2018-10-11,6dh1N9To0CPhNiZW5p89w5,https://open.spotify.com/track/6dh1N9To0CPhNiZW5p89w5,shadowy suspenseful enigmatic
Positive Energy,Ambience Fantasy,Instrumental Music for Reading Comics,2022-09-01,6VhTg5ETa5wUbX4QKAkOQa,https://open.spotify.com/track/6VhTg5ETa5wUbX4QKAkOQa,shadowy suspenseful enigmatic
Dark Ambient,Halloween Masters,"Halloween Sounds: Free Halloween Music, Ambient Background Music with Suspense",2016-10-17,6Fz47suoNEsrKUcbjcVNXg,https://open.spotify.com/track/6Fz47suoNEsrKUcbjcVNXg,shadowy suspenseful enigmatic
Instrumental Bakground Music,Radio Enigma,Calming Study Music: The Perfect Playlist for Studying or Working,2018-05-14,2yzrIucXFo5hxAmoP8yHCZ,https://open.spotify.com/track/2yzrIucXFo5hxAmoP8yHCZ,shadowy suspenseful enigmatic
Gothic Atmosphere,Creepy Razy,"Spooky Halloween Music: Creepy, Dark, Scary Halloween Ambient Music",2020-10-02,1RXMr2lwarFIsUMIB2uqx8,https://open.spotify.com/track/1RXMr2lwarFIsUMIB2uqx8,shadowy suspenseful enigmatic
Ambient Dreams,The Deep Sleep Scientists,Dreamtime,2020-10-22,18GilYoGfF9LUeDruW1f83,https://open.spotify.com/track/18GilYoGfF9LUeDruW1f83,shadowy suspenseful enigmatic
Dark Eerie Ambience,The Hollywood Edge Sound Effects Library,"Extreme Drones, Vol. 2",2015-05-05,0RixkZT7vA67779Tp2JNLp,https://open.spotify.com/track/0RixkZT7vA67779Tp2JNLp,shadowy suspenseful enigmatic
Ascension,Ambient Realms,"Massive Horror Ambience, Vol. 1",2018-10-11,3r1xwBDqKzzbY6THg7Y6IK,https://open.spotify.com/track/3r1xwBDqKzzbY6THg7Y6IK,shadowy suspenseful enigmatic
Charm,Ambient Realms,"Massive Ambient Music, Vol.1",2015-03-16,1xUc1FM2ak86XG6Rtsfee1,https://open.spotify.com/track/1xUc1FM2ak86XG6Rtsfee1,shadowy suspenseful enigmatic
Haunted Forest,The Darker Star,"Dark Ambient Music - Nature Sounds, Creepy Soundscapes with Rain Background Sound",2015-10-22,3M8A8iVGmKPApEErnE8ZGf,https://open.spotify.com/track/3M8A8iVGmKPApEErnE8ZGf,shadowy suspenseful enigmatic
Suspense Dark Ambient,RealTunesStudio,Suspense Dark Ambient,2023-05-17,4blynhqo790cv9fyqr5zkR,https://open.spotify.com/track/4blynhqo790cv9fyqr5zkR,shadowy suspenseful enigmatic
Nothing Beyond,Background Music Attention,"Gothic, Atmospheric, Dark Ambient",2020-01-13,3DtXovhbnVbSsfYldqwz1A,https://open.spotify.com/track/3DtXovhbnVbSsfYldqwz1A,shadowy suspenseful enigmatic
An Dark Landscape,Ambience Mastery,Foggy Day Ambience,2022-04-08,39KHslJdJuYqVLUysERdHd,https://open.spotify.com/track/39KHslJdJuYqVLUysERdHd,shadowy suspenseful enigmatic
Night Fog,Ambient Realms,"Massive Horror Ambience, Vol. 1",2018-10-11,1FyE0sV7hYnkURezMnaTHW,https://open.spotify.com/track/1FyE0sV7hYnkURezMnaTHW,shadowy suspenseful enigmatic
Ambience I,Jared Alexander Johnson,Songs to Explore to,2022-02-14,7jr5I8YVkudWxndj3ntkXh,https://open.spotify.com/track/7jr5I8YVkudWxndj3ntkXh,shadowy suspenseful enigmatic
Haunting Melodies (Emotional Piano Instrumentals),Moesync,Time Lost (Emotional Piano Instrumentals),2024-10-08,4yz1kAtsSmuY8QVO2Jm3Mc,https://open.spotify.com/track/4yz1kAtsSmuY8QVO2Jm3Mc,shadowy suspenseful enigmatic
Enchanted Forest (Music & Ambience),The Vault of Ambience,Enchanted Forest (Music & Ambience),2025-05-28,4sPqyj5mnlzzTcSPIjJ3E5,https://open.spotify.com/track/4sPqyj5mnlzzTcSPIjJ3E5,shadowy suspenseful enigmatic
Burrows,Ambient Realms,"Massive Ambient Music, Vol. 5",2019-01-01,5qTNl1j1D94oEPknmfSQm5,https://open.spotify.com/track/5qTNl1j1D94oEPknmfSQm5,shadowy suspenseful enigmatic
Chill Guitar,Lofi Origin,"Jazz Noir: Mystery Detective Dark Night Ambience, LoFi Cafè Project",2022-04-26,173zqMrM8zLuOFi6vsbRR7,https://open.spotify.com/track/173zqMrM8zLuOFi6vsbRR7,shadowy suspenseful enigmatic
Mystic Meditation,Ambience Fantasy,Fantasy Lullaby Music: 22 Enchanted Majestic Orchestral Tracks,2022-07-08,5vDdioinNQNlO1I9tuWpzr,https://open.spotify.com/track/5vDdioinNQNlO1I9tuWpzr,shadowy suspenseful enigmatic
Ambient Ethnic Cinematic,cleanmindsounds,Ambient Ethnic Cinematic,2022-11-30,2kQygUJZmhZUgMzKnfmeXF,https://open.spotify.com/track/2kQygUJZmhZUgMzKnfmeXF,shadowy suspenseful enigmatic
"Mysterious, Mystical Music, Instrumental, Pt. 1",Farino,"Meditative, Spherical Music, Harmony of the Spheres for Meditation or Relaxation (Mysterious, Mystical Music, Instrumental)",2015-01-27,2NvVQONLamXpzXAAPoOLdj,https://open.spotify.com/track/2NvVQONLamXpzXAAPoOLdj,shadowy suspenseful enigmatic
Suspense Ethnic,cleanmindsounds,Suspense Ethnic,2022-08-30,1jvYhy2Tto3Mq0jLgG3ErV,https://open.spotify.com/track/1jvYhy2Tto3Mq0jLgG3ErV,shadowy suspenseful enigmatic
Mystical Ambience,Asian Zen: Spa Music Meditation,"Spa Music: Relaxing and Soothing Instrumental Music With Nature Sounds of Birds for Massage Therapy, Yoga, Meditation, Deep Sleep and Asian Zen Bird Sounds and Oriental Music for Spa",2017-02-23,1auymeC50ZAoEbSZPGz474,https://open.spotify.com/track/1auymeC50ZAoEbSZPGz474,shadowy suspenseful enigmatic
Mystery,Morninglightmusic,Mystery,2020-10-02,0mMLRZiodsjWiC3fUEwALw,https://open.spotify.com/track/0mMLRZiodsjWiC3fUEwALw,shadowy suspenseful enigmatic
Ambient Sleep Music,Deep Sleep Music Lab,Ambient Sleep Music,2022-06-08,1u07dlbO6gDoaTAVKGYhbY,https://open.spotify.com/track/1u07dlbO6gDoaTAVKGYhbY,shadowy suspenseful enigmatic
Deep Exploration,Dark Ambient Creator,"Dark Ambient Drones for Relaxing, Dreaming, Chilling and Tripping, Vol. 1",2015-08-31,0ORfEwTrMHJpAv25nYJxoi,https://open.spotify.com/track/0ORfEwTrMHJpAv25nYJxoi,shadowy suspenseful enigmatic
Creeping Crypts,Ambient Realms,"Massive Ambient Music, Vol. 8",2021-04-02,3IjjB2ruk3dP8BkMHzgH8J,https://open.spotify.com/track/3IjjB2ruk3dP8BkMHzgH8J,shadowy suspenseful enigmatic
Ambient Zone,Soothing Background Office Music Ensemble,Motivational Music for Office: Internal Energy and Intellectual Stimulation,2021-12-16,2bwsuesQIEhDnp00o6phFh,https://open.spotify.com/track/2bwsuesQIEhDnp00o6phFh,shadowy suspenseful enigmatic
Encounter,Dead Melodies,Primal Destination,2019-01-01,4pqBu3Ql7Mq8Or7Rk2BOqb,https://open.spotify.com/track/4pqBu3Ql7Mq8Or7Rk2BOqb,shadowy suspenseful enigmatic
Electro Ambient Instrumentals,Spiritual Meditation Vibes,"Healing Miracle Music & Angelic Meditation - Relaxation Music for Positive Energy, Chakra Balance, Pain Relief, Reiki",2017-09-27,5pTF6v4AnkhgywcS5mH9tC,https://open.spotify.com/track/5pTF6v4AnkhgywcS5mH9tC,shadowy suspenseful enigmatic
Lost in a Daydream,Ambient Realms,"Massive Horror Ambience, Vol. 1",2018-10-11,0sLPoFbPt7WXRBvAHQlajV,https://open.spotify.com/track/0sLPoFbPt7WXRBvAHQlajV,shadowy suspenseful enigmatic
Suspense Cinematic Ambient,cleanmindsounds,Suspense Cinematic Ambient,2022-06-28,6Wz8vZoA0bMDHYgWPT95Ko,https://open.spotify.com/track/6Wz8vZoA0bMDHYgWPT95Ko,shadowy suspenseful enigmatic
Mystical Forest Relaxing Ambience for Sleep and Meditation (1 HOUR),Cozy Atmospheres,Mystical Forest Relaxing Ambience for Sleep and Meditation (1 HOUR),2020-11-18,3HOtK3Ez8bxzEmIZe3He1l,https://open.spotify.com/track/3HOtK3Ez8bxzEmIZe3He1l,shadowy suspenseful enigmatic
Sanctuary,Ambient Realms,"Massive Ambient Music, Vol. 10",2021-12-04,5O5bDyw2CSL6fr8ERXxWBE,https://open.spotify.com/track/5O5bDyw2CSL6fr8ERXxWBE,shadowy suspenseful enigmatic
Dark Chamber,Ambient Realms,"Massive Ambient Music, Vol. 8",2021-04-02,1Iskpms1aLIPnGdaA3XJHV,https://open.spotify.com/track/1Iskpms1aLIPnGdaA3XJHV,shadowy suspenseful enigmatic
Upbeat Ambient,AndrisMusic,Amazed By The Beauty,2021-04-11,2O97Dmppu0tQQtvEqVlHH9,https://open.spotify.com/track/2O97Dmppu0tQQtvEqVlHH9,shadowy suspenseful enigmatic
Dark Passages,Brian Estes,The Enigma,2022-09-09,1ikVe50qeyOCzj1GKY45jt,https://open.spotify.com/track/1ikVe50qeyOCzj1GKY45jt,shadowy suspenseful enigmatic
Ominous Darkness,Ambient Realms,"Massive Ambient Music, Vol. 4",2016-08-18,5xCTS9BNEVLDWXgiswhaPu,https://open.spotify.com/track/5xCTS9BNEVLDWXgiswhaPu,shadowy suspenseful enigmatic
Dark Fairy Tales,Ambience Mastery,Witch Magic Ambience,2022-12-09,4QYg1zyCpzMIhExLVxSTsb,https://open.spotify.com/track/4QYg1zyCpzMIhExLVxSTsb,shadowy suspenseful enigmatic
Creepy Mysterious Background Ambiance,TunePocket Music Library,Creepy Halloween,2022-10-01,2euZtFHm1ut6RnLnMUUj79,https://open.spotify.com/track/2euZtFHm1ut6RnLnMUUj79,shadowy suspenseful enigmatic
dark industrial music,Halloween Sounds Collective,Scary Graveyard Sounds,2023-02-07,72AioIPlPRJQP7GfHhiDbg,https://open.spotify.com/track/72AioIPlPRJQP7GfHhiDbg,shadowy suspenseful enigmatic
Ancient Citadel,Ambient Realms,"Massive Ambient Music, Vol. 11",2022-09-01,5XDFTmgUvjeYDumwk8T34O,https://open.spotify.com/track/5XDFTmgUvjeYDumwk8T34O,shadowy suspenseful enigmatic
Mystere,Ophelia's Dream,Scary Classical Masterpieces,2009-04-01,55BKuBiV3JHkEguVEh9oNP,https://open.spotify.com/track/55BKuBiV3JHkEguVEh9oNP,shadowy suspenseful enigmatic
Darkened,Edward Eclipse,"Evil Background Songs - Spooky Scary Music, Dark Ambient Horror Story Background",2017-10-13,0aE6UQFgEh7MRnUSFqEAsO,https://open.spotify.com/track/0aE6UQFgEh7MRnUSFqEAsO,shadowy suspenseful enigmatic
Dark Matter,Ambient Realms,"Massive Ambient SciFi Music, Vol. Two",2018-02-05,40iCJWZDd4S5tpCOXTLWXP,https://open.spotify.com/track/40iCJWZDd4S5tpCOXTLWXP,shadowy suspenseful enigmatic
Hallucinations of Horror,Ambient Realms,"Massive Horror Ambience, Vol. 1",2018-10-11,47oM8QBN5QnntmGKqvxLid,https://open.spotify.com/track/47oM8QBN5QnntmGKqvxLid,shadowy suspenseful enigmatic
Dark Beast Ambience,Haunting Ambience,Paranormal Ambience & Spooky Night Atmosphere,2025-09-12,2LSCmvIRvSx1G6Z0lbIM5m,https://open.spotify.com/track/2LSCmvIRvSx1G6Z0lbIM5m,shadowy suspenseful enigmatic
Horror Atmosphere Deep Strings - Suspense - Sound Effect to Be Frightend,Todster,"Horror Sounds - Scary Sound Effects to Get the Creeps, Shiver, Frighten, Fear and Halloween Sounds",2016-09-30,2NUvLczcI2wwNx9AOaQY0H,https://open.spotify.com/track/2NUvLczcI2wwNx9AOaQY0H,shadowy suspenseful enigmatic
Hollowed Crypt,Ambient Realms,"Massive Ambient Music, Vol. 4",2016-08-18,3wJnURLvSnzDsPPh8FNY5U,https://open.spotify.com/track/3wJnURLvSnzDsPPh8FNY5U,shadowy suspenseful enigmatic
Read a Book,Ambience Fantasy,Instrumental Music for Reading Comics,2022-09-01,6MxEpP9HEsXdjA14zsBzzq,https://open.spotify.com/track/6MxEpP9HEsXdjA14zsBzzq,shadowy suspenseful enigmatic
Dark Soundscape,Allen Grey,Soundscape Collection,2020-12-09,3FPU0x4pqatUwieHPTB9bY,https://open.spotify.com/track/3FPU0x4pqatUwieHPTB9bY,shadowy suspenseful enigmatic
Lost Time,Ambient Realms,"Massive Horror Ambience, Vol. 1",2018-10-11,7Jv51zecCYl6qvgj2T5STY,https://open.spotify.com/track/7Jv51zecCYl6qvgj2T5STY,shadowy suspenseful enigmatic
Mystery Suspense Dark,cleanmindsounds,Mystery Suspense Dark,2022-01-24,5fTcMOmdscGujOsUGTuHjw,https://open.spotify.com/track/5fTcMOmdscGujOsUGTuHjw,shadowy suspenseful enigmatic
Dark Descent Dark Ambient Horror Soundtrack - Sinister Music for Creating Suspense,DJ RIHAYEM,Dark Ambient Horror Music - Haunting Soundscapes for Fearful Edits,2024-09-11,5TgUZkIAZZul2EkqTyHQ6b,https://open.spotify.com/track/5TgUZkIAZZul2EkqTyHQ6b,shadowy suspenseful enigmatic
Ambient Cosmic Soundscape,Allen Grey,Soundscape Collection,2020-12-09,0dj4sWG0KmOKhxb2rMJIN3,https://open.spotify.com/track/0dj4sWG0KmOKhxb2rMJIN3,shadowy suspenseful enigmatic
"Ambience, Fantasy - Maelstrom, Heavy String Layers, Medium, Horror Fantasy Ambiences",Sound Effects Library,Magical: Sound Effects,2012-05-15,6jCMKoO29B8dKDFPWHo2xc,https://open.spotify.com/track/6jCMKoO29B8dKDFPWHo2xc,shadowy suspenseful enigmatic
Eerie / Horror Ambient Background Effect 7,HQ Sound FX,Eerie Ambience,2014-10-27,6ezsc2UbvqtsD0elgnXsnj,https://open.spotify.com/track/6ezsc2UbvqtsD0elgnXsnj,shadowy suspenseful enigmatic
A Gothic Castle and Rain,Ambience Mastery,A Dark Library (Gothic Horror Ambience),2022-12-05,6mOi4PlZHhsdtQH7yNBDwp,https://open.spotify.com/track/6mOi4PlZHhsdtQH7yNBDwp,shadowy suspenseful enigmatic
Dark Jungle,Ambient Realms,"Massive Horror Ambience, Vol. 1",2018-10-11,13Szgt90lIul0h5UH1M02o,https://open.spotify.com/track/13Szgt90lIul0h5UH1M02o,shadowy suspenseful enigmatic
A Crypt of Mysteriis II,Shadow Dungeon,A Crypt of Mysteriis,2020-06-03,6KtlIqUfWG3YMHMsD6ImPc,https://open.spotify.com/track/6KtlIqUfWG3YMHMsD6ImPc,shadowy suspenseful enigmatic
Intense Sleep Music,Ambient Space Background,Ambient Sleep - Space Music Meditation,2022-05-31,6ovhvDnV6A4COf4OmeIlP0,https://open.spotify.com/track/6ovhvDnV6A4COf4OmeIlP0,shadowy suspenseful enigmatic
The Mystery,Brian Estes,The Dark Arts,2022-12-02,4jEMkpwrLfLrVnYVmMq2Qh,https://open.spotify.com/track/4jEMkpwrLfLrVnYVmMq2Qh,shadowy suspenseful enigmatic
Forgotten Temple,Background Music Attention,"Gothic, Atmospheric, Dark Ambient",2020-01-13,2SenCzWOU3nH2qfijLjAv9,https://open.spotify.com/track/2SenCzWOU3nH2qfijLjAv9,shadowy suspenseful enigmatic
Enigma Puzzle,Tonal Chaos Trailer Music,Rebirth - Intense • Classical • Hybrid,2020-09-01,6YpsoyQ7IhPVRNXPFcR2yj,https://open.spotify.com/track/6YpsoyQ7IhPVRNXPFcR2yj,shadowy suspenseful enigmatic
SciFi,Ambient Realms,"Massive Ambient SciFi Music, Vol. 1",2016-11-03,39YHy3iVPtM6hTxMu5NYKf,https://open.spotify.com/track/39YHy3iVPtM6hTxMu5NYKf,shadowy suspenseful enigmatic
The Dark Swamp,Ambient Realms,"Massive Ambient Music, Vol. 6",2020-03-17,52KYUAnvrf9utiRGR4dzJh,https://open.spotify.com/track/52KYUAnvrf9utiRGR4dzJh,shadowy suspenseful enigmatic
Halloween Ambient,Halloween Music,Halloween Chillout Music 2019,2019-10-29,2lAj03lhygKBtQyTi7rU6m,https://open.spotify.com/track/2lAj03lhygKBtQyTi7rU6m,shadowy suspenseful enigmatic
Death Chamber,Ambient Realms,"Massive Horror Ambience, Vol. 1",2018-10-11,5ijTWHqHVVqQjIkwweeR8y,https://open.spotify.com/track/5ijTWHqHVVqQjIkwweeR8y,shadowy suspenseful enigmatic
Ambient Piano,Peaceful Piano Temple,Peaceful Piano,2022-11-23,5DqF8DX7mVXxmsmLsXy33r,https://open.spotify.com/track/5DqF8DX7mVXxmsmLsXy33r,shadowy suspenseful enigmatic
Ambient Lurker,Ambient Realms,"Massive Horror Ambience, Vol. 3",2022-04-23,5ye5XYSt3scwdQcvBgoBae,https://open.spotify.com/track/5ye5XYSt3scwdQcvBgoBae,shadowy suspenseful enigmatic
Mystery Cinematic Suspense,cleanmindsounds,Mystery Cinematic Suspense,2022-06-28,5mnK1MW7GT0wGlw1OBBHjC,https://open.spotify.com/track/5mnK1MW7GT0wGlw1OBBHjC,shadowy suspenseful enigmatic
Dark Lounge,Ambient Chill Out Lounge,"Various Ambient: Chill Out Music, Background Beats",2019-07-01,1KTgNqmLY3ZM9vxNKVGzRL,https://open.spotify.com/track/1KTgNqmLY3ZM9vxNKVGzRL,shadowy suspenseful enigmatic
Hypnosis,Ambient Realms,"Massive Horror Ambience, Vol. 1",2018-10-11,6Qs4FJImi13M0HY5s34aEp,https://open.spotify.com/track/6Qs4FJImi13M0HY5s34aEp,shadowy suspenseful enigmatic
Dark Swamp,Ambient Realms,"Massive Ambient Music, Vol. 8",2021-04-02,77vC9BkPET5B8tc4SfASxU,https://open.spotify.com/track/77vC9BkPET5B8tc4SfASxU,shadowy suspenseful enigmatic
Scary Ambience,Creepy Razy,"Spooky Halloween Music: Creepy, Dark, Scary Halloween Ambient Music",2020-10-02,7JWtz57HT33cCziA4wFpXh,https://open.spotify.com/track/7JWtz57HT33cCziA4wFpXh,shadowy suspenseful enigmatic
Eerie / Horror Ambient Background Effect 8,HQ Sound FX,Eerie Ambience,2014-10-27,3Uh0yJ6sUgZpVxz2VwWIVO,https://open.spotify.com/track/3Uh0yJ6sUgZpVxz2VwWIVO,shadowy suspenseful enigmatic
Dark Cinematic Background,cleanmindsounds,Dark Cinematic Background,2022-08-02,26SJX86tuZ6nAPjVW3B3VR,https://open.spotify.com/track/26SJX86tuZ6nAPjVW3B3VR,shadowy suspenseful enigmatic
What Do You Know,Enigmanic,The Enemy We Least Suspect,2015-11-13,3JKLFdvv3IWUuXEOOECRQK,https://open.spotify.com/track/3JKLFdvv3IWUuXEOOECRQK,shadowy suspenseful enigmatic
Ghostly Winds,Ambient Realms,"Massive Ambient Music, Vol.3",2016-01-14,1HbZHKXxvu0zk8krByGGVB,https://open.spotify.com/track/1HbZHKXxvu0zk8krByGGVB,shadowy suspenseful enigmatic
Forbidden Forest,Ambient Realms,"Massive Ambient Music, Vol. 12",2023-04-07,0hvW6V0bnfUV94uFPS9oHI,https://open.spotify.com/track/0hvW6V0bnfUV94uFPS9oHI,shadowy suspenseful enigmatic
Ambient Instrumental,Jazz Guitar Music Zone,"Jazz Music Relaxation – Easy Listening Smooth Jazz, After Work Relax, Ambient Instrumental Soft Jazz, Cool Modern Jazz",2017-04-04,5IVs7bFrvGa6lAdNlzbdcn,https://open.spotify.com/track/5IVs7bFrvGa6lAdNlzbdcn,shadowy suspenseful enigmatic
Another Journey,Background Music Attention,"Gothic, Atmospheric, Dark Ambient",2020-01-13,37B8YVd949jsvT7gQj0IaQ,https://open.spotify.com/track/37B8YVd949jsvT7gQj0IaQ,shadowy suspenseful enigmatic
Ambient Sleep,Ambient Space Background,Ambient Sleep - Space Music Meditation,2022-05-31,1HoTehcWw8TwNgrkkDYDHP,https://open.spotify.com/track/1HoTehcWw8TwNgrkkDYDHP,shadowy suspenseful enigmatic
A Desolate Place,Sound Adventures,Mystical Phenomena,2011-04-02,4goX8B8llQQGiJ9D0rL19A,https://open.spotify.com/track/4goX8B8llQQGiJ9D0rL19A,shadowy suspenseful enigmatic
"Dark Room, Pt. 2",Dark Ambient Orchestra,"Dark Ambient, Vol. 1",2014-05-10,3WPbNstUKfcdsOHD1SMLo6,https://open.spotify.com/track/3WPbNstUKfcdsOHD1SMLo6,shadowy suspenseful enigmatic
Dark Garden,Edward Eclipse,"Evil Background Songs - Spooky Scary Music, Dark Ambient Horror Story Background",2017-10-13,1gVZVPory00QOfasdg4Bat,https://open.spotify.com/track/1gVZVPory00QOfasdg4Bat,shadowy suspenseful enigmatic
Dark Thriller Background,cleanmindsounds,Dark Thriller Background,2022-06-28,7kX49EASRABZARnY51TxgM,https://open.spotify.com/track/7kX49EASRABZARnY51TxgM,shadowy suspenseful enigmatic
Light Beyond,Encloaked,Encloaked,2019-12-21,1IyayBZ87Qccix5Tg8fewJ,https://open.spotify.com/track/1IyayBZ87Qccix5Tg8fewJ,shadowy suspenseful enigmatic
Mystical Whispers of the Universe,Ambience Fantasy,Ambient Fantasy Soundscapes - Cosmic Music for Lucid Dreaming and Shifting,2024-01-10,3CyWeVVM1BbGLlKNrADEUC,https://open.spotify.com/track/3CyWeVVM1BbGLlKNrADEUC,shadowy suspenseful enigmatic
Suspense Electronic Cinematic,cleanmindsounds,Suspense Electronic Cinematic,2022-01-24,4wbCDQVyq379YwvQrPzWdB,https://open.spotify.com/track/4wbCDQVyq379YwvQrPzWdB,shadowy suspenseful enigmatic
Dark Palace,Ambient Realms,"Massive Ambient SciFi Music, Vol. 1",2016-11-03,11Z8zYNx3dFyhCzE1gQHWh,https://open.spotify.com/track/11Z8zYNx3dFyhCzE1gQHWh,shadowy suspenseful enigmatic
Forest of the Ents,Ambient Realms,"Massive Ambient Music, Vol. 4",2016-08-18,3H4FtbXFgWl7CgqlN7aI91,https://open.spotify.com/track/3H4FtbXFgWl7CgqlN7aI91,shadowy suspenseful enigmatic
Suspense Piano Cinematic,cleanmindsounds,Suspense Piano Cinematic,2022-03-03,7fPc9k6e8yRIt9YUFNDaVu,https://open.spotify.com/track/7fPc9k6e8yRIt9YUFNDaVu,shadowy suspenseful enigmatic
Enigma - Instrumental,Time Passing,Time passing 02,2003,72D3ro7sWVthBEvHS8bo3w,https://open.spotify.com/track/72D3ro7sWVthBEvHS8bo3w,shadowy suspenseful enigmatic
Mystery Spaces Felt,Mark Andrew Hansen,Mystery Spaces Felt,2024-03-29,15trMNFTGvcCXWNYxoUTy9,https://open.spotify.com/track/15trMNFTGvcCXWNYxoUTy9,shadowy suspenseful enigmatic
Mystery Cinematic,cleanmindsounds,Mystery Cinematic,2022-08-30,0CHg4wCKx37tDUecZsh3zG,https://open.spotify.com/track/0CHg4wCKx37tDUecZsh3zG,shadowy suspenseful enigmatic
Ambient Sleep Music,Robbins Island Music Group,"Ambient Mood Music: Ambient Instrumental Music for Deep Sleep, Stress Relief, Bedtime Music, Meditation & Spa Treatments",2014-06-04,5zOttNk3K0bGrVEXgt4iOL,https://open.spotify.com/track/5zOttNk3K0bGrVEXgt4iOL,shadowy suspenseful enigmatic
Dream Atmosphere,Deep Sleep Music Lab,Ambient Sleep Music,2022-06-08,4wcprrxoTWiuoRqmyJVYJH,https://open.spotify.com/track/4wcprrxoTWiuoRqmyJVYJH,shadowy suspenseful enigmatic
Inspirational Ambient,Mapa,Ambient,2021-12-24,6rk6VGnE7bMKtQbWR9PZ5J,https://open.spotify.com/track/6rk6VGnE7bMKtQbWR9PZ5J,shadowy suspenseful enigmatic
Specter Dark,Spooky Music,Atmospheric Spooky Music,2024-12-09,6dIWphVS0H6GKrbrM6V1SY,https://open.spotify.com/track/6dIWphVS0H6GKrbrM6V1SY,shadowy suspenseful enigmatic
Ghost Wind,Ambient Realms,"Massive Horror Ambience, Vol. 1",2018-10-11,5iduFb7Q6ETVV3WdDOwN9J,https://open.spotify.com/track/5iduFb7Q6ETVV3WdDOwN9J,shadowy suspenseful enigmatic
Inspiring Ambient,DensoMusic,Ambient Corporate Background,2021-03-21,7qUv81aCnBV7hbIhxqX7J0,https://open.spotify.com/track/7qUv81aCnBV7hbIhxqX7J0,shadowy suspenseful enigmatic
Shadows (Ambient),The American Dollar,Music for Focus and Creativity,2013-12-10,4fw70eK7JkFjkPSohLoW23,https://open.spotify.com/track/4fw70eK7JkFjkPSohLoW23,shadowy suspenseful enigmatic
Snowprint,Waterflame,Spooky Ambience,2022-10-28,5lXzWmRfbLQBmcQtwxNyGo,https://open.spotify.com/track/5lXzWmRfbLQBmcQtwxNyGo,shadowy suspenseful enigmatic
Nimrod - Enigma Variations,Edward Elgar,Dark Classical Music for Halloween,2014-10-27,6f1TcMpqNjTxPgDBJYVFHg,https://open.spotify.com/track/6f1TcMpqNjTxPgDBJYVFHg,shadowy suspenseful enigmatic
Enigma,Blear Moon,Enigma,2022-02-11,4eW3kSiXV8s2wCOCKGQHEL,https://open.spotify.com/track/4eW3kSiXV8s2wCOCKGQHEL,shadowy suspenseful enigmatic
A Secret Mansion,Ambience Mastery,Foggy Day Ambience,2022-04-08,0cYAiFBAqOpij1SDAa8Afg,https://open.spotify.com/track/0cYAiFBAqOpij1SDAa8Afg,shadowy suspenseful enigmatic
Ominous Ambience,Surreal Realm,Singles,2016-04-22,53NOVf4l6jJf7RmZB04dg5,https://open.spotify.com/track/53NOVf4l6jJf7RmZB04dg5,shadowy suspenseful enigmatic
"Mysterious, Mystical Music, Instrumental, Pt. 4",Farino,"Meditative, Spherical Music, Harmony of the Spheres for Meditation or Relaxation (Mysterious, Mystical Music, Instrumental)",2015-01-27,0THu1G9Ohp1Mm5kqcFAGFP,https://open.spotify.com/track/0THu1G9Ohp1Mm5kqcFAGFP,shadowy suspenseful enigmatic
Somber Mood,Ambient Realms,"Massive Horror Ambience, Vol. 1",2018-10-11,1GFCC95QVXa80SGT5sulz3,https://open.spotify.com/track/1GFCC95QVXa80SGT5sulz3,shadowy suspenseful enigmatic
Mystic Chamber,Ambient Realms,"Massive Ambient Music, Vol.1",2015-03-16,44PIIBHomZNAPVPBZnUqvd,https://open.spotify.com/track/44PIIBHomZNAPVPBZnUqvd,shadowy suspenseful enigmatic
Dark Ambient Resonance,ocean fx with piano,Embracing Dark Ambient,2023-07-27,5QmmK4HdY6XjDtw0JtMrho,https://open.spotify.com/track/5QmmK4HdY6XjDtw0JtMrho,shadowy suspenseful enigmatic
Dark Forest Ambience,Spooky Halloween Sound Effects,Haunted House Echoes,2024-09-21,1ZV5H3V65txZcEemgIOn8I,https://open.spotify.com/track/1ZV5H3V65txZcEemgIOn8I,shadowy suspenseful enigmatic
Dark Beautiful Ambience,Infinity Realm,Cyberscapes 1-10 (Cyberpunk Ambient),2022-10-10,1kn2ARGkRo4gFWbvBBwWGY,https://open.spotify.com/track/1kn2ARGkRo4gFWbvBBwWGY,shadowy suspenseful enigmatic
Dark Places,Dark Ambient Creator,"Dark Ambient Drones for Relaxing, Dreaming, Chilling and Tripping, Vol. 1",2015-08-31,5vEWUXOzegtWUP0cBZxC9S,https://open.spotify.com/track/5vEWUXOzegtWUP0cBZxC9S,shadowy suspenseful enigmatic
Ghost Trails,Ambient Realms,"Massive Horror Ambience, Vol. 1",2018-10-11,2gaOhbzxGhFkBDgDRg7GdO,https://open.spotify.com/track/2gaOhbzxGhFkBDgDRg7GdO,shadowy suspenseful enigmatic
Obscurity (Instrumental Version),The Enigma Tng,3088,2024-04-20,0VNELSpcrvHCdQID9xs2N4,https://open.spotify.com/track/0VNELSpcrvHCdQID9xs2N4,shadowy suspenseful enigmatic
Dark Industrial Cinematic,cleanmindsounds,Dark Industrial Cinematic,2022-10-29,2V7jzdnkNgHae8RZsDTTWX,https://open.spotify.com/track/2V7jzdnkNgHae8RZsDTTWX,shadowy suspenseful enigmatic
Enigma (Acoustic Guitar Instumental),Greg and Heidi Walker,American Folk 1,2011-02-01,6998P0YqZzLCVDhQhfUfHI,https://open.spotify.com/track/6998P0YqZzLCVDhQhfUfHI,shadowy suspenseful enigmatic
Dark Epic Music,Sexy Erotic Halloween,"Evil Music - Mysterious, Macabre Ambient",2019-06-11,29hKzXAQhkxftVbw2yCUsf,https://open.spotify.com/track/29hKzXAQhkxftVbw2yCUsf,shadowy suspenseful enigmatic
Scanner,Ambient Realms,"Massive Ambient SciFi Music, Vol. Two",2018-02-05,6VrsFpL3a3SyOLS2EzZXGg,https://open.spotify.com/track/6VrsFpL3a3SyOLS2EzZXGg,shadowy suspenseful enigmatic
Comics Time,Ambience Fantasy,Instrumental Music for Reading Comics,2022-09-01,75leEc0vQEJyfME79uhkj1,https://open.spotify.com/track/75leEc0vQEJyfME79uhkj1,shadowy suspenseful enigmatic
Ambience II,Jared Alexander Johnson,Songs to Explore to,2022-02-14,7KJWIkXzxTRCT1bJypELZ7,https://open.spotify.com/track/7KJWIkXzxTRCT1bJypELZ7,shadowy suspenseful enigmatic
Comedic Suspense,Chris Wormer,"Comedic Suspense, Vol 1",2016-11-17,0AgTxDAEVCZO6PRUw59vhS,https://open.spotify.com/track/0AgTxDAEVCZO6PRUw59vhS,shadowy suspenseful enigmatic
Dread Marshes,Ambient Realms,"Massive Ambient Music, Vol. 5",2019-01-01,3DFuL38U7QGLkpUbtzDC2j,https://open.spotify.com/track/3DFuL38U7QGLkpUbtzDC2j,shadowy suspenseful enigmatic
Scary Forest,Serge Quadrado,Dark Forest,2019-06-13,2Ezak9JlqRyPV08myn8ZBF,https://open.spotify.com/track/2Ezak9JlqRyPV08myn8ZBF,shadowy suspenseful enigmatic
A Sudden Danger,Ambience Mastery,Epic Fantasy Adventures (Orchestral Instrumentals),2022-03-12,7eOWbMK1cZ2tQKbaOb98k9,https://open.spotify.com/track/7eOWbMK1cZ2tQKbaOb98k9,shadowy suspenseful enigmatic
Emotional Ambient Soundscape,Allen Grey,Soundscape Collection,2020-12-09,2XarRud2KKSBm4k7xDWREP,https://open.spotify.com/track/2XarRud2KKSBm4k7xDWREP,shadowy suspenseful enigmatic
Dreamy Ambient,Binaural Beats,Turn Your Dreams and Wisdom into Reality,2019-11-09,1jxPAn64WkQ0JsdRbTbb9r,https://open.spotify.com/track/1jxPAn64WkQ0JsdRbTbb9r,shadowy suspenseful enigmatic
Mysterious Intro Soundscapes (Alternative Ending),RF Soundtracks,Royalty Free Ambient Music for Personal YouTube Videos,2015-10-21,4ukBoHnQAp2DtXdgIqNY36,https://open.spotify.com/track/4ukBoHnQAp2DtXdgIqNY36,shadowy suspenseful enigmatic
Dark Ambient,Alys Coliere,Spooky Night Melodies,2018-10-03,6lYBxgag5HOUIqimm1OJ7t,https://open.spotify.com/track/6lYBxgag5HOUIqimm1OJ7t,shadowy suspenseful enigmatic
Mystical Forest,Ambient Realms,"Massive Ambient Music, Vol. 12",2023-04-07,0FGc5IDPwtty9YxtiWVAv0,https://open.spotify.com/track/0FGc5IDPwtty9YxtiWVAv0,shadowy suspenseful enigmatic
Dark Ambience,Horror Nightmare,Dark Ambience - 2 Hours Music for Dark Thoughts,2019-06-11,4QP7oatMwSNq1YF0R00dxK,https://open.spotify.com/track/4QP7oatMwSNq1YF0R00dxK,shadowy suspenseful enigmatic
Mystic Halls,Ambient Realms,"Massive Ambient Music, Vol. 4",2016-08-18,1GvqaP0Dm8dUYGxQCdW2bY,https://open.spotify.com/track/1GvqaP0Dm8dUYGxQCdW2bY,shadowy suspenseful enigmatic
Space Suspense Piano,cleanmindsounds,Space Suspense Piano,2022-08-02,02B4xPcNFXxp9sS3RiCRlz,https://open.spotify.com/track/02B4xPcNFXxp9sS3RiCRlz,shadowy suspenseful enigmatic
Ambient,Drøme,Drøme,2022-04-08,0AcUrDzL8fb74CmLN8O9N1,https://open.spotify.com/track/0AcUrDzL8fb74CmLN8O9N1,shadowy suspenseful enigmatic
Mystic Tomb,Ambient Realms,"Massive Ambient Music, Vol. 4",2016-08-18,0idD9XgMrWoLDe0ySbSIPD,https://open.spotify.com/track/0idD9XgMrWoLDe0ySbSIPD,shadowy suspenseful enigmatic
Enigmatic Pulse,Blake Neely,Ambient Mystery,2024-11-04,00WaYsinCylBuWPDqLjqXp,https://open.spotify.com/track/00WaYsinCylBuWPDqLjqXp,shadowy suspenseful enigmatic
Gothic Ambient with Thunder Sound (Horror Music),Halloween Tribe,The Great Terror - Halloween Music and Frightening Sounds: Zombie Effects,2014-10-20,2wHLrbCzwDLET6qRYtnNd6,https://open.spotify.com/track/2wHLrbCzwDLET6qRYtnNd6,shadowy suspenseful enigmatic
Magical Cavern,Ambient Realms,"Massive Ambient Music, Vol. 11",2022-09-01,545qpN9wiGbg7s2JAAIuwj,https://open.spotify.com/track/545qpN9wiGbg7s2JAAIuwj,shadowy suspenseful enigmatic
Dark Drone,Horror Music,Dark Ambience,2022-04-29,7I5pOk5CQKkLXj7rJkOGtD,https://open.spotify.com/track/7I5pOk5CQKkLXj7rJkOGtD,shadowy suspenseful enigmatic
Dark Elf Chantress,Ambient Realms,"Massive Ambient Music, Vol.1",2015-03-16,7gCp3536xoiMFCkCeCwdCH,https://open.spotify.com/track/7gCp3536xoiMFCkCeCwdCH,shadowy suspenseful enigmatic
Mystifying,Sounds M,Mystifying,2021-12-07,33KwQCZVjHMAzRDICUNTHt,https://open.spotify.com/track/33KwQCZVjHMAzRDICUNTHt,shadowy suspenseful enigmatic
Ominous Clouds,Network Music Ensemble,Creepy Music for Halloween: 25 Scary Tunes for Haunted Houses and Spooky Parties,2011-03-24,10yXhcSto7XgJXkbVS9yca,https://open.spotify.com/track/10yXhcSto7XgJXkbVS9yca,shadowy suspenseful enigmatic
Enchanted Sky,Deep Sleep Music Lab,Ambient Sleep Music,2022-06-08,7K3sKTTCQhuJorPXCPSt62,https://open.spotify.com/track/7K3sKTTCQhuJorPXCPSt62,shadowy suspenseful enigmatic
2 Am,Ambient Realms,"Massive Horror Ambience, Vol. 1",2018-10-11,4etNo5ZJ0DuwSunXGcIApO,https://open.spotify.com/track/4etNo5ZJ0DuwSunXGcIApO,shadowy suspenseful enigmatic
Atmospheric Instrumental Music for Unwinding,Seven Loves,Keep Walking,2016-11-07,4fGONwMp41nEculXtOStxA,https://open.spotify.com/track/4fGONwMp41nEculXtOStxA,shadowy suspenseful enigmatic
Dark Chill,Miami Chill Music Ensemble,Ambient Relaxation Chill Music Cool Instrumental Songs for Chilling Out,2020-11-11,7DnRM6mSqMULY1HjZOxC0G,https://open.spotify.com/track/7DnRM6mSqMULY1HjZOxC0G,shadowy suspenseful enigmatic
Dark Ambient Music,Horror Nightmare,Friday 13th - Horror Music and Satanic Sounds 4 Scary Friday the 13th,2014-04-12,1o43Fk3qw5BkYfZacffOGb,https://open.spotify.com/track/1o43Fk3qw5BkYfZacffOGb,shadowy suspenseful enigmatic
Ambient Cinematic Atmosphere,cleanmindsounds,Ambient Cinematic Atmosphere,2022-11-30,6ucIacBrD3SiOr2pedEq0L,https://open.spotify.com/track/6ucIacBrD3SiOr2pedEq0L,shadowy suspenseful enigmatic
"Ambience, Fantasy - Underwater Synth Ambience, Mysterious, Horror Fantasy Ambiences",Sound Effects Library,Magical: Sound Effects,2012-05-15,1pTVXPI78tDg2Ie3JS8q5R,https://open.spotify.com/track/1pTVXPI78tDg2Ie3JS8q5R,shadowy suspenseful enigmatic
Terror,Ambient Realms,"Massive Horror Ambience, Vol. 1",2018-10-11,2g2bc2tAP3JZBZw6eQjmh5,https://open.spotify.com/track/2g2bc2tAP3JZBZw6eQjmh5,shadowy suspenseful enigmatic
"A Dark Presence, Horror Ambient Sounds",Frank & Stein,"Halloween Town - Scary Ambient Music and Sound Effects, Creepy Pasta and Horror Story Background",2016-10-17,5KWKAIGeDTe6sn3mn9Lf69,https://open.spotify.com/track/5KWKAIGeDTe6sn3mn9Lf69,shadowy suspenseful enigmatic
Where Is It?,Ambient Realms,"Massive Horror Ambience, Vol. 1",2018-10-11,3Klozg7JjlokS9Qd4tQmAl,https://open.spotify.com/track/3Klozg7JjlokS9Qd4tQmAl,shadowy suspenseful enigmatic
The Witching Hour,Ambient Realms,"Massive Ambient Music, Vol.3",2016-01-14,7fNHdpV4F5KEfwbo06058A,https://open.spotify.com/track/7fNHdpV4F5KEfwbo06058A,shadowy suspenseful enigmatic
Prophecy,Dark Fantasy Studio,Paranormal evening,2022-10-31,0r1zR5QRIOSg6hCvORZAbA,https://open.spotify.com/track/0r1zR5QRIOSg6hCvORZAbA,shadowy suspenseful enigmatic
Haunting ambient (DnD music),Dungeons & Dragons Ambience Zone,Forest encounter (DnD music),2025-07-21,34Y1CGDHZSfmTv60wCxVTg,https://open.spotify.com/track/34Y1CGDHZSfmTv60wCxVTg,shadowy suspenseful enigmatic
Piano Suspense Cinematic,cleanmindsounds,Piano Suspense Cinematic,2022-06-04,4j7Y6aO6U8vNqRNpVaFiVW,https://open.spotify.com/track/4j7Y6aO6U8vNqRNpVaFiVW,shadowy suspenseful enigmatic
"Ethereal Ambient Music, N13",Physical Dreams,Ethereal Ambient Music 2,2021-06-18,37ICvCmopCzA0htYHNMsMo,https://open.spotify.com/track/37ICvCmopCzA0htYHNMsMo,shadowy suspenseful enigmatic
Engulfing Shadows,Machinimasound,"Machinimasound, Vol. 1",2019-05-28,2tj9tkMThkXBXjpSPcmOH4,https://open.spotify.com/track/2tj9tkMThkXBXjpSPcmOH4,shadowy suspenseful enigmatic
Shawdow Call,Ambient Realms,"Massive Ambient Music, Vol. 2",2015-02-23,3KLxZYH3bt5TVXXz9FAd4o,https://open.spotify.com/track/3KLxZYH3bt5TVXXz9FAd4o,shadowy suspenseful enigmatic
Dream Atmosphere Fantasy Ambience for Emptiness,Digiffects Sound Effects Library,Fantasy Sound Effects,2016-02-27,760WFJYMcnIpDZtGJ6sAxU,https://open.spotify.com/track/760WFJYMcnIpDZtGJ6sAxU,shadowy suspenseful enigmatic
Full Moon,Ambient Realms,"Massive Horror Ambience, Vol. 1",2018-10-11,29vpBJermmh0iPGrOuLfPX,https://open.spotify.com/track/29vpBJermmh0iPGrOuLfPX,shadowy suspenseful enigmatic
Crawling Insects,The Darker Star,"Dark Ambient Music - Nature Sounds, Creepy Soundscapes with Rain Background Sound",2015-10-22,0Lp2Z9lYZnnk56QztYfDzo,https://open.spotify.com/track/0Lp2Z9lYZnnk56QztYfDzo,shadowy suspenseful enigmatic
Ghostly Crypt,Ambient Realms,"Massive Ambient Music, Vol. 4",2016-08-18,2Zh876R2T22TRWuL8AhgRD,https://open.spotify.com/track/2Zh876R2T22TRWuL8AhgRD,shadowy suspenseful enigmatic
Sleep Deeply,Edward Eclipse,"Evil Background Songs - Spooky Scary Music, Dark Ambient Horror Story Background",2017-10-13,2HGTsmTSjA1Cb1przTLMgl,https://open.spotify.com/track/2HGTsmTSjA1Cb1przTLMgl,shadowy suspenseful enigmatic
Soothing Ambience,Spiritloom,Chilled Illusion Dreamscape,2016-12-29,5VHbfEny06WWDQz8kuLYQG,https://open.spotify.com/track/5VHbfEny06WWDQz8kuLYQG,shadowy suspenseful enigmatic
Piano Dreams,Dark Ambient Creator,"Dark Ambient Drones for Relaxing, Dreaming, Chilling and Tripping, Vol. 1",2015-08-31,5g1MRVVIN7TM94jEjWsly3,https://open.spotify.com/track/5g1MRVVIN7TM94jEjWsly3,shadowy suspenseful enigmatic
Enchantment,Ambient Realms,"Massive Ambient Music, Vol.3",2016-01-14,7iwV7W6uwUX1pLipT9sotu,https://open.spotify.com/track/7iwV7W6uwUX1pLipT9sotu,shadowy suspenseful enigmatic
Shooting Space Ambient,Emotional Healing Intrumental Academy,"Another World – Cosmic Meditation, Epic Space Music, Background for Inner Journey, Deep Experience, Lucid Dream",2018-02-09,6l1KcEn60VHjvGCLgXcJLF,https://open.spotify.com/track/6l1KcEn60VHjvGCLgXcJLF,shadowy suspenseful enigmatic
Scarey Atmospheres Chapter 1,David Fesliyan,Hide,2021-02-12,6LB9X1GkICKPmWBMIoEg6Y,https://open.spotify.com/track/6LB9X1GkICKPmWBMIoEg6Y,shadowy suspenseful enigmatic
Smooth Atmosphere Instrumental Slow Jazz,Atmospheric Coffee House Music,Atmospheric Coffee House Background Jazz,2019-10-01,6UvVN0wupXhKTFcPfTyhEz,https://open.spotify.com/track/6UvVN0wupXhKTFcPfTyhEz,shadowy suspenseful enigmatic
Epic Dramatic Evil Music,Sexy Erotic Halloween,"Evil Music - Mysterious, Macabre Ambient",2019-06-11,4RZP0ZkwDCS0gmbQSrCmC6,https://open.spotify.com/track/4RZP0ZkwDCS0gmbQSrCmC6,shadowy suspenseful enigmatic
Forest Night,Ambient Realms,"Massive Ambient Music, Vol. 4",2016-08-18,1TaTZWRHLIHt59Axa2JGd9,https://open.spotify.com/track/1TaTZWRHLIHt59Axa2JGd9,shadowy suspenseful enigmatic
A Forgotten Manor House,Ambience Mastery,Gothic Vibes (Electronic Instrumentals),2022-01-15,6sKDQjlxEXsfwD0I419vBf,https://open.spotify.com/track/6sKDQjlxEXsfwD0I419vBf,shadowy suspenseful enigmatic
"Ambience, Fantasy - Tonal Synth Ambience in a Minor, Music Fantasy Ambiences",Sound Effects Library,Magical: Sound Effects,2012-05-15,3mxPh0qryPRh9TCxqyYPDW,https://open.spotify.com/track/3mxPh0qryPRh9TCxqyYPDW,shadowy suspenseful enigmatic
Forest Ambience (Without Music),Jared Alexander Johnson,Forest Ambiences,2022-10-10,6iQZzBTZyDTTe7vdv5QGxm,https://open.spotify.com/track/6iQZzBTZyDTTe7vdv5QGxm,shadowy suspenseful enigmatic
Restless Atmospheres,Edward Eclipse,"Evil Background Songs - Spooky Scary Music, Dark Ambient Horror Story Background",2017-10-13,1FklVYVqsAr9zwoUwr55Jm,https://open.spotify.com/track/1FklVYVqsAr9zwoUwr55Jm,shadowy suspenseful enigmatic
Dreamy Sleep 2,Ambient Music Therapy,Dreamy Sleep Ambiance,2009-09-18,2sZMNguZzpO54ciUAQytaA,https://open.spotify.com/track/2sZMNguZzpO54ciUAQytaA,shadowy suspenseful enigmatic
Depression Ambient,Library Of The Human Soul,Sadness (Ambient Edition),2016-01-10,4Au7SD2N5oWEyT5dwXyAKZ,https://open.spotify.com/track/4Au7SD2N5oWEyT5dwXyAKZ,shadowy suspenseful enigmatic
Upbeat Ambient,Gold-Tiger,Upbeat Ambient,2020-04-28,0b3nTJClcAtLx4OdjmZSwH,https://open.spotify.com/track/0b3nTJClcAtLx4OdjmZSwH,shadowy suspenseful enigmatic
Whispers: Spooky Graveyard pt. 2,Halloween Effects Horror Library,"Creepy Halloween Atmospheres: Scary Horror Ambient for Spooky Night (Haunted Forest, Graveyard, Catacombs)",2021-10-14,5bxAnZkutWOgNWpDej5clk,https://open.spotify.com/track/5bxAnZkutWOgNWpDej5clk,shadowy suspenseful enigmatic
Mystic Swamp,Ambient Realms,"Massive Ambient Music, Vol.3",2016-01-14,1RvDkpaM5EDofHW3cBozZL,https://open.spotify.com/track/1RvDkpaM5EDofHW3cBozZL,shadowy suspenseful enigmatic
darkening sky,Edward Eclipse,"Evil Background Songs - Spooky Scary Music, Dark Ambient Horror Story Background",2017-10-13,4UKENHcxfWJ6MMd4bW4BBI,https://open.spotify.com/track/4UKENHcxfWJ6MMd4bW4BBI,shadowy suspenseful enigmatic
Haunted Environments,Halloween FX Productions,Haunter Forest Ambient,2024-09-16,2h5yvyyAk1XratnzAPwzOP,https://open.spotify.com/track/2h5yvyyAk1XratnzAPwzOP,shadowy suspenseful enigmatic
Enigmatic Nature,Wolfgang Woehrle,Storm Raider,2021-11-25,3ZODERxEI3WuJnTMMc82uh,https://open.spotify.com/track/3ZODERxEI3WuJnTMMc82uh,shadowy suspenseful enigmatic
Electronic Dark Ambient,Eduard Perelyhin,Electronic Dark Ambient,2021-08-30,7h6KZqfNVzJgCXCZlswXhE,https://open.spotify.com/track/7h6KZqfNVzJgCXCZlswXhE,shadowy suspenseful enigmatic
The Abandoned Mansion of Ghostly Secrets,Ambience Mastery,A Haunted and Magical World (Dark Fairytale Music),2023-03-13,6JZ0DGMtbm873eT0Td1mK6,https://open.spotify.com/track/6JZ0DGMtbm873eT0Td1mK6,shadowy suspenseful enigmatic
Ambient Sad Piano,Eitan Epstein Music,Sad Emotions,2022-06-13,0MgHAx2VLwMrlI9M4V3ZSg,https://open.spotify.com/track/0MgHAx2VLwMrlI9M4V3ZSg,shadowy suspenseful enigmatic
Ambient Soundscapes,Mysterious World Music,African Dance: Traditional Drums Music,2019-06-10,2f3XCwGf8efFue8YcS9chd,https://open.spotify.com/track/2f3XCwGf8efFue8YcS9chd,shadowy suspenseful enigmatic
Horror Background Music,Creepy Razy,"Spooky Halloween Music: Creepy, Dark, Scary Halloween Ambient Music",2020-10-02,3BbyV4Rt2EnjI3Ok9HPexR,https://open.spotify.com/track/3BbyV4Rt2EnjI3Ok9HPexR,shadowy suspenseful enigmatic
Ambient Strings – Mystical and Ethereal October Background,Etrusco Music,Mystical October – Ethereal Ambient Soundscapes,2025-10-12,2bbd8faGDG2BhbkP0pdeKE,https://open.spotify.com/track/2bbd8faGDG2BhbkP0pdeKE,shadowy suspenseful enigmatic
Unsolvable Enigma,Eric Chevalier,Investigation - Light Tension 2,2020-07-17,4EKBHljFa1oyEa36As3SGK,https://open.spotify.com/track/4EKBHljFa1oyEa36As3SGK,shadowy suspenseful enigmatic
"Dark Room, Pt. 1",Dark Ambient Orchestra,"Dark Ambient, Vol. 1",2014-05-10,6pTG7HTcRfppBHzNiBDSU1,https://open.spotify.com/track/6pTG7HTcRfppBHzNiBDSU1,shadowy suspenseful enigmatic
"Halloween Spooky Ambience, Pt. I",Ambient Senses,Halloween Spooky Ambience (Gapless play),2022-10-26,4KKN1MEhtCzRLB41XOgCCN,https://open.spotify.com/track/4KKN1MEhtCzRLB41XOgCCN,shadowy suspenseful enigmatic
Ambient Minimal Upbeat,DensoMusic,Ambient Corporate Background,2021-03-21,1XgrTLD361TpCpotszIltG,https://open.spotify.com/track/1XgrTLD361TpCpotszIltG,shadowy suspenseful enigmatic
Mysterious Music for WFH,Jazz Instrumentals for Reading,Distinguished Ambiance for Baking,2020-10-20,7cOydZEOae6Yy8SckKBeGy,https://open.spotify.com/track/7cOydZEOae6Yy8SckKBeGy,shadowy suspenseful enigmatic
Soothing Ambience,Doug Kilgore,Essential Ambience,2015-07-25,24PLemoZrQjDbt2124ck62,https://open.spotify.com/track/24PLemoZrQjDbt2124ck62,shadowy suspenseful enigmatic
Magic Ingredients,Spooky Music,Atmospheric Spooky Music,2024-12-09,4DJCTdLsvrwrjyPbrrkaOy,https://open.spotify.com/track/4DJCTdLsvrwrjyPbrrkaOy,shadowy suspenseful enigmatic
The Power of Nature,The Darker Star,"Dark Ambient: Dark Ambient Music, Atmosphere Music, Solitude and Melancholy",2012-09-03,0PucxtMPRSKbW7pV14NIzd,https://open.spotify.com/track/0PucxtMPRSKbW7pV14NIzd,shadowy suspenseful enigmatic
Dark Ambient Music,Halloween Tribe,Scary Monsters and Spooky Sounds - Horror Music and Creepy Effects for Your Halloween Party,2014-10-20,4d4nfr9DsvfDllly9Hzezv,https://open.spotify.com/track/4d4nfr9DsvfDllly9Hzezv,shadowy suspenseful enigmatic
Fairground,Ethereal Isolation,Instrumental Electronic Music,2020-09-06,2GyYfvPysp44i3RYKLziA4,https://open.spotify.com/track/2GyYfvPysp44i3RYKLziA4,shadowy suspenseful enigmatic
Creepy Ambience,Spooky Halloween Music,Horror Ambience For Halloween,2024-10-06,7iXijrbYnwbJnyvatKJswL,https://open.spotify.com/track/7iXijrbYnwbJnyvatKJswL,shadowy suspenseful enigmatic
Break Time,Ambience Fantasy,Instrumental Music for Reading Comics,2022-09-01,0MzJRMHWERAOsVJbuGIoww,https://open.spotify.com/track/0MzJRMHWERAOsVJbuGIoww,shadowy suspenseful enigmatic
Comics are The Best,Ambience Fantasy,Instrumental Music for Reading Comics,2022-09-01,5zdhInzo8jaTSeXhILq1nh,https://open.spotify.com/track/5zdhInzo8jaTSeXhILq1nh,shadowy suspenseful enigmatic
Darkness Demonic,Spooky Music,Atmospheric Spooky Music,2024-12-09,2LEqqLpu7ylLfSlcEWx13k,https://open.spotify.com/track/2LEqqLpu7ylLfSlcEWx13k,shadowy suspenseful enigmatic
Inspirational Ambient,AShamaluevMusic,Inspirational Ambient,2019-09-30,34JnRqjUHjo1EPWWObtPz9,https://open.spotify.com/track/34JnRqjUHjo1EPWWObtPz9,shadowy suspenseful enigmatic
Ambient Time Soundscape,Allen Grey,Soundscape Collection,2020-12-09,642zVVLJqgl2jrhrKWGAug,https://open.spotify.com/track/642zVVLJqgl2jrhrKWGAug,shadowy suspenseful enigmatic
Mists and Illusions,David Hewson,"Horror, Mystery & Imagination - 3",1996-12-31,4dXloRHpLTCqamFQPVGcZm,https://open.spotify.com/track/4dXloRHpLTCqamFQPVGcZm,shadowy suspenseful enigmatic
Shimmer in the Dark,Ambient Realms,"Massive Horror Ambience, Vol. 1",2018-10-11,2MgWi6lPvKd5MP8HohjxMi,https://open.spotify.com/track/2MgWi6lPvKd5MP8HohjxMi,shadowy suspenseful enigmatic
Cathedral Ambient,Chillout Experience Music Academy,Dark Calmness: Creepy Ambient Piano Music,2022-05-05,04N6YixTaPzUXHf4DKdLxp,https://open.spotify.com/track/04N6YixTaPzUXHf4DKdLxp,shadowy suspenseful enigmatic
Suspense Cinematic Background,cleanmindsounds,Suspense Cinematic Background,2022-03-03,5YwzXnMplLnqPrtGrwpO99,https://open.spotify.com/track/5YwzXnMplLnqPrtGrwpO99,shadowy suspenseful enigmatic
Ambient,Zen Relaxation,"Chill Instrumental Piano Music with Ambient Sounds for Relaxation, Sleep, Study, Yoga, Meditation",2018-12-05,7BuYo0Wsxn3O46fcB5qGFK,https://open.spotify.com/track/7BuYo0Wsxn3O46fcB5qGFK,shadowy suspenseful enigmatic
"Ambience, Fantasy - Underwater Synth Ambience, Mysterious, Horror Fantasy Ambiences, Sound FX",Sound Effects Library,Magical: Sound Effects,2012-05-15,2IsjTSFWBNcJVI019ZzZYS,https://open.spotify.com/track/2IsjTSFWBNcJVI019ZzZYS,shadowy suspenseful enigmatic
Chamber of Darkness,Ambient Realms,"Massive Ambient Music, Vol. 11",2022-09-01,6wRNsTObAPrgMJe67TIbAh,https://open.spotify.com/track/6wRNsTObAPrgMJe67TIbAh,shadowy suspenseful enigmatic
Ambient Music,Ingrid Rose,Sexy Ambient Music,2016-07-01,5stbYppXkcC4oXuL2N6BbM,https://open.spotify.com/track/5stbYppXkcC4oXuL2N6BbM,shadowy suspenseful enigmatic
Dark Soundscapes,RF Soundtracks,Royalty Free Ambient Music for Personal YouTube Videos,2015-10-21,2TlqrbD30FdwbeRKO40U2X,https://open.spotify.com/track/2TlqrbD30FdwbeRKO40U2X,shadowy suspenseful enigmatic
Cinematic Night Ambience,Jazz Prohibition,"Noir Film Music: Detective Background Songs, Cinematic Vintage Jazzy Film Noir Moods",2023-02-24,1eheNSi0mHmxitZGNY93Mw,https://open.spotify.com/track/1eheNSi0mHmxitZGNY93Mw,shadowy suspenseful enigmatic
Dark Wilderness,Ambient Realms,"Massive Ambient Music, Vol. 10",2021-12-04,3KfAfoxB2bbWcddKqTRWbd,https://open.spotify.com/track/3KfAfoxB2bbWcddKqTRWbd,shadowy suspenseful enigmatic
Serpent Temple,Ambient Realms,"Massive Ambient Music, Vol. 7",2020-03-17,2yBb7KpPMky4w3zFaKBi1c,https://open.spotify.com/track/2yBb7KpPMky4w3zFaKBi1c,shadowy suspenseful enigmatic
Quiet Graveyard,Sword Coast Soundscapes,"Quiet... Too Quiet, Vol. 1",2020-08-09,1XcVJu1iISXQFyfrKsRvU3,https://open.spotify.com/track/1XcVJu1iISXQFyfrKsRvU3,shadowy suspenseful enigmatic
Mystic Sleepscape,Ethereal Drifters,Lunar Lullabies: Peaceful Sleep Meditation,2023-10-16,1Xw7ovaAKCLZHcngMiRMeE,https://open.spotify.com/track/1Xw7ovaAKCLZHcngMiRMeE,shadowy suspenseful enigmatic
"Ambience, Fantasy - Synth Drone Featuring Voices in F# Major, Music Fantasy Ambiences",Sound Effects Library,Magical: Sound Effects,2012-05-15,15ovXy4LxQRLeRlHzTMUDR,https://open.spotify.com/track/15ovXy4LxQRLeRlHzTMUDR,shadowy suspenseful enigmatic
Scarey Atmospheres Chapter 3,David Fesliyan,Hide,2021-02-12,3H9xGKIvzvcE2cs3ZLka7y,https://open.spotify.com/track/3H9xGKIvzvcE2cs3ZLka7y,shadowy suspenseful enigmatic
Fear,Ambient Realms,"Massive Horror Ambience, Vol. 1",2018-10-11,7xFdmSGvGLEduq8K20IDnF,https://open.spotify.com/track/7xFdmSGvGLEduq8K20IDnF,shadowy suspenseful enigmatic
Ghostly Chateau,Ambient Realms,"Massive Ambient Music, Vol. 14",2025-03-22,3qckHbYn4jJ2NPbnaZ8dXI,https://open.spotify.com/track/3qckHbYn4jJ2NPbnaZ8dXI,shadowy suspenseful enigmatic
Dark Cybernetic Suspense,Allen Grey,Suspense & Mystery,2022-05-27,2tDZrAThW6s5CR3dvB5fvs,https://open.spotify.com/track/2tDZrAThW6s5CR3dvB5fvs,shadowy suspenseful enigmatic
Emotional Cinematic Ambient,AShamaluevMusic,Emotional Cinematic Ambient,2018-12-31,7vBOdpZSovoUjFgtYKPzfE,https://open.spotify.com/track/7vBOdpZSovoUjFgtYKPzfE,shadowy suspenseful enigmatic
Suspenseful Accordian,Om-Official,"Halloween, Those Five Tracks",2021-10-03,4OQjCV3dFuHRlipenfOz9T,https://open.spotify.com/track/4OQjCV3dFuHRlipenfOz9T,shadowy suspenseful enigmatic
Cinematic Suspense Background,cleanmindsounds,Cinematic Suspense Background,2022-06-28,4gkLK3UDolKmzLCTFrHJxi,https://open.spotify.com/track/4gkLK3UDolKmzLCTFrHJxi,shadowy suspenseful enigmatic
The Haunted Crypt of the Vampire Queen,Ambience Mastery,A Haunted and Magical World (Dark Fairytale Music),2023-03-13,7uOLoYxTMDrieLJEQhJTHi,https://open.spotify.com/track/7uOLoYxTMDrieLJEQhJTHi,shadowy suspenseful enigmatic
A Creepy Fantasy,Erick McNerney,In Shadow,2020-09-25,7eNTkcjyUDx0LLJ5r0X8ez,https://open.spotify.com/track/7eNTkcjyUDx0LLJ5r0X8ez,shadowy suspenseful enigmatic
Ambient Documentary Dramatic,cleanmindsounds,Ambient Documentary Dramatic,2023-02-28,164fUHVLbmBbl1Dm5L8nrW,https://open.spotify.com/track/164fUHVLbmBbl1Dm5L8nrW,shadowy suspenseful enigmatic
Ambient Calm Music,MrClaps,Best Of,2022-11-12,6DboziQk5xYiBZ4PvuLJOD,https://open.spotify.com/track/6DboziQk5xYiBZ4PvuLJOD,shadowy suspenseful enigmatic
Night Calling,Ambient Realms,"Massive Horror Ambience Music, Vol. 2",2020-10-13,2cFUvoIddXY4BsM5GBrJ8b,https://open.spotify.com/track/2cFUvoIddXY4BsM5GBrJ8b,shadowy suspenseful enigmatic
Drama Ambient Piano,cleanmindsounds,Drama Ambient Piano,2022-10-29,0DQBq7b8kDHF0O3EPLxPcb,https://open.spotify.com/track/0DQBq7b8kDHF0O3EPLxPcb,shadowy suspenseful enigmatic
Dark Ambient Music,DJ Haunted,Halloween 2013 - Scary Background Music (Dark Soundtrack for Halloween Events and Scary Videos),2013-10-09,2NHBkB25F25z2J9zsnZmIX,https://open.spotify.com/track/2NHBkB25F25z2J9zsnZmIX,shadowy suspenseful enigmatic
Ominous,Sam Taylor,Dark Soundscapes,2021-01-29,1uC93OC9vjgmHLzPuJRXVG,https://open.spotify.com/track/1uC93OC9vjgmHLzPuJRXVG,shadowy suspenseful enigmatic
Calm Ambient Piano,cleanmindsounds,Calm Ambient Piano,2022-08-30,3HkGOFMjhWi5uP5ZMgJL11,https://open.spotify.com/track/3HkGOFMjhWi5uP5ZMgJL11,shadowy suspenseful enigmatic
Night Horror,Ambient Realms,"Massive Horror Ambience, Vol. 1",2018-10-11,2GaTWUZ6W0rQt1LDZlEbwG,https://open.spotify.com/track/2GaTWUZ6W0rQt1LDZlEbwG,shadowy suspenseful enigmatic
Scarey Atmospheres Chapter 2,David Fesliyan,Hide,2021-02-12,2Cb7zRkRkx7Fzr4NQE9wFQ,https://open.spotify.com/track/2Cb7zRkRkx7Fzr4NQE9wFQ,shadowy suspenseful enigmatic
Ambience,Inside Your Soul,While Painting: Soft Inspirational Music to Listen to While Painting,2021-11-05,2g0RjElZOJe0lVP3RXLRIi,https://open.spotify.com/track/2g0RjElZOJe0lVP3RXLRIi,shadowy suspenseful enigmatic
Final Breath,Prelude To A Nightmare,Carpe Noctem (Remastered 2021),2021-09-18,37hJben6SGA9XsU8lgnxAs,https://open.spotify.com/track/37hJben6SGA9XsU8lgnxAs,shadowy suspenseful enigmatic
Dark Alley,Ambient Realms,"Massive Ambient Music, Vol. 5",2019-01-01,2jVLutphssVm8sRnBHcUna,https://open.spotify.com/track/2jVLutphssVm8sRnBHcUna,shadowy suspenseful enigmatic
Eerie Graveyard at Midnight,Solfeggio Healing Frequencies Relaxing Ambience,Spooky Halloween Dark Ambience Scary Horror Music,2024-08-16,2bqHfRxfkzLGtLKdDv1cX2,https://open.spotify.com/track/2bqHfRxfkzLGtLKdDv1cX2,shadowy suspenseful enigmatic
Drone,Ambient Realms,"Massive Ambient SciFi Music, Vol. 1",2016-11-03,7AUEMA96FvjoC5wmevcS5s,https://open.spotify.com/track/7AUEMA96FvjoC5wmevcS5s,shadowy suspenseful enigmatic
Eerie Presence,Epic Fantasy Adventurers,Gruesome Discovery: Gothic Dark Ambient for Horror & Dark Fantasy RPG Sessions,2022-02-02,4PItQCeFsVMIqDSULIewEQ,https://open.spotify.com/track/4PItQCeFsVMIqDSULIewEQ,shadowy suspenseful enigmatic
Haunted (Ambient),Bill McCarthy,"Epic Soundtracks, Vol. 3",2017-02-24,6tT1nTax1NUOhWZv0Ho7ib,https://open.spotify.com/track/6tT1nTax1NUOhWZv0Ho7ib,shadowy suspenseful enigmatic
Dark Piano Mystery,George Hollingdrake,Emotional Cinematic Piano,2020-06-01,5uFxHKPJFjWQp6v1BqnhNn,https://open.spotify.com/track/5uFxHKPJFjWQp6v1BqnhNn,shadowy suspenseful enigmatic
A Mysterious Painting,Ambience Mastery,A Victorian Atmosphere (Piano Instrumentals),2022-01-16,17PSupgpy4vskiQKlyZjD1,https://open.spotify.com/track/17PSupgpy4vskiQKlyZjD1,shadowy suspenseful enigmatic
Decadent Ambient,Wasted Cathedral,Retreat Into Fantasy Soundtracks,2022-10-21,1ygtIXtbIBIWchwCMQCHYV,https://open.spotify.com/track/1ygtIXtbIBIWchwCMQCHYV,shadowy suspenseful enigmatic
The Mystic Crypt,Ambient Realms,"Massive Ambient Music, Vol. 6",2020-03-17,4BbIp1E19EhDTKv1PldNbc,https://open.spotify.com/track/4BbIp1E19EhDTKv1PldNbc,shadowy suspenseful enigmatic
Resonant Chambers,Ambient Realms,"Massive Ambient Music, Vol.3",2016-01-14,6345FQ2VM7XwNVk1ycqbfD,https://open.spotify.com/track/6345FQ2VM7XwNVk1ycqbfD,shadowy suspenseful enigmatic
Misty Chamber,Ambient Realms,"Massive Ambient Music, Vol.3",2016-01-14,2FxQxLoYSVU8Qb8DkgAXyj,https://open.spotify.com/track/2FxQxLoYSVU8Qb8DkgAXyj,shadowy suspenseful enigmatic
Soulful Music That Will Survive,Scary Halloween Night Ambient,"Scary Night with Mysterious Fog & Sounds (Halloween 2017, Spooky & Terrifying Atmosphere, Music with Creepy Sounds, Real Nightmare)",2017-09-28,3jQL4DBsovmfdKLG68h9Dc,https://open.spotify.com/track/3jQL4DBsovmfdKLG68h9Dc,shadowy suspenseful enigmatic
Deadly Plants,Ambient Realms,"Massive Ambient Music, Vol. 10",2021-12-04,08D36Ok0UMYZCBIll5x2yL,https://open.spotify.com/track/08D36Ok0UMYZCBIll5x2yL,shadowy suspenseful enigmatic
Ethereal - Instrumental,Sundrowned,Become Ethereal (Instrumental),2021-11-26,5iXfpsNcBdx13IUbI7QssY,https://open.spotify.com/track/5iXfpsNcBdx13IUbI7QssY,shadowy suspenseful enigmatic
Dark Corner,Ambient Realms,"Massive Horror Ambience, Vol. 3",2022-04-23,6SJYTQ5tjd9xbdLWBUubem,https://open.spotify.com/track/6SJYTQ5tjd9xbdLWBUubem,shadowy suspenseful enigmatic
Moving Shadows,Horror Music Collection,"Night in Haunted Forest: Creepy Halloween Music, Dark Ambient Horror Sound Effects",2021-09-28,2EPoEMrrXNvdT70o4X2Oeg,https://open.spotify.com/track/2EPoEMrrXNvdT70o4X2Oeg,shadowy suspenseful enigmatic
Cosmic Lullabies,Ambience Fantasy,Fantasy Lullaby Music: 22 Enchanted Majestic Orchestral Tracks,2022-07-08,2IYgq9RrxyUHXYCkGOuvLx,https://open.spotify.com/track/2IYgq9RrxyUHXYCkGOuvLx,shadowy suspenseful enigmatic
Suspense Emotional Drama,cleanmindsounds,Suspense Emotional Drama,2022-06-28,6tnFMQwBkHAaAOamjCz9J9,https://open.spotify.com/track/6tnFMQwBkHAaAOamjCz9J9,shadowy suspenseful enigmatic
Witchcraft Mysteries,Ambience Mastery,Witch Magic Ambience,2022-12-09,7GslaK57hYbvjV6Uo8lKcQ,https://open.spotify.com/track/7GslaK57hYbvjV6Uo8lKcQ,shadowy suspenseful enigmatic
Arcane Shadows,Brian Estes,Arcane Shadows,2022-02-01,5uqIIaIoPe0l98AFvGbB9t,https://open.spotify.com/track/5uqIIaIoPe0l98AFvGbB9t,shadowy suspenseful enigmatic
"Ambience, Fantasy - Synth Drone Featuring Voices in Atonal, Music Fantasy Ambiences, Blockbuster Sound Effects",Sound Effects Library,Magical: Sound Effects,2012-05-15,2IdM6G8eljajmz8kdhJtS6,https://open.spotify.com/track/2IdM6G8eljajmz8kdhJtS6,shadowy suspenseful enigmatic
Echoes of Space,Brian Estes,A Journey Through Space,2019-04-01,2CEJNI1hjlV1AVYKXlSxhN,https://open.spotify.com/track/2CEJNI1hjlV1AVYKXlSxhN,shadowy suspenseful enigmatic
Ghostly Pools,Ambient Realms,"Massive Ambient Music, Vol. 5",2019-01-01,4IOhF5dxBXYgyt73gU0r6E,https://open.spotify.com/track/4IOhF5dxBXYgyt73gU0r6E,shadowy suspenseful enigmatic
Words - Instrumental,Nice Background,Musica Ambiental Vol.1,1995-01-01,11dgtCBITXYrnaj2UftYDE,https://open.spotify.com/track/11dgtCBITXYrnaj2UftYDE,shadowy suspenseful enigmatic
Organ and Choirs. Grim Atmosphere,Sounds Effects Wav Files Studio,Mystery Music. Terrifying Sounds for Scary Atmospheres,2014-01-21,2MQplKdlljaUMdwLP6oREX,https://open.spotify.com/track/2MQplKdlljaUMdwLP6oREX,shadowy suspenseful enigmatic
Enchanted Souls,Ambient Realms,"Massive Ambient Music, Vol.3",2016-01-14,0C6zUUTi0HHdIH6xk4JaAH,https://open.spotify.com/track/0C6zUUTi0HHdIH6xk4JaAH,shadowy suspenseful enigmatic
Shadows and flames,Dark Fantasy Studio,Unia,2022-04-06,6Cug80o9ssiIiF4jxGOqYV,https://open.spotify.com/track/6Cug80o9ssiIiF4jxGOqYV,shadowy suspenseful enigmatic
Mysterious Place,Ambient Andromeda,"Mystic Voyage in Nature - Natural Sounds, Relaxing Ambient Music for Visualization Meditation",2015-04-08,1Ng75OGlX5A0vdI7JvJhXt,https://open.spotify.com/track/1Ng75OGlX5A0vdI7JvJhXt,shadowy suspenseful enigmatic
Dedication Suite One,Edward Shearmur,Dedication,2007-09-11,79iyi4Q5LBQ0cHcCbKYQCP,https://open.spotify.com/track/79iyi4Q5LBQ0cHcCbKYQCP,shadowy suspenseful enigmatic
Dark Mana,Ambient Realms,"Massive Horror Ambience, Vol. 3",2022-04-23,0bDXQZsrFz7ffVPOifUyty,https://open.spotify.com/track/0bDXQZsrFz7ffVPOifUyty,shadowy suspenseful enigmatic
Overloaded,Dark Ambient Creator,"Dark Ambient Drones for Relaxing, Dreaming, Chilling and Tripping, Vol. 1",2015-08-31,5iWaHitlFuhroaZTXT089t,https://open.spotify.com/track/5iWaHitlFuhroaZTXT089t,shadowy suspenseful enigmatic
Lunaris,Mystical Ambient,Ambient Journey,2024-02-02,77gM6SllSN6LAb40huDH4Z,https://open.spotify.com/track/77gM6SllSN6LAb40huDH4Z,shadowy suspenseful enigmatic
(untitled ambience 1) 2008,zYnthetic,ERA,2014-07-26,11CuZYClfcSw8okPHHftnc,https://open.spotify.com/track/11CuZYClfcSw8okPHHftnc,shadowy suspenseful enigmatic
Scary Horror Creepy Ambience Sound Effects,Power Ambient Music Therapy,50 Various Sound Effects & Meditation Ambiences,2016,2Co6yAROMVHpuSC8FwqWJn,https://open.spotify.com/track/2Co6yAROMVHpuSC8FwqWJn,shadowy suspenseful enigmatic
An Eerie Orbit,Mathias Grassow,Interstellar Ambience,2023-02-10,00F3wLhfA82BHuU9jGVvvD,https://open.spotify.com/track/00F3wLhfA82BHuU9jGVvvD,shadowy suspenseful enigmatic
Dramatic Mystery,Johannes Huppertz,"Mystery Music, Vol. 2",2019-01-11,4XLIaTsLp8xQYrjRP8J56T,https://open.spotify.com/track/4XLIaTsLp8xQYrjRP8J56T,shadowy suspenseful enigmatic
Mantic Dungeon,Ambient Realms,"Massive Ambient Music, Vol. 5",2019-01-01,66FVTi0aWcq467uSqxo4lx,https://open.spotify.com/track/66FVTi0aWcq467uSqxo4lx,shadowy suspenseful enigmatic
The Haunted Keep,Ambient Realms,"Massive Ambient Music, Vol. 4",2016-08-18,6Kv9FVJgcz6UUoUia4Hsqt,https://open.spotify.com/track/6Kv9FVJgcz6UUoUia4Hsqt,shadowy suspenseful enigmatic
Shady Town,Chris Logsdon,Fantasy Towns,2018-08-06,7HZjqd8VPYZkIXK6WKOsmd,https://open.spotify.com/track/7HZjqd8VPYZkIXK6WKOsmd,shadowy suspenseful enigmatic
Dark Jungle Passage,Ambient Realms,"Massive Ambient Music, Vol. 5",2019-01-01,1NSiDFxwyfFhDjRxURKs6x,https://open.spotify.com/track/1NSiDFxwyfFhDjRxURKs6x,shadowy suspenseful enigmatic
Scary,Parry Music,"Drama Moods, Vol. 6",2019-01-20,155pzFpvkXVib1VzztiV4r,https://open.spotify.com/track/155pzFpvkXVib1VzztiV4r,shadowy suspenseful enigmatic
"Ambience, Fantasy - Space Ambience, Layered Metallic Tones, Sci Fi Fantasy Ambiences, Dr. Sound Effects",Sound Effects Library,Magical: Sound Effects,2012-05-15,5LXul82rmldiaKhxzqOWdq,https://open.spotify.com/track/5LXul82rmldiaKhxzqOWdq,shadowy suspenseful enigmatic
Simple Ambient Music,AndrisMusic,Relaxation Albums,2021-02-24,4lM4DsA8IyS5Ji8AZ3gHWD,https://open.spotify.com/track/4lM4DsA8IyS5Ji8AZ3gHWD,shadowy suspenseful enigmatic
Dark Ambient,BrightNotesSounds,Ambient Stories,2023-11-11,33j0s11vZrcwuznBT6ZS5W,https://open.spotify.com/track/33j0s11vZrcwuznBT6ZS5W,shadowy suspenseful enigmatic
Fearful Nightmares Dark Ambient Horror Theme - Perfect for Creating Suspenseful Edits,DJ RIHAYEM,Dark Ambient Horror Music - Haunting Soundscapes for Fearful Edits,2024-09-11,0JVBe99l1BHcYg4dSdAKoS,https://open.spotify.com/track/0JVBe99l1BHcYg4dSdAKoS,shadowy suspenseful enigmatic
Forest of Darkness,Horror Music Collection,"Night in Haunted Forest: Creepy Halloween Music, Dark Ambient Horror Sound Effects",2021-09-28,2XcyBifYxxjJjbyOhTwqJd,https://open.spotify.com/track/2XcyBifYxxjJjbyOhTwqJd,shadowy suspenseful enigmatic
Dark Church Ambience,Dark Authority,Dark Church Ambience: Music Materials for Silent Worship,2019-11-14,2f7fSmllYk31S9eVCFjiKu,https://open.spotify.com/track/2f7fSmllYk31S9eVCFjiKu,shadowy suspenseful enigmatic
Endless Dark Hall,Ambient Realms,"Massive Horror Ambience, Vol. 3",2022-04-23,62ERWPmiUsn6WAzHJ8TbaZ,https://open.spotify.com/track/62ERWPmiUsn6WAzHJ8TbaZ,shadowy suspenseful enigmatic
Nocturnal Light,Edward Karl Hanson,The Abiding Angle,2013-03-22,4ShQGToDUdBtRdS9AqWM61,https://open.spotify.com/track/4ShQGToDUdBtRdS9AqWM61,shadowy suspenseful enigmatic
Noctural Ambience,Yves Relos,200 Strange Sound Effects,2011-07-29,7FeXDcOeJsPuyxeusM8unM,https://open.spotify.com/track/7FeXDcOeJsPuyxeusM8unM,shadowy suspenseful enigmatic
Ambient Chill,The Chillout Saxophone Players,Chill Sax (Downtempo Smooth Jazz Saxophone Music),2014-01-17,6w55xWXqHgTTRKVRLPjju9,https://open.spotify.com/track/6w55xWXqHgTTRKVRLPjju9,shadowy suspenseful enigmatic
Darkness,Ambient Realms,"Massive Horror Ambience, Vol. 1",2018-10-11,0upYB5tcVhimAT4uWJDNGM,https://open.spotify.com/track/0upYB5tcVhimAT4uWJDNGM,shadowy suspenseful enigmatic
Suspense Music,Sound Collective,Sounds of Horror,2006-09-13,0KRX7QL8zKsbGEcoPi8W9Z,https://open.spotify.com/track/0KRX7QL8zKsbGEcoPi8W9Z,shadowy suspenseful enigmatic
Dark Atmosphere,Allen Grey,Dark Collection,2020-12-09,2s7lG2Wkz6v7ue62wrS4HF,https://open.spotify.com/track/2s7lG2Wkz6v7ue62wrS4HF,shadowy suspenseful enigmatic
Dramatic Movement,Dark Ambient Creator,"Dark Ambient Drones for Relaxing, Dreaming, Chilling and Tripping, Vol. 1",2015-08-31,5ia41cYSynwzyOdY3sjMmg,https://open.spotify.com/track/5ia41cYSynwzyOdY3sjMmg,shadowy suspenseful enigmatic
Dark Gothic Musical Box,Allen Grey,Suspense & Mystery,2022-05-27,1YzCgPqbJidF0BC7aD0eAb,https://open.spotify.com/track/1YzCgPqbJidF0BC7aD0eAb,shadowy suspenseful enigmatic
Atmos,Dark Fantasy Studio,Pandemonium,2020-12-11,2CwdQjgfYq4Mz2k9527b3K,https://open.spotify.com/track/2CwdQjgfYq4Mz2k9527b3K,shadowy suspenseful enigmatic
The Explorer,Horror Soundscapes,Cosmic Voyage,2022-09-02,0eAXssL69n2n2EyycMbsau,https://open.spotify.com/track/0eAXssL69n2n2EyycMbsau,shadowy suspenseful enigmatic
"Ominous, Mysterious",Emory Cook,"Sound Effects, Vol. 3",1950-01-01,5CViogeXmzeOYKC3YZP3R5,https://open.spotify.com/track/5CViogeXmzeOYKC3YZP3R5,shadowy suspenseful enigmatic
"Ambience, Fantasy - Space Swarm, Dense, Multiple Tones, High Pitched, Sci Fi Fantasy Ambiences",Sound Effects Library,Magical: Sound Effects,2012-05-15,5aXOtWMDq01iC1at5SCgPr,https://open.spotify.com/track/5aXOtWMDq01iC1at5SCgPr,shadowy suspenseful enigmatic
"Ambience, Fantasy - Descending Noise Gliss, Heavy Synth Layers Fantasy Ambiences, FX",Sound Effects Library,Magical: Sound Effects,2012-05-15,33W6gfPa5DloKJljjthdIX,https://open.spotify.com/track/33W6gfPa5DloKJljjthdIX,shadowy suspenseful enigmatic
Experiencing the Paranormal,Ambience Mastery,A Dark Library (Gothic Horror Ambience),2022-12-05,3SZ6fwizeWGvBx7iPeiWJE,https://open.spotify.com/track/3SZ6fwizeWGvBx7iPeiWJE,shadowy suspenseful enigmatic
Soothing Ambient Music,Amelia System,Relaxing 80s Synth - Cyberpunk Vibes Night City,2020-10-09,0OwWUr0y1p6ODPbtj1B6pQ,https://open.spotify.com/track/0OwWUr0y1p6ODPbtj1B6pQ,shadowy suspenseful enigmatic
Create Soothing Atmosphere,Instrumental Jazz Music Ambient,"Easy Listening Music - Inspirational Positive Chillout Ambient, Best Uplifting Sounds for Tutorials & Videos, Background Instrumental Music for Everything",2017-09-14,4W6q16ITTYMaVEm5CW5CLc,https://open.spotify.com/track/4W6q16ITTYMaVEm5CW5CLc,shadowy suspenseful enigmatic
Ambient Background Instrumental Piano,Piano for Studying,Background Music Piano (Instrumentals),2021-11-05,3Udatv7WhDOPc26HVtsBi7,https://open.spotify.com/track/3Udatv7WhDOPc26HVtsBi7,shadowy suspenseful enigmatic
Sneaky Background Music,Background Music for Videos,Background Music for Videos,2021-07-30,3eVRMY9tP71qMicMJsEEQ3,https://open.spotify.com/track/3eVRMY9tP71qMicMJsEEQ3,shadowy suspenseful enigmatic
Dream Atmosphere Fantasy Ambience for Pleasant Feeling,Digiffects Sound Effects Library,Fantasy Sound Effects,2016-02-27,3LCGk8BfXf3WC0Sukc0dpn,https://open.spotify.com/track/3LCGk8BfXf3WC0Sukc0dpn,shadowy suspenseful enigmatic
Dark Ambient (Shadow Self),Dark Ambient Archive,"Dark Ambient, Vol. 1: The Forgotten Realms",2024-11-15,6373jVY8lJLTuhfx7ldaT4,https://open.spotify.com/track/6373jVY8lJLTuhfx7ldaT4,shadowy suspenseful enigmatic
Simplistic Ambiance for Motivation,Reading Room,Reading Books Music,2022-10-07,44NMN4JA1ht16srWzNz9yu,https://open.spotify.com/track/44NMN4JA1ht16srWzNz9yu,shadowy suspenseful enigmatic
Radiant Light,Ambient Realms,"Massive Ambient Music, Vol.3",2016-01-14,2MVIAPNj4T8vi3ea4TAStf,https://open.spotify.com/track/2MVIAPNj4T8vi3ea4TAStf,shadowy suspenseful enigmatic
Shadows Fall,Brian Estes,The Enigma,2022-09-09,0y2AM3N67eziOpJJ7yFr7k,https://open.spotify.com/track/0y2AM3N67eziOpJJ7yFr7k,shadowy suspenseful enigmatic
Dark Ambient Music 2021 & Dark Electronic Music 2021,Sunset Chill Out Music Zone,Dark Ambient Music 2021 & Dark Electronic Music 2021,2021-08-20,3oBHchxgFvLz0dKim49K1L,https://open.spotify.com/track/3oBHchxgFvLz0dKim49K1L,shadowy suspenseful enigmatic
A Tense Situation - Epic Cinematic Style Instrumental,Ambience Mastery,In Search of Adventure (Epic Cinematic Style Instrumentals),2021-07-15,6JxVJK8LYJpZ7zTc4iZAc8,https://open.spotify.com/track/6JxVJK8LYJpZ7zTc4iZAc8,shadowy suspenseful enigmatic
Scary Ambient Music,Halloween Kids,Spooky Music for Halloween,2017-10-31,4uEbMxYvk2n0RcMZaPzeK8,https://open.spotify.com/track/4uEbMxYvk2n0RcMZaPzeK8,shadowy suspenseful enigmatic
Fantastic Ambience for Refreshing Positivity,Reading Background Music Playlist,Scenic Soundscape Symphony,2023-10-26,4mjSRnRGiixoh2WZvHqO2n,https://open.spotify.com/track/4mjSRnRGiixoh2WZvHqO2n,shadowy suspenseful enigmatic
Ambiant theme : At the edge of the mysterious forest of Faewynn,Helmet Dungeon Synth,Tales of the Helmet's knight,2022-01-22,1upDUqAhHnsuDfHVlZROFG,https://open.spotify.com/track/1upDUqAhHnsuDfHVlZROFG,shadowy suspenseful enigmatic
A Magical Town,Ambience Mastery,Epic Fantasy Adventure Orchestra Ambience,2022-04-10,3kSwBYHm57O0XZS4euHmk8,https://open.spotify.com/track/3kSwBYHm57O0XZS4euHmk8,shadowy suspenseful enigmatic
Evil Laughter in the Shadows,Terrifying Ambient Sounds,Terrifying Ambient Sounds Vol2,2024-10-31,2BFWUbJ5HyyMDUDeQu8jRQ,https://open.spotify.com/track/2BFWUbJ5HyyMDUDeQu8jRQ,shadowy suspenseful enigmatic
Epic Dramatic Background,cleanmindsounds,Epic Dramatic Background,2022-10-29,2y7E32nQiHnF6QU1FyzB3l,https://open.spotify.com/track/2y7E32nQiHnF6QU1FyzB3l,shadowy suspenseful enigmatic
Haunted Hamlet,Ambient Realms,"Massive Ambient Music, Vol. 9",2021-07-30,3mJ3Eda45WgiPGLoprltpB,https://open.spotify.com/track/3mJ3Eda45WgiPGLoprltpB,shadowy suspenseful enigmatic
Dark Forest,Byeong Woo Lee,Odd Strumming Of The Universe,2017-12-01,47y8p69x8I3qF7x4cxYWZM,https://open.spotify.com/track/47y8p69x8I3qF7x4cxYWZM,shadowy suspenseful enigmatic
Tension Ambience,Drakula,Scary Background Music: Horror Monsters and Nice Sprites Howling Sounds,2019-09-09,5N8H0quwsnJ1IQjnicKbPD,https://open.spotify.com/track/5N8H0quwsnJ1IQjnicKbPD,shadowy suspenseful enigmatic
Suspenseful Steps,Eitan Epstein Music,"Cinematic Piano Suspense, Vol. 1",2022-07-11,4KI6T0e8AHSTjava6D32Ex,https://open.spotify.com/track/4KI6T0e8AHSTjava6D32Ex,shadowy suspenseful enigmatic
Within,Fearless Motivation Instrumentals,Abounding Ambient (Background Music),2018-11-09,0gpINEsxsYHpcr7MXK6Edd,https://open.spotify.com/track/0gpINEsxsYHpcr7MXK6Edd,shadowy suspenseful enigmatic
Atmosphere - Sad Piano Music,Naoya Sakamata,Atmosphere (Sad Piano Music),2016-09-19,62Idx8sGwEOtvzt8lfswN0,https://open.spotify.com/track/62Idx8sGwEOtvzt8lfswN0,shadowy suspenseful enigmatic
Haunting Fantasy Violin Ambience,Murmur Haven,Dark Violin Fantasy Ambience – Music for Writing and Reading,2025-09-10,1BhaL3GrKtg4xKRiwBJg7J,https://open.spotify.com/track/1BhaL3GrKtg4xKRiwBJg7J,shadowy suspenseful enigmatic
Gloomnest,Sean Secca,GRIME Ambiances (Original Game Soundtrack),2021-09-28,0C2KQdCFQANetjPUmGHDwI,https://open.spotify.com/track/0C2KQdCFQANetjPUmGHDwI,shadowy suspenseful enigmatic
Shadowy Serenity,Ambient Dreamscapes,Night Ambience,2024-05-18,47mHNK29UAu6TRqQJXayBV,https://open.spotify.com/track/47mHNK29UAu6TRqQJXayBV,shadowy suspenseful enigmatic
AMBIENT PIANO AND STRINGS,Zakhar Valaha,AMBIENT PIANO AND STRINGS,2019-09-19,5BgEzeprSjcceV3LcE1PT2,https://open.spotify.com/track/5BgEzeprSjcceV3LcE1PT2,shadowy suspenseful enigmatic
Dark Ambient,Dark Sci-Fi Space,"Space Ambient Harmonics: Starship Sleeping Music, Relaxing Ambience",2021-04-12,5rsnE4OLFEDBNaz4atznPp,https://open.spotify.com/track/5rsnE4OLFEDBNaz4atznPp,shadowy suspenseful enigmatic
Crime (Dramatic Instrumental Music),Introspectunes,Crime (Dramatic Instrumental Music),2021-05-14,6bhHisH4tQFf0ZC6ueqxTl,https://open.spotify.com/track/6bhHisH4tQFf0ZC6ueqxTl,shadowy suspenseful enigmatic
Horror Ambient,Eduard Perelyhin,Horror Ambient,2022-04-25,6uzxE1CQnN8ZU5vmGczZw6,https://open.spotify.com/track/6uzxE1CQnN8ZU5vmGczZw6,shadowy suspenseful enigmatic
Mysterious Atmosphere,Halloween Sounds House,House of Horrors. Background Music for the Halloween Night,2013-10-16,1i4xSVUOuVDp50j8abGAXm,https://open.spotify.com/track/1i4xSVUOuVDp50j8abGAXm,shadowy suspenseful enigmatic
Spooky Instrumental Music,Halloween Monsters,"Halloween Songs: Scary Ambience, Horror Music, Spooky Sound Effects from the Graveyard",2020-10-26,51XeSGgCxpGj4o64ndXYsY,https://open.spotify.com/track/51XeSGgCxpGj4o64ndXYsY,shadowy suspenseful enigmatic
Just An Urban Legend,Ambience Mastery,A Dark Library (Gothic Horror Ambience),2022-12-05,6wYN26XrC04SWTmi1ptnKz,https://open.spotify.com/track/6wYN26XrC04SWTmi1ptnKz,shadowy suspenseful enigmatic
Ambient Technology Electronic,cleanmindsounds,Ambient Technology Electronic,2022-06-28,4NH4ykCwzD1evZmWyiPQiN,https://open.spotify.com/track/4NH4ykCwzD1evZmWyiPQiN,shadowy suspenseful enigmatic
Magical Mystical Forest,David Phillips,"Moods, Vol. 5",2017-07-20,1T9jdyqXjicW1a6QCdjMZK,https://open.spotify.com/track/1T9jdyqXjicW1a6QCdjMZK,shadowy suspenseful enigmatic
Eerie Whispering in the Dark,Terrifying Ambient Sounds,Terrifying Ambient Sounds Vol2,2024-10-31,6k4si0sqkH70i3IX6GOJSq,https://open.spotify.com/track/6k4si0sqkH70i3IX6GOJSq,shadowy suspenseful enigmatic
Detective Caution,David Fesliyan,Hide,2021-02-12,4k9Y7aj4o0gCNSldlOERi6,https://open.spotify.com/track/4k9Y7aj4o0gCNSldlOERi6,shadowy suspenseful enigmatic
Soft Minimal Ambient,AndrisMusic,Relaxation Albums,2021-02-24,0o6WwbIiMCxXi9rJDFXCPU,https://open.spotify.com/track/0o6WwbIiMCxXi9rJDFXCPU,shadowy suspenseful enigmatic
Lost and Alone in the Woods,Ambience Mastery,A Haunted and Magical World (Dark Fairytale Music),2023-03-13,1kWLxy1DAQBMciBcYZnjhD,https://open.spotify.com/track/1kWLxy1DAQBMciBcYZnjhD,shadowy suspenseful enigmatic
Scary Beat,Alan Fillip,Dramatic Dronescapes,2016-10-15,0A7mjmV8RHSGJvOqNceUfc,https://open.spotify.com/track/0A7mjmV8RHSGJvOqNceUfc,shadowy suspenseful enigmatic
Whispering Shadows,Scary Halloween Night Ambient,Haunted House Sounds For Halloween,2024-10-07,2QDbHP0Zc7QhkrCMOT0iDz,https://open.spotify.com/track/2QDbHP0Zc7QhkrCMOT0iDz,shadowy suspenseful enigmatic
Dark Atmosphere,BGM Teacher,Horror Soundtrack for Media #1,2018-08-03,4HPCHdVofG1jUh7MUp3klS,https://open.spotify.com/track/4HPCHdVofG1jUh7MUp3klS,shadowy suspenseful enigmatic
Dark Soundtrack (Extended Version),Michael Meenderink,"Mystery Music, Set 13",2021-11-09,4DqPwLqq7zTAwrR4Tf07ZS,https://open.spotify.com/track/4DqPwLqq7zTAwrR4Tf07ZS,shadowy suspenseful enigmatic
Open,Dynamic Music,Ambient Electronic,2016-05-18,7hmbaeBTsB0A9kHPZXNmK8,https://open.spotify.com/track/7hmbaeBTsB0A9kHPZXNmK8,shadowy suspenseful enigmatic
The Apocryph,Andre Walter,"Dark Listening, Vol.1 + 2",2015-01-16,7mLXX6aJURqhAkyLEXgCwl,https://open.spotify.com/track/7mLXX6aJURqhAkyLEXgCwl,shadowy suspenseful enigmatic
Relaxing Ambient Music,Soothing Chill Out for Insomnia,"Relaxing Melodies for Children - Favorites Instrumental Piano Music for Sleep, Lullabies, Baby Music, Nursery Rhymes, Baby Sleep Training, Baby Relax",2015-05-26,7ihtXcj2LCfubq6Fz8M85s,https://open.spotify.com/track/7ihtXcj2LCfubq6Fz8M85s,shadowy suspenseful enigmatic
Ambient Light,Music Beyond,Drama,2018-10-22,0leLhC9ESi61E7KTCXASTP,https://open.spotify.com/track/0leLhC9ESi61E7KTCXASTP,shadowy suspenseful enigmatic
Inspiring Instrumental Ambience for Writers,Mental Detox Series,"Music for Writing Essays: Inspiring Instrumental Ambience for Writers, Poets, Artists & Schoolwork",2022-02-21,227gXAyCLs2A9FhIqP2yr6,https://open.spotify.com/track/227gXAyCLs2A9FhIqP2yr6,shadowy suspenseful enigmatic
A Fairy's Whispers in the Night,Ambience Mastery,A Haunted and Magical World (Dark Fairytale Music),2023-03-13,0shXbxVwEP61csQg02qG8A,https://open.spotify.com/track/0shXbxVwEP61csQg02qG8A,shadowy suspenseful enigmatic
Softening,Spa,50 Ambient Sounds for Powerful Sleep,2022-12-28,6XHCdlEXyzPvYY176aNOCq,https://open.spotify.com/track/6XHCdlEXyzPvYY176aNOCq,shadowy suspenseful enigmatic
Retrosphere,Dark Enigma,Retrosphere,2021-02-16,3K60WHTFn6j0EA4OoevDP4,https://open.spotify.com/track/3K60WHTFn6j0EA4OoevDP4,shadowy suspenseful enigmatic
Suspense Ambient,Eduard Perelyhin,Suspense Ambient,2022-03-13,1ykJOXoYeyonXvs7Tj9Sgr,https://open.spotify.com/track/1ykJOXoYeyonXvs7Tj9Sgr,shadowy suspenseful enigmatic
Instrumental Background Ambience,Panderer Mersu,12 Sad Piano Moods: Saddest Emotional Instrumental Background Ambience for Letting Go,2020-08-24,458qVm52fVY7CZi29pPzRV,https://open.spotify.com/track/458qVm52fVY7CZi29pPzRV,shadowy suspenseful enigmatic
Dramatic Trailer Background,cleanmindsounds,Dramatic Trailer Background,2022-11-30,502fTFks3CRvppxTmMs4hL,https://open.spotify.com/track/502fTFks3CRvppxTmMs4hL,shadowy suspenseful enigmatic
Dark Suspense Cinematic Riser,Allen Grey,Dark Collection,2020-12-09,43YtDbW1uja48mx2dEUjMX,https://open.spotify.com/track/43YtDbW1uja48mx2dEUjMX,shadowy suspenseful enigmatic
The Dark Town's Ethereal Shadows,Ambience Mastery,Whispers from Salem,2023-10-13,4EZlyxIpJfQBohhKUyoHk7,https://open.spotify.com/track/4EZlyxIpJfQBohhKUyoHk7,shadowy suspenseful enigmatic
Dreamy Crystal Cavern Echoes,Ambience Mastery,A Dreamscape of Space and Time,2023-10-21,4kVYnuJsAkW3ba2W45bUvL,https://open.spotify.com/track/4kVYnuJsAkW3ba2W45bUvL,shadowy suspenseful enigmatic
Positive Energy,Ambient Space Background,Mountain Music - Nature Sounds and Relaxing Spiritual Music,2020-09-30,1fyuQ2tZtsNk645A8JKq4c,https://open.spotify.com/track/1fyuQ2tZtsNk645A8JKq4c,shadowy suspenseful enigmatic
The Witch's Cottage in the Misty Woods,Ambience Mastery,A Haunted and Magical World (Dark Fairytale Music),2023-03-13,0vCmZqDe3jG9c7HzypXwiv,https://open.spotify.com/track/0vCmZqDe3jG9c7HzypXwiv,shadowy suspenseful enigmatic
Relaxing Ambient,AndrisMusic,Relaxation Albums,2021-02-24,06kYfM6F9rQGZwuwNCBelY,https://open.spotify.com/track/06kYfM6F9rQGZwuwNCBelY,shadowy suspenseful enigmatic
Gruesome Discovery,Epic Fantasy Adventurers,Gruesome Discovery: Gothic Dark Ambient for Horror & Dark Fantasy RPG Sessions,2022-02-02,7LBe3We5OcwKm2FWOZCqa0,https://open.spotify.com/track/7LBe3We5OcwKm2FWOZCqa0,shadowy suspenseful enigmatic
Eerie Silence in the Manor House,Ambience Mastery,A Haunted and Magical World (Dark Fairytale Music),2023-03-13,0114F9ukDa2e7U1Se5Aq7W,https://open.spotify.com/track/0114F9ukDa2e7U1Se5Aq7W,shadowy suspenseful enigmatic
Oceanscape,Deep Imagination,Scapes,2008-06-20,0aK3O3cj1ZVGy1kEkEfA8F,https://open.spotify.com/track/0aK3O3cj1ZVGy1kEkEfA8F,shadowy suspenseful enigmatic
Dark Ambient Ritual Music 30 Minutes,Eastern Science,Dark Ambient Ritual Music 30 Minutes,2021-08-22,6RoWNOmkmUEtdZDX20dnGi,https://open.spotify.com/track/6RoWNOmkmUEtdZDX20dnGi,shadowy suspenseful enigmatic
Instrumental Music - Ambient Smooth Jazz,Instrument Jazz Music Ambient,Instrumentals Music - Chill Out Smooth Jazz Relaxation Spa Dinner Sexy Sensual,2018-12-13,382fCLD6E746HpI05HdkPj,https://open.spotify.com/track/382fCLD6E746HpI05HdkPj,shadowy suspenseful enigmatic
Emotional Intimate,Library Of The Human Soul,Dramatic (Intimate Edition),2016-01-10,6ObASmeUVEQ8TdT8l2RvZp,https://open.spotify.com/track/6ObASmeUVEQ8TdT8l2RvZp,shadowy suspenseful enigmatic
Ethereal Evening,Ambient Dreamscapes,Night Ambience,2024-05-18,68vlnPrU2jpXVUors6f2aT,https://open.spotify.com/track/68vlnPrU2jpXVUors6f2aT,shadowy suspenseful enigmatic
Dark Ambient Sinking Ship,Ender Güney,The Dark Conjuring [Dark Ambient],2021-09-07,0pDevKDNu10XGRpvuzBzWy,https://open.spotify.com/track/0pDevKDNu10XGRpvuzBzWy,shadowy suspenseful enigmatic
Suspenseful Epic Theme,AXS Music,Epic Themes,2018-01-22,5z9ndKwVHEguCLPGfGmLsr,https://open.spotify.com/track/5z9ndKwVHEguCLPGfGmLsr,shadowy suspenseful enigmatic
Enigma of the Enchanted,Ambience Mastery,Witchcraft Rituals Beneath the Moon,2023-10-20,4wX4NF0eOmosMjZi3D2Chw,https://open.spotify.com/track/4wX4NF0eOmosMjZi3D2Chw,shadowy suspenseful enigmatic
Mystical Moonlight,Ambient Dreamscapes,Night Ambience,2024-05-18,2P6JC8gvOyzabOlelHReSZ,https://open.spotify.com/track/2P6JC8gvOyzabOlelHReSZ,shadowy suspenseful enigmatic
Ambient Lounge,AShamaluevMusic,Ambient Lounge,2019-09-05,7i3rZ5REJk1hh2JNk4PJex,https://open.spotify.com/track/7i3rZ5REJk1hh2JNk4PJex,shadowy suspenseful enigmatic
Ambient Piano & Strings,Zakhar Valaha,Angels & Piano,2021-02-05,6v1FozSisnauIRRuUiAMZI,https://open.spotify.com/track/6v1FozSisnauIRRuUiAMZI,shadowy suspenseful enigmatic
Atmospheric Cinematic Ambient,AShamaluevMusic,Atmospheric Cinematic Ambient,2019-12-22,0HAm6iXLZUZaQc8eN3DVKU,https://open.spotify.com/track/0HAm6iXLZUZaQc8eN3DVKU,shadowy suspenseful enigmatic
Ambien 1,Lucid Sound Driver,Ambien Music 10mg: The Wokest Sleep,2017-08-04,1e9Ok6zL6FYOc788TaFgWW,https://open.spotify.com/track/1e9Ok6zL6FYOc788TaFgWW,shadowy suspenseful enigmatic
Beautiful Background Ambient,makesound music,Chill Lounge Music,2022-10-15,4SItovDWp8r71TTeSj2Mkj,https://open.spotify.com/track/4SItovDWp8r71TTeSj2Mkj,shadowy suspenseful enigmatic
Halloween Magic,Ambience Mastery,All Hallows' Eve (Scary Ambience),2022-10-19,4khtYJZ22oDbXX9DMuabbU,https://open.spotify.com/track/4khtYJZ22oDbXX9DMuabbU,shadowy suspenseful enigmatic
Ambient Chill,Soft Jazz,"Mellow Jazz Morning - Spring Jazz Music, Calm Jazz, Slow & Sentimental Jazz Music, Easy Listening Jazz, Coffee Time",2020-05-05,1yMc2jFNx5DPXvQdJ5tMw5,https://open.spotify.com/track/1yMc2jFNx5DPXvQdJ5tMw5,shadowy suspenseful enigmatic
Atmospheric Piano,Ambient Space,Atmospheric Piano,2021-05-06,2cZh7UbhcLF7pADKRkd67a,https://open.spotify.com/track/2cZh7UbhcLF7pADKRkd67a,shadowy suspenseful enigmatic
Mystical Wood,Stive Morgan,The Best of Ambient,0000,6tHCP4igLDj6B2WA5lx33x,https://open.spotify.com/track/6tHCP4igLDj6B2WA5lx33x,shadowy suspenseful enigmatic
Ethereal Echoes,Ambient Dreamscapes,Night Ambience,2024-05-18,7EHzkKj93b20dxtDDA4rpa,https://open.spotify.com/track/7EHzkKj93b20dxtDDA4rpa,shadowy suspenseful enigmatic
Suspense (Instrumental),W.J.Rec,Suspense (Instrumental),2020-04-24,37FZpQs1IWcDQcB78WebTo,https://open.spotify.com/track/37FZpQs1IWcDQcB78WebTo,shadowy suspenseful enigmatic
Soft Horror Piano Drone,Bobby Cole,Your Deepest Nightmares: Scary Horror Music,2018-10-29,5OTwJpyKCfrqPmFCksGLyU,https://open.spotify.com/track/5OTwJpyKCfrqPmFCksGLyU,shadowy suspenseful enigmatic
Inspiring Motivate Ambient,AndrisMusic,Technology,2021-02-28,3Z8ZgdMTratjoLkqFHeoPD,https://open.spotify.com/track/3Z8ZgdMTratjoLkqFHeoPD,shadowy suspenseful enigmatic
Nightfall Nostalgia,Ambient Dreamscapes,Night Ambience,2024-05-18,5IWbQ7ckSKkLEQ46IK9vda,https://open.spotify.com/track/5IWbQ7ckSKkLEQ46IK9vda,shadowy suspenseful enigmatic
Sleep Piano Ambience,Ambient Space,Atmospheric Piano,2021-05-06,55cp4rRDe08UlKvoyxpeU3,https://open.spotify.com/track/55cp4rRDe08UlKvoyxpeU3,shadowy suspenseful enigmatic
Ambient Jazz,Jazz Instrumental Chill,Jazz Melody,2022-09-10,6qPVLDSD06QWXxFJf48gUy,https://open.spotify.com/track/6qPVLDSD06QWXxFJf48gUy,shadowy suspenseful enigmatic
