track_name,artist_name,album_name,release_date,track_id,spotify_url,mood_keywords
Ambient Emotional Piano,DS Productions,Ambient Emotional Piano,2021-01-02,053kba2hsZW5OuCxSpP3XI,https://open.spotify.com/track/053kba2hsZW5OuCxSpP3XI,dreamy tender intimate
Emotional Ambient Piano,OlexandrMusic,Emotional Ambient Piano,2022-07-08,1F7dGf03Hpf7qkfjQINjSS,https://open.spotify.com/track/1F7dGf03Hpf7qkfjQINjSS,dreamy tender intimate
Ambient Emotional Cinematic,Romansenykmusic,Soft Cinematic Soundtracks,2020-03-19,3iRW391RwTm8QN9jSqjwmQ,https://open.spotify.com/track/3iRW391RwTm8QN9jSqjwmQ,dreamy tender intimate
Ambient Dreaming,Relaxing Music for Stress Relief,Relax: Music for Stress Relief,2015-10-14,5yjT8vMPCYfQbblxLtmOPB,https://open.spotify.com/track/5yjT8vMPCYfQbblxLtmOPB,dreamy tender intimate
Ambient Sleep,Enchanted Feel,Ambient Sleep,2017-07-06,17Xgs4QHZkcKbcAGXfGMxx,https://open.spotify.com/track/17Xgs4QHZkcKbcAGXfGMxx,dreamy tender intimate
Ambient Dreaming,Ambient Music Sleep Therapy,Ambient Sleep Therapy,2015-11-04,3q0U2GccjDdRr4okfiXkBn,https://open.spotify.com/track/3q0U2GccjDdRr4okfiXkBn,dreamy tender intimate
Ambient Ascension,Soothe My Soul,Transformative Dreams,2020-06-22,3HCg6QVb4BsfLMwHHU03HW,https://open.spotify.com/track/3HCg6QVb4BsfLMwHHU03HW,dreamy tender intimate
Cheery Love - Happy Piano Music Instrumental Solo,Mark Andrew Hansen,Happy Piano Music Instrumentals about Love - Collected Works 3,2016-11-29,4aVnn6pajaLwvgeetYL6L7,https://open.spotify.com/track/4aVnn6pajaLwvgeetYL6L7,dreamy tender intimate
Fairytale Love - Happy Piano Music Instrumental Solo,Mark Andrew Hansen,Happy Piano Music Instrumentals about Love - Collected Works 3,2016-11-29,5cJWrN6STUuhH3XCErd5qJ,https://open.spotify.com/track/5cJWrN6STUuhH3XCErd5qJ,dreamy tender intimate
Beautiful Love,Cello Dreamers,Violin Lullabies,2022-01-16,1Xas6v4MwF48w4opDx7bma,https://open.spotify.com/track/1Xas6v4MwF48w4opDx7bma,dreamy tender intimate
Mr. Intentional - Live,Ms. Lauryn Hill,MTV Unplugged No. 2.0,2002-05-07,67spVDaPSaWeoKMzWmlR7l,https://open.spotify.com/track/67spVDaPSaWeoKMzWmlR7l,dreamy tender intimate
Soft Fuzzy Man,Lemon Demon,Spirit Phone,2016-02-29,6gh78DdZtoLjnMs9I1Jkam,https://open.spotify.com/track/6gh78DdZtoLjnMs9I1Jkam,dreamy tender intimate
The Perfect Curse They Call Love,Hakuten,The Perfect Curse They Call Love,2025-04-25,3PAJBpr9p9TayRQPfAC8i4,https://open.spotify.com/track/3PAJBpr9p9TayRQPfAC8i4,dreamy tender intimate
The Isle of Innisfree,Daniel O'Donnell,Thoughts of Home,1989-01-01,4duORwAhAiq6M0YVyoAzvy,https://open.spotify.com/track/4duORwAhAiq6M0YVyoAzvy,dreamy tender intimate
Backroads Rap Flows,Jackson Whalan,Backroads Rap Flows,2023-03-31,21NRNLXuHvWt9BQEIiayNc,https://open.spotify.com/track/21NRNLXuHvWt9BQEIiayNc,dreamy tender intimate
A Girl Is a Gun,Marmormaze,A Girl Is a Gun,2019-12-09,1IIxXYokMte6KEQHxJynu9,https://open.spotify.com/track/1IIxXYokMte6KEQHxJynu9,dreamy tender intimate
The Garden of Blue Butterflies,Tina Amell,The Garden of Blue Butterflies,2021-07-23,2zXEJvatiaAuMDKAZdBKj4,https://open.spotify.com/track/2zXEJvatiaAuMDKAZdBKj4,dreamy tender intimate
Soft Fuzzy Man,Dylan Leggett,Predisposed to Madness,2021-12-22,3uEGgMY92ieqwVPmDyzvAi,https://open.spotify.com/track/3uEGgMY92ieqwVPmDyzvAi,dreamy tender intimate
Divine,Harlee,HRTBRK HTL,2025-10-03,4Tziw8BJSE0tpIaTvvxgUd,https://open.spotify.com/track/4Tziw8BJSE0tpIaTvvxgUd,dreamy tender intimate
Dreamy Ambient Music,Sleeping Music,"Deep Sleep Music: Soothing Piano Music for Sleeping, Calm Music Sleep Aid, Ambient Relaxation Music and Relaxing Sleeping Music",2017-08-13,0g9SmtUThn071hLDHAOFka,https://open.spotify.com/track/0g9SmtUThn071hLDHAOFka,dreamy tender intimate
Inspirational happy love background music,DepasRec,Inspirational happy love background music,2016-09-01,5UeAxqXJRyQYU2Xyz9c5fJ,https://open.spotify.com/track/5UeAxqXJRyQYU2Xyz9c5fJ,dreamy tender intimate
Ethereal Forest Dreamscape,Nature Sounds for Sleep and Relaxation,Dreamy Forest Music,2024-04-25,7LJQwsQ03uqOzE6cPCHFJm,https://open.spotify.com/track/7LJQwsQ03uqOzE6cPCHFJm,dreamy tender intimate
What a Beautiful Dream (Music for Sleep),SPA & Piano,Piano Ambient Music (Massage),2022-02-04,6GlrdPnDi3l9eEQDNKLhY5,https://open.spotify.com/track/6GlrdPnDi3l9eEQDNKLhY5,dreamy tender intimate
Ambient Dreamscapes,Stardust Moon,Ambient Dreamscapes,2024-06-05,77RpcUSQQwgnpuRyc9qV0B,https://open.spotify.com/track/77RpcUSQQwgnpuRyc9qV0B,dreamy tender intimate
Ambient Music for Lucid Dreaming and Concentration,Ambient Andromeda,"Vipassana Meditation - Music for Insight Meditation, Yoga, Relaxation",2011-02-16,3Rci5nZSMwRasRbUxv0AKf,https://open.spotify.com/track/3Rci5nZSMwRasRbUxv0AKf,dreamy tender intimate
Ambient Dreaming,February Four,Sparks,2015-05-28,5LEcMn9jZOkX7efAREx7o1,https://open.spotify.com/track/5LEcMn9jZOkX7efAREx7o1,dreamy tender intimate
Piano for Dreaming,Lucio Belmonte,Dreamy Piano Sounds | Starry Night Piano | Romantic Piano | Relaxing Music | Instrumental Piano for Sleep | Piano Lullabies,2022-04-15,1YL5P7y3Ncs8lI91KfeQAt,https://open.spotify.com/track/1YL5P7y3Ncs8lI91KfeQAt,dreamy tender intimate
Serene Awakening,Ambientalism,Blissful Serenades,2021-07-07,68xLHUVQwyMAeo68Rqk0cy,https://open.spotify.com/track/68xLHUVQwyMAeo68Rqk0cy,dreamy tender intimate
Deep Cinematic Emotional Ambient,Romansenykmusic,Soft Cinematic Soundtracks,2020-03-19,3jRNm8EjtoBlmtG2yzVwlL,https://open.spotify.com/track/3jRNm8EjtoBlmtG2yzVwlL,dreamy tender intimate
Warm Emotional Background,Romansenykmusic,Light Melodies,2021-01-28,6glQCYv5q2vD7Fp08Gzvey,https://open.spotify.com/track/6glQCYv5q2vD7Fp08Gzvey,dreamy tender intimate
Dreamy Forest Magic,NyKuo,Dreamy Forest Magic,2023-04-26,5ZYLeF4ZQtij0sj9nblWYc,https://open.spotify.com/track/5ZYLeF4ZQtij0sj9nblWYc,dreamy tender intimate
Fairytale Dreamscape,Snowing White,Soothing Enchantment,2025-10-28,6UGdFem32KbfbxsKKuXsHH,https://open.spotify.com/track/6UGdFem32KbfbxsKKuXsHH,dreamy tender intimate
Dreamy Meditation,Evgeny Nazarenko,Dreamy Meditation,2023-02-27,6046egFmiA9ri8YIUxMQrV,https://open.spotify.com/track/6046egFmiA9ri8YIUxMQrV,dreamy tender intimate
Ambient Love,LoFiPøwder,Waterdreams,2021-09-27,1axXNaLkJm3R92KQCqQlU0,https://open.spotify.com/track/1axXNaLkJm3R92KQCqQlU0,dreamy tender intimate
Romantic Sleep Fireplace Sound and Snowstorm Wind,Ambi Nature Sounds,"Cabin Fireplace in Snowstorm (Nature Sounds for Relaxation, Meditation and Deep Sleep)",2022-10-28,5H1sYdALH3xBoDlLpI5Svo,https://open.spotify.com/track/5H1sYdALH3xBoDlLpI5Svo,dreamy tender intimate
Walk a Year In My Mind,Soilent Green,Sewn Mouth Secrets & A String of Lies,1998,3I26a8hb9SbviNjnO07MeT,https://open.spotify.com/track/3I26a8hb9SbviNjnO07MeT,dreamy tender intimate
Can't Let Go (Rock),Unearthed,Richard W Owen,2023-12-20,3Ei8RXa8ujTWSRhTqVqPVH,https://open.spotify.com/track/3Ei8RXa8ujTWSRhTqVqPVH,dreamy tender intimate
Growing Pains,youproblem,What You Do When You're Alone,2023-08-23,1cDosfZkMZCkjrVLmOpv1T,https://open.spotify.com/track/1cDosfZkMZCkjrVLmOpv1T,dreamy tender intimate
Romantic Piano Ambient,Soft Jazz Mood,"Fancy Night Bar: Background Jazz Music, Soft Instrumental Jazz, Bar Lounge Jazz",2022-03-17,0EejJzM6XV81kMAB2CThwe,https://open.spotify.com/track/0EejJzM6XV81kMAB2CThwe,dreamy tender intimate
Dreamy Sleep I: Dreamy Sleep Ambiance,#1 Ambient Sleep Aid - (Deluxe Sleep Albums),Dreamy Sleep Ambiance (Album) - By: Ambient Music Therapy,2009-01-01,2XBUPN4VZOXFAkBNcTuFkx,https://open.spotify.com/track/2XBUPN4VZOXFAkBNcTuFkx,dreamy tender intimate
Instrumental Background Piano,Lucio Belmonte,Dreamy Piano Sounds | Starry Night Piano | Romantic Piano | Relaxing Music | Instrumental Piano for Sleep | Piano Lullabies,2022-04-15,2E0rAF2TwqD2443Hrmb99Q,https://open.spotify.com/track/2E0rAF2TwqD2443Hrmb99Q,dreamy tender intimate
Ambient Dreaming,Bedtime Story Club,Soft Sleep – Calm Ambient Music for Sleeping and Resting,2016-12-03,0PQY2ieb8bDZQKdMZvJ0Qm,https://open.spotify.com/track/0PQY2ieb8bDZQKdMZvJ0Qm,dreamy tender intimate
Dreams About Love,Relaxing Flute Music Zone,Enchanted Flute Melodies,2017-11-09,1lNHlu6q6oT6EW5SHxq8oe,https://open.spotify.com/track/1lNHlu6q6oT6EW5SHxq8oe,dreamy tender intimate
Ambient Lullabies,Celestial Cascade,Dreamscape's Melancholy,2019-11-18,2bSbQM35jxXmclTHe8DIby,https://open.spotify.com/track/2bSbQM35jxXmclTHe8DIby,dreamy tender intimate
Ambient,Peaceful Piano Keys,Dreamy Piano,2022-07-14,2q2Rdqs3Seh0dkZUtrPKcW,https://open.spotify.com/track/2q2Rdqs3Seh0dkZUtrPKcW,dreamy tender intimate
Dreamy Sleep II: Dreamy Sleep Ambiance,#1 Ambient Sleep Aid - (Deluxe Sleep Albums),Dreamy Sleep Ambiance (Album) - By: Ambient Music Therapy,2009-01-01,16kTrnOaFT9vI5pbJS2AT6,https://open.spotify.com/track/16kTrnOaFT9vI5pbJS2AT6,dreamy tender intimate
Ambient Lullaby,Dreamabout,Ambient Lullaby,2021-01-21,5xYMSmgzEuA80GRN8HT2sq,https://open.spotify.com/track/5xYMSmgzEuA80GRN8HT2sq,dreamy tender intimate
"Serene Dream Serenade, Pt. 14",Sleep Fruits Music,"Sleep Fruits Session, Vol. 7",2023-09-09,63wQWp5PilHNSoRyYPJyoD,https://open.spotify.com/track/63wQWp5PilHNSoRyYPJyoD,dreamy tender intimate
Tranquil Forest Dreamscapes,Sleep Piano Music Systems,Piano Slumbers: Nature's Lullabies in Harmonic Bliss,2023-10-30,2hLVs6y7EHRQZKpGGjGVUY,https://open.spotify.com/track/2hLVs6y7EHRQZKpGGjGVUY,dreamy tender intimate
Celestial Enchantment,Ethereal Drifters,Calm Nebula: Serenades for Deep Dreaming,2023-11-16,4a8e6tPSshDkvkL72QiXte,https://open.spotify.com/track/4a8e6tPSshDkvkL72QiXte,dreamy tender intimate
Emotional Ambient Sounds for Introspective Moments,Shiroishi,Quiet Piano Music for Introspective Evenings,2025-09-12,6Uib5vh2V6cDbl0c2YFgfz,https://open.spotify.com/track/6Uib5vh2V6cDbl0c2YFgfz,dreamy tender intimate
Romantic Piano Ambient,Diana Kally,Jazzy Restaurant Piano Music 2022,2022-02-16,17752E1CDUGGFw962cQBLn,https://open.spotify.com/track/17752E1CDUGGFw962cQBLn,dreamy tender intimate
Ethereal Forest Whispers,Nature Sounds for Sleep and Relaxation,Dreamy Forest Music,2024-04-25,1gAxZg2L1XF1lJNVBaCATS,https://open.spotify.com/track/1gAxZg2L1XF1lJNVBaCATS,dreamy tender intimate
Ambientic,Dream Diver,Immersive Sleep Sounds,2023-02-17,0UbKid6AEBz6U4qUf72LJg,https://open.spotify.com/track/0UbKid6AEBz6U4qUf72LJg,dreamy tender intimate
Foggy Piano Music,Lucio Belmonte,Dreamy Piano Sounds | Starry Night Piano | Romantic Piano | Relaxing Music | Instrumental Piano for Sleep | Piano Lullabies,2022-04-15,4kc6cfCndyPQs0jxSPCzox,https://open.spotify.com/track/4kc6cfCndyPQs0jxSPCzox,dreamy tender intimate
Dreamy Nighttime Atmospheres,Musiscape,Serene Soundscapes for Restful Nights,2024-11-17,2Lh11e7PL5ryIxzhY81whF,https://open.spotify.com/track/2Lh11e7PL5ryIxzhY81whF,dreamy tender intimate
Enchanted Forest Reverie,Nature Sounds for Sleep and Relaxation,Dreamy Forest Music,2024-04-25,7FaSo5w7kPfBtBYCnZc03v,https://open.spotify.com/track/7FaSo5w7kPfBtBYCnZc03v,dreamy tender intimate
Deep Sleep Journey,Silent Rhythm,Space Ambient Sleep Music,2022-03-18,2BDwmVGYuJTWVSZAkHXgd3,https://open.spotify.com/track/2BDwmVGYuJTWVSZAkHXgd3,dreamy tender intimate
Dreamy Ambient Music For Sleep,Ambient Music Therapy,Dreamy Ambient Music For Sleep,2009-01-01,1HfRKGvJlPPl6DZlUOxITg,https://open.spotify.com/track/1HfRKGvJlPPl6DZlUOxITg,dreamy tender intimate
Dreamy Sleep III: Dreamy Sleep Ambiance,#1 Ambient Sleep Aid - (Deluxe Sleep Albums),Dreamy Sleep Ambiance (Album) - By: Ambient Music Therapy,2009-01-01,7zbGMXE7nsbVmUFSUhXwCK,https://open.spotify.com/track/7zbGMXE7nsbVmUFSUhXwCK,dreamy tender intimate
Dreamy Sleep 3 - (Album: Dreamy Sleep Ambiance),Ambient Music Therapy Records - AMT Recordings,Deluxe Sleep Albums - By: Ambient Music Therapy productions,2011-01-25,1XRBfaGngSMHWKGkebsKEo,https://open.spotify.com/track/1XRBfaGngSMHWKGkebsKEo,dreamy tender intimate
Romantic Piano Music,Lucio Belmonte,Dreamy Piano Sounds | Starry Night Piano | Romantic Piano | Relaxing Music | Instrumental Piano for Sleep | Piano Lullabies,2022-04-15,1pNgmazA5VVEcSLcW0661E,https://open.spotify.com/track/1pNgmazA5VVEcSLcW0661E,dreamy tender intimate
Dreamy Relaxation,The Harp of Love,"Harp Music - Soft, Beautiful, Relaxing, and Healing Songs",2014-01-18,2PDTUplpO5hAOqQCoXkJGF,https://open.spotify.com/track/2PDTUplpO5hAOqQCoXkJGF,dreamy tender intimate
Poignant (Emotional Piano Instrumental),Moesync,Melting (Emotional Piano Instrumentals),2024-10-06,0Jx0cXXr3CM9zv8zrFmy7n,https://open.spotify.com/track/0Jx0cXXr3CM9zv8zrFmy7n,dreamy tender intimate
Lovebird Piano Music,Lucio Belmonte,Dreamy Piano Sounds | Starry Night Piano | Romantic Piano | Relaxing Music | Instrumental Piano for Sleep | Piano Lullabies,2022-04-15,1TtOXxszXY0Jfg5gwlmZKm,https://open.spotify.com/track/1TtOXxszXY0Jfg5gwlmZKm,dreamy tender intimate
Memories - Ambient Piano Instrumental,Cozy Koala,Memories - Ambient Piano Instrumental,2022-09-30,7wI5U0nKjIk5FIeyf2Q3Y2,https://open.spotify.com/track/7wI5U0nKjIk5FIeyf2Q3Y2,dreamy tender intimate
"Ambient Slumber Tracks, Pt. 15",Sleep Fruits Music,"Sleep Fruits Session, Vol. 7",2023-09-09,7fV4LPdUhYEcS3Sta2ac85,https://open.spotify.com/track/7fV4LPdUhYEcS3Sta2ac85,dreamy tender intimate
Ambient Piano,Keys To The Sky,Sleepy Piano,2023-07-21,26rbiNmgG9oFut288JDd50,https://open.spotify.com/track/26rbiNmgG9oFut288JDd50,dreamy tender intimate
Ambient Music For Deep Sleep,Sleeping Music Experience,Sleeping Music: Soft Relaxing Piano Music For Deep Sleep Music and Relaxation Music,2018-08-28,1VDnTYqbSB0SmEOLrAQEjt,https://open.spotify.com/track/1VDnTYqbSB0SmEOLrAQEjt,dreamy tender intimate
Love,Cello Dreamers,Healing Music in 432 Hz,2021-11-30,4y0rpJkNSBgv0ApK0D4hPi,https://open.spotify.com/track/4y0rpJkNSBgv0ApK0D4hPi,dreamy tender intimate
"Moonlit Serenity Melodies for Dreams, Pt. 16",Sleep Fruits Music,"Sleep Fruits Session, Vol. 6",2023-08-29,4YGtRHymfVy1DRpO2jQu3H,https://open.spotify.com/track/4YGtRHymfVy1DRpO2jQu3H,dreamy tender intimate
Tranquil Moonlight Melodies,Ambientalism,Blissful Serenades,2021-07-07,26U7PPRoiOtLt2u61a1cgr,https://open.spotify.com/track/26U7PPRoiOtLt2u61a1cgr,dreamy tender intimate
"Dreamcatchers Embrace Dreamful Melodies, Pt. 12",Sleep Fruits Music,"Sleep Fruits Session, Vol. 6",2023-08-29,0FMKM7qZw83bWVDuQ8srYi,https://open.spotify.com/track/0FMKM7qZw83bWVDuQ8srYi,dreamy tender intimate
Ambient Piano,Sleeping Music Experience,Sleeping Music: Soft Relaxing Piano Music For Deep Sleep Music and Relaxation Music,2018-08-28,41n95AL3QCGqQBPKR16nZa,https://open.spotify.com/track/41n95AL3QCGqQBPKR16nZa,dreamy tender intimate
Dark Ambient,Jonathan Mantras,Instrumental Songs for Sleep (Relaxation Music),2018-02-23,1BDXBtzvBze6r8nZn5uhN2,https://open.spotify.com/track/1BDXBtzvBze6r8nZn5uhN2,dreamy tender intimate
Dreaming,Sublime Harp,Relaxing Ambient Music,2023-03-10,14wWOS6lVtQXDKMG7UfG1b,https://open.spotify.com/track/14wWOS6lVtQXDKMG7UfG1b,dreamy tender intimate
Sad Sadness (Piano & Orchestra) - Melancholic Music Sentimental Emotional Instrumental Love Song,Sad Piano Music Instrumental Collective Australia,Sad Piano Music 2: Emotional Sentimental Dramatic Melancholy Instrumental Love Songs,2016-12-06,2UHv6ccJEtPQOlDVRMoHj2,https://open.spotify.com/track/2UHv6ccJEtPQOlDVRMoHj2,dreamy tender intimate
Enchanted Sleep,Matthew Wonder,Deep Calming Sleep: Celestial Music for Restful Sleep and Quiet Meditation,2021-06-11,39HWtBm38vKfy5hVoLyhLl,https://open.spotify.com/track/39HWtBm38vKfy5hVoLyhLl,dreamy tender intimate
Dreamy Ambient Piano,The Deep Sleep Scientists,Sleeping Music: Music to Sleep to. Gentle Calm Piano and Relaxing Soothing Sounds for a Relaxing Sleep.,2020-07-17,23ClN9Xd1xsAmVoNQysa3B,https://open.spotify.com/track/23ClN9Xd1xsAmVoNQysa3B,dreamy tender intimate
Emotional Ambient,AShamaluevMusic,Emotional Ambient,2019-07-18,3jgl9nSnstp1bIsdpvd8AS,https://open.spotify.com/track/3jgl9nSnstp1bIsdpvd8AS,dreamy tender intimate
Ambient Dreaming,Deep Sleep Hypnosis Masters,"Liquid Slumber: 30 Lullabies on the Piano, Relaxing Deep Sleep Playlist with Nature Sounds",2019-04-11,1OcHzKg3dQq6FBEg1vrnxu,https://open.spotify.com/track/1OcHzKg3dQq6FBEg1vrnxu,dreamy tender intimate
Dreamy Sleep 1 - (Album: Dreamy Sleep Ambiance),Ambient Music Therapy Records - AMT Recordings,Deluxe Sleep Albums - By: Ambient Music Therapy productions,2011-01-25,3BrSOpMPQcpsj3QwAEJtjm,https://open.spotify.com/track/3BrSOpMPQcpsj3QwAEJtjm,dreamy tender intimate
Ambient Music,Sweet Dreams Universe,"Deep Sleep Music: Relaxing Piano and Rain Sounds Sleep Aid, Calm Music For Sleep and Sleeping Music For Sleeping",2019-06-10,3LnCl4BoAgELq2SPRjc00h,https://open.spotify.com/track/3LnCl4BoAgELq2SPRjc00h,dreamy tender intimate
Dreamy Sleep 2 - (Album: Dreamy Sleep Ambiance),Ambient Music Therapy Records - AMT Recordings,Deluxe Sleep Albums - By: Ambient Music Therapy productions,2011-01-25,1Pl4o4SaXpSGpNkbNMJOqq,https://open.spotify.com/track/1Pl4o4SaXpSGpNkbNMJOqq,dreamy tender intimate
Dreaming of Love,Danny Rayel,"Blue Skies - Ambient, Emotional and Fantasy Tracks",2016-04-10,3f1yCi1Q6bKACY49dorAYR,https://open.spotify.com/track/3f1yCi1Q6bKACY49dorAYR,dreamy tender intimate
Cheery Love (Instrumental Piano Solo),Happy Piano Music Instrumental Collective,Butterflies of Love (Instrumental Piano Solos) - Happy Music Uplifting Joyful Songs,2016-12-19,23y1m7jeeJDqN415De5KGj,https://open.spotify.com/track/23y1m7jeeJDqN415De5KGj,dreamy tender intimate
Ambient Dreaming,"Spa, Relaxation and Dreams","Spa, Relaxation and Dreams",2015-10-14,6zCfNnmPi5Ee1rL08zv2m8,https://open.spotify.com/track/6zCfNnmPi5Ee1rL08zv2m8,dreamy tender intimate
Wishful Dreams,Ambient Space,Sleep,2021-05-07,1P8oD5oMhjbUIQHZa268eZ,https://open.spotify.com/track/1P8oD5oMhjbUIQHZa268eZ,dreamy tender intimate
Cinematic Ambient Corporate Inspiring Emotional,Romansenykmusic,Soft Cinematic Soundtracks,2020-03-19,009zm4nS6Bl2GtHt2iitDA,https://open.spotify.com/track/009zm4nS6Bl2GtHt2iitDA,dreamy tender intimate
Fairytale Love (Instrumental Piano Solo),Happy Piano Music Instrumental Collective,Butterflies of Love (Instrumental Piano Solos) - Happy Music Uplifting Joyful Songs,2016-12-19,5M9J1HQCefBN3QOhi1cmQF,https://open.spotify.com/track/5M9J1HQCefBN3QOhi1cmQF,dreamy tender intimate
Stars (Ambient Instrumental),Adrian Jonathan,Thirty,2018-06-06,0pgso7nkdI1ZckKegtrFES,https://open.spotify.com/track/0pgso7nkdI1ZckKegtrFES,dreamy tender intimate
Piano Love Dream,Mind of Peace,Music for Dreaming,2017-05-12,4vYCu96OviDypUIOY0XAc9,https://open.spotify.com/track/4vYCu96OviDypUIOY0XAc9,dreamy tender intimate
"Enchanted Slumber Serenading Sleep, Pt. 1",Sleep Fruits Music,Deep Sleep Music for Sleeping: Healing You with Relaxing and Calming Sleep Music to Sleep Deeply,2023-10-09,2DSCraTjgIroPqDpl7xThd,https://open.spotify.com/track/2DSCraTjgIroPqDpl7xThd,dreamy tender intimate
Ambient Piano Sleep Music,Deep Sleep Relaxation,Deep Sleep Music: Nature Sounds of Ocean Waves and Instrumental Piano Music For Sleeping and Relaxation,2019-04-05,0wAiiArBmwHIVv07ylJYTo,https://open.spotify.com/track/0wAiiArBmwHIVv07ylJYTo,dreamy tender intimate
Ambient Sleep Aid,Misty Ray,Relaxing Piano Composed Deep Hushed Worlds,2015-09-24,7hqphJe7RvAy1v6Vq9xGRp,https://open.spotify.com/track/7hqphJe7RvAy1v6Vq9xGRp,dreamy tender intimate
"Serene Sleeping Melodies, Pt. 6",Sleep Fruits Music,"Sleep Fruits Session, Vol. 5",2023-08-29,1MpKlxLc6iaZKtGtrmV3sv,https://open.spotify.com/track/1MpKlxLc6iaZKtGtrmV3sv,dreamy tender intimate
Journey in Calm,Cosmic Space Traveler,Ambient Celestial Music: Music for Dream Sleep and Meditation,2020-03-16,1RnldQkV6QDo34fFdgJrfM,https://open.spotify.com/track/1RnldQkV6QDo34fFdgJrfM,dreamy tender intimate
"Restful Melodies Symphony in Sleep, Pt. 7",Sleep Fruits Music,"Sleep Fruits Session, Vol. 6",2023-08-29,5K26tCsnFqbcCeC5o8T454,https://open.spotify.com/track/5K26tCsnFqbcCeC5o8T454,dreamy tender intimate
Romantic Piano Ambient,Relaxing Piano Jazz Music Ensemble,Jazz for Bookstore Cafe: Magical Emotional Piano for Cozy Evenings,2022-03-01,0T3PCxYuYc08UeVHanzaFx,https://open.spotify.com/track/0T3PCxYuYc08UeVHanzaFx,dreamy tender intimate
Beautiful Ambient Cinematic Emotional,Romansenykmusic,Soft Cinematic Soundtracks,2020-03-19,0fA7ULakndESrgGw7QYHY4,https://open.spotify.com/track/0fA7ULakndESrgGw7QYHY4,dreamy tender intimate
Ambient Dreaming,Sleep Music,Sleep Playlist,2015-10-21,0g6iXtyUpQRmSuCohnpMwv,https://open.spotify.com/track/0g6iXtyUpQRmSuCohnpMwv,dreamy tender intimate
Ambient Piano Music,Sweet Dreams Universe,"Deep Sleep Music: Relaxing Piano and Rain Sounds Sleep Aid, Calm Music For Sleep and Sleeping Music For Sleeping",2019-06-10,33HTBQGMJA0Xr9p9xWBHF2,https://open.spotify.com/track/33HTBQGMJA0Xr9p9xWBHF2,dreamy tender intimate
Ambient Space Dreams,Floating Thru Space (Ambient Music For Sleep),Floating Thru Space (Ambient Music for Sleep),2022-09-30,2cDpUFkNMP8ue1UBVgwio4,https://open.spotify.com/track/2cDpUFkNMP8ue1UBVgwio4,dreamy tender intimate
Dream Adventures,Ambient Space,Sleep,2021-05-07,0N5xt1dsb8IxtFScYUsJL4,https://open.spotify.com/track/0N5xt1dsb8IxtFScYUsJL4,dreamy tender intimate
Ambient Dream,Anghashi,Sleeping Songs for Therapeutic Escape,2017-11-08,46FgOXSOzADkJEAM8tMCh8,https://open.spotify.com/track/46FgOXSOzADkJEAM8tMCh8,dreamy tender intimate
Ambient Meditation Music,Meditation Music Experience,Meditation Music With Nature Sounds for Relaxation and Ambient Binaural Beats for Sleep,2018-03-07,2dYDkWAUtVdHFQwQV8QnyT,https://open.spotify.com/track/2dYDkWAUtVdHFQwQV8QnyT,dreamy tender intimate
Ambient Piano Sleep Music,Sleeping Music Experience,Fall Asleep Music: Relaxing Deep Sleep All Night Music,2023-03-06,5ddpSooQdoqYDpvJMtBSql,https://open.spotify.com/track/5ddpSooQdoqYDpvJMtBSql,dreamy tender intimate
Dreamy Apricot,Helios Relaxing Space,Dreamy Apricot,2023-03-24,2PiiyZkXLzkSMhYy7FFGt5,https://open.spotify.com/track/2PiiyZkXLzkSMhYy7FFGt5,dreamy tender intimate
Enchanted Dream,Piano Pianissimo,"Sleeping Music: Natural Rain Sounds with Calm Piano for Deep Sleep, Vol. 2",2019-02-09,1J2ZdX5i7uNNi4C2jFI0sc,https://open.spotify.com/track/1J2ZdX5i7uNNi4C2jFI0sc,dreamy tender intimate
Fairy Forest Magical (Without Piano),Weightless,Healing Forest Ambience,2024-09-30,3yqJNVPh90GjKVfplf6mjr,https://open.spotify.com/track/3yqJNVPh90GjKVfplf6mjr,dreamy tender intimate
Ambient,Relaxing Music For You,Marimba Relaxation,2021-12-06,3la3oI6GnNBa8oheJSUxLh,https://open.spotify.com/track/3la3oI6GnNBa8oheJSUxLh,dreamy tender intimate
Sensual & Romantic Guitar Background Music,Winter Jazz Instrumental,Peaceful Winter Jazz Ambient,2019-11-13,6jjWMbewGRsDqjiwLHgxf2,https://open.spotify.com/track/6jjWMbewGRsDqjiwLHgxf2,dreamy tender intimate
Ambient Meditation,Meditation Relax Club,15 Soft Atmospheres: Lucid Dreaming Meditation Relax Club Music to Sleep Through the Night,2020-04-27,5M0Do7jexH7NPrpQwMmVmY,https://open.spotify.com/track/5M0Do7jexH7NPrpQwMmVmY,dreamy tender intimate
Emotional Piano,Piano Dreams,Piano Sleep: Deep Sleep Music for Rest Relaxation and Meditation,2018-12-04,5k9LftwCi06aF8QIZESRbB,https://open.spotify.com/track/5k9LftwCi06aF8QIZESRbB,dreamy tender intimate
Dreamy Relaxation,Loving Soothing Spa Orchestra,Spa Relaxation (Calming and Peaceful Music for Massage and Healing),2013-11-23,2C2vZelKmO5AiNfnfcXUhs,https://open.spotify.com/track/2C2vZelKmO5AiNfnfcXUhs,dreamy tender intimate
Ambient Music Sleep Aid,Sweet Dreams Universe,"Deep Sleep Music: Relaxing Piano and Rain Sounds Sleep Aid, Calm Music For Sleep and Sleeping Music For Sleeping",2019-06-10,2Sgf4mZtg8VfpQkuC0xLfS,https://open.spotify.com/track/2Sgf4mZtg8VfpQkuC0xLfS,dreamy tender intimate
Ambient Music and Rain Sounds,Sweet Dreams Universe,"Deep Sleep Music: Relaxing Piano and Rain Sounds Sleep Aid, Calm Music For Sleep and Sleeping Music For Sleeping",2019-06-10,1HTHekA8VGypuSRsCWLbZN,https://open.spotify.com/track/1HTHekA8VGypuSRsCWLbZN,dreamy tender intimate
Transcend - Ambient Version,Dreamoon,Dreamy Vibes Vol. 4 (Ambient Version),2023-02-24,2rEiK0Nthcoy0VzrzuNZYe,https://open.spotify.com/track/2rEiK0Nthcoy0VzrzuNZYe,dreamy tender intimate
Vibey Piano Sounds,Lucio Belmonte,Dreamy Piano Sounds | Starry Night Piano | Romantic Piano | Relaxing Music | Instrumental Piano for Sleep | Piano Lullabies,2022-04-15,2hlkaL4MLnFETzzhnf4q2K,https://open.spotify.com/track/2hlkaL4MLnFETzzhnf4q2K,dreamy tender intimate
For My Love,Dreaming Fairy,Autumn Fairy,2024-10-27,5CkNTCregyQyHzfuFOGciV,https://open.spotify.com/track/5CkNTCregyQyHzfuFOGciV,dreamy tender intimate
Ethereal Dreams,Dr. Jeffrey Thompson,Ambient Music For Sleep,2001-09-18,16oFawkVX5ym49QxR25801,https://open.spotify.com/track/16oFawkVX5ym49QxR25801,dreamy tender intimate
Lovesong Piano,Lucio Belmonte,Dreamy Piano Sounds | Starry Night Piano | Romantic Piano | Relaxing Music | Instrumental Piano for Sleep | Piano Lullabies,2022-04-15,574sIwRsFaiuNrgOjmXnZK,https://open.spotify.com/track/574sIwRsFaiuNrgOjmXnZK,dreamy tender intimate
Dream Walk,Ambient Space,Sleep,2021-05-07,1BuZ3iFDjXd2F9HWPTbLFq,https://open.spotify.com/track/1BuZ3iFDjXd2F9HWPTbLFq,dreamy tender intimate
Love Lost - Ambient Version,Audilly,Dreamy Vibes Vol. 3,2023-02-24,3uU1es6heFJQkzPaFBdho1,https://open.spotify.com/track/3uU1es6heFJQkzPaFBdho1,dreamy tender intimate
"Ambient Sleep Magic, Pt. 1",Sleep Fruits Music,Deep Sleep Music for Sleeping: Healing You with Relaxing and Calming Sleep Music to Sleep Deeply,2023-10-09,5wNZFoF7wuOSsxvK2RM31Q,https://open.spotify.com/track/5wNZFoF7wuOSsxvK2RM31Q,dreamy tender intimate
Relaxing Ambient Flute,Relaxing Music Therapy,Deep Sleep Ambient,2022-10-01,18gb9RJ9N0sCc7rvtjgJDl,https://open.spotify.com/track/18gb9RJ9N0sCc7rvtjgJDl,dreamy tender intimate
"Ambient Slumber Serenade, Pt. 25",Sleep Fruits Music,Deep Sleep Music for Sleeping: Healing You with Relaxing and Calming Sleep Music to Sleep Deeply,2023-10-09,41GeEf8a4FYd81fqjrh13l,https://open.spotify.com/track/41GeEf8a4FYd81fqjrh13l,dreamy tender intimate
Honor My Desires,Ambientalism,Blissful Serenades,2021-07-07,1dWKnpss2hfsLA7wea4sBB,https://open.spotify.com/track/1dWKnpss2hfsLA7wea4sBB,dreamy tender intimate
Ambient Sleep,Dream Relaxation,Dreams of the Future,2023-09-19,1bZUjpQsfOCRIpIDETz67Y,https://open.spotify.com/track/1bZUjpQsfOCRIpIDETz67Y,dreamy tender intimate
Starry Night Piano,Lucio Belmonte,Dreamy Piano Sounds | Starry Night Piano | Romantic Piano | Relaxing Music | Instrumental Piano for Sleep | Piano Lullabies,2022-04-15,4wmnZj3PlCHNfUhcdPqNIO,https://open.spotify.com/track/4wmnZj3PlCHNfUhcdPqNIO,dreamy tender intimate
"Peace, Love, Mindful Understanding",Darcey Beau,"Zen Meditations: Ambient Calm Music for Contemplation, Reflection and Space",2021-01-21,4k8vt0DbE0j93fTmt1evSa,https://open.spotify.com/track/4k8vt0DbE0j93fTmt1evSa,dreamy tender intimate
Ambient Piano Atmospheres Soundscapes,Maksym Tkhoryk,Chill Ambient,2022-06-07,7wMyGH57o1eiakpPmm99lw,https://open.spotify.com/track/7wMyGH57o1eiakpPmm99lw,dreamy tender intimate
Dreamy Vibes,Emotional Healing Intrumental Academy,Angelic Sleep Music Mix: Heavenly Calm Night and Relaxation,2023-05-05,2cyNYEOZADaVMXnx5lsCh6,https://open.spotify.com/track/2cyNYEOZADaVMXnx5lsCh6,dreamy tender intimate
Dreamy Lullaby,Melodic Meditation,Enchanted Strings,2023-06-02,1pxQOWrLCMcYgNcT0oFTsu,https://open.spotify.com/track/1pxQOWrLCMcYgNcT0oFTsu,dreamy tender intimate
Ambient Waves for Dreaming,Sleep Fruits Music,Calm Sleep Music Collection,2023-08-11,4dtkIWEmM9p5ehB3kSqJqC,https://open.spotify.com/track/4dtkIWEmM9p5ehB3kSqJqC,dreamy tender intimate
Sweet Dreaming Ambient,Sleep Fruits Music,Calm Sleep Music Collection,2023-08-11,1SeICYuxurlsHoeq2kwpUt,https://open.spotify.com/track/1SeICYuxurlsHoeq2kwpUt,dreamy tender intimate
Emotional Dream,Lounge & Jazz,Soft Instrumental Jazz Music,2021-05-21,3AWPIGctP1jvzWadZSr0pg,https://open.spotify.com/track/3AWPIGctP1jvzWadZSr0pg,dreamy tender intimate
Ambient Dreaming,Stress Relief,Stress Relief Playlist,2015-10-21,3VEAlw6IZmObGEOZTbNSlJ,https://open.spotify.com/track/3VEAlw6IZmObGEOZTbNSlJ,dreamy tender intimate
"Dreams (Ambient Music Nature Music for Sleep, Yoga and Relaxation)",Breathe,Breathe,2011-08-06,50hepfsMYoIF5rMwvHIjtE,https://open.spotify.com/track/50hepfsMYoIF5rMwvHIjtE,dreamy tender intimate
Contemporary Ambience for Daydreaming Moments,Instrumental Lobby Music,Summer Grooves,2023-07-19,2eIH8dXcJWaYwMXMlxtXuP,https://open.spotify.com/track/2eIH8dXcJWaYwMXMlxtXuP,dreamy tender intimate
Ambient Inspiring Piano,DS Productions,Ambient Inspiring Piano,2020-07-25,3vSkSMQqe5CzQZQLHtkbIE,https://open.spotify.com/track/3vSkSMQqe5CzQZQLHtkbIE,dreamy tender intimate
Romantic Piano,Piano Dreams,Piano Sleep: Deep Sleep Music for Rest Relaxation and Meditation,2018-12-04,0mVW5EO5sycVBb3DFYcTtx,https://open.spotify.com/track/0mVW5EO5sycVBb3DFYcTtx,dreamy tender intimate
Ambient Music and Sounds of Rain For Deep Sleep,Sweet Dreams Universe,"Deep Sleep Music: Relaxing Piano and Rain Sounds Sleep Aid, Calm Music For Sleep and Sleeping Music For Sleeping",2019-06-10,0LCgTP6NMWaFJMonW4CqV0,https://open.spotify.com/track/0LCgTP6NMWaFJMonW4CqV0,dreamy tender intimate
"Musical Ambient Melodies for Peaceful Thoughts, Pt. 1",Quiet Meditation Music,Musical Ambient Melodies for Peaceful Thoughts,2022-07-29,6BpcFPCz4GnQRrr92qMmWG,https://open.spotify.com/track/6BpcFPCz4GnQRrr92qMmWG,dreamy tender intimate
Romantic Piano,Soothing Piano Music Universe,"Relaxing Instumental Ambient – Soft Piano Jazz, Sensual Piano, Soothing and Smooth Jazz, Cafe Lounge, Background Music for Relaxation",2016-02-05,1YwsUI3WoBln9Tw6Qazycx,https://open.spotify.com/track/1YwsUI3WoBln9Tw6Qazycx,dreamy tender intimate
Lights Out - Ambient Version,Magicdawn,Dreamy Vibes Vol. 4 (Ambient Version),2023-02-24,0YMcvfaqLgUF8119gzZZXj,https://open.spotify.com/track/0YMcvfaqLgUF8119gzZZXj,dreamy tender intimate
Relaxing Ambient Flute for Deep Sleep,Relaxing Music Therapy,Deep Sleep Ambient,2022-10-01,3lEUY5OePnaDTuSy2t8gkd,https://open.spotify.com/track/3lEUY5OePnaDTuSy2t8gkd,dreamy tender intimate
Deep Dreams,Ambient Space,Sleep,2021-05-07,1wVUvpcp9Ze9BbKcgIXdYU,https://open.spotify.com/track/1wVUvpcp9Ze9BbKcgIXdYU,dreamy tender intimate
Dreaming with Nature & Melody,Nature Tribe,"50 Tracks: Nature Sounds & Relaxing Music For Massage, Spa, Yoga, Relaxation, New Age & Healing",2012-05-08,3JQCbm0omxSTHsvNh7cxpm,https://open.spotify.com/track/3JQCbm0omxSTHsvNh7cxpm,dreamy tender intimate
Ambient Nature Sounds Sleep Music,Meditation Music Experience,Meditation Music With Nature Sounds for Relaxation and Ambient Binaural Beats for Sleep,2018-03-07,0DVwSa7hF1pgs0LRcJDHwE,https://open.spotify.com/track/0DVwSa7hF1pgs0LRcJDHwE,dreamy tender intimate
Ambient Dreaming,Peaceful Meditation Music,Peaceful Spa Meditation Music,2015-11-18,3FOCueTAoYvOVe4aNiiy8U,https://open.spotify.com/track/3FOCueTAoYvOVe4aNiiy8U,dreamy tender intimate
Romantic Dreamer - with Ocean Sounds,Spa Music Relaxation,Calm SPA Music: Soothing Instrumental Music with Ocean Sounds,2020-08-07,4R3oMEdhExUNpSK0p1k3mI,https://open.spotify.com/track/4R3oMEdhExUNpSK0p1k3mI,dreamy tender intimate
Romantic Love Song,Calm Music Masters,"Enchanted Lands - Mystical Fantasy Music for Spa & Massage, Relaxing, Gentle, Slow, Really Soothing Sounds",2017-12-06,64MV3jHty47U7lTrlUducj,https://open.spotify.com/track/64MV3jHty47U7lTrlUducj,dreamy tender intimate
Ambient Natural Sounds,Beautiful Deep Sleep Music Universe,"50 Therapy with Nature Sounds: Relaxing Instrumental Music & Healing Sounds of Tropical Rain Storms, Forest, Waterfalls for Yoga Meditation, Complete Spa Treatment & Deep Sleep",2017-04-20,6PG0t9NeP85w3nmoYlOhqi,https://open.spotify.com/track/6PG0t9NeP85w3nmoYlOhqi,dreamy tender intimate
Ambient Love,Matthew Jaidev,Audiosoul Healing (Calm),2019-08-19,1Or1OaVHbvLJnBedAriwze,https://open.spotify.com/track/1Or1OaVHbvLJnBedAriwze,dreamy tender intimate
Ambient Delusion,Les Cieu,Ambient Delusion,2017-11-10,0U4IPLole7Et879mX4sTR1,https://open.spotify.com/track/0U4IPLole7Et879mX4sTR1,dreamy tender intimate
Peaceful Path - Ambient Version,Magicdawn,Dreamy Vibes Vol. 3,2023-02-24,7y1eTf7lukGlWqdNEkFfe4,https://open.spotify.com/track/7y1eTf7lukGlWqdNEkFfe4,dreamy tender intimate
Ambient Groove,Lo-Fi Dreamy Violin,Relaxing Beats for Studying,2025-01-14,1hYJwK91YbJU4QJ55CHUiU,https://open.spotify.com/track/1hYJwK91YbJU4QJ55CHUiU,dreamy tender intimate
You’re My Everything - Ambient Version,Magicdawn,Dreamy Vibes Vol. 1,2023-02-24,7y3jEcb8mKdog1n2luUHet,https://open.spotify.com/track/7y3jEcb8mKdog1n2luUHet,dreamy tender intimate
Ambient for Sleep,Deep Sleep Music Catalogue,Sleep Flute Ambient,2022-09-17,6GMf5b62nyXdOKcTAbXtBV,https://open.spotify.com/track/6GMf5b62nyXdOKcTAbXtBV,dreamy tender intimate
Electronic Ambient,Dreaming Baby Dreams,100 Songs for Kids Sleep - Deep Sleeping Music for Toddlers and Infants,2016-05-05,45gfXK3BRdnVwGCrGX0Hij,https://open.spotify.com/track/45gfXK3BRdnVwGCrGX0Hij,dreamy tender intimate
Dreamy Meadow - Instrumental,The Lullababies,Baby Sleep Time Lullabies,2024-02-02,6smy0NvoxsWKcrIfclECA6,https://open.spotify.com/track/6smy0NvoxsWKcrIfclECA6,dreamy tender intimate
Ambient Daydream,Sophia Rain,Rain Sounds and Piano Sleep Music,2017-10-06,1Mp9Y89suIr3CnRmci68B0,https://open.spotify.com/track/1Mp9Y89suIr3CnRmci68B0,dreamy tender intimate
Dreamy Interlude,Helios Relaxing Space,Dreamscapes,2024-04-16,4RAlDQjKTpIEA9q54aDZFL,https://open.spotify.com/track/4RAlDQjKTpIEA9q54aDZFL,dreamy tender intimate
Endless Dreams,Ambient Space,Sleep,2021-05-07,4fS66AI5H5TifW7g3SkAzr,https://open.spotify.com/track/4fS66AI5H5TifW7g3SkAzr,dreamy tender intimate
Sleep Serenade,Ambient Space,Sleep,2021-05-07,4kaZA0gPE82Wo9KK5bVOzF,https://open.spotify.com/track/4kaZA0gPE82Wo9KK5bVOzF,dreamy tender intimate
Dreamy Piano,Peaceful Piano Keys,Dreamy Piano,2022-07-14,6vcevI6NcIbpoO83h5bnbG,https://open.spotify.com/track/6vcevI6NcIbpoO83h5bnbG,dreamy tender intimate
Floating Lullabies,Floating Thru Space (Ambient Music For Sleep),Floating Thru Space (Ambient Music for Sleep),2022-09-30,1m5OHyNxzrpeLur3Xfp46e,https://open.spotify.com/track/1m5OHyNxzrpeLur3Xfp46e,dreamy tender intimate
Emotional Space (Ibiza Romantic Holidays Music Background),Piano Bar Music Specialists,Ibiza Piano Bar Music: Buddha Piano Lounge Cafè Soft Songs Ibiza Beach Party 2013 At Sunset Time (Sueño del Mar Soothing Piano Music collection),2013-04-19,4NDTT6PoRuG0UVXf8fY2GO,https://open.spotify.com/track/4NDTT6PoRuG0UVXf8fY2GO,dreamy tender intimate
Dreamy Background,Deep Sleep Universe,Dreamy Forest: Forest Birds Sounds for Deep Sleep & Lucid Dreaming,2022-10-26,0d8F4C4nEEF4ku8GmpUGT8,https://open.spotify.com/track/0d8F4C4nEEF4ku8GmpUGT8,dreamy tender intimate
Melody of Love,Soundscapes!,Soundscapes,2011-04-24,4X6eQlIC99jAWTtXvwyrXO,https://open.spotify.com/track/4X6eQlIC99jAWTtXvwyrXO,dreamy tender intimate
Hypnotic Ambient Music,Mystic Background Music Masters,"111 Hypnotic Music for Lucid Dreams: Mindfulness & Self Hypnosis, REM Sleep Music Dream Cycle, Hypnotherapy, Pure Meditation Music Sessions",2016-09-19,2TsR7cJqul3ezT4cOgqfQD,https://open.spotify.com/track/2TsR7cJqul3ezT4cOgqfQD,dreamy tender intimate
Romantic Ambiance for Nature Escapes,Hotel Lobby Music Luxury,Seed Serenade,2023-07-16,7sSWO0x7h4WHDxEXTofJVj,https://open.spotify.com/track/7sSWO0x7h4WHDxEXTofJVj,dreamy tender intimate
Ambient Dreaming,Music for Sleep,Music for Sleep and Dreams,2015-11-11,2mUYeJ2fulp0ZKUgUq57bc,https://open.spotify.com/track/2mUYeJ2fulp0ZKUgUq57bc,dreamy tender intimate
Dream Like Ambiance for Autumn Leaves,Upbeat Instrumental Music,"Happening Music for Fresh Feelings - Trumpet, Soprano Sax, Tenor Sax and Guitar",2022-10-23,1hcpx8jle6bTUHskWlRuvr,https://open.spotify.com/track/1hcpx8jle6bTUHskWlRuvr,dreamy tender intimate
Inspirational Piano Ambient,AShamaluevMusic,Inspirational Piano Ambient,2019-06-20,2R1LD6Yd6Cra8qC7fAqD0U,https://open.spotify.com/track/2R1LD6Yd6Cra8qC7fAqD0U,dreamy tender intimate
Lovely Ambient to Chill Out,Instrumental,"Relaxation Music for Bedtime, Stress Relief, Relaxing, Pregnant Women",2024-10-16,7m1IH7cW3xFTjGDZwD7DxL,https://open.spotify.com/track/7m1IH7cW3xFTjGDZwD7DxL,dreamy tender intimate
Daydream - Ambient Version,Dreamoon,Dreamy Vibes Vol. 1,2023-02-24,1SFpo02qPfQM3psdfThWFb,https://open.spotify.com/track/1SFpo02qPfQM3psdfThWFb,dreamy tender intimate
Ambient Dreams,Emilio Turner,Zen Vibrations,2023-12-21,1WN9OQetmtWJYb2tesdbxF,https://open.spotify.com/track/1WN9OQetmtWJYb2tesdbxF,dreamy tender intimate
Dreamy Meditation,Core Frequencies,Meditation Music,2022-09-14,2uewSF89nnmndBdVFuG43R,https://open.spotify.com/track/2uewSF89nnmndBdVFuG43R,dreamy tender intimate
Floating World - Ambient Version,Dreamoon,Dreamy Vibes Vol. 4 (Ambient Version),2023-02-24,3QVLThVJkRxLB2UF1PTprL,https://open.spotify.com/track/3QVLThVJkRxLB2UF1PTprL,dreamy tender intimate
Cloud Garden - Ambient Version,Dreamoon,Dreamy Vibes Vol. 1,2023-02-24,0YVmAzukZFrbl3I4uXOhg2,https://open.spotify.com/track/0YVmAzukZFrbl3I4uXOhg2,dreamy tender intimate
Ambient Music For Deep Sleep,Ambient Music Therapy,Ambient Deep Sleep: Deep Sleep Experience 2,2006-01-01,3X8MwC87vWPqQLM7z6dOgo,https://open.spotify.com/track/3X8MwC87vWPqQLM7z6dOgo,dreamy tender intimate
Ambient Music,Deep Sleep Music Experience,"Rain Sounds Sleep: Soft Piano Music and Asmr Rain Sounds For Deep Sleep, Relaxing Sleep Aid and Soothing Sleeping Music",2019-05-11,4nQcehdTJvCv89gloiTn4t,https://open.spotify.com/track/4nQcehdTJvCv89gloiTn4t,dreamy tender intimate
Dreaming Background,Space Radiance,Ambient Space Music,2019-11-03,6861piaCbvXaOaH7daz2Tt,https://open.spotify.com/track/6861piaCbvXaOaH7daz2Tt,dreamy tender intimate
Peaceful Forest - Ambient Version,Colora,Dreamy Vibes Vol. 2,2023-02-24,1okOJNzjVROZw9XMWf9OWM,https://open.spotify.com/track/1okOJNzjVROZw9XMWf9OWM,dreamy tender intimate
Soothing Sleep Piano,Ambient Space,Sleep,2021-05-07,22Kmj2KVLT7dSNSeVfNSSC,https://open.spotify.com/track/22Kmj2KVLT7dSNSeVfNSSC,dreamy tender intimate
Piano for Rest,Lucio Belmonte,Dreamy Piano Sounds | Starry Night Piano | Romantic Piano | Relaxing Music | Instrumental Piano for Sleep | Piano Lullabies,2022-04-15,3VS7d8UMJUzXzH1uDPUXjC,https://open.spotify.com/track/3VS7d8UMJUzXzH1uDPUXjC,dreamy tender intimate
Sleep: Dreamy Ambient Music For Sleep 3,Ambient Music Therapy,Sleep: Ambient Sleep Therapy 9,2009-01-01,27taQgstlYGylwSNSricGP,https://open.spotify.com/track/27taQgstlYGylwSNSricGP,dreamy tender intimate
Sleep: Dreamy Ambient Music For Sleep 1,Ambient Music Therapy,Sleep: Ambient Sleep Therapy 9,2009-01-01,1nLa9VnbyTnSsFEfg1T6Lf,https://open.spotify.com/track/1nLa9VnbyTnSsFEfg1T6Lf,dreamy tender intimate
Dream Life,Romantic Piano Ambient,Romantic Piano Collection,2017-11-10,3b688apjQXyO2ibiBHtM6A,https://open.spotify.com/track/3b688apjQXyO2ibiBHtM6A,dreamy tender intimate
Peaceful Heart's Journey,Ambientalism,Blissful Serenades,2021-07-07,74pMoUBrx2vpcNGJoxj43z,https://open.spotify.com/track/74pMoUBrx2vpcNGJoxj43z,dreamy tender intimate
Ambient Guitar Sleep Music,Deep Sleep Music Collective,"Sweet Dreams: Sleep Soundly, Peacefully and All Night Long",2023-01-06,12prYVHnSnWywoGpIffLyJ,https://open.spotify.com/track/12prYVHnSnWywoGpIffLyJ,dreamy tender intimate
Dreamy Piano,Relaxing Piano,Gentle Horizon: Piano Chill Study,2025-06-27,7q5Rzd7yqE81gzJWIc6CJ1,https://open.spotify.com/track/7q5Rzd7yqE81gzJWIc6CJ1,dreamy tender intimate
The Dreamy Forest's Spell,Dreaming Fairy,The Dreamy Forest's Spell,2023-04-14,6kdzIlYEA2NYHLhBfzwbSR,https://open.spotify.com/track/6kdzIlYEA2NYHLhBfzwbSR,dreamy tender intimate
Inspired Piano Ambient,makesound music,Cinematic Emotional Piano,2022-10-18,7hJY0xt1REN2ggKMQwjCvP,https://open.spotify.com/track/7hJY0xt1REN2ggKMQwjCvP,dreamy tender intimate
Silent and Calm - Ambient Version,Magicdawn,Dreamy Vibes Vol. 3,2023-02-24,0oHMqCrkYFNEW2vlmwPtGT,https://open.spotify.com/track/0oHMqCrkYFNEW2vlmwPtGT,dreamy tender intimate
Ambient Nightwaves,Ethereal Isolation,Best Yoga Music,2018-04-08,5h1Dye8kOVonRLgXiTP67M,https://open.spotify.com/track/5h1Dye8kOVonRLgXiTP67M,dreamy tender intimate
Ambient Music and Sounds of Rain,Deep Sleep Music Experience,"Rain Sounds Sleep: Soft Piano Music and Asmr Rain Sounds For Deep Sleep, Relaxing Sleep Aid and Soothing Sleeping Music",2019-05-11,1SWGfa5OP6mKYPnMGPpBhQ,https://open.spotify.com/track/1SWGfa5OP6mKYPnMGPpBhQ,dreamy tender intimate
Dreamy Guitar Music,Ultimate Massage Music Ensemble,Massage Music for Spa Chill out Meditation and Healing Songs with Ocean Sounds,2017-06-09,5xHAgaYTjr6Ts6lnLL2EFp,https://open.spotify.com/track/5xHAgaYTjr6Ts6lnLL2EFp,dreamy tender intimate
Dreamy Piano Sleep,Peaceful Piano Keys,Piano Peace,2022-05-30,0HehJaj6HYeuOgVXzH37P0,https://open.spotify.com/track/0HehJaj6HYeuOgVXzH37P0,dreamy tender intimate
"Musical Ambient Melodies for Peaceful Thoughts, Pt. 4",Quiet Meditation Music,Musical Ambient Melodies for Peaceful Thoughts,2022-07-29,1qMhuoqUXwz2pJniLoxUUO,https://open.spotify.com/track/1qMhuoqUXwz2pJniLoxUUO,dreamy tender intimate
"Musical Ambient Melodies for Peaceful Thoughts, Pt. 5",Quiet Meditation Music,Musical Ambient Melodies for Peaceful Thoughts,2022-07-29,0hK8bGj8FQlsf0QTriD7Sa,https://open.spotify.com/track/0hK8bGj8FQlsf0QTriD7Sa,dreamy tender intimate
"Musical Ambient Melodies for Peaceful Thoughts, Pt. 11",Quiet Meditation Music,Musical Ambient Melodies for Peaceful Thoughts,2022-07-29,5znowBhVHwCCjcH6qMeI7t,https://open.spotify.com/track/5znowBhVHwCCjcH6qMeI7t,dreamy tender intimate
Dream Forest,8 Hour Sleep Music,Dream Forest,2025-06-10,5BvezMvwyMUmo0mdxcu1Ci,https://open.spotify.com/track/5BvezMvwyMUmo0mdxcu1Ci,dreamy tender intimate
"Musical Ambient Melodies for Peaceful Thoughts, Pt. 6",Quiet Meditation Music,Musical Ambient Melodies for Peaceful Thoughts,2022-07-29,78nAv3MhIO2LanCrCwQdCf,https://open.spotify.com/track/78nAv3MhIO2LanCrCwQdCf,dreamy tender intimate
"Musical Ambient Melodies for Peaceful Thoughts, Pt. 30",Ultimate Massage Music Ensemble,Happy Hour,2022-07-22,3rHlfkGo4yQFK47f4Xf4f7,https://open.spotify.com/track/3rHlfkGo4yQFK47f4Xf4f7,dreamy tender intimate
Dream Atmosphere,Deep Sleep Music Lab,Ambient Sleep Music,2022-06-08,4wcprrxoTWiuoRqmyJVYJH,https://open.spotify.com/track/4wcprrxoTWiuoRqmyJVYJH,dreamy tender intimate
Enchanted Sky,Deep Sleep Music Lab,Ambient Sleep Music,2022-06-08,7K3sKTTCQhuJorPXCPSt62,https://open.spotify.com/track/7K3sKTTCQhuJorPXCPSt62,dreamy tender intimate
Ambient Dreaming,Deep Sleep Meditation Music,Deep Sleep: Meditation Music,2015-10-14,2225x83CdV7qdGVEOsTPW0,https://open.spotify.com/track/2225x83CdV7qdGVEOsTPW0,dreamy tender intimate
Dreamy Sleep 1,Ambient Music Therapy,Dreamy Sleep Ambiance,2009-09-18,3J82OSb022MRB7D1aqlL7w,https://open.spotify.com/track/3J82OSb022MRB7D1aqlL7w,dreamy tender intimate
Mystical Melodies,Dreaming Fairy,Magical Relaxation,2023-02-12,4FCFN943d2UUwO7FLY5wE2,https://open.spotify.com/track/4FCFN943d2UUwO7FLY5wE2,dreamy tender intimate
Ambient Dreams,Sleeping Music,"Relaxing Music With Ocean Waves for Sleeping Music, Deep Sleep Relaxation Music, Spa Music, Meditation Music and Soothing Guitar Music for Sleeping",2017-04-11,7aZax5x0xujAVdBoAahoMM,https://open.spotify.com/track/7aZax5x0xujAVdBoAahoMM,dreamy tender intimate
Cinematic Ambient Piano (bonus track),Dmitriy Sevostyanov,Inspiring Piano,2022-08-17,1Jdxraw1lSH7zq04N6SxS1,https://open.spotify.com/track/1Jdxraw1lSH7zq04N6SxS1,dreamy tender intimate
Dreamy Melodies,Peaceful Guitar,Gentle Strings,2023-01-09,6xpcAzH4YYeib1Z9wQQpC9,https://open.spotify.com/track/6xpcAzH4YYeib1Z9wQQpC9,dreamy tender intimate
Deep Sleep Ambient,Out of Body Experience,Astral Projection - Meditation Music for Lucid Dreaming and Out of Body Experience,2016-05-05,6Qe5clQ0aoMdkp33i5xY5N,https://open.spotify.com/track/6Qe5clQ0aoMdkp33i5xY5N,dreamy tender intimate
Piano Ambient Sleep,Piano Melody Zone,Dream Whispers: Piano Music for Work,2025-06-27,5pie8cIFYm8jeR9UPwsi1c,https://open.spotify.com/track/5pie8cIFYm8jeR9UPwsi1c,dreamy tender intimate
Ambient Nature Sleep Sounds,Sleep Fruits Music,Calm Sleep Music Collection,2023-08-11,62C2jXRNnrQb5bNRXtntWL,https://open.spotify.com/track/62C2jXRNnrQb5bNRXtntWL,dreamy tender intimate
Marvellous Ambiance for Daydreaming Moments,Quiet Music for Sleeping,Summer Grooves,2023-07-19,3yXv8mdj5CXpPBwKWcVLxR,https://open.spotify.com/track/3yXv8mdj5CXpPBwKWcVLxR,dreamy tender intimate
Ambient Relaxation,Ambient Space,Ambient Relaxation,2021-05-06,6hyYXfuWqTD6HCd40FrLgN,https://open.spotify.com/track/6hyYXfuWqTD6HCd40FrLgN,dreamy tender intimate
Ambient Music,Greatest Kids Lullabies Land,"Calming Sounds for Baby Dreaming – Healthly Sleep, Soothing Sounds, Relaxing Music, New Age Lullabies",2016-10-05,6SrScy1ppcAXqeUosAK6yK,https://open.spotify.com/track/6SrScy1ppcAXqeUosAK6yK,dreamy tender intimate
Vibrations,Sleep Fruits Music,Gentle Ambient Sleepy Piano,2021-04-09,5vAR30ciqu2XJL259qmd3h,https://open.spotify.com/track/5vAR30ciqu2XJL259qmd3h,dreamy tender intimate
Spiritually Equipped,Calm Music,Relaxing Ambient Music,2022-10-13,03nDe8vLOhupoXMwhLr8se,https://open.spotify.com/track/03nDe8vLOhupoXMwhLr8se,dreamy tender intimate
Ambient Guitar Sleeping Music (Soothing Wave Sounds),Deep Sleep Music Collective,Sleep Music With Asmr Ocean Waves Sounds for Deep Sleep and Ambient Guitar Sleeping Music,2017-11-21,6I6AAECXYGGZIb5ibbXXrJ,https://open.spotify.com/track/6I6AAECXYGGZIb5ibbXXrJ,dreamy tender intimate
"Musical Ambient Melodies for Peaceful Thoughts, Pt. 7",Quiet Meditation Music,Musical Ambient Melodies for Peaceful Thoughts,2022-07-29,1ufBExFuVQXLNue0KW89TM,https://open.spotify.com/track/1ufBExFuVQXLNue0KW89TM,dreamy tender intimate
"Musical Ambient Melodies for Peaceful Thoughts, Pt. 15",Quiet Meditation Music,Musical Ambient Melodies for Peaceful Thoughts,2022-07-29,7aIC7klgCX3wxnsj4ce2Xx,https://open.spotify.com/track/7aIC7klgCX3wxnsj4ce2Xx,dreamy tender intimate
Instrumental Emotions,Levon Oran Wind,2 Hours Sleep Music - Deep Relaxing Songs,2018-01-29,0r5oLl63a3z5O6mBD6V7rq,https://open.spotify.com/track/0r5oLl63a3z5O6mBD6V7rq,dreamy tender intimate
Dreamy Sleep 2,Ambient Music Therapy,Dreamy Sleep Ambiance,2009-09-18,2sZMNguZzpO54ciUAQytaA,https://open.spotify.com/track/2sZMNguZzpO54ciUAQytaA,dreamy tender intimate
Dreamy Soothing Melodies,NyKuo,Imagine This World,2023-04-14,5sTvYZY2w8PJuCnYB2gDq2,https://open.spotify.com/track/5sTvYZY2w8PJuCnYB2gDq2,dreamy tender intimate
Whispering Lovers,Romantic Piano Ambient,"The Sweetest Jazz Sounds – Delight Music to Relax in Free Time, Soft Instrumental Jazz, Find Your Happiness, Romantic Candlelight Dinner",2017-02-22,5l9he8OMuNISOZcEwUBar3,https://open.spotify.com/track/5l9he8OMuNISOZcEwUBar3,dreamy tender intimate
Dreamy lullaby - Nature Sounds Version,Baby Sleep Music Academy,Romantic Piano Lullabies & Ocean Sounds for Baby's Sleep,2023-11-06,6bXoGSdxdWoI4Fxrxp4yTA,https://open.spotify.com/track/6bXoGSdxdWoI4Fxrxp4yTA,dreamy tender intimate
Ambient Dreaming,Zen Spa Music,Pure Zen Spa Music,2015-10-14,1q2zstkvJl6XGlFbXJXCNe,https://open.spotify.com/track/1q2zstkvJl6XGlFbXJXCNe,dreamy tender intimate
Sensual Garden,Romantic Piano Ambient,Poetic Harmony Piano Masterpieces: Emotional Moments Music Compilation,2019-01-29,33TEicv3TF2EFd59LdeIzJ,https://open.spotify.com/track/33TEicv3TF2EFd59LdeIzJ,dreamy tender intimate
Therapeutic Ambience,Ambient Space,Ambient Relaxation,2021-05-06,734GBkQvUneeBEi3hhDz0f,https://open.spotify.com/track/734GBkQvUneeBEi3hhDz0f,dreamy tender intimate
Ambient Dream Healing Frequencies,Sleep Fruits Music,Calm Sleep Music Collection,2023-08-11,17Xx5FpiY0PKFpiYUvqVVw,https://open.spotify.com/track/17Xx5FpiY0PKFpiYUvqVVw,dreamy tender intimate
Restfullness - Ambient Version,Magicdawn,Dreamy Vibes Vol. 2,2023-02-24,6L25tdbxqVs5yHkOmyoy46,https://open.spotify.com/track/6L25tdbxqVs5yHkOmyoy46,dreamy tender intimate
"Harmony, Love and Space",Wong Hu Mao,"Chinese Romantic Music – Sentimental Instrumental, Ambient Serenity, Love Song",2017-02-28,3GY3FjwdqZCR1fDM6cDBnO,https://open.spotify.com/track/3GY3FjwdqZCR1fDM6cDBnO,dreamy tender intimate
Inspirational Emotional Piano,makesound music,Cinematic Emotional Piano,2022-10-18,3PwPeSEgmwH9eGAuOsjfXO,https://open.spotify.com/track/3PwPeSEgmwH9eGAuOsjfXO,dreamy tender intimate
Instrumental Backgrounds,Gentle Crystal Sounds Divine,"Zen Music: Ambient Meditation (Natural Hypnosis Music for Relax, Sleep & Meditation, Anti Stress Time, Calming Zen, Spiritual Yoga)",2017-04-21,70xsMHk0N7RQslAzNTC50h,https://open.spotify.com/track/70xsMHk0N7RQslAzNTC50h,dreamy tender intimate
Piano and Strings,Ambient Space,Ambient Relaxation,2021-05-06,6WDwb1ST60HZgN249lVu0e,https://open.spotify.com/track/6WDwb1ST60HZgN249lVu0e,dreamy tender intimate
Ethereal,Imaginary Landscapes,Ethereal,2020-11-18,5Qtxy20ILkjBeOVSEYhS2C,https://open.spotify.com/track/5Qtxy20ILkjBeOVSEYhS2C,dreamy tender intimate
Dreamy Whispers,Piano Music,Silent Dreams: Instrumental Piano Music,2024-07-05,6u43rjcUX7dA44oGkhCaCb,https://open.spotify.com/track/6u43rjcUX7dA44oGkhCaCb,dreamy tender intimate
Dreamy Melodies,Piano Melody Zone,Dream Whispers: Piano Music for Work,2025-06-27,3ttOvMbvqnB0GmtQCacmLU,https://open.spotify.com/track/3ttOvMbvqnB0GmtQCacmLU,dreamy tender intimate
Dreams (Atmospheric Guitar),Beyond The Guitar,Dreams (Atmospheric Guitar),2022-02-25,0AoRCDDpuAzkfbpZMrNpnh,https://open.spotify.com/track/0AoRCDDpuAzkfbpZMrNpnh,dreamy tender intimate
Dreamy,Peaceful Ambient,Peaceful Journey,2022-04-07,08GtDfhgSPZCraphyi4MkL,https://open.spotify.com/track/08GtDfhgSPZCraphyi4MkL,dreamy tender intimate
Dreamy Melody,Soothing Piano Music Universe,"Melancholic Piano Music for a Quiet Evening: Time for Dreams and Memories, Instrumental Piano Lounge",2021-03-05,2wgvkAvqHxQ41hac35Ukt8,https://open.spotify.com/track/2wgvkAvqHxQ41hac35Ukt8,dreamy tender intimate
Ambient Dreaming,Ambient,The Best Ambient 2015,2015-11-22,1rIqGi64dxTDsX0Gu2hnUG,https://open.spotify.com/track/1rIqGi64dxTDsX0Gu2hnUG,dreamy tender intimate
First Love,Romantic Piano Ambient,Romantic Piano Collection,2017-11-10,6FSHkzSvAbSaZlho6CYQVg,https://open.spotify.com/track/6FSHkzSvAbSaZlho6CYQVg,dreamy tender intimate
Ambient Dream,Calming Sounds,"Music for Deep Sleep & Relaxation – Calming Waves, Soothing Sounds, Easy Listening, New Age Sounds, Music to Relax",2017-02-07,0WlQCtJ8n5cKDa7uLzjNpH,https://open.spotify.com/track/0WlQCtJ8n5cKDa7uLzjNpH,dreamy tender intimate
Ambient Sleep Music,Deep Sleep Music Lab,Ambient Sleep Music,2022-06-08,1u07dlbO6gDoaTAVKGYhbY,https://open.spotify.com/track/1u07dlbO6gDoaTAVKGYhbY,dreamy tender intimate
Falling in Love,Instrumental Jazz Music Ambient,"Café Piano Jazz - Romantic Evening, Late Night Smooth Jazz, Restaurant Background Music",2018-08-28,79RkXVuuBiGlpsIGlpwgx8,https://open.spotify.com/track/79RkXVuuBiGlpsIGlpwgx8,dreamy tender intimate
Ambient Dreaming,Naptime,Naptime Relaxation,2015-11-04,7qRRq5OUKP8wVA7Dd5u2kb,https://open.spotify.com/track/7qRRq5OUKP8wVA7Dd5u2kb,dreamy tender intimate
Wedding Piano,Romantic Piano Ambient,Romantic Florence: Soft Piano for Flourishing Love,2020-04-30,0RxtQkO91T2GuEzlpnQkU2,https://open.spotify.com/track/0RxtQkO91T2GuEzlpnQkU2,dreamy tender intimate
Oriental Magic Love,Wong Hu Mao,"Chinese Romantic Music – Sentimental Instrumental, Ambient Serenity, Love Song",2017-02-28,4piyXNiAVzpv2g8vJWdSka,https://open.spotify.com/track/4piyXNiAVzpv2g8vJWdSka,dreamy tender intimate
Dreamy Afternoon,New Age Harp Group,Peaceful Serenity Music - Relaxing New Age Instrumentals,2014-04-07,41YWO0qWa6mbaA7c49wOTX,https://open.spotify.com/track/41YWO0qWa6mbaA7c49wOTX,dreamy tender intimate
Ambient Piano Deep Sleep,Piano Peace,"Instrumental Piano For Studying Music, Music For Reading, Focus and Concentration",2020-11-27,0WEgM06tOIqGLnkCUPTQRw,https://open.spotify.com/track/0WEgM06tOIqGLnkCUPTQRw,dreamy tender intimate
Dreaming of Love,Serenvivo,Calming Instrumentals,2019-12-05,5qzRVeocCiThRatNW5xA4E,https://open.spotify.com/track/5qzRVeocCiThRatNW5xA4E,dreamy tender intimate
Ambient Music For Sleeping,Sleeping Music Experience,Relaxing Deep Sleep: Peaceful Nature Music to Help Me Fall Asleep,2023-01-26,70ksn4s9P4gq64bo2WZUSM,https://open.spotify.com/track/70ksn4s9P4gq64bo2WZUSM,dreamy tender intimate
Ambient Piano Spa Music,Massage Music,Massage Music,2005-04-01,1iGicdBbtzFDbU4MAvKYpH,https://open.spotify.com/track/1iGicdBbtzFDbU4MAvKYpH,dreamy tender intimate
Gentle Atmosphere,Wong Hu Mao,"Chinese Romantic Music – Sentimental Instrumental, Ambient Serenity, Love Song",2017-02-28,6lEvKco0oEycpoCz5ihINM,https://open.spotify.com/track/6lEvKco0oEycpoCz5ihINM,dreamy tender intimate
Atmospheric Sounds,Ambient Space,Ambient Relaxation,2021-05-06,5pcp6tycG23FEGVNbl5OwV,https://open.spotify.com/track/5pcp6tycG23FEGVNbl5OwV,dreamy tender intimate
Floating,Ambient Space,Ambient Relaxation,2021-05-06,1z4x8QDX6h6wvENum1BUqW,https://open.spotify.com/track/1z4x8QDX6h6wvENum1BUqW,dreamy tender intimate
Dreamy Piano,Ambient Space,Atmospheric Piano,2021-05-06,3B2EBrfVrE6MHaugsEqHfJ,https://open.spotify.com/track/3B2EBrfVrE6MHaugsEqHfJ,dreamy tender intimate
Love,Ambient,Calm Ambient,2022-01-03,71OAddlYDqqSZVJS6rmsRQ,https://open.spotify.com/track/71OAddlYDqqSZVJS6rmsRQ,dreamy tender intimate
Background Emotional,makesound music,Emotional Romantic Wedding Piano,2022-10-04,4oNhigkT8irAXBfl9m4c6O,https://open.spotify.com/track/4oNhigkT8irAXBfl9m4c6O,dreamy tender intimate
Lovely Ambient,Vibrational Healing,"Vibrational Healing - 20 Healing Zen Songs for Well-Being, Tranquility Songs for Spa Massage",2017-07-12,0v4lebGZKjySsuxbrJXldN,https://open.spotify.com/track/0v4lebGZKjySsuxbrJXldN,dreamy tender intimate
Instrumental Background Piano of Love,La Città di Amore,Jazz Lento per Amore,2020-01-09,2kDcoqcZAU5euMM5vJH43E,https://open.spotify.com/track/2kDcoqcZAU5euMM5vJH43E,dreamy tender intimate
Dramatic Ambient Piano,cleanmindsounds,Dramatic Ambient Piano,2023-02-28,0MsqXbvUW0XXoUuIkwVSlS,https://open.spotify.com/track/0MsqXbvUW0XXoUuIkwVSlS,dreamy tender intimate
Dreaming of Love,Happy Piano Music Instrumental Collective,Dreams and Fantasies,2018-04-12,35eOPo86EAwrkpr16czbmu,https://open.spotify.com/track/35eOPo86EAwrkpr16czbmu,dreamy tender intimate
Inspirational Ambient,Mapa,Ambient,2021-12-24,6rk6VGnE7bMKtQbWR9PZ5J,https://open.spotify.com/track/6rk6VGnE7bMKtQbWR9PZ5J,dreamy tender intimate
Dream Wonder,Deep Sleep Music Lab,Ambient Sleep Music,2022-06-08,5WVvnqsVp55hjEh3eIn4Hn,https://open.spotify.com/track/5WVvnqsVp55hjEh3eIn4Hn,dreamy tender intimate
Ambient Dreaming,Pure Massage Music,Pure Massage and Spa Music,2015-12-30,4Z8xGB6HFkNBBt85TbCMYA,https://open.spotify.com/track/4Z8xGB6HFkNBBt85TbCMYA,dreamy tender intimate
Dreamy Relaxation,Zen Meditation Group,Instrumental Tranquility - Soothing and Relaxing New Age Harp Music Songs,2014-04-07,4XbirWdsVVD9HtR3paS8Fs,https://open.spotify.com/track/4XbirWdsVVD9HtR3paS8Fs,dreamy tender intimate
Cinematic Ambient Piano,Dmitriy Sevostyanov,Inspiring Piano,2022-08-17,2bFrilsMXQgtORwD5nAks4,https://open.spotify.com/track/2bFrilsMXQgtORwD5nAks4,dreamy tender intimate
Emotional Piano Soundscape,Allen Grey,Soundscape Collection,2020-12-09,1qjdcyIybpzRxKBGfy6nND,https://open.spotify.com/track/1qjdcyIybpzRxKBGfy6nND,dreamy tender intimate
Ambient Piano,Peaceful Piano Temple,Peaceful Piano,2022-11-23,5DqF8DX7mVXxmsmLsXy33r,https://open.spotify.com/track/5DqF8DX7mVXxmsmLsXy33r,dreamy tender intimate
Background Ambient Sleep Music,Sleeping Music Experience,Relaxing Deep Sleep: Peaceful Nature Music to Help Me Fall Asleep,2023-01-26,4ARsDnTys0TSB5kI5HJdyC,https://open.spotify.com/track/4ARsDnTys0TSB5kI5HJdyC,dreamy tender intimate
Inspirational Cinematic Ambient,AShamaluevMusic,Inspirational Cinematic Ambient,2018-07-16,0o07y13oIyB17Ipdp6KTVs,https://open.spotify.com/track/0o07y13oIyB17Ipdp6KTVs,dreamy tender intimate
Romantic Drama,Lux-Inspira,Inspiring Journey,2018-09-21,54IIQF215CR1lCtK1S6M8T,https://open.spotify.com/track/54IIQF215CR1lCtK1S6M8T,dreamy tender intimate
Mellow Mountains - Ambient Version,Audilly,Dreamy Vibes Vol. 3,2023-02-24,3hSKNZWvnKD2yvytTjMtsA,https://open.spotify.com/track/3hSKNZWvnKD2yvytTjMtsA,dreamy tender intimate
Peaceful Ambience,Ambient Space,Ambient Relaxation,2021-05-06,5MZ0jba9zOTO4DJyCHCnmS,https://open.spotify.com/track/5MZ0jba9zOTO4DJyCHCnmS,dreamy tender intimate
Ambient Dreaming,Calming Music Sanctuary,"Meditation 111 Songs: Deep Regeneration Ambient Music for Relaxation Yoga, Natural Healing Sounds for Massage and Spa",2016-03-09,2TwBnrZ2aGLZjDUPIA35Sw,https://open.spotify.com/track/2TwBnrZ2aGLZjDUPIA35Sw,dreamy tender intimate
Silent Piano Lovesong,Nature Ambience,"Spiritual Healing - Reiki Sounds, Nature Ambience",2020-04-14,6s6lZaH6UxdJThyJwUojCi,https://open.spotify.com/track/6s6lZaH6UxdJThyJwUojCi,dreamy tender intimate
Flowing Dreamscape,Ambientalism,Blissful Serenades,2021-07-07,3mNC8sICPOthtjWZ13uxzE,https://open.spotify.com/track/3mNC8sICPOthtjWZ13uxzE,dreamy tender intimate
Ambient Dreams,The Deep Sleep Scientists,Dreamtime,2020-10-22,18GilYoGfF9LUeDruW1f83,https://open.spotify.com/track/18GilYoGfF9LUeDruW1f83,dreamy tender intimate
Instrumental Background,Liquid Spirit Out,Music For Relaxation - Quiet Relaxing Music,2017-04-04,2KcU5JQ3Sm7yG3bazSyimK,https://open.spotify.com/track/2KcU5JQ3Sm7yG3bazSyimK,dreamy tender intimate
Ambient Dreaming,Yoga Workout Music,Yoga Meditation Workout,2015-10-28,0FxDulVkbSJB8oDVHp19NO,https://open.spotify.com/track/0FxDulVkbSJB8oDVHp19NO,dreamy tender intimate
"Instrumental Sleeping Meditation Music, Pt. 2",Instrumental Sleeping Music,Ambient Dreams,2022-03-11,5JmeE6pZ7qbazimauecty5,https://open.spotify.com/track/5JmeE6pZ7qbazimauecty5,dreamy tender intimate
Peaceful Romantic Emotional Piano,Stephan Lindsjo,Piano Lullabies for Deep Meditation,2015-01-03,0om0An4R20vhiVf2zXwHt2,https://open.spotify.com/track/0om0An4R20vhiVf2zXwHt2,dreamy tender intimate
Ambient Dreaming,Asian Zen Spa Music Meditation,Zen Spa Music for Deep Meditation,2016-01-13,1IKzjVMnZH0OMshKNXS6Vg,https://open.spotify.com/track/1IKzjVMnZH0OMshKNXS6Vg,dreamy tender intimate
Piano Colors Melodics,Physical Dreams,Piano Colors Melodics,2021-10-15,1M7I9cvoTga9rhOJVN5zib,https://open.spotify.com/track/1M7I9cvoTga9rhOJVN5zib,dreamy tender intimate
Emotional Orchestra for Rest,Sleepify Dreamwalkers,Orchestral Sleep Music (Relaxing Melodies for a Deep Sleep),2025-07-25,3Pu9nMHY6B8YmY9MGMuTBG,https://open.spotify.com/track/3Pu9nMHY6B8YmY9MGMuTBG,dreamy tender intimate
Heavenly Sounds,Ambience Fantasy,Fantasy Lullaby Music: 22 Enchanted Majestic Orchestral Tracks,2022-07-08,3UZdVVcb5EG2QP5G30iUGj,https://open.spotify.com/track/3UZdVVcb5EG2QP5G30iUGj,dreamy tender intimate
Space Sounds,Emotional Healing Intrumental Academy,"Another World – Cosmic Meditation, Epic Space Music, Background for Inner Journey, Deep Experience, Lucid Dream",2018-02-09,75inxErMsoUx9wz3fgx8QC,https://open.spotify.com/track/75inxErMsoUx9wz3fgx8QC,dreamy tender intimate
Enchanted Dreamscape,Melodyy Riverss,Enchanted Dreamscape,2023-08-28,3QTqHF960To6BeLeIDuYzw,https://open.spotify.com/track/3QTqHF960To6BeLeIDuYzw,dreamy tender intimate
Ambient Dreams - Spain: Flamenco Guitar & Keyboards,Massage Tribe,"50 Tracks: Music for Sleep (Massage Music, Spa, New Age & Relaxation)",2012-12-27,4y4eKqlhWoRh4dKz8WQiDH,https://open.spotify.com/track/4y4eKqlhWoRh4dKz8WQiDH,dreamy tender intimate
Enchanting,Pranayama Om,Dreamy Vibes,2022-05-13,0qqmAeaT10l6voiSciDIPY,https://open.spotify.com/track/0qqmAeaT10l6voiSciDIPY,dreamy tender intimate
Dreamy Ambient,Binaural Beats,Turn Your Dreams and Wisdom into Reality,2019-11-09,1jxPAn64WkQ0JsdRbTbb9r,https://open.spotify.com/track/1jxPAn64WkQ0JsdRbTbb9r,dreamy tender intimate
Soothing Ambient Serenity,Trouble Sleeping Music Universe,"111 Hypnotic Music for Lucid Dreams: Mindfulness & Self Hypnosis, REM Sleep Music Dream Cycle, Hypnotherapy, Pure Meditation Music Sessions",2016-09-19,3jNykeU4EqGbRonVT7UXC1,https://open.spotify.com/track/3jNykeU4EqGbRonVT7UXC1,dreamy tender intimate
Ambient Dreaming,Massage Therapy Music,Massage & Spa Therapy Music,2015-10-28,3qM24iaFVgV45Plj6EfeNd,https://open.spotify.com/track/3qM24iaFVgV45Plj6EfeNd,dreamy tender intimate
Smooth Ambient Lovers,Escapism Calm Jazz,Stress Relief Jazz for the Masses,2020-11-17,42Zyg1rmZbUylXj4VZukgF,https://open.spotify.com/track/42Zyg1rmZbUylXj4VZukgF,dreamy tender intimate
The Night of Dreamers,Instrumental Sleeping Music,Ambient Dreams,2022-03-11,5ChhSVa4w2aKCiLT5W9MI9,https://open.spotify.com/track/5ChhSVa4w2aKCiLT5W9MI9,dreamy tender intimate
Ambient Guitar and Choir - Instrumental,Easy Listening Music Lounge,Ambient Guitar and Choir (Instrumental),2021-05-19,3KZybKg1sJTyIOmBFpjw7X,https://open.spotify.com/track/3KZybKg1sJTyIOmBFpjw7X,dreamy tender intimate
Ambient Dreaming,Pure Day Academy,"Music for Massage: 111 Serenity Relaxing Spa Tracks, Reiki Healing Music and Nature Meditation Songs",2016-03-08,41pDmG7BhXmwHli2WApljO,https://open.spotify.com/track/41pDmG7BhXmwHli2WApljO,dreamy tender intimate
Dreamy Nature Piano,Nature Sounds Piano,Mountain Echoes,2025-04-21,7wRVixZxFcKBXf9RVulAGD,https://open.spotify.com/track/7wRVixZxFcKBXf9RVulAGD,dreamy tender intimate
Dreary Rain,Ambient,Ambiance Dreaming,2019-08-22,4dHjw0ID8iUGXvb0yrWJsy,https://open.spotify.com/track/4dHjw0ID8iUGXvb0yrWJsy,dreamy tender intimate
Ambient Piano Sleep Music,Deep Sleep Music Collective,Music for Sleep and Soft Piano Sleeping Music,2017-10-27,3CyFmUUWKULbYIRD66uvQT,https://open.spotify.com/track/3CyFmUUWKULbYIRD66uvQT,dreamy tender intimate
Dreamy Harmony,Guitar Music,Stringed Sunsets: Romantic Guitar Music,2024-09-27,09x5EFwO3LdxkgQuLmL44T,https://open.spotify.com/track/09x5EFwO3LdxkgQuLmL44T,dreamy tender intimate
Ambient Nights,Ethereal Isolation,Cool Yoga Music,2015-11-22,7KnfcvPimIqESfq3UUxfF2,https://open.spotify.com/track/7KnfcvPimIqESfq3UUxfF2,dreamy tender intimate
Ambient Piano,Piano Mood,"Easy Listening Piano Songs: Peaceful and Relaxing Intrumental Music for Stress Relief, Positive Thinking and Healing Meditation",2015-12-09,1XiWsAtm5yaRiDAaALh8cw,https://open.spotify.com/track/1XiWsAtm5yaRiDAaALh8cw,dreamy tender intimate
Instrumental Night,Moonlight Dreaming,Prime New Age Music - Delta Sleep Isochronic Solutions 432 Hz,2018-02-05,6scDrQRdx2g5W0lf7FbEAE,https://open.spotify.com/track/6scDrQRdx2g5W0lf7FbEAE,dreamy tender intimate
Dreamy Afternoon,Loving Soothing Spa Orchestra,Spa Relaxation (Calming and Peaceful Music for Massage and Healing),2013-11-23,25XhdLsbNjODCxinPNLp4P,https://open.spotify.com/track/25XhdLsbNjODCxinPNLp4P,dreamy tender intimate
Ambiences From Afar,Sad Music,Piano & Sentimental Moments,2023-05-07,0q8qGdccAxjyNpt03z4oD5,https://open.spotify.com/track/0q8qGdccAxjyNpt03z4oD5,dreamy tender intimate
Whispers of Enchantment,Melodic Meditation,Enchanted Strings,2023-06-02,2lLKcJ8HwbQ8L0akuHnqjm,https://open.spotify.com/track/2lLKcJ8HwbQ8L0akuHnqjm,dreamy tender intimate
Enchanted Sleep - Sleep,Spiritual Embrace,Enchanted Sleep,2025-01-29,5sRDBKlkaFRqAb3GiaH7vQ,https://open.spotify.com/track/5sRDBKlkaFRqAb3GiaH7vQ,dreamy tender intimate
Electro Ambient Instrumentals,Spiritual Meditation Vibes,"Healing Miracle Music & Angelic Meditation - Relaxation Music for Positive Energy, Chakra Balance, Pain Relief, Reiki",2017-09-27,5pTF6v4AnkhgywcS5mH9tC,https://open.spotify.com/track/5pTF6v4AnkhgywcS5mH9tC,dreamy tender intimate
Peaceful Ambient Sounds for Dreamy Sleep,Soothing Music for Sleep,Soothing Solfeggio Frequencies for Sleep Meditation,2024-11-11,2ZyIn5TGItkCOhFPeHnmZZ,https://open.spotify.com/track/2ZyIn5TGItkCOhFPeHnmZZ,dreamy tender intimate
528 Hz Ambient of Love,Sleep is Life,528 Hz Ambient of Love,2022-01-04,5O5bxzw7aUGWlUru6rphrW,https://open.spotify.com/track/5O5bxzw7aUGWlUru6rphrW,dreamy tender intimate
Dream Waves,Deep Sleep Music Lab,Ambient Sleep Music,2022-06-08,21j0MEdGsMYlYVaPJPXnBH,https://open.spotify.com/track/21j0MEdGsMYlYVaPJPXnBH,dreamy tender intimate
Universe: An Ambient Lucid Dream Adventure,Brainwave Music,Sleep with Brainwave Music,2020-02-01,35nXREyknzj3EelGT8Ur3W,https://open.spotify.com/track/35nXREyknzj3EelGT8Ur3W,dreamy tender intimate
Ambient Love,dad. the band,A Step Back Still Feels Like Something,2017-01-01,4K8H7aeNdbjdpNNUWeZKMh,https://open.spotify.com/track/4K8H7aeNdbjdpNNUWeZKMh,dreamy tender intimate
Ambient Dreaming,Japanese Relaxation and Meditation,Relaxing Japanese Meditation Music,2015-11-04,4bX7ZiGvF4m5yQMyW25qA1,https://open.spotify.com/track/4bX7ZiGvF4m5yQMyW25qA1,dreamy tender intimate
Ambient Dreaming,Relaxing Muzic,From Above,2024-08-04,5qZBuT5t8ClESqj3xQNtc3,https://open.spotify.com/track/5qZBuT5t8ClESqj3xQNtc3,dreamy tender intimate
Stars Above,Dreaming Fairy,Most Beautiful,2023-09-22,1jRM3MebOhAGw1lqQTizQV,https://open.spotify.com/track/1jRM3MebOhAGw1lqQTizQV,dreamy tender intimate
Ambient Piano Music Relaxation,Deep Sleep Music Collective,Music for Sleep and Soft Piano Sleeping Music,2017-10-27,02EFKh80dB5BHVDkufTanM,https://open.spotify.com/track/02EFKh80dB5BHVDkufTanM,dreamy tender intimate
Piano Dreaming,Instrumental,"Instrumental Music: Calm Piano Music for Relaxation, Spa, Massage, Studying, Reading, Yoga, Meditation and Sleep",2017-05-17,6P3i2eJceAVkbpLw7ml1xU,https://open.spotify.com/track/6P3i2eJceAVkbpLw7ml1xU,dreamy tender intimate
Dreamy Jazz Day,Relaxing Instrumental Jazz Ensemble,Chill Lofi Jazz Lounge Music Jazzy Fun Vibes (Instrumental),2025-09-05,7CSd2mRLeoURyrXNcHatap,https://open.spotify.com/track/7CSd2mRLeoURyrXNcHatap,dreamy tender intimate
Dreaming,The Mystic Moods Orchestra,Stormy Memories,1972,3lWdwlZV34xvOfNGpIzzx8,https://open.spotify.com/track/3lWdwlZV34xvOfNGpIzzx8,dreamy tender intimate
Dreamy Wellness,Sleepy Music Zone,"Sounds for Sleeping: Rain Sounds with Instruments to Help You Fall Asleep, Nighttime Ritual with Sleep Jar to Relax",2022-11-22,2n74wAFXyiOPiEApKqvohZ,https://open.spotify.com/track/2n74wAFXyiOPiEApKqvohZ,dreamy tender intimate
Dreamy Relaxation,New Age Harp Band,"Breathe - Relaxing Harp Instrumentals for Meditation, Relaxation, and Yoga",2014-02-24,4FcJPPJHuVEVTTX3EtqILX,https://open.spotify.com/track/4FcJPPJHuVEVTTX3EtqILX,dreamy tender intimate
Ambiance,#Calming,Ambient Nature Sounds,2020-09-12,46t8X3ivfNrM22UvavQpJI,https://open.spotify.com/track/46t8X3ivfNrM22UvavQpJI,dreamy tender intimate
Shade of Love,Dreaming Fairy,Shade of Love,2024-06-02,4FAUvMUcQMZG8wRpUcJ81f,https://open.spotify.com/track/4FAUvMUcQMZG8wRpUcJ81f,dreamy tender intimate
Ambient Music,Mindfullness Meditation World,"Synthwave Sleep: Space Trip, Cyber Dream, Subliminal Affirmations, Insomnia Relief & Ultra Relaxing Music",2022-08-17,5xHY6RG0pSjzy7Ga3rwUs9,https://open.spotify.com/track/5xHY6RG0pSjzy7Ga3rwUs9,dreamy tender intimate
Ambient Instrumental Piano,Forest Hills Music Universe,"Calm Piano with Fall Woods (Relaxing Music & Nature Sounds, Healing Water, Birds Atmosphere, Thunderstorm and Wind, Rest Afternoon)",2017-09-13,0viIPTFOdObQ8anWokZpCr,https://open.spotify.com/track/0viIPTFOdObQ8anWokZpCr,dreamy tender intimate
Dreamy Piano Music,Lucio Belmonte,Dreamy Piano Sounds | Starry Night Piano | Romantic Piano | Relaxing Music | Instrumental Piano for Sleep | Piano Lullabies,2022-04-15,4tWNQFXgws3qAj2ZF7whJr,https://open.spotify.com/track/4tWNQFXgws3qAj2ZF7whJr,dreamy tender intimate
Ambient Music,Moonlight Dreaming,Music for Dreaming: Deep Sleep Songs for Peaceful Sleep and Slow Heartbeat,2021-09-20,1Do98AQRPCvL9sRBO3FyCx,https://open.spotify.com/track/1Do98AQRPCvL9sRBO3FyCx,dreamy tender intimate
Guitar Ambient,Guitar,Harmonious Drift: Instrumental Chill Guitar,2025-06-27,6mzB0P1RvXnAz7NY9JXGcS,https://open.spotify.com/track/6mzB0P1RvXnAz7NY9JXGcS,dreamy tender intimate
Romantic Ambiance,Collection,Dinner Music: Jazz,2011-08-20,6siuf3zITfHb5ObHk0nTtc,https://open.spotify.com/track/6siuf3zITfHb5ObHk0nTtc,dreamy tender intimate
Dream Aura,Deep Sleep Music Lab,Ambient Sleep Music,2022-06-08,4MsN8n7iKsfAPLPxW6gnVd,https://open.spotify.com/track/4MsN8n7iKsfAPLPxW6gnVd,dreamy tender intimate
Piano Love song,Nature Sounds,Sleep Music With Ambient Nature,2014-06-10,71AbN8likMwZFOABlMZYy7,https://open.spotify.com/track/71AbN8likMwZFOABlMZYy7,dreamy tender intimate
Instrumental Music,Vivid Dream Recall,Dream Recall - Instrumental Music for Vivid Lucid Dreaming,2019-05-22,2lvi1PUgC5oc2kWPqKot6R,https://open.spotify.com/track/2lvi1PUgC5oc2kWPqKot6R,dreamy tender intimate
Emotional Ambient,Germind,Emotional Ambient,2024-11-08,2x7bVE39C5F2DqssxBzbfY,https://open.spotify.com/track/2x7bVE39C5F2DqssxBzbfY,dreamy tender intimate
Dreamy Prelude,Silentography,Emotional Piano - Deep Relaxation,2025-02-06,5Jg4BTB9XcuigjVETuJPi3,https://open.spotify.com/track/5Jg4BTB9XcuigjVETuJPi3,dreamy tender intimate
Dreamy Afternoon,Zen Meditation Group,Instrumental Tranquility - Soothing and Relaxing New Age Harp Music Songs,2014-04-07,0QdccqCODDTvPNjn9DtdWc,https://open.spotify.com/track/0QdccqCODDTvPNjn9DtdWc,dreamy tender intimate
Love All Night,Instrumental Jazz Music Ambient,"Café Piano Jazz - Romantic Evening, Late Night Smooth Jazz, Restaurant Background Music",2018-08-28,6vM8YvvWl0ymOkEUNEtEAJ,https://open.spotify.com/track/6vM8YvvWl0ymOkEUNEtEAJ,dreamy tender intimate
Ambient Piano Sleeping Music,Deep Sleep Music Collective,Music for Sleep and Soft Piano Sleeping Music,2017-10-27,2g8yHhtAOqe3B6p062w76M,https://open.spotify.com/track/2g8yHhtAOqe3B6p062w76M,dreamy tender intimate
Ancient Dance Of Love,Happy Piano Music Instrumental Collective,Love Is Here Today,2018-09-25,178YTp4PTLv2CfnmYQs5TV,https://open.spotify.com/track/178YTp4PTLv2CfnmYQs5TV,dreamy tender intimate
Ethereal Journey,Spa Relaxation,Angelic Soundscapes Music Therapy,2020-10-21,0hGzdxxlw1VbqNa262Fo7V,https://open.spotify.com/track/0hGzdxxlw1VbqNa262Fo7V,dreamy tender intimate
Dreamy Moments,Guitar Music,Mediterranean Strings: Relaxing Guitar Music,2024-08-09,6VJP83GMITnrgxbzLfliPe,https://open.spotify.com/track/6VJP83GMITnrgxbzLfliPe,dreamy tender intimate
Subliminal Ambient Meditation Music: Conscious Dreaming,Subliminal Threshold Affirmations,Conscious Dreaming Subliminal Affirmations & Guided Meditation Hypnosis with Relaxing Music & Nature Sounds Awake or Sleep Brain Mind,2014-06-01,6yO5r15DX4nTSeD0QS9Z0L,https://open.spotify.com/track/6yO5r15DX4nTSeD0QS9Z0L,dreamy tender intimate
Delightful Ambiance for Ethereal Momentum,Soft Sounds,Fun Morning,2023-03-23,1Mg8UcnoilSUjj896YY3sN,https://open.spotify.com/track/1Mg8UcnoilSUjj896YY3sN,dreamy tender intimate
Ambient Sleep,Ambient Space Background,Ambient Sleep - Space Music Meditation,2022-05-31,1HoTehcWw8TwNgrkkDYDHP,https://open.spotify.com/track/1HoTehcWw8TwNgrkkDYDHP,dreamy tender intimate
Soundscapes - Nature Sounds Music,Dreamless Nights,Daydreaming – Emotional Songs to Help You Relax and Dream,2017-04-11,2YUPKvk94aBs9m1Kz1hgjz,https://open.spotify.com/track/2YUPKvk94aBs9m1Kz1hgjz,dreamy tender intimate
Soft Inspirational Music,Deep Sleep Hypnosis Masters,"Lucid Dreaming Adventure - Deep Sleep Music, Imagination, Journey, Hypnosis, Enhanced Experience, Deep Relaxation",2017-10-04,2RLAHT8UIlqGlHw32ve2Yl,https://open.spotify.com/track/2RLAHT8UIlqGlHw32ve2Yl,dreamy tender intimate
Piano Ambience,Solfeggio Frequencies,Ambient Relaxation & Calm Solfeggio Music,2020-07-08,1wfK3KLpzlOrtaLU2RAvJv,https://open.spotify.com/track/1wfK3KLpzlOrtaLU2RAvJv,dreamy tender intimate
Poetry of Romance,Dreaming Fairy,Calming Forest,2023-02-28,5eA0q25GkMldk31hqM0Hhc,https://open.spotify.com/track/5eA0q25GkMldk31hqM0Hhc,dreamy tender intimate
Romantic Atmosphere Instrumental Slow Jazz,Atmospheric Coffee House Music,Atmospheric Coffee House Background Jazz,2019-10-01,20fNadClsVVMnWYk4aEBLO,https://open.spotify.com/track/20fNadClsVVMnWYk4aEBLO,dreamy tender intimate
Ambient Dreaming,Yoga Sounds,Relax: Yoga Sounds,2015-10-14,7mwtg27hSp8TL7SReyn2q8,https://open.spotify.com/track/7mwtg27hSp8TL7SReyn2q8,dreamy tender intimate
Ambient Dreaming,Amanda Soho,Soothing Sounds,2016-02-05,3i4yC7uQieGVJlQi2AkQLM,https://open.spotify.com/track/3i4yC7uQieGVJlQi2AkQLM,dreamy tender intimate
Dreamy Piano,Study Music And Piano Music,Radiant Ember: Piano Lounge Music,2025-06-27,6xmCMz2H06JjrkJaevWdRP,https://open.spotify.com/track/6xmCMz2H06JjrkJaevWdRP,dreamy tender intimate
Sea of Love,Cosmos Records,"Ambient - Ambient Music and Ambient Sounds for Relaxation Meditation, Spa, Massage and Yoga",2011-02-16,0QnJPYa9qtuNk3cHOVXce2,https://open.spotify.com/track/0QnJPYa9qtuNk3cHOVXce2,dreamy tender intimate
Nostalgic Recollections,Calm Music,1 Ambient Night: Honey Drift Atlas,2025-05-09,13KpgUk3FrpiIHg1mlefve,https://open.spotify.com/track/13KpgUk3FrpiIHg1mlefve,dreamy tender intimate
Spa Music: Calm Dream Music,Cello Soul Universe,"Ambient Cello Meditation: Relaxing Zen, Forest and Soothing Music for the Soul, Mind and Body, Sounds of Nature to Sleep Better and Deeply",2016-12-30,5e36myrX81lMK2a4hgZchc,https://open.spotify.com/track/5e36myrX81lMK2a4hgZchc,dreamy tender intimate
Romantic Escape,Chillout Lounge Ambient,Tranquil Heartbeats,2024-12-30,08QbZhpxM7ooVqpluocI4W,https://open.spotify.com/track/08QbZhpxM7ooVqpluocI4W,dreamy tender intimate
"Dreamy Sonata, Pt. 3",Relaxing Piano Group,Dreamy Sonata,2023-09-08,51UhqaPH9kLIXS2Ysqxwzz,https://open.spotify.com/track/51UhqaPH9kLIXS2Ysqxwzz,dreamy tender intimate
Dreaming Music 528hz Love,Solfeggio Frequencies,528 Hz - Love Tone DNA Repair Solfeggio Frequencies,2021-03-30,6F38cB5FOffqA6jxOYwbte,https://open.spotify.com/track/6F38cB5FOffqA6jxOYwbte,dreamy tender intimate
Velvet Moonlight Moments,Ambientalism,Blissful Serenades,2021-07-07,0vJgRHSf1lXLngak6v8kCU,https://open.spotify.com/track/0vJgRHSf1lXLngak6v8kCU,dreamy tender intimate
Soft Background,Vivid Dream Recall,Dream Recall - Instrumental Music for Vivid Lucid Dreaming,2019-05-22,1HpLaUlTrQirfUcqnxVkvC,https://open.spotify.com/track/1HpLaUlTrQirfUcqnxVkvC,dreamy tender intimate
Enchanted Lands,Calm Music,10 PM Dreams: Little Echo,2025-07-16,30phQyeB5sJUxf3IPLkTiQ,https://open.spotify.com/track/30phQyeB5sJUxf3IPLkTiQ,dreamy tender intimate
Ambient Meditation World,Trouble Sleeping Music Universe,"Peaceful Music for Sleep: Natural Sounds, Relaxation, Spirituality, Meditation, Deep Sleep, Healing Soundtrack, Sounds of Nature",2016-10-06,1Lyk760qsEefcHTk6mQVIP,https://open.spotify.com/track/1Lyk760qsEefcHTk6mQVIP,dreamy tender intimate
Santanyi (Music for Peaceful Sleep),Relaxing Instrumental Jazz Ensemble,Sleep Music for Peaceful Deep Sleep Beautiful Dreams & Waking up Feeling Rested,2013-04-08,4HsiM1338abr9VsTvaZB7Y,https://open.spotify.com/track/4HsiM1338abr9VsTvaZB7Y,dreamy tender intimate
Unity Within,Ambientalism,Blissful Serenades,2021-07-07,5dXKs8uuQRIMWdnUYbF1kM,https://open.spotify.com/track/5dXKs8uuQRIMWdnUYbF1kM,dreamy tender intimate
"Dreams (Ambient Music Nature Music for Sleep, Yoga and Relaxation)",Total Bryan,Gay Massage Music,2011-06-21,07EgynC1LqGOismbTWxWzP,https://open.spotify.com/track/07EgynC1LqGOismbTWxWzP,dreamy tender intimate
Piano Love,Liquid Ambiance,The Mellow Mind: Music for Relaxing Spa and Harmony,2019-06-12,1RJpv67qAb3UkYkqMjP87Q,https://open.spotify.com/track/1RJpv67qAb3UkYkqMjP87Q,dreamy tender intimate
Magical Melodies,Celtic Harp Soundscapes,Celtic Sleep Music - Relaxing Harp Music,2022-06-01,1eTba9Qh1wcEeTzh8HPGRt,https://open.spotify.com/track/1eTba9Qh1wcEeTzh8HPGRt,dreamy tender intimate
Dreamy Ambient Acoustic Guitar Backing Track In C Minor,Tom Bailey Backing Tracks,"Acoustic Guitar Backing Tracks For Guitar, Singers, Songwriters",2022-12-08,7phVuNeYEcZbIrUYwXUOtB,https://open.spotify.com/track/7phVuNeYEcZbIrUYwXUOtB,dreamy tender intimate
Emotional Cinematic Ambient,AShamaluevMusic,Emotional Cinematic Ambient,2018-12-31,7vBOdpZSovoUjFgtYKPzfE,https://open.spotify.com/track/7vBOdpZSovoUjFgtYKPzfE,dreamy tender intimate
Love Tranquility,Ambient Space Background,Mountain Music - Nature Sounds and Relaxing Spiritual Music,2020-09-30,1jSWiIvmHlEQZUyyEQkL0V,https://open.spotify.com/track/1jSWiIvmHlEQZUyyEQkL0V,dreamy tender intimate
Ambient Love Theme,John Nordstrom,The Bold and the Beautiful (Music from the Series Volume One),2022-05-07,754mgKBqVtFjr5HEzVc8si,https://open.spotify.com/track/754mgKBqVtFjr5HEzVc8si,dreamy tender intimate
Ambient Yoga,Relaxing Night Music Academy,"Sensual Meditation – Emotional Music, Deep Feeling, Connection, Tantra Meditation, Relaxing Track for Yoga",2017-03-13,3btmg86B7VePdkLjTQ3m2Q,https://open.spotify.com/track/3btmg86B7VePdkLjTQ3m2Q,dreamy tender intimate
Show Dreams Unfurled,Ambientalism,Blissful Serenades,2021-07-07,35fREADEEqqOVnYsoxaLW7,https://open.spotify.com/track/35fREADEEqqOVnYsoxaLW7,dreamy tender intimate
Enchanted Romance - dreamy,Aude Nordin,Enchanted Romance,2024-03-22,06DQOxJeIjJ6ZmUw7HO0dS,https://open.spotify.com/track/06DQOxJeIjJ6ZmUw7HO0dS,dreamy tender intimate
Smart Ambiance for Ethereal Momentum,Soft Sounds,Fun Morning,2023-03-23,7MEsD0iFwTkZJStmiVXXZN,https://open.spotify.com/track/7MEsD0iFwTkZJStmiVXXZN,dreamy tender intimate
Rainbow Connection,Romantic,The Rainbow Connection: Romantic Songs for Lovers and Dreamers,2012-08-17,2dJjOyMpgHXcRHvXLDtCN2,https://open.spotify.com/track/2dJjOyMpgHXcRHvXLDtCN2,dreamy tender intimate
Relaxing Time,Romantic Piano Ambient,Sensual & Romantic Piano Evening – Soft Jazz Melodies for Couples,2019-02-09,0bFqeEBIIZ2WWtKsglHqbK,https://open.spotify.com/track/0bFqeEBIIZ2WWtKsglHqbK,dreamy tender intimate
Theatre Ambient,Sensual Jazz Instrumentals,Sensual Jazz Instrumental Mix,2025-02-03,7DmfNcYy9S8vAIUhNZECmj,https://open.spotify.com/track/7DmfNcYy9S8vAIUhNZECmj,dreamy tender intimate
Tranquil Dreams,Romantic Piano Ambient,Pure Sound: Piano Background Music,2024-12-11,46UhLYOF0lwBNz8nIqntGY,https://open.spotify.com/track/46UhLYOF0lwBNz8nIqntGY,dreamy tender intimate
Soft Dreaming,Love Music Zone,Love Background: Romantic Jazz Music 2019,2019-05-15,2y7jU6qYBrlddtLqXZ8HD8,https://open.spotify.com/track/2y7jU6qYBrlddtLqXZ8HD8,dreamy tender intimate
Ambient Dreaming,"Positive Thinking: Music To Develop A Complete Meditation Mindset For Yoga, Deep Sleep",Positive Thinking with Yoga Music,2015-12-30,6sZfQ77EEYdPiwSZAySpJ9,https://open.spotify.com/track/6sZfQ77EEYdPiwSZAySpJ9,dreamy tender intimate
Romantic Piano Ambient,Restaurant Music Songs,Fancy Piano for Fancy Restaurants: Instrumental Jazz Ballads for Eating,2022-03-12,0NyQnhjJJP0dkRR9hqcAe9,https://open.spotify.com/track/0NyQnhjJJP0dkRR9hqcAe9,dreamy tender intimate
Ambient - Instrumental Music,Meditation Relax Club,Slow Calming Music for Your Peace – Relaxing Sounds Background Music for Yoga,2017-09-28,7Ieu8yPmLyrMqpd1X3iuUm,https://open.spotify.com/track/7Ieu8yPmLyrMqpd1X3iuUm,dreamy tender intimate
Enchanted Love Lullaby (Solo Piano Instrumental) - Sad Music Sentimental Melancholic Song,Sad Piano Music Instrumental Collective Australia,Enchanted Love Lullaby (Instrumental Piano & Orchestra) - Sad Music Sentimental Emotional Melancholy Songs,2017-01-23,6NKGglhEyNc16NXhU3Oz7W,https://open.spotify.com/track/6NKGglhEyNc16NXhU3Oz7W,dreamy tender intimate
Ambient Piano Sleep Music,Sleep Meditation,"Sleep Meditation: Relaxing, Calm Piano Deep Sleep Music",2023-05-27,5Bh9inQcXwRFk6SfwuP4sw,https://open.spotify.com/track/5Bh9inQcXwRFk6SfwuP4sw,dreamy tender intimate
Meditation (Background Music),Mother Earth Times,"Relaxing Piano Music: ""Solo Piano"" Music for Lovers & Dreamers",2013-06-30,14oofnx89QBBAQi92b7nQc,https://open.spotify.com/track/14oofnx89QBBAQi92b7nQc,dreamy tender intimate
Soft Evening Ambient,Mystic Background Music Masters,"111 Hypnotic Music for Lucid Dreams: Mindfulness & Self Hypnosis, REM Sleep Music Dream Cycle, Hypnotherapy, Pure Meditation Music Sessions",2016-09-19,4B1SvMBTl8p5LdyHoulEZD,https://open.spotify.com/track/4B1SvMBTl8p5LdyHoulEZD,dreamy tender intimate
Sad and Dramatic Music,Inside Your Soul,"Sad and Dramatic Music: Dark Ambient Collection, Synth Relaxation",2019-11-30,02SYCJRLrMB42KVhbGP56m,https://open.spotify.com/track/02SYCJRLrMB42KVhbGP56m,dreamy tender intimate
Coming Dreams,Deep Sleep Music Lab,Ambient Sleep Music,2022-06-08,0NaaxVcpn8tnsqCSJJfjsx,https://open.spotify.com/track/0NaaxVcpn8tnsqCSJJfjsx,dreamy tender intimate
Ambient Music,Easy Sleep Music,"Ambient Deep Sleep Remedy: 15 New Age Soft Deep Tracks for Total Relaxation, De-Stress, Calm Down, Cure Insomnia, Sleep Healthy & Dream Beautiful",2019-03-22,3FBGblj3yOAmtC2tJvUZ3P,https://open.spotify.com/track/3FBGblj3yOAmtC2tJvUZ3P,dreamy tender intimate
Dream Ambient,Galena,Lofi Deep Sleep Meditations,2022-09-16,1SSCb5MZtx5SB9g35KbGg2,https://open.spotify.com/track/1SSCb5MZtx5SB9g35KbGg2,dreamy tender intimate
Emotional Release,Atmosphere of Calm,Ambient Sleep Music - Calm Binaural Beats and Ambient Music For Sleep and Relaxation,2025-08-26,3qswE6jc3FJ5W8jod5Z1lB,https://open.spotify.com/track/3qswE6jc3FJ5W8jod5Z1lB,dreamy tender intimate
Lullaby of Peace,Ambientalism,Blissful Serenades,2021-07-07,7FqQUCFL5sLtpikAhKZw0F,https://open.spotify.com/track/7FqQUCFL5sLtpikAhKZw0F,dreamy tender intimate
Meditation Ambient Part I,Ambient Space Background,Ambient Sleep - Space Music Meditation,2022-05-31,1F1X7lfxaTS4VDaWnLd9e4,https://open.spotify.com/track/1F1X7lfxaTS4VDaWnLd9e4,dreamy tender intimate
Ambient Music For Deep Sleep,Sleep Sounds of Nature,"Nature Sounds: Relaxing Piano Music With Soothing Forest Sounds and Bird Sounds For Deep Sleep, Meditation, Reading, Spa, Massage, Yoga, Studying and Sleeping Music",2019-04-05,6ZM07lWa1wafWG7UzTp1Nx,https://open.spotify.com/track/6ZM07lWa1wafWG7UzTp1Nx,dreamy tender intimate
"Peaceful, Beautiful, Romantic Music With Harp, for Massage and Relaxation, Pt. 1",Farino,"Heavenly, Peaceful Harp Music to Relax and Dream, Instrumental (Beautiful, Meditative Music With Harp for Relaxation)",2014-09-29,1y1JhHNZeCOpJrBhtdhiHH,https://open.spotify.com/track/1y1JhHNZeCOpJrBhtdhiHH,dreamy tender intimate
"Ambience, Fantasy Dream Atmosphere, Pleasant Feeling, Electronic, Fantasy Ambiences",Sound Effects Library,Magical: Sound Effects,2012-05-15,3JAX0KzzyOoVmxr7XybZWO,https://open.spotify.com/track/3JAX0KzzyOoVmxr7XybZWO,dreamy tender intimate
Romantic Ambience for Ethereal Momentum,Chill Latin Lounge,心地いい天気の怠惰な犬の一日,2023-12-02,39bFeX3ah4bc8TIcUR90em,https://open.spotify.com/track/39bFeX3ah4bc8TIcUR90em,dreamy tender intimate
Soft Dreaming,Instrumental Piano Universe,"Gentle Night Piano Playlist - 15 Soothing Jazz Melodies for Bedtime, Easy Sleep, Have a Nice Dream, Relax Time, Stress Free",2020-08-01,7mvg8bEReFKtAmfpx2MSw9,https://open.spotify.com/track/7mvg8bEReFKtAmfpx2MSw9,dreamy tender intimate
Dreaming Music,Moody Time,Soft Relaxing Instrumental Music: Inspirational Songs for Calming & Inner Peace,2014-10-20,6iPFHV24LrJrQYDnEV1pKZ,https://open.spotify.com/track/6iPFHV24LrJrQYDnEV1pKZ,dreamy tender intimate
Sensual Ambient,Katiaro,Mantra of Deep Love,2021-08-23,7pDYbvdx7Pxf0T9Aumzeqi,https://open.spotify.com/track/7pDYbvdx7Pxf0T9Aumzeqi,dreamy tender intimate
Ambient Dreams,The Blue Sky Relaxation Experience,"Relaxation Music with Ocean Waves: Spa and Massage, Vol. 1",2015-02-20,2OejsKM6OFG6tKVRQzwHgR,https://open.spotify.com/track/2OejsKM6OFG6tKVRQzwHgR,dreamy tender intimate
Ambient Dreaming,Relaxing Yoga Music,Relaxing Music for Yoga Class,2015-12-02,4NBcuZBKNIoLQVVahrqaMx,https://open.spotify.com/track/4NBcuZBKNIoLQVVahrqaMx,dreamy tender intimate
Ambient Dreaming,Helen Fore,Breathing Awareness,2016-12-23,5GqdYoZdhmHPHwSTpOckuD,https://open.spotify.com/track/5GqdYoZdhmHPHwSTpOckuD,dreamy tender intimate
Evening Ambient,Moonlight Dreaming,Binaural Beats Lucid Dreaming - Deep Sleep Music for Lucid Dreams,2015-02-16,24DZCFcB4hHSAgMVKqSXAU,https://open.spotify.com/track/24DZCFcB4hHSAgMVKqSXAU,dreamy tender intimate
Music for Dreamers,Miami Chill Music Ensemble,Ambient Relaxation Chill Music Cool Instrumental Songs for Chilling Out,2020-11-11,6z56bBMW1iPhwDFynMCTJ1,https://open.spotify.com/track/6z56bBMW1iPhwDFynMCTJ1,dreamy tender intimate
Ambient Subconscious,Harper Zen,Meditation Dream: Relaxing Music for Meditation,2015-02-26,4zdJXN2ue0iLVEV62VKX7o,https://open.spotify.com/track/4zdJXN2ue0iLVEV62VKX7o,dreamy tender intimate
Romantic Ambience for Cooking,Relaxing Morning Jazz Playlist,Atmospheric Background for Cooking,2020-10-20,62OLGf719Xjqoj3NpGUtNp,https://open.spotify.com/track/62OLGf719Xjqoj3NpGUtNp,dreamy tender intimate
Ambient Sleep Dream,Atmosphere of Calm,Ambient Sleep Music - Calm Binaural Beats and Ambient Music For Sleep and Relaxation,2025-08-26,1nJ9KM7aT5c8GtVAR6EsVF,https://open.spotify.com/track/1nJ9KM7aT5c8GtVAR6EsVF,dreamy tender intimate
Lucid Dreaming,Ambient Masters,"New Age to Rest and Relax: Sleep Music, Relax Yourself, New Age Soft Sounds, Healing Waves",2021-10-01,1uF3FfXBW7qmhY6Z0Y8Feh,https://open.spotify.com/track/1uF3FfXBW7qmhY6Z0Y8Feh,dreamy tender intimate
Emotional Grace,New Age Wanderer Universe,"Music for Tarot Reading – Esoteric Ambient, Oriental Music, Mystic Spiritual Journey, Horoscope Reading, Personal Transformation, New Age",2017-08-25,106o0enH89ZqjXt7Z6YCKp,https://open.spotify.com/track/106o0enH89ZqjXt7Z6YCKp,dreamy tender intimate
Dreamy Relaxation,Relaxing Spa Sounds,Spa Music - Beautiful Harp Songs for Relaxation and Healing,2013-09-04,2nb3vAeiC4Zt1K4vZieQzz,https://open.spotify.com/track/2nb3vAeiC4Zt1K4vZieQzz,dreamy tender intimate
Ethereal Echoes,Dreaming Fairy,Magical Relaxation,2023-02-12,1hTd1jFiABJj8ECwyZuF1C,https://open.spotify.com/track/1hTd1jFiABJj8ECwyZuF1C,dreamy tender intimate
Ambient Air,Ethereal Moments,Power Yoga Music Playlist,2018-11-04,4gptRY9gDNKFkXqXPB0gIN,https://open.spotify.com/track/4gptRY9gDNKFkXqXPB0gIN,dreamy tender intimate
Ambient Music for Lucid Dreaming and Concentration,First Genesis,Calming Music,2011-02-16,41CO1iGVUcgF5S6ZAk9bEi,https://open.spotify.com/track/41CO1iGVUcgF5S6ZAk9bEi,dreamy tender intimate
Soft Piano Ambience,Sad Music,Piano & Sentimental Moments,2023-05-07,7t7Hxh6NJ08m5lplUWz68g,https://open.spotify.com/track/7t7Hxh6NJ08m5lplUWz68g,dreamy tender intimate
Dreamy Piano Forest Ambience,Calm Night Collective,Gentle Piano Sleep Melodies for Deep Rest and Relaxation,2025-10-09,27vUEGg8gl4ZEh0FKqHPbA,https://open.spotify.com/track/27vUEGg8gl4ZEh0FKqHPbA,dreamy tender intimate
Ambient Dreaming,Trouble Sleeping Music Universe,Nordic Music To Fall Asleep To Instantly,2021-01-19,5cAoXqXw1fHuMDszZYX6Js,https://open.spotify.com/track/5cAoXqXw1fHuMDszZYX6Js,dreamy tender intimate
Ambient,Lucid Dreaming World,"50 Yoga Studio Peaceful Songs – Mindfulness Meditation, Deep Relaxation & Yoga Soft Healing Music",2015-07-14,2dEWNtJNseMOlNZKMdKbLn,https://open.spotify.com/track/2dEWNtJNseMOlNZKMdKbLn,dreamy tender intimate
Classical Ambience,Dreaming Fairy,Shade of Love,2024-06-02,3Rx2XLbwE2U48a0zHuovTq,https://open.spotify.com/track/3Rx2XLbwE2U48a0zHuovTq,dreamy tender intimate
Romantic Bossa Ambience,Jazz for Romantic Meals,Instrumental Jazz for After Dinner Tea,2017-06-15,6fLEypGRWRMdPnzbGBFHlI,https://open.spotify.com/track/6fLEypGRWRMdPnzbGBFHlI,dreamy tender intimate
Romantic Spell,Dreaming Fairy,Is This Love?,2024-07-01,1IwilCm7Z7OIsvfyVOn34y,https://open.spotify.com/track/1IwilCm7Z7OIsvfyVOn34y,dreamy tender intimate
Meditation,Relaxing Instrumental Jazz Ensemble,Sleep Music for Peaceful Deep Sleep Beautiful Dreams & Waking up Feeling Rested,2013-04-08,5NAGyNAN8jyXJmiFapHHbr,https://open.spotify.com/track/5NAGyNAN8jyXJmiFapHHbr,dreamy tender intimate
Dreams on the Beach,Instrumental Sleeping Music,Ambient Dreams,2022-03-11,0VUz4InugnBUJy2NTq0NQw,https://open.spotify.com/track/0VUz4InugnBUJy2NTq0NQw,dreamy tender intimate
Dreamy Atmosphere,Piano Dreams,25 Songs for Mindful Living and Relaxation,2022-07-12,7JnN0gKKlJ2Cxqzxpx3Q1y,https://open.spotify.com/track/7JnN0gKKlJ2Cxqzxpx3Q1y,dreamy tender intimate
wondrous dream - ambient sleep,dream reflections,wondrous dream,2023-12-08,2hOI8voqwYdwf02BUPJR7Y,https://open.spotify.com/track/2hOI8voqwYdwf02BUPJR7Y,dreamy tender intimate
Love Eternal,Calm Music Collective,"Relaxing Instrumental Music: Gentle Rhythms & Music for Relaxation, Calm Focus, Spa and Meditation",2020-04-27,4YGBJpeqkfKKZ7naH9kOdH,https://open.spotify.com/track/4YGBJpeqkfKKZ7naH9kOdH,dreamy tender intimate
Dream with Me,Instrumental,"Soothing Music for Relaxation, Meditation Music, Yoga Music, Sleeping Music, Studying Music and Relaxing Piano for Massage Therapy Spa Music",2017-03-29,5f1GiVIdzZzdrIGAVZcUqv,https://open.spotify.com/track/5f1GiVIdzZzdrIGAVZcUqv,dreamy tender intimate
Sensual Ambient,Relaxing Music Jazz Universe,"Jazz for Waking Up – Good Morning Music, Easy Smooth Jazz, Positive Music, Essential Morning Music, Pleasant Jazz, Morning Coffee Jazz",2017-04-03,32omjBX5mJKuuuVaaL4WUr,https://open.spotify.com/track/32omjBX5mJKuuuVaaL4WUr,dreamy tender intimate
Emotional Wedding,Melodrama,Wedding,2021-09-22,2YUoUQKmwSdi8WWL9w7TDF,https://open.spotify.com/track/2YUoUQKmwSdi8WWL9w7TDF,dreamy tender intimate
Landscape of Dreams,Deep Sleep Universe,Dreamy Forest: Forest Birds Sounds for Deep Sleep & Lucid Dreaming,2022-10-26,6mXIpjUOSv5FrxQzQaRtIt,https://open.spotify.com/track/6mXIpjUOSv5FrxQzQaRtIt,dreamy tender intimate
Ambient Nature Sounds,Cello Soul Universe,"Ambient Cello Meditation: Relaxing Zen, Forest and Soothing Music for the Soul, Mind and Body, Sounds of Nature to Sleep Better and Deeply",2016-12-30,5vCjTaAa6q9Xmd6zr7PDTu,https://open.spotify.com/track/5vCjTaAa6q9Xmd6zr7PDTu,dreamy tender intimate
Rose Colored Piano,Lucio Belmonte,Dreamy Piano Sounds | Starry Night Piano | Romantic Piano | Relaxing Music | Instrumental Piano for Sleep | Piano Lullabies,2022-04-15,0zsVWwmOxPX2OZCpDvPymO,https://open.spotify.com/track/0zsVWwmOxPX2OZCpDvPymO,dreamy tender intimate
Background Ambiance,Jazz Music Collection,"Café Piano Jazz - Romantic Evening, Late Night Smooth Jazz, Restaurant Background Music",2018-08-28,3CBcknyNFYhksydmcTsAkR,https://open.spotify.com/track/3CBcknyNFYhksydmcTsAkR,dreamy tender intimate
Ethereal Dreamscapes,Mediative Flute,Calm Universe,2023-11-11,3UMypcnS4y3KoQ4fh8LeSj,https://open.spotify.com/track/3UMypcnS4y3KoQ4fh8LeSj,dreamy tender intimate
Ambient Love Tones,Solfeggio Frequencies,528 Hz Solfeggio Frequencies (DNA Repair & Love Frequency),2022-08-12,2hWn9cAJeNdYhpO4A46gQO,https://open.spotify.com/track/2hWn9cAJeNdYhpO4A46gQO,dreamy tender intimate
Ambient Chill,The Soft Jazz Candle Light Romantic Music Band,"Candle Light Romance (Soft Jazz Instrumental, Easy Listening, Dinner, Relaxing Music Songs with Romantic Party Ambiance)",2013-06-24,4xVGyHqJzO156Qlvj1OyO9,https://open.spotify.com/track/4xVGyHqJzO156Qlvj1OyO9,dreamy tender intimate
Romantic Piano,Lucio Belmonte,Dreamy Piano Sounds | Starry Night Piano | Romantic Piano | Relaxing Music | Instrumental Piano for Sleep | Piano Lullabies,2022-04-15,5O37E2WqZnZqf28QiP6vF1,https://open.spotify.com/track/5O37E2WqZnZqf28QiP6vF1,dreamy tender intimate
Sweet Dreams,Caroline Sweet,Soft Symphony - Ambient Instrumental Relaxing Spiritual Healing Music for Rebirthing Therapy,2016-08-31,1ouh90HY7dRqevBH2DG4zD,https://open.spotify.com/track/1ouh90HY7dRqevBH2DG4zD,dreamy tender intimate
Dreamy Background Music,aililia,Exploring,2024-10-23,3P8j8pckKv6kFXxX7z4rvD,https://open.spotify.com/track/3P8j8pckKv6kFXxX7z4rvD,dreamy tender intimate
Music for Dreaming,Mitchell Solaris,50 Relaxing Piano Shades - Emotional Sweet Piano Love Songs 4 Romantic Dinner,2014-04-08,1lb50LVFUpWv3YjPUVgwkg,https://open.spotify.com/track/1lb50LVFUpWv3YjPUVgwkg,dreamy tender intimate
Love Song,Instrumental Jazz Music Ambient,Relaxing Jazz Instrumental Music (Cafe Background Music),2018-04-25,45yl9yIsn8FA5LK7vz8Zma,https://open.spotify.com/track/45yl9yIsn8FA5LK7vz8Zma,dreamy tender intimate
Dreamy Piano and Violin Sleep Flow (Ambient Sleep),Calm Night Collective,Piano and Violin for Sleep,2025-09-30,6nIDpBAlGx6H80b57QrKzq,https://open.spotify.com/track/6nIDpBAlGx6H80b57QrKzq,dreamy tender intimate
Peaceful Ambient Song,Bedtime Aid Master,Binaural Beats for Depression Healing: Brainwave Music to Overcome Depression,2021-07-20,6R4YTjvfMNhKLI99z2BsyM,https://open.spotify.com/track/6R4YTjvfMNhKLI99z2BsyM,dreamy tender intimate
Cosmic Space,Emotional Healing Intrumental Academy,"Another World – Cosmic Meditation, Epic Space Music, Background for Inner Journey, Deep Experience, Lucid Dream",2018-02-09,1VsRtGfiAXDXzEvaPOsdi6,https://open.spotify.com/track/1VsRtGfiAXDXzEvaPOsdi6,dreamy tender intimate
Inspire Dreaming Piano,Music For Lucid Dreaming,Background Music For Lucid Dreaming,2022-08-29,5DfovoYp5PLIDbsZTUoj5H,https://open.spotify.com/track/5DfovoYp5PLIDbsZTUoj5H,dreamy tender intimate
Emotional Inspiring Piano & Strings,Vadym Tsyhanko,Inspiring Emotional Background Piano Music,2022-10-11,2uHiL33cZlg0kKFRKKJvri,https://open.spotify.com/track/2uHiL33cZlg0kKFRKKJvri,dreamy tender intimate
Sanft,Ambientalism,Blissful Serenades,2021-07-07,5lgcxvz1oCL8eDCHFJX99Q,https://open.spotify.com/track/5lgcxvz1oCL8eDCHFJX99Q,dreamy tender intimate
Some Enchanted Evening,Romantic,The Rainbow Connection: Romantic Songs for Lovers and Dreamers,2012-08-17,02b0OyJ3SqGuMj5W4S9hly,https://open.spotify.com/track/02b0OyJ3SqGuMj5W4S9hly,dreamy tender intimate
Dreamscape,Meditation Music,The Deepest Lucid Dream,2022-10-26,08Xg5I3hUv5h09HvLRZcyi,https://open.spotify.com/track/08Xg5I3hUv5h09HvLRZcyi,dreamy tender intimate
Dreaming - Instrumental,Nice Background,Música Ambiental Vol. 5,1995-01-11,4qVbrgIslFIiDAbRfa1Hlk,https://open.spotify.com/track/4qVbrgIslFIiDAbRfa1Hlk,dreamy tender intimate
Dreamy Piano Sounds,Lucio Belmonte,Dreamy Piano Sounds | Starry Night Piano | Romantic Piano | Relaxing Music | Instrumental Piano for Sleep | Piano Lullabies,2022-04-15,6qXm8ZFRYquY0EaIZFg6hZ,https://open.spotify.com/track/6qXm8ZFRYquY0EaIZFg6hZ,dreamy tender intimate
Dreamy Relaxation,Peaceful Serenity Group,Deep Relaxing Sleep - Soothing Songs Harp Instrumental Music,2014-04-07,14rCna2azRl7BJOrC8OkSK,https://open.spotify.com/track/14rCna2azRl7BJOrC8OkSK,dreamy tender intimate
Surreal Moments of Love,Ambient,Dreamers,2022-02-12,0lRDG3UG3m07IlYaM4tlNU,https://open.spotify.com/track/0lRDG3UG3m07IlYaM4tlNU,dreamy tender intimate
Ambient Dreaming,Relaxing Music Therapy,Relaxing Music Therapy for Spa,2015-12-02,5JSmfuS8rxM9ujqhlnC8hl,https://open.spotify.com/track/5JSmfuS8rxM9ujqhlnC8hl,dreamy tender intimate
Dreamy Reflections,Piano Jazz Calming Music Academy,Melancholy Light,2025-05-30,2sY2Y0kdWIOcVdBaMnhkBZ,https://open.spotify.com/track/2sY2Y0kdWIOcVdBaMnhkBZ,dreamy tender intimate
Piano Music for Lovers,Jazz Instrumental Music Academy,"Soft Background Music – Instrumental Jazz Ambient, Easy Listening Piano, Slow Songs for Night Relaxation",2017-04-06,4X8q3nQTYUSvyZhqL2XkIU,https://open.spotify.com/track/4X8q3nQTYUSvyZhqL2XkIU,dreamy tender intimate
Mystic Sleepscape,Ethereal Drifters,Lunar Lullabies: Peaceful Sleep Meditation,2023-10-16,1Xw7ovaAKCLZHcngMiRMeE,https://open.spotify.com/track/1Xw7ovaAKCLZHcngMiRMeE,dreamy tender intimate
Wildest Dreams - Ambient Piano Instrumental,Cozy Koala,Wildest Dreams - Ambient Piano Instrumental,2022-11-04,4cOiGcp9kVZpRFPvl0KDX1,https://open.spotify.com/track/4cOiGcp9kVZpRFPvl0KDX1,dreamy tender intimate
Emotional Flute Music with Piano Melodies,Asian Flute Music Oasis,"Best Spiritual Flute Music Collection: Instrumental Music for Meditation, Sleep, Spa, Yoga, Study, Relaxation, Reiki, Therapy, Pregnancy, Massage, Chakra",2016-04-29,1Lsm5QuDN98ePjfMcU0CJ8,https://open.spotify.com/track/1Lsm5QuDN98ePjfMcU0CJ8,dreamy tender intimate
Romance in the Air,Calming Instrumental Jazz Ambiance,Calming Instrumental Piano Music Vibes,2019-10-17,1yJh79nllcxRfkEFERVPgM,https://open.spotify.com/track/1yJh79nllcxRfkEFERVPgM,dreamy tender intimate
Dreaming Of Piano,Music For Lucid Dreaming,Background Music For Lucid Dreaming,2022-08-29,6OCfsvmSf4wG0M3I36sZcu,https://open.spotify.com/track/6OCfsvmSf4wG0M3I36sZcu,dreamy tender intimate
Dream Soundscape,Deep Sleep Music Systems,"Dreamscapes, Vol. II: Expert Ambient Sleep Music with Rainforest Sounds for Inducing Deep Restful Sleep [432hz]",2017-11-17,3YEmrYZ5LHuct80TSLDqv0,https://open.spotify.com/track/3YEmrYZ5LHuct80TSLDqv0,dreamy tender intimate
Falling Rain,Ambient,Ambiance Dreaming,2019-08-22,0JI2Cnxke0CrxEvos4x0a2,https://open.spotify.com/track/0JI2Cnxke0CrxEvos4x0a2,dreamy tender intimate
Dreaminess,Ambient Sleep Therapy,"Ambient Sleep Therapy (No Beats, No Vocals and No Distractions) [The Best Relax and Unwind Ambient Music to Make You Feel Weightless and to Fall Asleep To]",2022-10-12,72MPy0vX0963ZJgmrQW4t8,https://open.spotify.com/track/72MPy0vX0963ZJgmrQW4t8,dreamy tender intimate
Dreaming Piano,Music For Lucid Dreaming,Background Music For Lucid Dreaming,2022-08-29,6dNNig31Snf6sCAqMgMg9Q,https://open.spotify.com/track/6dNNig31Snf6sCAqMgMg9Q,dreamy tender intimate
"Peaceful, Beautiful, Romantic Music With Harp, for Massage and Relaxation, Pt. 2",Farino,"Heavenly, Peaceful Harp Music to Relax and Dream, Instrumental (Beautiful, Meditative Music With Harp for Relaxation)",2014-09-29,4BbRcLcx98bw1iNKxkaWvo,https://open.spotify.com/track/4BbRcLcx98bw1iNKxkaWvo,dreamy tender intimate
Dreaming Reflections Space & Pad Atmosphere,Yoga Music Zone,Healing Nature Sounds: 50 Tracks for Release of Tension - Earth Meditation and Relaxing Music for Peaceful Mind,2016-12-02,44PmCW08UZzgHibSRQ0rfG,https://open.spotify.com/track/44PmCW08UZzgHibSRQ0rfG,dreamy tender intimate
Dream,Sleeping Music Zone,Bedtime Ambient Music (Monotonous Music That’ll Make You Feel Sleepy and Make You Fall Asleep Quickly and Easily),2019-08-02,3lhZjxc8aMupUPZTSsWBQ1,https://open.spotify.com/track/3lhZjxc8aMupUPZTSsWBQ1,dreamy tender intimate
Romantic Ambient Massage (Original Mix),John Whisker,432 Hz Spiritual Transformation Frequencies,2021-10-30,3tBCZTUvMrzfYELJUP1AO1,https://open.spotify.com/track/3tBCZTUvMrzfYELJUP1AO1,dreamy tender intimate
Sacred Love,Smooth Relaxing Instrumental Group,Sleepy Harp - Lullaby Music,2014-06-17,2zjYBb5tteNlH1uLrNaMZn,https://open.spotify.com/track/2zjYBb5tteNlH1uLrNaMZn,dreamy tender intimate
Ambient sleep,Enchanted Feel,Ambient Daydreams,2024-08-21,2k9PN0lYhCw8K34lxdTOXt,https://open.spotify.com/track/2k9PN0lYhCw8K34lxdTOXt,dreamy tender intimate
Dreamy Piano,Lucio Belmonte,Dreamy Piano Sounds | Starry Night Piano | Romantic Piano | Relaxing Music | Instrumental Piano for Sleep | Piano Lullabies,2022-04-15,0o3Sc7jrLmnvYOSWQrKvwl,https://open.spotify.com/track/0o3Sc7jrLmnvYOSWQrKvwl,dreamy tender intimate
Dreamy Afternoon,Smooth Healing Musicians,Spiritual Mediation Music - New Age Instrumental Harp Songs for Mediating,2014-06-17,09r1xvH95DDxJLK8SXOrUE,https://open.spotify.com/track/09r1xvH95DDxJLK8SXOrUE,dreamy tender intimate
Enchanted Romance - dreamy,Carl Xave,Enchanted Romance,2024-02-26,1YjEBIGu3IV0m6WS750ZLN,https://open.spotify.com/track/1YjEBIGu3IV0m6WS750ZLN,dreamy tender intimate
Ambient Dreaming,Yoga,Classic Yoga,2015-11-22,60pMPhijb0zoV0NU3DZpmA,https://open.spotify.com/track/60pMPhijb0zoV0NU3DZpmA,dreamy tender intimate
Peaceful Resonance,Melodic Meditation,Enchanted Strings,2023-06-02,137v0ym1wG4XsrroUhnixh,https://open.spotify.com/track/137v0ym1wG4XsrroUhnixh,dreamy tender intimate
Magical Prelude,Dreaming Fairy,Is This Love?,2024-07-01,7zkeFc2NxUN6ir2iv1lxcx,https://open.spotify.com/track/7zkeFc2NxUN6ir2iv1lxcx,dreamy tender intimate
"Soft Ambient Meditation, Pt. 1",Ambient Synchrony,Soothing Mirage,2023-08-04,7dHE1ysAWFASwdSsTPoXqk,https://open.spotify.com/track/7dHE1ysAWFASwdSsTPoXqk,dreamy tender intimate
Relaxing Natural Ambiences,Serenity Nature Sounds Academy,"111 Hypnotic Music for Lucid Dreams: Mindfulness & Self Hypnosis, REM Sleep Music Dream Cycle, Hypnotherapy, Pure Meditation Music Sessions",2016-09-19,6J9cDpm7XGGkIgVAmlfWr9,https://open.spotify.com/track/6J9cDpm7XGGkIgVAmlfWr9,dreamy tender intimate
Ambient Jazz,Smooth Jazz Deluxe,Dream Instrumental: Instrumental Jazz Collection,2025-06-27,3LF9gHnKKBHFyz6YeY07SU,https://open.spotify.com/track/3LF9gHnKKBHFyz6YeY07SU,dreamy tender intimate
Ambient Sleep Music,Fall Asleep Fast Music,"Deep Sleep: Calm Music for Falling Asleep, REM Dream World",2024-11-06,5mHx0AeWpIqVhP6E1ZNRSr,https://open.spotify.com/track/5mHx0AeWpIqVhP6E1ZNRSr,dreamy tender intimate
Ethereal Blur,Instrumental,"Soothing Music for Relaxation, Meditation Music, Yoga Music, Sleeping Music, Studying Music and Relaxing Piano for Massage Therapy Spa Music",2017-03-29,5EdEY9owtxdSDMXVdaXE86,https://open.spotify.com/track/5EdEY9owtxdSDMXVdaXE86,dreamy tender intimate
Romantic Moods for Morning Sunshine,Upbeat Instrumental Music,Jazz Piano Duo - Ambiance for Fresh Days,2022-09-01,4ZzdvTs12D6hWBE1qJtp7B,https://open.spotify.com/track/4ZzdvTs12D6hWBE1qJtp7B,dreamy tender intimate
Beautiful Ambient Corporate Inspiration,Romansenykmusic,Corporate Collection,2021-12-02,2rKwZLNAHrZFHa3fFnI5Fk,https://open.spotify.com/track/2rKwZLNAHrZFHa3fFnI5Fk,dreamy tender intimate
Ambient Light's Embrace,Musique Relaxante 101,Calm Sun's First Kiss,2023-10-05,3NDxW0rKSrpW97mGmO0IuX,https://open.spotify.com/track/3NDxW0rKSrpW97mGmO0IuX,dreamy tender intimate
Float,Instrumental Sleeping Music,A Playlist of Ambient Music,2022-02-17,3zqMhr9M2ghLEka4zRLk6s,https://open.spotify.com/track/3zqMhr9M2ghLEka4zRLk6s,dreamy tender intimate
Sad Love Song,Frank Piano,50 Piano Pieces - Relaxing Piano Music & New Age Romantic Background,2015-11-09,2Bo6dGw6Iw3n95H8dP5unF,https://open.spotify.com/track/2Bo6dGw6Iw3n95H8dP5unF,dreamy tender intimate
Ambient Dreams,Ambient,"Ambient Music for Therapy Deep Sleep, Meditation, Spa, Healing, Relaxation",2015-02-24,0H3QY95OmYri8k1fw91qGR,https://open.spotify.com/track/0H3QY95OmYri8k1fw91qGR,dreamy tender intimate
Lovely,Ambient Space,Atmospheric Piano,2021-05-06,1Ml2tjPa7iPQ4F87xIyI70,https://open.spotify.com/track/1Ml2tjPa7iPQ4F87xIyI70,dreamy tender intimate
Relaxing Emotional Piano,Allen Grey,Love Through Time,2020-12-09,7DTVj9t0SnHJp9YtZAXJ3c,https://open.spotify.com/track/7DTVj9t0SnHJp9YtZAXJ3c,dreamy tender intimate
Mystic Heart Melody,Phoenix Music,Dreamscape,2022-12-19,7BkAqTsZ6hCNXzBsVWHaXq,https://open.spotify.com/track/7BkAqTsZ6hCNXzBsVWHaXq,dreamy tender intimate
"Ethereal Ambient Music, N13",Physical Dreams,Ethereal Ambient Music 2,2021-06-18,37ICvCmopCzA0htYHNMsMo,https://open.spotify.com/track/37ICvCmopCzA0htYHNMsMo,dreamy tender intimate
Ambient Music,Dreamless Nights,Dream Music,2011-09-06,1Ivw893txOPkoXcY1wpfV4,https://open.spotify.com/track/1Ivw893txOPkoXcY1wpfV4,dreamy tender intimate
Piano Romance,Lucio Belmonte,Dreamy Piano Sounds | Starry Night Piano | Romantic Piano | Relaxing Music | Instrumental Piano for Sleep | Piano Lullabies,2022-04-15,5XDkYdax2dF2O0tTsr0cja,https://open.spotify.com/track/5XDkYdax2dF2O0tTsr0cja,dreamy tender intimate
Ambient Dreaming,Chakra Meditation Specialists,Relaxing Chakra Meditation,2015-11-29,3tlp3UrhMCjYbxVS0h81hV,https://open.spotify.com/track/3tlp3UrhMCjYbxVS0h81hV,dreamy tender intimate
Ambient Dreaming,Música Para Meditar y Relajarse,Relajarse y Meditar,2015-10-21,6akDSZwp4FfcGLBLPQRzVU,https://open.spotify.com/track/6akDSZwp4FfcGLBLPQRzVU,dreamy tender intimate
Dreamer,Instrumental Sleeping Music,A Playlist of Ambient Music,2022-02-17,2c302Bds9EMD1tSxcuxKav,https://open.spotify.com/track/2c302Bds9EMD1tSxcuxKav,dreamy tender intimate
Romantic Days (Original Mix),Ambient 11,Bliss Of Love,2019-03-26,73vVbJsQMGT8HEQQgnR1g1,https://open.spotify.com/track/73vVbJsQMGT8HEQQgnR1g1,dreamy tender intimate
Piano (Emotional Music),Mitchell Solaris,50 Relaxing Piano Shades - Emotional Sweet Piano Love Songs 4 Romantic Dinner,2014-04-08,3MeNQ8Kl1v945FRUD5a87g,https://open.spotify.com/track/3MeNQ8Kl1v945FRUD5a87g,dreamy tender intimate
Atmospheric Dreams,Ethereal Moments,Sleep Playlist,2015-01-31,1GQ41CeOX1Sh2Cfi5QyYMD,https://open.spotify.com/track/1GQ41CeOX1Sh2Cfi5QyYMD,dreamy tender intimate
Ambient Sleep,Binaural Beats,Turn Your Dreams and Wisdom into Reality,2019-11-09,0f1znrv4qf3Kkh5W3TNWvr,https://open.spotify.com/track/0f1znrv4qf3Kkh5W3TNWvr,dreamy tender intimate
Sweet Sleep Ambient,Binaural Beats,Turn Your Dreams and Wisdom into Reality,2019-11-09,7gebdAWjHLfOX41KpQLoQU,https://open.spotify.com/track/7gebdAWjHLfOX41KpQLoQU,dreamy tender intimate
Upbeat Ambient,Gold-Tiger,Upbeat Ambient,2020-04-28,0b3nTJClcAtLx4OdjmZSwH,https://open.spotify.com/track/0b3nTJClcAtLx4OdjmZSwH,dreamy tender intimate
My Romance,Instrumental Jazz Music Ambient,Relaxing Jazz Instrumental Music (Cafe Background Music),2018-04-25,7l4tRzmNHHZ5yTBYmjmkf9,https://open.spotify.com/track/7l4tRzmNHHZ5yTBYmjmkf9,dreamy tender intimate
Mystic Dreamscapes,Melody Explorer,Harmonic Fusion Adventure,2023-11-02,4wtYDHo4lmtFwLbUmoacDb,https://open.spotify.com/track/4wtYDHo4lmtFwLbUmoacDb,dreamy tender intimate
Dream Reality,Doris Melwin,Atmospheric Piano,2022-05-13,4Y2ajfLuv9Q5jBMg2C6H6l,https://open.spotify.com/track/4Y2ajfLuv9Q5jBMg2C6H6l,dreamy tender intimate
Ambient Wonders,Instrumental Piano Universe,50 Calming Tracks to Relax the Soul,2022-07-22,744bNB2paT465iEFKYsIum,https://open.spotify.com/track/744bNB2paT465iEFKYsIum,dreamy tender intimate
Dreamy Ambience to Heal,Leonard Life,Music to Heal Body Pain: Subliminal Message Pain Relief Songs with Brain Waves,2022-03-14,7oKIgg9OEBzu3jtdx7axbk,https://open.spotify.com/track/7oKIgg9OEBzu3jtdx7axbk,dreamy tender intimate
Romantic Piano Ambient,Paris Restaurant Piano Music Masters,A Classy Restaurant BGM,2022-05-29,4NHJmzZ1N03Os750G8jOjZ,https://open.spotify.com/track/4NHJmzZ1N03Os750G8jOjZ,dreamy tender intimate
Love Meditation Music,Moody Time,"Deepest Sleep 101 - Music to Induce Lucid Dreams, Experience Lucid Dreaming with Relaxation Songs",2017-07-13,4gJiiPXPXF5gV4VxrxzER6,https://open.spotify.com/track/4gJiiPXPXF5gV4VxrxzER6,dreamy tender intimate
Peaceful Dream Ambient,Binaural Beats,Turn Your Dreams and Wisdom into Reality,2019-11-09,2Pez1RFTerYPWvDAHpyJiW,https://open.spotify.com/track/2Pez1RFTerYPWvDAHpyJiW,dreamy tender intimate
Romantic Piano Sounds,Lucio Belmonte,Dreamy Piano Sounds | Starry Night Piano | Romantic Piano | Relaxing Music | Instrumental Piano for Sleep | Piano Lullabies,2022-04-15,1sWBjU7CPMqp0u4KGJCRSR,https://open.spotify.com/track/1sWBjU7CPMqp0u4KGJCRSR,dreamy tender intimate
Runaway with Love,Ambient,A Playlist of Ambient Music,2022-02-17,5niPQlkl3diK8kWrXfrz7h,https://open.spotify.com/track/5niPQlkl3diK8kWrXfrz7h,dreamy tender intimate
Enchanting Dreamy,Missing Pattern,Calming Instrumental Sleep,2025-01-13,4DIw1H0EP9aHxJ9n69HISm,https://open.spotify.com/track/4DIw1H0EP9aHxJ9n69HISm,dreamy tender intimate
Late Night in Paris,Romantic Piano Ambient,Emotional Story with Background Piano,2020-08-31,3fSa5QFp7kFOej51g2YIR1,https://open.spotify.com/track/3fSa5QFp7kFOej51g2YIR1,dreamy tender intimate
Background Piano Ambience,Calm Music,Magical Ambient Piano,2021-08-24,0rGj5rQeEuNV3mI00mzYz6,https://open.spotify.com/track/0rGj5rQeEuNV3mI00mzYz6,dreamy tender intimate
Ambient Sleep Music,Free Spirit,Meditation Piano Music With Nature Sounds Natural White Noise for Relaxation,2011-10-26,0gbNSWv9PXdzDvJjk5b2ji,https://open.spotify.com/track/0gbNSWv9PXdzDvJjk5b2ji,dreamy tender intimate
Hypnotic Ambient,Relaxing Meditation Music Zone,"Twin Hearts Meditation: Group Healing Meditation Session, Live More Harmonious and Peaceful",2021-11-16,3uqTtq9FrG4xm5vz7zJzLm,https://open.spotify.com/track/3uqTtq9FrG4xm5vz7zJzLm,dreamy tender intimate
Endless Love for Piano Lovers,Mother Earth Times,For Quiet Moments – 50 Relaxing Piano Music,2016-02-28,4qFgj3KdMSidMuIF0Wzdx1,https://open.spotify.com/track/4qFgj3KdMSidMuIF0Wzdx1,dreamy tender intimate
Melodic Grace,Melodic Meditation,Enchanted Strings,2023-06-02,5amwirw97r390IDILDEDqD,https://open.spotify.com/track/5amwirw97r390IDILDEDqD,dreamy tender intimate
Dreamscape Jazz,Instrumental Jazz Music Ambient,50 Cafe Jazz Tunes for a Cozy Autumn Breakfast,2024-07-25,0KfuFAfXyMEDq6Dp9QOGcE,https://open.spotify.com/track/0KfuFAfXyMEDq6Dp9QOGcE,dreamy tender intimate
Dreaming of You,Smooth Jazz Music Ensemble,Atmospheric Calm: Slow & Delicate Jazz Instruments Perfect for Autumn Evenings,2023-09-29,7m5I1YJVj0HzGgZxlBjYM6,https://open.spotify.com/track/7m5I1YJVj0HzGgZxlBjYM6,dreamy tender intimate
Heavenly Dreamer,Bible Study Music,"50 Angelic Meditations Vol. 2 (Christian Peacefulness – Spiritual New Age Music, Calm Prayer, Bible Study, Church Inspirational Hymns)",2017-08-04,3tvrFVKHADpXsYXaxJtq0b,https://open.spotify.com/track/3tvrFVKHADpXsYXaxJtq0b,dreamy tender intimate
Love Dream Sleep,Rubycon Sunset,Love Dream Sleep,2021-01-14,1dkweouf0PIHO97BC7Zk0B,https://open.spotify.com/track/1dkweouf0PIHO97BC7Zk0B,dreamy tender intimate
Dreamy Reverie,Guitar Music,Mediterranean Strings: Relaxing Guitar Music,2024-08-09,0elejVQLFFmuGehBk8jvXY,https://open.spotify.com/track/0elejVQLFFmuGehBk8jvXY,dreamy tender intimate
Dreaming,Ambiente,Ambient Space Music – Cosmic and Electronic Trance,2021-11-26,4tqKkKAjIy9VbTezGx0KHg,https://open.spotify.com/track/4tqKkKAjIy9VbTezGx0KHg,dreamy tender intimate
Calm Calm Dreamy,Meditation Ambience,Serene Melodic Waves,2024-06-11,6ONcLtxaaQ0BkENcKgTfZO,https://open.spotify.com/track/6ONcLtxaaQ0BkENcKgTfZO,dreamy tender intimate
Ambient Piano,Mezzosound,Wedding Romantic Piano,2022-02-17,41OTu8wOWJnIj5fEU3Bavt,https://open.spotify.com/track/41OTu8wOWJnIj5fEU3Bavt,dreamy tender intimate
Instrumental Piano Ambience,Piano for Studying,Relaxing Piano Music For Work,2021-08-17,1xhiSfiuliA7pMifKzZpsj,https://open.spotify.com/track/1xhiSfiuliA7pMifKzZpsj,dreamy tender intimate
Feelings - Instrumental,Nice Background,Música Ambiental Vol. 3,1995-01-11,06stjDBzMhl4zS7aNDeRfP,https://open.spotify.com/track/06stjDBzMhl4zS7aNDeRfP,dreamy tender intimate
Soothing Ambience,Spiritloom,Chilled Illusion Dreamscape,2016-12-29,5VHbfEny06WWDQz8kuLYQG,https://open.spotify.com/track/5VHbfEny06WWDQz8kuLYQG,dreamy tender intimate
Romantic Melody Intro,Oceanic Piano,Hands of the Healer,2016-05-29,5Spvi4SdYgPaLhp8CnA7Da,https://open.spotify.com/track/5Spvi4SdYgPaLhp8CnA7Da,dreamy tender intimate
Atmospheric Piano,Ambient Space,Atmospheric Piano,2021-05-06,2cZh7UbhcLF7pADKRkd67a,https://open.spotify.com/track/2cZh7UbhcLF7pADKRkd67a,dreamy tender intimate
Ambient Dreaming,Musica para Meditar,Música para Meditar y Bienestar,2015-11-04,4BiWve7xVxkbMuDhU9IJm1,https://open.spotify.com/track/4BiWve7xVxkbMuDhU9IJm1,dreamy tender intimate
Dreamy Afternoon,Peaceful Serenity Group,Deep Relaxing Sleep - Soothing Songs Harp Instrumental Music,2014-04-07,6s4ULazMrAeIJxSxX3Uppy,https://open.spotify.com/track/6s4ULazMrAeIJxSxX3Uppy,dreamy tender intimate
Rainy Day Dream,Romantic Candlelight Orchestra,Romantic Candlelight Sensual Background Soft Instrumental Relaxation Music for Dinner,2013-06-15,0DvGA2x78nRD9fNFpnAI3K,https://open.spotify.com/track/0DvGA2x78nRD9fNFpnAI3K,dreamy tender intimate
Dreamy Calm,Massage Music,Waves of Serenity,2025-02-12,2XcJTER1LND4oAof45f8pm,https://open.spotify.com/track/2XcJTER1LND4oAof45f8pm,dreamy tender intimate
Dream & Sleep,Flute Music Ensemble,"Drowsy Magic Flute - Relaxing Flute Lullabies, Soothing Atmospheres, Complete Serenity, Blissful Dreams",2018-09-11,4q6RxGpSbDSkbQ69Fbhc1z,https://open.spotify.com/track/4q6RxGpSbDSkbQ69Fbhc1z,dreamy tender intimate
Dream Piano and Rain #14,Timo Capioni,Instrumental Music Without Words,2021-03-26,094KbLnrNM0PiLPmACZ08H,https://open.spotify.com/track/094KbLnrNM0PiLPmACZ08H,dreamy tender intimate
Serenity,Mother Earth Times,"Relaxing Piano Music: ""Solo Piano"" Music for Lovers & Dreamers",2013-06-30,5fkWcocbQxDBUsyKR84MI7,https://open.spotify.com/track/5fkWcocbQxDBUsyKR84MI7,dreamy tender intimate
Floating,Peaceful Ambient,Ambient Focus,2022-04-16,4CNFtChcHDHm6F132djU2W,https://open.spotify.com/track/4CNFtChcHDHm6F132djU2W,dreamy tender intimate
Ambient Soundscapes,Serenity Music Relaxation,"Deep Forest: 50 Healing Sounds of Nature for Zen Yoga Meditation, Mindful Solutions for Stress, Peaceful Background Music, Relaxation & Harmony",2017-04-14,4NKIHxMtXzNtbk5hnbnxC6,https://open.spotify.com/track/4NKIHxMtXzNtbk5hnbnxC6,dreamy tender intimate
Magical Moments,Biosphere: Nature Sounds & Music,Cosy Lounge,2007-06-19,6ap9uJXCt5s1V02IvIleh9,https://open.spotify.com/track/6ap9uJXCt5s1V02IvIleh9,dreamy tender intimate
Deep Sleep,Relaxing Instrumental Jazz Ensemble,Sleep Music for Peaceful Deep Sleep Beautiful Dreams & Waking up Feeling Rested,2013-04-08,6kbEWeSGDLnI8d9yvOGMf0,https://open.spotify.com/track/6kbEWeSGDLnI8d9yvOGMf0,dreamy tender intimate
Peaceful Self-Love,Ambient Backgrounds,Peaceful Self-Love,2021-03-30,60rC6hq9RyQfxevUydkVld,https://open.spotify.com/track/60rC6hq9RyQfxevUydkVld,dreamy tender intimate
Ambient Dreaming,Relaxing Meditation Music,Relaxing Meditation Music for Mindfulness,2015-11-11,2h7VuFfqE4x9Ksokw2LZ0C,https://open.spotify.com/track/2h7VuFfqE4x9Ksokw2LZ0C,dreamy tender intimate
Ambient Love,ChillMindscapes,Calm Within A Crowd,2021-03-11,2nmvdVaQBa6uyoTXiBccvu,https://open.spotify.com/track/2nmvdVaQBa6uyoTXiBccvu,dreamy tender intimate
Dreamy Elegance Serenades,Sleep Fruits Music,Heavy Rain on the Roof,2023-09-13,2I0bKIXEx99dEnFm2PvNrW,https://open.spotify.com/track/2I0bKIXEx99dEnFm2PvNrW,dreamy tender intimate
Ethereal Dreams,Healing Meditation Zone,"Music for Sleep - Blissful Soothing Soundscapes to Help You Relax and Sleep, Fall Asleep Quickly, Calming Meditations",2017-10-03,4991MVhrwxrMOMpQxKhKPB,https://open.spotify.com/track/4991MVhrwxrMOMpQxKhKPB,dreamy tender intimate
Intimate Piano Melody,This Fall,50 Piano Pieces - Relaxing Piano Music & New Age Romantic Background,2015-11-09,6xw4hCEViiaSuPHoPOUL6R,https://open.spotify.com/track/6xw4hCEViiaSuPHoPOUL6R,dreamy tender intimate
Bedroom Ambiance,Instrumental Jazz Music Ambient,Bedroom Ambiance: Romantic and Sensual Saxophone Jazz,2020-04-01,0UjruPgNyiBsHfzJO0BDmk,https://open.spotify.com/track/0UjruPgNyiBsHfzJO0BDmk,dreamy tender intimate
Ethereal Dreamscape,Spa Music Experience,Spa Sanctuary,2024-06-14,2fL7KjiPhQCozTWVH3bmzL,https://open.spotify.com/track/2fL7KjiPhQCozTWVH3bmzL,dreamy tender intimate
Ambient Sleep Aid Relaxation,Sleeping Music Experience,"Sleep Music: Soothing Music for Sleeping, Ambient Deep Sleep Aid and Relaxing Binaural Beats Alpha Waves Sleeping Music",2018-02-05,7CxhSgfMei7dnBrPWrQvJv,https://open.spotify.com/track/7CxhSgfMei7dnBrPWrQvJv,dreamy tender intimate
Piano (Emotional Music),Moody Time,"Ultimate Relaxing Piano Music for Wellness, Spa, Massage, Shiatsu, Study",2014-03-20,0eVmtVaHCuZIkBhXxCJmNQ,https://open.spotify.com/track/0eVmtVaHCuZIkBhXxCJmNQ,dreamy tender intimate
Floating Dream,Tropical Hideaways,Healing Music (Spa Ambience Vol.03),2022-04-02,2R6F8L6qCRUmVL9nvpUS3t,https://open.spotify.com/track/2R6F8L6qCRUmVL9nvpUS3t,dreamy tender intimate
Serene Ambient Evening Sounds for Deep Rest,Soothing Music for Sleep,Soothing Solfeggio Frequencies for Sleep Meditation,2024-11-11,53NgWCakqYW1YUFBDfoYq9,https://open.spotify.com/track/53NgWCakqYW1YUFBDfoYq9,dreamy tender intimate
Emotional Music: Piano,Focus & Work,Silent Piano Grove Focus,2024-10-29,3eG4O7BgulD7sYHUyVMYZW,https://open.spotify.com/track/3eG4O7BgulD7sYHUyVMYZW,dreamy tender intimate
Melancholy Desire,PianoDreams,Smooth Piano Melodies for the Soul,2022-12-16,3eAjLbjzPxA25yeMADq2oT,https://open.spotify.com/track/3eAjLbjzPxA25yeMADq2oT,dreamy tender intimate
Emotional Piano Music,Background Instrumental Jazz,Soft Sax & Soothing Piano Jazz,2022-01-14,2YF0AcgyT06PBSnAWSoz8J,https://open.spotify.com/track/2YF0AcgyT06PBSnAWSoz8J,dreamy tender intimate
Music for Dreaming,Love Piano Music Zone,Piano Concert in Paris Hotel Lounge 2020,2020-01-25,4nDWfrLPTJbzWEn5luYGAg,https://open.spotify.com/track/4nDWfrLPTJbzWEn5luYGAg,dreamy tender intimate
Ambient Dreaming,Relax Music for Positive Thinking,Relax Music for Positive Thinking,2015-10-14,2IxFgcdDMOkBYAl2E7Tt62,https://open.spotify.com/track/2IxFgcdDMOkBYAl2E7Tt62,dreamy tender intimate
Enchanted Dreams,Ambient,Ambient Retreat,2015-12-27,50jpuhm0HVsgAgFfW98S1O,https://open.spotify.com/track/50jpuhm0HVsgAgFfW98S1O,dreamy tender intimate
Ambient Music,Sensual Massage to Aromatherapy Universe,"111 Tracks: Over Five Hours Relaxation Therapy Music for Massage, REM Deep Sleep, Yoga Meditation, Reiki Zen Flutes New Age, White Noise & Healing Nature Sounds",2015-09-10,7aUZmm2PUioo6wDXCYyZlB,https://open.spotify.com/track/7aUZmm2PUioo6wDXCYyZlB,dreamy tender intimate
Ambient Dreaming,Reiki Music,Reiki Practice Music,2015-11-11,1CLD32O302q28nAYGiy2Li,https://open.spotify.com/track/1CLD32O302q28nAYGiy2Li,dreamy tender intimate
Ambient Love,FreeJazz,Ambient Love,2025-08-03,6cJrbs8jLr8IywUFFWpttU,https://open.spotify.com/track/6cJrbs8jLr8IywUFFWpttU,dreamy tender intimate
Ethereal Graceful Drift,Meditation Ambience,Serene Melodic Waves,2024-06-11,0uOadannWYw2zOsj5PgbNT,https://open.spotify.com/track/0uOadannWYw2zOsj5PgbNT,dreamy tender intimate
Ambient Buddhist Music,Buddhist Meditation Music Set,"Sensual Meditation – Emotional Music, Deep Feeling, Connection, Tantra Meditation, Relaxing Track for Yoga",2017-03-13,7gU4dCeNpPRB8A4b8cQ5t5,https://open.spotify.com/track/7gU4dCeNpPRB8A4b8cQ5t5,dreamy tender intimate
Magic Fantasy Dream,Heaven on Earth Instrumental Universe,"The Best Relaxing Saxophone & Piano Music - Spa, Wellness, Evening Meditation, Soothing Sounds",2017-12-13,0deiqdeDLdhCUwhnamQUaP,https://open.spotify.com/track/0deiqdeDLdhCUwhnamQUaP,dreamy tender intimate
Piano Dreams,Dark Ambient Creator,"Dark Ambient Drones for Relaxing, Dreaming, Chilling and Tripping, Vol. 1",2015-08-31,5g1MRVVIN7TM94jEjWsly3,https://open.spotify.com/track/5g1MRVVIN7TM94jEjWsly3,dreamy tender intimate
Dreamy Garden Song,Beautiful Harp Songs Orchestra,Zen Garden (Peaceful Music for Meditation and Contemplation),2013-12-18,0gcCojWEtySbuQloNGQNF2,https://open.spotify.com/track/0gcCojWEtySbuQloNGQNF2,dreamy tender intimate
Romantic Background Love Story,MoodMode,"Stock Music Rainbow, Vol. 1",2022-05-18,6m2vjm6D6nj9GROSN3qSvR,https://open.spotify.com/track/6m2vjm6D6nj9GROSN3qSvR,dreamy tender intimate
Ambient Piano,Spa,"Spa Music: Rain Sounds and The Most Relaxing Background Music For Spa, Massage, Yoga, Meditation, Healing and Welness, Vol. 3",2019-09-01,5Eo3y6NlFqmcgBpljC4nhj,https://open.spotify.com/track/5Eo3y6NlFqmcgBpljC4nhj,dreamy tender intimate
Dreamy Piano,Blissful Relaxation,"Heavenly Dreams: Music for Sleep, Meditation & Relaxation",2019-07-19,3ZogfIXMb5yZxV8YM7SZEW,https://open.spotify.com/track/3ZogfIXMb5yZxV8YM7SZEW,dreamy tender intimate
Deep Sleep Ambient,Binaural Beats,Turn Your Dreams and Wisdom into Reality,2019-11-09,18ytrG1NrNG3VQ3hbQ7Mo1,https://open.spotify.com/track/18ytrG1NrNG3VQ3hbQ7Mo1,dreamy tender intimate
Dreaming Meditation & Yoga - Night Ambient,Buddhist Meditation Music Set,"Top 50 Meditation Background Music (Yoga, Relaxation & Spa, Healing Sounds for Mind, Body & Soul, Serenity Time)",2017-06-12,4aE71KItaEmMWphSVjRUow,https://open.spotify.com/track/4aE71KItaEmMWphSVjRUow,dreamy tender intimate
"Dreaming Spa, Vol. 1 - Acoustic Guitar, Ambient Sounds, Flute & Ocean Waves",Thomas Drach,"Dreaming Spa, Vol. 1",2023-11-26,6azbmK6pyoN5j4tfmvWDsJ,https://open.spotify.com/track/6azbmK6pyoN5j4tfmvWDsJ,dreamy tender intimate
Divine Melodies,Heaven on Earth Instrumental Universe,"Angelic Realm - Deeply Soothing Songs for Mindfulness Meditation, Reiki, Spiritual Healing, Yoga, Deep Sleep",2018-07-23,2fgVAKdHmiUKSuFiDWbMx6,https://open.spotify.com/track/2fgVAKdHmiUKSuFiDWbMx6,dreamy tender intimate
Enchanted,Romantic Candlelight Orchestra,Romantic Candlelight Sensual Background Soft Instrumental Relaxation Music for Dinner,2013-06-15,6viYTUifkR3wmOZGumLheJ,https://open.spotify.com/track/6viYTUifkR3wmOZGumLheJ,dreamy tender intimate
Some Sleep Music,Instrumental Sleeping Music,Ambient Dreams,2022-03-11,2LZjxSrO7693oKhxWrvcjv,https://open.spotify.com/track/2LZjxSrO7693oKhxWrvcjv,dreamy tender intimate
Melodic Rain Symphony: Serenade of Piano Melodies for Serene Slumber,Sleepy Rainy Ambience ASMR,Harmonious Rainy Night Serenade: Gentle Rainfall and Soothing Piano Melodies for Kids' Sleepy Bliss,2023-05-21,58aST0yPA4dsiOMoDqLTsG,https://open.spotify.com/track/58aST0yPA4dsiOMoDqLTsG,dreamy tender intimate
Emotional Intimate,Library Of The Human Soul,Dramatic (Intimate Edition),2016-01-10,6ObASmeUVEQ8TdT8l2RvZp,https://open.spotify.com/track/6ObASmeUVEQ8TdT8l2RvZp,dreamy tender intimate
Dreamy Stars,Smooth Relaxing Instrumental Group,Peaceful Harp - Tranquil Music for Relaxing,2015-07-14,2VpVWC1vHaAoVtsLocCpmU,https://open.spotify.com/track/2VpVWC1vHaAoVtsLocCpmU,dreamy tender intimate
Romantic Piano Ambient,Great Jam,European Restaurant,2022-03-11,2wA6AwoIU02q7b9USFNOHG,https://open.spotify.com/track/2wA6AwoIU02q7b9USFNOHG,dreamy tender intimate
Dreamy Piano Sleep Ambience,Calm Night Collective,Gentle Piano Sleep Melodies for Deep Rest and Relaxation,2025-10-09,0y5lhmbyGv79LGOMipeGf4,https://open.spotify.com/track/0y5lhmbyGv79LGOMipeGf4,dreamy tender intimate
Enchanted Sleepscapes,Ambia Music,Enchanted Sleepscapes - For restful Nights,2023-10-06,3Yeh82CHXdhz7wVbEvfHa1,https://open.spotify.com/track/3Yeh82CHXdhz7wVbEvfHa1,dreamy tender intimate
Meditation Piano,Ambient Space,Atmospheric Piano,2021-05-06,7hnFT7yizvCtQsqTUsYPR1,https://open.spotify.com/track/7hnFT7yizvCtQsqTUsYPR1,dreamy tender intimate
Dreamy Ambient Soundscape,Dreaming Drone,Rest a While and Listen,2022-06-11,3VZipfZXyTBWXM1K9jWl94,https://open.spotify.com/track/3VZipfZXyTBWXM1K9jWl94,dreamy tender intimate
Touch,Ambient Space,Atmospheric Piano,2021-05-06,6LhmbHkEJjyuudBgbTQjPY,https://open.spotify.com/track/6LhmbHkEJjyuudBgbTQjPY,dreamy tender intimate
Deep Emotions,Heaven on Earth Instrumental Universe,"Angelic Realm - Deeply Soothing Songs for Mindfulness Meditation, Reiki, Spiritual Healing, Yoga, Deep Sleep",2018-07-23,5xXOpGWScfXTbTSxTl3xWS,https://open.spotify.com/track/5xXOpGWScfXTbTSxTl3xWS,dreamy tender intimate
Romantic Ambiance for Feeling Refreshed,Reading Room,Reading Books Music,2022-10-07,6EUGlpPToyOFG6T374vnnl,https://open.spotify.com/track/6EUGlpPToyOFG6T374vnnl,dreamy tender intimate
Fiery Ambiance for Dreampop Moods,Entspannende Musik,Summit Sunsets,2023-09-23,0ZvCItarY6mMcQOUzjIA0g,https://open.spotify.com/track/0ZvCItarY6mMcQOUzjIA0g,dreamy tender intimate
Romantic Atmosphere,Mapa,Relax Atmosphere,2019-10-02,6FLOqyCrlykZPTqgIu7P4F,https://open.spotify.com/track/6FLOqyCrlykZPTqgIu7P4F,dreamy tender intimate
Heavy Hearts,Ambient Relaxation,Relaxing Ambient Meditation Music,2014-08-31,2xXjOnylcEoAhBqgDLIF1L,https://open.spotify.com/track/2xXjOnylcEoAhBqgDLIF1L,dreamy tender intimate
Ambient Piano Sleep Music,Music for Sleep,"Sleep Aid For Insomnia: Soft Piano Music and Nature Sounds For Deep Sleep Music, Relaxing Music For Sleep and Calm Sleeping Music With Forest and Bird Sounds",2020-01-17,3upOxyPkLokkeJIYlgsJJn,https://open.spotify.com/track/3upOxyPkLokkeJIYlgsJJn,dreamy tender intimate
Work Music Meditation,Instrumental Sleeping Music,Ambient Dreams,2022-03-11,1j1ykDdOA41AfM4HmJyw5Y,https://open.spotify.com/track/1j1ykDdOA41AfM4HmJyw5Y,dreamy tender intimate
Gentle Harmonies,Melodic Meditation,Enchanted Strings,2023-06-02,1oRZDlWgz7tKbX34Qiftk2,https://open.spotify.com/track/1oRZDlWgz7tKbX34Qiftk2,dreamy tender intimate
Restful Piano,Lucio Belmonte,Dreamy Piano Sounds | Starry Night Piano | Romantic Piano | Relaxing Music | Instrumental Piano for Sleep | Piano Lullabies,2022-04-15,3DgVL20VYSVTZBtAq5urhd,https://open.spotify.com/track/3DgVL20VYSVTZBtAq5urhd,dreamy tender intimate
Enchanted Forest,Bahrambient,Enchanted Forest,2022-03-25,1tnk80IAv0SDU0JckqmwwL,https://open.spotify.com/track/1tnk80IAv0SDU0JckqmwwL,dreamy tender intimate
Spirit Dreams (Flute) (with Night Sound),Nature Sounds & Music Library,Wake Up Gentle - Morning Awakening,2021-04-10,6tXlOboIjX5k3oUjKy7VHs,https://open.spotify.com/track/6tXlOboIjX5k3oUjKy7VHs,dreamy tender intimate
Ambient Emotional,Piano Express,Soothing Piano Express,2025-03-03,7C0Hj23kX8Ph6ojQU5THts,https://open.spotify.com/track/7C0Hj23kX8Ph6ojQU5THts,dreamy tender intimate
Emotional Sad Background,makesound music,Emotional Romantic Wedding Piano,2022-10-04,2JV88AwTowc82ExlbeZicV,https://open.spotify.com/track/2JV88AwTowc82ExlbeZicV,dreamy tender intimate
Sunny Ambiance for Drifting Dreams,Jazz Romance,"Raindrops, Emotion gets Closer",2023-04-02,5sDSvtYChMIaq9HAhTKcPT,https://open.spotify.com/track/5sDSvtYChMIaq9HAhTKcPT,dreamy tender intimate
Dreamy,Han Peace,Deep Sleep Peace: Instrumental Ambient Relaxation Music,2023-05-31,0vcEF5iM3uUqcpp4lP75kw,https://open.spotify.com/track/0vcEF5iM3uUqcpp4lP75kw,dreamy tender intimate
Melody of Love - Emotional Strings Mix,Frank Doberitz,"Chill & Lounge, Vol.1 (Winter Moments with Smooth Chillout & Ambient Tunes for the X-Mas Time)",2015-12-18,7j1p0PAonrb2KJYV5YV3PN,https://open.spotify.com/track/7j1p0PAonrb2KJYV5YV3PN,dreamy tender intimate
"Dreamlike Spherical Meditation Music, Emotional Impressions - Spherical Sounds, Relaxation Music",Farino,"Love - Affection - Gratitude, Dreamlike Spherical Meditation Music (Spherical Sounds, Relaxation Music)",2022-10-14,4kIdFhvo0UQN1SI6ZiSnCh,https://open.spotify.com/track/4kIdFhvo0UQN1SI6ZiSnCh,dreamy tender intimate
Ambient Dreaming,Musica de Relajación Academy,Relajación y Meditación Academy,2015-10-28,2j2EC9qdRPbYQ9DZN9qT68,https://open.spotify.com/track/2j2EC9qdRPbYQ9DZN9qT68,dreamy tender intimate
Hearts,Ambient Space,Atmospheric Piano,2021-05-06,2cSZfSkIaJZF17Zy7cpZzp,https://open.spotify.com/track/2cSZfSkIaJZF17Zy7cpZzp,dreamy tender intimate
Romantic Circles,Ambient Gate Music,Mysterious Cave,2022-07-29,56WR6VBnAPCWPH27tvViut,https://open.spotify.com/track/56WR6VBnAPCWPH27tvViut,dreamy tender intimate
Dreamy Moonlit Path,Massage Music,Waves of Serenity,2025-02-12,3ctdrF6nQXqulRbbb22Nxr,https://open.spotify.com/track/3ctdrF6nQXqulRbbb22Nxr,dreamy tender intimate
Background Instrumental Music,Lucid Dreaming Chill,Ultimate Spa Relaxation Music - Relaxing Spa Music for Spa Massage Therapy,2015-11-30,4cBj8b0K4nCSccu5uPHBmx,https://open.spotify.com/track/4cBj8b0K4nCSccu5uPHBmx,dreamy tender intimate
Dreamy Afternoon,Loving Soothing Spa Band,Spa Luxury (Calming and Peaceful Music for Massage and Relaxation),2014-01-18,3MbHBAd97OcbPcEjpwjMIL,https://open.spotify.com/track/3MbHBAd97OcbPcEjpwjMIL,dreamy tender intimate
Ambient Dream,Whispers of the Earth,Soul Flow,2024-10-18,2N9ApSfst67ox6JswQOye9,https://open.spotify.com/track/2N9ApSfst67ox6JswQOye9,dreamy tender intimate
Cedars and Pine,Dreaming Fairy,Calming Forest,2023-02-28,6uGLsMIJDWoOdsXDEmzEdU,https://open.spotify.com/track/6uGLsMIJDWoOdsXDEmzEdU,dreamy tender intimate
Music for Deep Relaxation 3,Moody Time,"Deepest Sleep 101 - Music to Induce Lucid Dreams, Experience Lucid Dreaming with Relaxation Songs",2017-07-13,21obPr2oB0ftu8jArCJJwi,https://open.spotify.com/track/21obPr2oB0ftu8jArCJJwi,dreamy tender intimate
Dreamy Relaxation,Spa Music Consort,"All Day Spa: Massage & Wellness, Dreamy Atmosphere for Relaxing Treatments",2023-03-23,16ASVj7nPYgEa4t6ynt5XS,https://open.spotify.com/track/16ASVj7nPYgEa4t6ynt5XS,dreamy tender intimate
Dreamy Whispers,Piano Symphonies,Whispering Waterfall: Soft Piano Music,2024-08-09,16GsivScf7Ze7xBw8pPJ8J,https://open.spotify.com/track/16GsivScf7Ze7xBw8pPJ8J,dreamy tender intimate
Calm Dreamscape: Serene Melodies for Peaceful Sleep,Lyrebird Art,SLEEP MUSIC,2024-02-23,7ofSYbkfW0Lcr7yfpYQWzB,https://open.spotify.com/track/7ofSYbkfW0Lcr7yfpYQWzB,dreamy tender intimate
Fairy Forest,Dreaming Fairy,Magic Spell,2022-10-06,4F56U9pJil3rcgjabikdKE,https://open.spotify.com/track/4F56U9pJil3rcgjabikdKE,dreamy tender intimate
Ambient Melody Soothe,Piano Classique,Harmonic Whisperings,2024-08-01,48rn9c4zqNnMCnb8K7JUuT,https://open.spotify.com/track/48rn9c4zqNnMCnb8K7JUuT,dreamy tender intimate
Ambient Rain and Smooth Sax,Sleepify Dreamwalkers,Rain and Saxophone (Smooth Jazz Sounds for Sleep and Relaxation),2025-08-15,7CCy9Nb6XgR5IQ9lO7LuS1,https://open.spotify.com/track/7CCy9Nb6XgR5IQ9lO7LuS1,dreamy tender intimate
Dreamy Ambient – Cozy Autumn Background,Etrusco Music,Autumn Music – Cozy and Warm Tunes,2025-10-27,4lSzNzHqAPbFOBLDAmnEmC,https://open.spotify.com/track/4lSzNzHqAPbFOBLDAmnEmC,dreamy tender intimate
Piano Amour,Calm Jazz Piano,Soft + Slow Piano for a Cozy Dimly Lit Ambiance,2022-11-13,2gJ1uXbk9Xqk65gNrpT2gz,https://open.spotify.com/track/2gJ1uXbk9Xqk65gNrpT2gz,dreamy tender intimate
Hypnotic Atmosphere,Piano Dreamers,Perfect Piano Ballads,2023-03-08,1ipXhPjE2wKtjGR5AqpeIf,https://open.spotify.com/track/1ipXhPjE2wKtjGR5AqpeIf,dreamy tender intimate
Dreamy Nightlights,Ambia Music,Enchanted Sleepscapes - For restful Nights,2023-10-06,6ODogRCriMOuwYtnVHRc8k,https://open.spotify.com/track/6ODogRCriMOuwYtnVHRc8k,dreamy tender intimate
Emotional Wedding,Denis Pavlov,Romantic Piano Stories,2021-12-26,0dqdubBhWjzgGpFNYG3Gyy,https://open.spotify.com/track/0dqdubBhWjzgGpFNYG3Gyy,dreamy tender intimate
Dreamy Atmosphere,Piano Music for Work,Calming Piano Hits to Bring You Divine Relaxation,2023-07-30,3j8O9unV9UeifQabH393AN,https://open.spotify.com/track/3j8O9unV9UeifQabH393AN,dreamy tender intimate
Romantic Piano (Instrumental Music),Mitchell Solaris,"Emotional Songs - Soft Relaxing Zen Music for Massage, Relax, Sauna, Spa",2014-03-02,5eePTgNrtAmYAn78yURMxb,https://open.spotify.com/track/5eePTgNrtAmYAn78yURMxb,dreamy tender intimate
Liquid Dream Piano,Ambient Piano Music,Piano Music for Sleep and Meditation,2022-09-06,5cAIE7KJnSzvBYM3e1LtnP,https://open.spotify.com/track/5cAIE7KJnSzvBYM3e1LtnP,dreamy tender intimate
Ambient Hotel,Sleep Music by Lullify,Dream Phase,2022-02-03,2MOBBd8ZiTwmx06m5xlua7,https://open.spotify.com/track/2MOBBd8ZiTwmx06m5xlua7,dreamy tender intimate
Ambient Dreaming,Music to Help You Sleep & Relax,Music to Help You Sleep & Relax,2015-10-14,6PScKY9PjwixwNYsN5Q1IK,https://open.spotify.com/track/6PScKY9PjwixwNYsN5Q1IK,dreamy tender intimate
Be Ambient Music,331Music,Uplifting Music,2022-03-25,5SVixXWmRBa9hJ9EiMcGPj,https://open.spotify.com/track/5SVixXWmRBa9hJ9EiMcGPj,dreamy tender intimate
Tender Sleep Embrace,Ambia Music,Dreamy Lullabies: Sleepy Soundscapes for All Ages,2023-10-06,20YK6Pn5RXeex4LmCkLILQ,https://open.spotify.com/track/20YK6Pn5RXeex4LmCkLILQ,dreamy tender intimate
"Spherical Relaxation Music, Desire - Spherical Meditation Music",Farino,"Love - Affection - Gratitude, Dreamlike Spherical Meditation Music (Spherical Sounds, Relaxation Music)",2022-10-14,3zfnmsotCH6bVJ4cOKCKiG,https://open.spotify.com/track/3zfnmsotCH6bVJ4cOKCKiG,dreamy tender intimate
Ambient Dream,Alex Tronic,Nature Flow,2016-10-17,6QOEWZLtpTkpLhdI4pPKPc,https://open.spotify.com/track/6QOEWZLtpTkpLhdI4pPKPc,dreamy tender intimate
Soft Ambient Vibes,Spa Music Relaxation,Escape Reality | Spa & Relax,2020-05-10,51CMGgYsasvxsXp7hs1hqB,https://open.spotify.com/track/51CMGgYsasvxsXp7hs1hqB,dreamy tender intimate
Ambient Music,James Kenneth,Lovely Flow of Touch,2017-01-19,0Ds85OwMrWUvnbDuSVqrMi,https://open.spotify.com/track/0Ds85OwMrWUvnbDuSVqrMi,dreamy tender intimate
Magical Mind Music,Dreamless Nights,Perchance to Dream: Magical Mind Music for Improving Empathy,2020-08-10,16Ha314kuMS0GXWDkNUmvu,https://open.spotify.com/track/16Ha314kuMS0GXWDkNUmvu,dreamy tender intimate
Rest Piano Sounds,Lucio Belmonte,Dreamy Piano Sounds | Starry Night Piano | Romantic Piano | Relaxing Music | Instrumental Piano for Sleep | Piano Lullabies,2022-04-15,6SKAoRgY6dgXv837aM5Vcp,https://open.spotify.com/track/6SKAoRgY6dgXv837aM5Vcp,dreamy tender intimate
Magical Melodies,Dreamweaver Pianist,Enchanted Keys,2023-11-02,1wsuddJ9TG1Whh5bujOiAj,https://open.spotify.com/track/1wsuddJ9TG1Whh5bujOiAj,dreamy tender intimate
"Dreaming Spa, Vol. 1 - Acoustic Guitar, Ambient Sounds & Flute",Thomas Drach,"Dreaming Spa, Vol. 1",2023-11-26,6qFhZULdWFkNdpT5vRPMrc,https://open.spotify.com/track/6qFhZULdWFkNdpT5vRPMrc,dreamy tender intimate
Ambient Dreaming,Anandani,Calming Piano Music with Organic Vibes,2019-10-16,3uaeh3n1kIKBuaAeT3JXgX,https://open.spotify.com/track/3uaeh3n1kIKBuaAeT3JXgX,dreamy tender intimate
Inspirational Ambient Elevation,Allen Grey,Tears of Hope,2020-12-09,4k0NS1mpBghHgivzf8Jo2S,https://open.spotify.com/track/4k0NS1mpBghHgivzf8Jo2S,dreamy tender intimate
Ambient Sleep Music Sounds,Free Spirit,Meditation Piano Music With Nature Sounds Natural White Noise for Relaxation,2011-10-26,4FbgaViAo5n6TiZDpVR8yH,https://open.spotify.com/track/4FbgaViAo5n6TiZDpVR8yH,dreamy tender intimate
Ambient Chill,Soft Jazz,"Mellow Jazz Morning - Spring Jazz Music, Calm Jazz, Slow & Sentimental Jazz Music, Easy Listening Jazz, Coffee Time",2020-05-05,1yMc2jFNx5DPXvQdJ5tMw5,https://open.spotify.com/track/1yMc2jFNx5DPXvQdJ5tMw5,dreamy tender intimate
Ambient Dreamscapes for Ultimate Calm,Deep Sleep,"Sleep Music for Deep Rest, Healing, and Stress Relief",2025-04-01,34V27T3uSplda3vnJyij1B,https://open.spotify.com/track/34V27T3uSplda3vnJyij1B,dreamy tender intimate
Ambient Light,Music Beyond,Drama,2018-10-22,0leLhC9ESi61E7KTCXASTP,https://open.spotify.com/track/0leLhC9ESi61E7KTCXASTP,dreamy tender intimate
Ambient Relaxation,SleepTherapy,Sleep Music: 101 Deep Sleep Lullabies,2015-11-06,5saYKunE6gO0MZZ0HCE1R2,https://open.spotify.com/track/5saYKunE6gO0MZZ0HCE1R2,dreamy tender intimate
Inspired by Love,Deep Harp Meditation,"Deep Harp Meditation (Relaxing Harp Music, Meditation Music, Study Music, Sleep Music, Stress Relief, Spa Music & Background Music)",2020-10-20,02zZrV2rRvY0bnuNJkj7aY,https://open.spotify.com/track/02zZrV2rRvY0bnuNJkj7aY,dreamy tender intimate
Relaxing Ambient Sounds,Peaceful Sleep Music Collection,"Ultimate Cure Insomnia Sleep Music (Meditation for Better Sleep, Relaxation Effect, Anxiety Free, De Stress Space, Calm and Clear Mind)",2017-07-24,3JaStOy2zZtOqFYAFn0RC1,https://open.spotify.com/track/3JaStOy2zZtOqFYAFn0RC1,dreamy tender intimate
Introspection,Ambient Space,Atmospheric Piano,2021-05-06,4HasWZiXRZPx500JvI7nfS,https://open.spotify.com/track/4HasWZiXRZPx500JvI7nfS,dreamy tender intimate
Dreaming,David Holmes,Ordinary Love,2019-12-06,70AEq4WwRrYiTWDMYmLzWG,https://open.spotify.com/track/70AEq4WwRrYiTWDMYmLzWG,dreamy tender intimate
Gentle Atmospheric Piano,Ambient Space,Atmospheric Piano,2021-05-06,2hKY82CIN5i2QzfHTv1OZk,https://open.spotify.com/track/2hKY82CIN5i2QzfHTv1OZk,dreamy tender intimate
Relax Sleep and Dream,Ambient Forest,Album for Relaxing Music,2017-07-23,1sWONZLHROazSXXOYMl9rW,https://open.spotify.com/track/1sWONZLHROazSXXOYMl9rW,dreamy tender intimate
Euphoric Lands of Nature Songs for Deep Dreams pt. 1,Stormy Station,2022 Instant Sleep,2022-09-18,3aSRMJlLpimC33AbMXW3w1,https://open.spotify.com/track/3aSRMJlLpimC33AbMXW3w1,dreamy tender intimate
Peaceful Minds,Ambient Space,Atmospheric Piano,2021-05-06,7okGW6aY050tjwYtoT7Bx1,https://open.spotify.com/track/7okGW6aY050tjwYtoT7Bx1,dreamy tender intimate
Ethereal Journey - Relaxing Ambient Music,Baby Sleeps,Sweet Harmonies,2024-04-10,6MWfKKNuZBHlgIPG1Bql6q,https://open.spotify.com/track/6MWfKKNuZBHlgIPG1Bql6q,dreamy tender intimate
Magical Moods for Fresh Days,Upbeat Instrumental Music,Jazz Piano Duo - Ambiance for Fresh Days,2022-09-01,1p635NhcyhzHinUYYHLFBL,https://open.spotify.com/track/1p635NhcyhzHinUYYHLFBL,dreamy tender intimate
Rosey Piano,Lucio Belmonte,Dreamy Piano Sounds | Starry Night Piano | Romantic Piano | Relaxing Music | Instrumental Piano for Sleep | Piano Lullabies,2022-04-15,6pxkJAzLUCV1lZ6Ugnbnr6,https://open.spotify.com/track/6pxkJAzLUCV1lZ6Ugnbnr6,dreamy tender intimate
Ambient Dreaming,Massage,Chilled Massage,2015-11-29,7bKVYHeV7e9pUcj6FPOWBX,https://open.spotify.com/track/7bKVYHeV7e9pUcj6FPOWBX,dreamy tender intimate
Ambient Dreaming,Easy Sleep Music,Music to Induce Sleep,2015-09-10,6t6cuRwaYtXZjFyEeQi28U,https://open.spotify.com/track/6t6cuRwaYtXZjFyEeQi28U,dreamy tender intimate
Dreamy Meditation,Hypnotic Therapy Music Consort,"Personal Journey (30 Meditation Music, Healing Ambient, Create Personal Sanctuary, Serenity, Yoga Class, Reki)",2018-02-19,0lQq7rfZ7jbLpCHIWAiDFc,https://open.spotify.com/track/0lQq7rfZ7jbLpCHIWAiDFc,dreamy tender intimate
Chill Out Music Dreaming,Piano Girls,Romantic Movies Soundtrack - Piano Music: Romantic Background Candlelight,2016-01-21,2cMmQYsWyEw3Qs5eJ0h5aZ,https://open.spotify.com/track/2cMmQYsWyEw3Qs5eJ0h5aZ,dreamy tender intimate
Ethereal Evening,Ambient Dreamscapes,Night Ambience,2024-05-18,68vlnPrU2jpXVUors6f2aT,https://open.spotify.com/track/68vlnPrU2jpXVUors6f2aT,dreamy tender intimate
Ambient Dreams - Loop,Solfeggio Frequencies,Solfeggio Frequency Focus Loops,2020-10-13,2lsGg8Hak3rFTp506bEnkC,https://open.spotify.com/track/2lsGg8Hak3rFTp506bEnkC,dreamy tender intimate
Dream World,Peaceful Ambient,Ambient Dream,2022-09-02,7MFj3IJw04MsaQZ33th8l7,https://open.spotify.com/track/7MFj3IJw04MsaQZ33th8l7,dreamy tender intimate
Peaceful Love,Dr Ambient,Baby Nap Time: Ambient Positive Sleep Music For Children To Fall Asleep To. 婴儿睡眠. bebe duerme ensueño,2021-10-01,7ytbwKVRD3G1HuRVQvkSNq,https://open.spotify.com/track/7ytbwKVRD3G1HuRVQvkSNq,dreamy tender intimate
Dreamy Sleep,Relaxing Piano Music Consort,Piano With Birds,2023-12-12,2PykTzMZVp6bKRdsbNSfOT,https://open.spotify.com/track/2PykTzMZVp6bKRdsbNSfOT,dreamy tender intimate
Beautiful Dreamer,Christian Music Experts,Meditative Christian Prayer Music,2012-03-06,1gcJBuekSZnFLAOe1f9Hc1,https://open.spotify.com/track/1gcJBuekSZnFLAOe1f9Hc1,dreamy tender intimate
Calming Piano,Ambient Space,Atmospheric Piano,2021-05-06,7244ioOvUNAIJY0InsWlmW,https://open.spotify.com/track/7244ioOvUNAIJY0InsWlmW,dreamy tender intimate
Meditate (Soft Instrumental Music),Meditation Relax Club,Ambient Music Therapy: Healing Music Sound Therapy for Relax and Chakra,2013-11-11,4b4WaXxQ8KN79JuaU3yCEb,https://open.spotify.com/track/4b4WaXxQ8KN79JuaU3yCEb,dreamy tender intimate
Reflection,Ambient Space,Atmospheric Piano,2021-05-06,0nJfkKYqgbDpbVVTfSQx75,https://open.spotify.com/track/0nJfkKYqgbDpbVVTfSQx75,dreamy tender intimate
Sunset Piano,Ambient Space,Atmospheric Piano,2021-05-06,4ZC2pejTNlNullnOGUGiI2,https://open.spotify.com/track/4ZC2pejTNlNullnOGUGiI2,dreamy tender intimate
Thoughts,Ambient Space,Atmospheric Piano,2021-05-06,5HFzkLg7yhZVmyqqCNrWvs,https://open.spotify.com/track/5HFzkLg7yhZVmyqqCNrWvs,dreamy tender intimate
Lost,Ambient Space,Atmospheric Piano,2021-05-06,4FJJvun1ewPJRtzRgYOkEP,https://open.spotify.com/track/4FJJvun1ewPJRtzRgYOkEP,dreamy tender intimate
Ambient Dreaming,Massage Tribe,Massage and Spa Tribe,2015-11-11,7wABdwNF3aE5AQbty36pxn,https://open.spotify.com/track/7wABdwNF3aE5AQbty36pxn,dreamy tender intimate
Cosmic Meditation,Ambiente,Ambient Space Music – Cosmic and Electronic Trance,2021-11-26,7sU0uQ54b4knK5WBpDphPz,https://open.spotify.com/track/7sU0uQ54b4knK5WBpDphPz,dreamy tender intimate
Dreamy Soundscapes,Green River,Seascape Serenades - Hypnotic Piano Journeys,2024-05-13,52vNp1E0xPwPlCaa1xpgLI,https://open.spotify.com/track/52vNp1E0xPwPlCaa1xpgLI,dreamy tender intimate
Dreamy Atmosphere,Tranquil Music Sound of Nature,Simple Piano for Studying,2023-07-30,5NAibsxbUoCnRpJI717jzy,https://open.spotify.com/track/5NAibsxbUoCnRpJI717jzy,dreamy tender intimate
Serene Dreams Delight,Ambia Music,Enchanted Sleepscapes - For restful Nights,2023-10-06,2ltQtLExTrJEANE9i6kfRm,https://open.spotify.com/track/2ltQtLExTrJEANE9i6kfRm,dreamy tender intimate
Ethereal,Ambient Piano Music,Piano Music for Sleep and Meditation,2022-09-06,3gR0kqAFZwbMXwjRKiIJOV,https://open.spotify.com/track/3gR0kqAFZwbMXwjRKiIJOV,dreamy tender intimate
Dreamy Evening,Relaxation Airport Ambient,Relaxing Plane Traveling: A Leisurely Flight with Calming Music,2022-03-24,51AlkEO3lZEFxlUd4a6h5Y,https://open.spotify.com/track/51AlkEO3lZEFxlUd4a6h5Y,dreamy tender intimate
Dreamy Piano,Music of Wisdom,Dreamy Piano,2023-02-16,4oc6CYXPelWGIyklxKKkxG,https://open.spotify.com/track/4oc6CYXPelWGIyklxKKkxG,dreamy tender intimate
Sweet Dreams,Peaceful Ambient,Ambient Dream,2022-09-02,4IImIj0GA0BEmsT5P35K7u,https://open.spotify.com/track/4IImIj0GA0BEmsT5P35K7u,dreamy tender intimate
A Nature Romantic,#Sleep,2 Hours of Relaxing Nature Sounds,2020-09-08,6LDxpqNhs3EemkSnxjqC9D,https://open.spotify.com/track/6LDxpqNhs3EemkSnxjqC9D,dreamy tender intimate
Etherial Sleep Whispers,Ambia Music,Enchanted Sleepscapes - For restful Nights,2023-10-06,31BJeRg6inWb5ipZwdDT7G,https://open.spotify.com/track/31BJeRg6inWb5ipZwdDT7G,dreamy tender intimate
Mystical Dream,Soothing Chill Out for Insomnia,"Relaxing Melodies for Children - Favorites Instrumental Piano Music for Sleep, Lullabies, Baby Music, Nursery Rhymes, Baby Sleep Training, Baby Relax",2015-05-26,6IjEvNCKj2pXH6hbZqi2OU,https://open.spotify.com/track/6IjEvNCKj2pXH6hbZqi2OU,dreamy tender intimate
Emotional Moment,Denis Pavlov,Romantic Piano Stories,2021-12-26,4xTrMkoIj35IxyuZVOB0ct,https://open.spotify.com/track/4xTrMkoIj35IxyuZVOB0ct,dreamy tender intimate
Magical World,Deep Sleep Music Experience,Piano to Bedtime: Lullabies for the Soul,2024-11-15,7skZvlA4E4HzCKOlhm9Wum,https://open.spotify.com/track/7skZvlA4E4HzCKOlhm9Wum,dreamy tender intimate
Dreamy,Peaceful Piano Keys,Piano,2022-07-13,2CPACavAKgJWKmRkUhx7KT,https://open.spotify.com/track/2CPACavAKgJWKmRkUhx7KT,dreamy tender intimate
Daydream,Ambient Space,Focus Mode,2021-05-12,4gL3Zhri9pWGZmfzVQga6s,https://open.spotify.com/track/4gL3Zhri9pWGZmfzVQga6s,dreamy tender intimate
Romance,Denis Couture,Piano Meditatif - Meditative Piano,2012-03-10,1VsDeYvFPnme1PyXe27d83,https://open.spotify.com/track/1VsDeYvFPnme1PyXe27d83,dreamy tender intimate
Instrumental Atmosphere,Oriental Music Zone,Oriental Sleeping Tunes,2020-02-22,6XpioBHDtx815Vl7Y42EzU,https://open.spotify.com/track/6XpioBHDtx815Vl7Y42EzU,dreamy tender intimate
Ambient Dreaming,Avslappning Musik Akademi,"Lull in i sömn - Djup sömnmusik, Minska ångest, Positiv energi, Depression lättnad, Sömnhypnos",2020-01-21,5dfukgqgSIQfmuEeidd6Cc,https://open.spotify.com/track/5dfukgqgSIQfmuEeidd6Cc,dreamy tender intimate
Ambient Ascension,Massage Music,Healing Horizons: Relaxing Spa Music,2024-08-16,6ln2s31i9vYEdUG1nPJEGl,https://open.spotify.com/track/6ln2s31i9vYEdUG1nPJEGl,dreamy tender intimate
Morning Meditations,Ambient Dreamer,Morning Meditations,2021-05-07,1eemFtisI7YgCP9Lax6Vyk,https://open.spotify.com/track/1eemFtisI7YgCP9Lax6Vyk,dreamy tender intimate
Melodies of Healing Grace,Dreamy Ambient Room,Ambient Trance Calming Tranquility Music,2023-11-29,199zequDQUenZu03GzL7Jo,https://open.spotify.com/track/199zequDQUenZu03GzL7Jo,dreamy tender intimate
Floating Melodies,Dreamy,Lullaby Piano,2023-06-06,14fyrqd587gNEDVrBXXCAd,https://open.spotify.com/track/14fyrqd587gNEDVrBXXCAd,dreamy tender intimate
Dreamy Guitar Loop,Sensory Warehouse,Dreamy Guitar Loop,2023-06-20,3nfcTqFGHb0KjvmzJIK0Jk,https://open.spotify.com/track/3nfcTqFGHb0KjvmzJIK0Jk,dreamy tender intimate
Relaxing Ambient Music,Soothing Chill Out for Insomnia,"Relaxing Melodies for Children - Favorites Instrumental Piano Music for Sleep, Lullabies, Baby Music, Nursery Rhymes, Baby Sleep Training, Baby Relax",2015-05-26,7ihtXcj2LCfubq6Fz8M85s,https://open.spotify.com/track/7ihtXcj2LCfubq6Fz8M85s,dreamy tender intimate
Dreamy Melodies,Cozy Time,Tranquil Air - Crystal Fan Whispers,2024-08-29,6fmEGyqziJGaMlLxXQme7t,https://open.spotify.com/track/6fmEGyqziJGaMlLxXQme7t,dreamy tender intimate
Emotional Piano & Orchestra,Mapa,Romantic Piano,2019-10-02,1ZQwHNoK1CCl9bgq6NPTGB,https://open.spotify.com/track/1ZQwHNoK1CCl9bgq6NPTGB,dreamy tender intimate
Sleepy Dreams,Smooth Relaxing Instrumental Group,Peaceful Harp - Tranquil Music for Relaxing,2015-07-14,3I8GaHrg93M595IdWf1DFp,https://open.spotify.com/track/3I8GaHrg93M595IdWf1DFp,dreamy tender intimate
Cascading Love,Enchanted Piano Dream,Dreamer,2023-07-12,0oH2UuuDRlDvabH0b8a6IA,https://open.spotify.com/track/0oH2UuuDRlDvabH0b8a6IA,dreamy tender intimate
Dream Land,Peaceful Ambient,Peaceful Sleep,2023-04-24,1HJ1ZxVQSujll5wt8mZdx6,https://open.spotify.com/track/1HJ1ZxVQSujll5wt8mZdx6,dreamy tender intimate
Blissful Melodies,Deep Sleep Music Academy,"Serene Dreams - Instrumental New Age Music for Sleep, Deep Relaxation",2020-05-28,4DAPP9SnOsujseO1DbumHo,https://open.spotify.com/track/4DAPP9SnOsujseO1DbumHo,dreamy tender intimate
Dreaming - Piano and Guitar Instrumental,Healing Melodies,Dream,2022-09-22,7fm3rOitWDzq2URCVke54D,https://open.spotify.com/track/7fm3rOitWDzq2URCVke54D,dreamy tender intimate
