track_name,artist_name,album_name,release_date,track_id,spotify_url,mood_keywords
A Futuristic Lounge,Ambience Mastery,Cyberpunk Epic City Ambience,2022-11-26,67oftYQbCeOJnOm3k5ZLK2,https://open.spotify.com/track/67oftYQbCeOJnOm3k5ZLK2,ethereal dystopian futuristic
Futuristic Apartment Vibes,Ambience Mastery,Cyberpunk City Night Ambience,2022-12-09,1DleGrcjz2Kfk6TLcv9cd8,https://open.spotify.com/track/1DleGrcjz2Kfk6TLcv9cd8,ethereal dystopian futuristic
Futuristic City Rainy Day Ambience,Sounds of Planet Earth,Night City Living Sounds,2022-10-25,71HREGnDmndXzx82V42cS4,https://open.spotify.com/track/71HREGnDmndXzx82V42cS4,ethereal dystopian futuristic
Nostalgic Synthwave (Sleep Music),Silent Rhythm,Space Ambient (Sleep Music),2022-08-15,73aA37o4yNP390HLuxnpGh,https://open.spotify.com/track/73aA37o4yNP390HLuxnpGh,ethereal dystopian futuristic
Quantum Key,Celestial Aeon Project,Dystopian Futures,2024-12-27,22AoqwJQmjJbdm3vUV03D2,https://open.spotify.com/track/22AoqwJQmjJbdm3vUV03D2,ethereal dystopian futuristic
Dystopian Future,Shredder 1984,Dystopian Future,2017-12-10,4sySfS4tpe0gqdPvoFs99U,https://open.spotify.com/track/4sySfS4tpe0gqdPvoFs99U,ethereal dystopian futuristic
dystopia,thenian,dystopia,2022-06-03,7q264R3DxGt11dFJwt7jxT,https://open.spotify.com/track/7q264R3DxGt11dFJwt7jxT,ethereal dystopian futuristic
Dystopia,Neutrin05,Dystopia,2019-07-03,6N1lZfdZa9O1jtaQWJOix1,https://open.spotify.com/track/6N1lZfdZa9O1jtaQWJOix1,ethereal dystopian futuristic
Future Cries of No Tomorrow,Ruptured World,Exoplanetary,2018-08-21,4AXknMGK56kjWPYtgn3lGy,https://open.spotify.com/track/4AXknMGK56kjWPYtgn3lGy,ethereal dystopian futuristic
Dreams Without a Future,Sabled Sun,2147,2015-02-28,45UE4Abe7BYuGYFwKPWZ5p,https://open.spotify.com/track/45UE4Abe7BYuGYFwKPWZ5p,ethereal dystopian futuristic
Abandon All,zYnthetic,SOUNDTRACK FOR THE APOCALYPSE,2014-05-23,6XY9O5pejwQzGAxxhPV6om,https://open.spotify.com/track/6XY9O5pejwQzGAxxhPV6om,ethereal dystopian futuristic
Neon Light Twilight,Celestial Aeon Project,Dystopian Futures,2024-12-27,6zVbxfq04YKGMvyTkTTFo2,https://open.spotify.com/track/6zVbxfq04YKGMvyTkTTFo2,ethereal dystopian futuristic
Dystopia (Instrumental),Stuart Grand,Dystopia (Instrumental),2022-08-12,6RbJwNyyph4xzPbAQapm1W,https://open.spotify.com/track/6RbJwNyyph4xzPbAQapm1W,ethereal dystopian futuristic
Dystopian Mall,Incorporeal Visions Deluxe,Network Entities,2014-05-05,6gkowH8PXuG2y4uJB0hl1Q,https://open.spotify.com/track/6gkowH8PXuG2y4uJB0hl1Q,ethereal dystopian futuristic
Dystopia (Original Soundtrack),Hi-Finesse,Dystopia (Original Soundtrack),2017-01-12,7qjUe6dPi2dVhkPH5eGIgR,https://open.spotify.com/track/7qjUe6dPi2dVhkPH5eGIgR,ethereal dystopian futuristic
Grounded,Jameson Nathan Jones,Signals,2020-03-13,7wmkVwtNrqqHRG4CFpCPvb,https://open.spotify.com/track/7wmkVwtNrqqHRG4CFpCPvb,ethereal dystopian futuristic
Instrumental,Dystopia,The Aftermath,1999-04-19,6CDBQBIoDugy8qLafENTSa,https://open.spotify.com/track/6CDBQBIoDugy8qLafENTSa,ethereal dystopian futuristic
Dystopia,Retouch,Light Years,2017-04-14,1SElxVbpwdomi25rpBobWK,https://open.spotify.com/track/1SElxVbpwdomi25rpBobWK,ethereal dystopian futuristic
Digital Underworld,Brian Delgado,Underworld (Dystopian Hybrid Themes),2020-11-28,30OTrdQ0IN74yvmrGWzLr0,https://open.spotify.com/track/30OTrdQ0IN74yvmrGWzLr0,ethereal dystopian futuristic
Seeds of the Crown,Disasterpeace,Hyper Light Drifter (Original Game Soundtrack),2016-04-13,16nMxP9rvTyfqD2fctadAq,https://open.spotify.com/track/16nMxP9rvTyfqD2fctadAq,ethereal dystopian futuristic
Futuristic Abandoned City,Ambience Mastery,Post Apocalyptic City Ambience,2023-01-01,5Bg3ZBtmxZ478Q63IGlIDf,https://open.spotify.com/track/5Bg3ZBtmxZ478Q63IGlIDf,ethereal dystopian futuristic
Running Through Futuristic Streets,Ambience Mastery,Epic Dark Sci-Fi Ambient Music,2023-01-04,3X6I7pO7q0oqVWhUDZ4j7s,https://open.spotify.com/track/3X6I7pO7q0oqVWhUDZ4j7s,ethereal dystopian futuristic
Stars Seen From a Futuristic Balcony,Ambience Mastery,Epic Dark Sci-Fi Ambient Music,2023-01-04,1JmG07o0tifo97YZb1jba1,https://open.spotify.com/track/1JmG07o0tifo97YZb1jba1,ethereal dystopian futuristic
Future Drone,Dane Short,Drones: Atmospheric Sci Fi Soundscapes,2016-05-27,7jPHgyzRKIDxUnfWHtnM71,https://open.spotify.com/track/7jPHgyzRKIDxUnfWHtnM71,ethereal dystopian futuristic
Pure Calmness Among a Futuristic Landscape,Ambience Mastery,Epic Dark Sci-Fi Ambient Music,2023-01-04,51W9uW4ipusJIxnxVq0jCz,https://open.spotify.com/track/51W9uW4ipusJIxnxVq0jCz,ethereal dystopian futuristic
Cityscapes,Lost Stargates,Future Dystopia,2023-12-20,4oiGrMBUxm2HLe7Gy6JkWa,https://open.spotify.com/track/4oiGrMBUxm2HLe7Gy6JkWa,ethereal dystopian futuristic
Dystopian Dream,Mondo Loops,Dystopian Dream,2023-10-27,5Hu96bWYoUch7vOl74ppah,https://open.spotify.com/track/5Hu96bWYoUch7vOl74ppah,ethereal dystopian futuristic
Epic City View at Dusk,Ambience Mastery,Cyberpunk City Night Ambience,2022-12-09,4nJbMu0p0keAO33RNAE7z5,https://open.spotify.com/track/4nJbMu0p0keAO33RNAE7z5,ethereal dystopian futuristic
Dystopia,Secession Studios,Dystopia,2021-06-28,5axFCVLpigF7hNYYNo5IYv,https://open.spotify.com/track/5axFCVLpigF7hNYYNo5IYv,ethereal dystopian futuristic
Outbreak,zYnthetic,SOUNDTRACK FOR THE APOCALYPSE,2014-05-23,2T58lMxULMMTnz4vuCXopk,https://open.spotify.com/track/2T58lMxULMMTnz4vuCXopk,ethereal dystopian futuristic
Future Sleep on Spaceship,Ambisounds,Deep Sleep on a Spaceship Sounds,2022-08-12,3qCbyWlyLo4sfchfBXj1kR,https://open.spotify.com/track/3qCbyWlyLo4sfchfBXj1kR,ethereal dystopian futuristic
Dystopia,Secession Studios,Melancholia,2021-07-10,4EC3WLZyKbzgCYQwF9HpJB,https://open.spotify.com/track/4EC3WLZyKbzgCYQwF9HpJB,ethereal dystopian futuristic
"Blade Runner Ambience, Pt. 2",(LUX),Blade Runner Ambiences,2022-02-11,3qHdFjRcLSvBMbvlWVCp8T,https://open.spotify.com/track/3qHdFjRcLSvBMbvlWVCp8T,ethereal dystopian futuristic
Dystopian Overture,Dream Theater,The Astonishing,2016-01-29,1NLujLBH0yxoR31ZlvHK7k,https://open.spotify.com/track/1NLujLBH0yxoR31ZlvHK7k,ethereal dystopian futuristic
"Blade Runner Ambience, Pt. 1",(LUX),Blade Runner Ambiences,2022-02-11,4BMWuDFcwmmLQSFhCJpPuU,https://open.spotify.com/track/4BMWuDFcwmmLQSFhCJpPuU,ethereal dystopian futuristic
Angels in Dystopia,Toshifumi Hinata,Angels in Dystopia　Nocturnes & Preludes,2022-07-27,6nwpUOeFXdihQBsmphWTFJ,https://open.spotify.com/track/6nwpUOeFXdihQBsmphWTFJ,ethereal dystopian futuristic
River of Woe,Phonothek,Styx,2020-07-14,53XbmQtFvzi7asKwEyb8K1,https://open.spotify.com/track/53XbmQtFvzi7asKwEyb8K1,ethereal dystopian futuristic
Abandon V3,zYnthetic,SOUNDTRACK FOR THE APOCALYPSE,2014-05-23,4bQT1xQEQsFdzhQOFJW7ZB,https://open.spotify.com/track/4bQT1xQEQsFdzhQOFJW7ZB,ethereal dystopian futuristic
Out of Orbit,Garoad,VA-11 Hall-A: Prologue (Orignal Soundtrack: Sounds from the Future),2014-08-18,3tFDLd2VmLtyFKTsLyac4O,https://open.spotify.com/track/3tFDLd2VmLtyFKTsLyac4O,ethereal dystopian futuristic
Dusk,Garoad,VA-11 Hall-A: Prologue (Orignal Soundtrack: Sounds from the Future),2014-08-18,3etyOKYTKOHj2ibNwfrnFw,https://open.spotify.com/track/3etyOKYTKOHj2ibNwfrnFw,ethereal dystopian futuristic
Dawn in a Futuristic City (Instrumental),Ambience Mastery,Cyberpunk Vibes (Electronic Instrumentals),2021-08-27,7zdY3FNQrnk9fVQHZLXONH,https://open.spotify.com/track/7zdY3FNQrnk9fVQHZLXONH,ethereal dystopian futuristic
Robotic Calm,Ambience Mastery,Cyberpunk City Night Ambience,2022-12-09,6k8e2AHjbgwFfHvcjXDQQy,https://open.spotify.com/track/6k8e2AHjbgwFfHvcjXDQQy,ethereal dystopian futuristic
Welcome to the Future,Harry Callaghan,Portal Stories: Mel (Original Soundtrack),2015-06-09,09GqeRXZ9yKpsgU4YwTCoH,https://open.spotify.com/track/09GqeRXZ9yKpsgU4YwTCoH,ethereal dystopian futuristic
Recuerdos del Futuro,Ishtarka,Recuerdos del Futuro,2021-06-18,7qifh2hnuzm2XeIE9VB5il,https://open.spotify.com/track/7qifh2hnuzm2XeIE9VB5il,ethereal dystopian futuristic
Drifting into Ethereal Space,Instrumental Piano Universe,50 Calming Tracks to Relax the Soul,2022-07-22,2fx4xZ4o1bMOpEUrcVHy20,https://open.spotify.com/track/2fx4xZ4o1bMOpEUrcVHy20,ethereal dystopian futuristic
Dismember,Jameson Nathan Jones,Signals,2020-03-13,0ukYDicFDuPxzIygrIlZhE,https://open.spotify.com/track/0ukYDicFDuPxzIygrIlZhE,ethereal dystopian futuristic
Dreamscapes and Wishes,Future World Music,Behold,2013-12-15,1GG264AAMNwN8SaGpBmD2S,https://open.spotify.com/track/1GG264AAMNwN8SaGpBmD2S,ethereal dystopian futuristic
Dark Technology,Ambience Mastery,Cyberpunk City Night Ambience,2022-12-09,3Vt4FXrBltVdr1Pjcik5nd,https://open.spotify.com/track/3Vt4FXrBltVdr1Pjcik5nd,ethereal dystopian futuristic
Dystopia,Mike McKee,Dystopia,2023-12-12,4glaM5zsDm8rTkWY6u4AQr,https://open.spotify.com/track/4glaM5zsDm8rTkWY6u4AQr,ethereal dystopian futuristic
The Global Plan,Ayden George,Soundtrack to a Dystopia,2023-03-30,5EzucbY0UIIjsVBNtE9Xe2,https://open.spotify.com/track/5EzucbY0UIIjsVBNtE9Xe2,ethereal dystopian futuristic
Mare Tranquillitatis,Acoustic Labs,DroneCast,2015-12-12,66KXWp0bw7uc4WRmaI0l0U,https://open.spotify.com/track/66KXWp0bw7uc4WRmaI0l0U,ethereal dystopian futuristic
Ethereal,ASTRAL CLOUD,Ethereal,2019-03-01,4XnebBqDKtqS2bVMyabFWc,https://open.spotify.com/track/4XnebBqDKtqS2bVMyabFWc,ethereal dystopian futuristic
Dystopia - Extended Mix,Night Tempo,Dystopia (Extended Mix),2020-01-31,6v7d1KPQeGjMNbnIN9t2ol,https://open.spotify.com/track/6v7d1KPQeGjMNbnIN9t2ol,ethereal dystopian futuristic
Moss Landscape,Voyage Futur,Inner Sphere,2020-03-14,73zoHmTC5uCKp072Jo8IUb,https://open.spotify.com/track/73zoHmTC5uCKp072Jo8IUb,ethereal dystopian futuristic
Night Central,Celestial Aeon Project,Dystopian Futures,2024-12-27,3BZtgV8v2kMKb5FQfs0qVF,https://open.spotify.com/track/3BZtgV8v2kMKb5FQfs0qVF,ethereal dystopian futuristic
The Future of Mankind,Audiofire Studios,Beyond the Horizon,2015-02-19,3vW6vpcjWJODty91g0o6A2,https://open.spotify.com/track/3vW6vpcjWJODty91g0o6A2,ethereal dystopian futuristic
Loom,Voyage Futur,Inner Sphere,2020-03-14,2R9w9LgMVeydNj8bzZuxDC,https://open.spotify.com/track/2R9w9LgMVeydNj8bzZuxDC,ethereal dystopian futuristic
Decline,Pawel Blaszczak,Dying Light (Original Game Soundtrack),2019-07-31,1XSBwjQ6u4XR9kjTJ1KMOf,https://open.spotify.com/track/1XSBwjQ6u4XR9kjTJ1KMOf,ethereal dystopian futuristic
environment,.foundation,the azure sun suite,2022-07-22,2SyHHuFbmNWhZuQjm1Ssgp,https://open.spotify.com/track/2SyHHuFbmNWhZuQjm1Ssgp,ethereal dystopian futuristic
Skyline,Garoad,VA-11 Hall-A: Prologue (Orignal Soundtrack: Sounds from the Future),2014-08-18,6iZCYEoCeoGS6DVlZxXtH4,https://open.spotify.com/track/6iZCYEoCeoGS6DVlZxXtH4,ethereal dystopian futuristic
Dystopian Post Apocalyptic Future Toxic Land Atmosphere 002,Background Music Soundtrack,Dystopian Post Apocalyptic Future Toxic Land Atmospheres,2019-02-12,1BdVnAbgvYf3adYOErJwHl,https://open.spotify.com/track/1BdVnAbgvYf3adYOErJwHl,ethereal dystopian futuristic
Dystopian Melancholic Future,Musics For everyday,Dystopian Melancholic Future,2022-09-28,3YuS0qnlO6FaaLEWi08Lx1,https://open.spotify.com/track/3YuS0qnlO6FaaLEWi08Lx1,ethereal dystopian futuristic
80s Retro Epic Futuristic Ambient,Audiosphere,80s Synthwave,2020-04-28,1dLRSRcueJ4pNI04L4LZAX,https://open.spotify.com/track/1dLRSRcueJ4pNI04L4LZAX,ethereal dystopian futuristic
Futurism Ambiance,The Enigma Tng,Hybrid Fantasy,2015-03-12,6JcsiD6us4hS85s3Aj9vfM,https://open.spotify.com/track/6JcsiD6us4hS85s3Aj9vfM,ethereal dystopian futuristic
An Epic Empty City,Ambience Mastery,Post Apocalyptic City Ambience,2023-01-01,5GEMaPBGWYVbSkjZlcvugd,https://open.spotify.com/track/5GEMaPBGWYVbSkjZlcvugd,ethereal dystopian futuristic
Secret Corporation,Ambience Mastery,Cyberpunk City Night Ambience,2022-12-09,2B8zTyWdqCGJM11TXeEgqE,https://open.spotify.com/track/2B8zTyWdqCGJM11TXeEgqE,ethereal dystopian futuristic
Resting After an Epic Quest,Ambience Mastery,Cyberpunk City Night Ambience,2022-12-09,6rgUoxrQ3YSt1Mp5Fl5Nkf,https://open.spotify.com/track/6rgUoxrQ3YSt1Mp5Fl5Nkf,ethereal dystopian futuristic
Quarantine Zone,Sabled Sun,2149,2021-01-12,5kL5WZAgtfLA5mftbGAa1N,https://open.spotify.com/track/5kL5WZAgtfLA5mftbGAa1N,ethereal dystopian futuristic
Survival,Sabled Sun,2147,2015-02-28,3l8WNCyIzxvJT8JEkcJetm,https://open.spotify.com/track/3l8WNCyIzxvJT8JEkcJetm,ethereal dystopian futuristic
Apocalyptic Fog,Ambience Mastery,Epic Dark Sci-Fi Ambient Music,2023-01-04,37oVZGpHvkA57krXAdE0Yi,https://open.spotify.com/track/37oVZGpHvkA57krXAdE0Yi,ethereal dystopian futuristic
Atmospheric Background,Space Radiance,Ambient Space Music,2019-11-03,7yvgHgfDy9kp9aeon8SdsW,https://open.spotify.com/track/7yvgHgfDy9kp9aeon8SdsW,ethereal dystopian futuristic
Doomsday,Survival Spheres,Selection 3 (Save Room Ambience),2021-06-23,4huqTVONd0slmpqi9XxDpp,https://open.spotify.com/track/4huqTVONd0slmpqi9XxDpp,ethereal dystopian futuristic
Digital Pulse,Clint Gomez,Dark Futures,2015-12-21,7kTfXpsg8VRvpmhZlHymYJ,https://open.spotify.com/track/7kTfXpsg8VRvpmhZlHymYJ,ethereal dystopian futuristic
Dark Dystopian Distorted Cello,Rafael Krux,Dark Dystopian Distorted Cello,2022-12-04,6p3r7EPDmKEoT8BtIVAMpF,https://open.spotify.com/track/6p3r7EPDmKEoT8BtIVAMpF,ethereal dystopian futuristic
Dystopia Foretold,Andromida,Dystopia Foretold,2020-12-18,58PQ2am5WAFcD5dhbVoZti,https://open.spotify.com/track/58PQ2am5WAFcD5dhbVoZti,ethereal dystopian futuristic
Inverted Horizon,Hilyard,Furthermore,2018-11-20,7CwyWH2EqymBYiW6kPJ8qR,https://open.spotify.com/track/7CwyWH2EqymBYiW6kPJ8qR,ethereal dystopian futuristic
Ethos,Full Tilt,Ethos,2014-11-11,1cvRn9Sq7PeA2kIYPbyhNf,https://open.spotify.com/track/1cvRn9Sq7PeA2kIYPbyhNf,ethereal dystopian futuristic
"Somewhere,",Disasterpeace,Somewhere,2013-11-19,5K6MthWKHYcs82aLF34uRC,https://open.spotify.com/track/5K6MthWKHYcs82aLF34uRC,ethereal dystopian futuristic
Tethys,Conquering Dystopia,Conquering Dystopia,2014-03-10,2BQq4f7sCqe7K7rBTT6G3w,https://open.spotify.com/track/2BQq4f7sCqe7K7rBTT6G3w,ethereal dystopian futuristic
Ultraverse,Erik Ekholm,Rampage,2018-04-13,0HsDPEHVRoe4h4mjkkb0lP,https://open.spotify.com/track/0HsDPEHVRoe4h4mjkkb0lP,ethereal dystopian futuristic
Finding Lost Items From Before the Apocalypse,Ambience Mastery,Post Apocalyptic City Ambience,2023-01-01,0IvZXpsmkjfRQbKyXTL9rC,https://open.spotify.com/track/0IvZXpsmkjfRQbKyXTL9rC,ethereal dystopian futuristic
The Edge Of The Abyss,zYnthetic,SOUNDTRACK FOR THE APOCALYPSE,2014-05-23,2j98KA3VL4GxCfGluOkrsX,https://open.spotify.com/track/2j98KA3VL4GxCfGluOkrsX,ethereal dystopian futuristic
Dystopia,Dystopian Voyager,Dystopia,2023-09-26,5Gc0hrYDxMEAMA1FQpuHAv,https://open.spotify.com/track/5Gc0hrYDxMEAMA1FQpuHAv,ethereal dystopian futuristic
Memory of Dystopia,ARForest,AD:PIANO VII -Alternative-,2019-12-31,670xhRSRMBEmsjiv6s2aPf,https://open.spotify.com/track/670xhRSRMBEmsjiv6s2aPf,ethereal dystopian futuristic
Portal,Christoffer Isefält,Dystopia,2020-02-15,7wd68r6DDmZDgaKgZRZf1b,https://open.spotify.com/track/7wd68r6DDmZDgaKgZRZf1b,ethereal dystopian futuristic
Dystopia,Secession Studios,Melancholia,2021-07-15,5xhTmRqcC2FkEcvPhImtlI,https://open.spotify.com/track/5xhTmRqcC2FkEcvPhImtlI,ethereal dystopian futuristic
Warm Morning Above Skyscrapers,Ambience Mastery,Cyberpunk City Night Ambience,2022-12-09,6AmOKyrAVNTWsmQRe0Ryg0,https://open.spotify.com/track/6AmOKyrAVNTWsmQRe0Ryg0,ethereal dystopian futuristic
Ambient Space Dreams,Floating Thru Space (Ambient Music For Sleep),Floating Thru Space (Ambient Music for Sleep),2022-09-30,2cDpUFkNMP8ue1UBVgwio4,https://open.spotify.com/track/2cDpUFkNMP8ue1UBVgwio4,ethereal dystopian futuristic
Ambient Space Music,Space Radiance,Ambient Space Music,2019-11-03,1MvWbV6ZmTkv4iMuHM7RUw,https://open.spotify.com/track/1MvWbV6ZmTkv4iMuHM7RUw,ethereal dystopian futuristic
Dystopian Future,Rifti Beats,DRAGON BALL SUPER,2020-03-10,6kszm3WC9XwcVQvHPKre43,https://open.spotify.com/track/6kszm3WC9XwcVQvHPKre43,ethereal dystopian futuristic
Awakening - Instrumental,Scandroid,The Darkness and The Light (Deluxe Edition),2020,6DN9zH2MkfIsVEaVMeszJX,https://open.spotify.com/track/6DN9zH2MkfIsVEaVMeszJX,ethereal dystopian futuristic
Iroh,Ethereal,Dystopian Beauty,2020-09-17,3TUO06icrdnnYwxrLx8Wv8,https://open.spotify.com/track/3TUO06icrdnnYwxrLx8Wv8,ethereal dystopian futuristic
Totalitarian Sphere,Conquering Dystopia,Conquering Dystopia,2014-03-10,1rdBHJb7RCs00aYE1PPDHz,https://open.spotify.com/track/1rdBHJb7RCs00aYE1PPDHz,ethereal dystopian futuristic
Two,Jameson Nathan Jones,Signals,2020-03-13,7jolJxvrajSFzZ0dcCu3II,https://open.spotify.com/track/7jolJxvrajSFzZ0dcCu3II,ethereal dystopian futuristic
Doomsday Clock,Conquering Dystopia,Conquering Dystopia,2014-03-10,0FjZ30ReH1DZ3kDPF0SrLl,https://open.spotify.com/track/0FjZ30ReH1DZ3kDPF0SrLl,ethereal dystopian futuristic
Earth,The Acid,the bomb (Original Motion Picture Soundtrack),2017-11-17,7H0QnFHLMKKItAmnXmQpH7,https://open.spotify.com/track/7H0QnFHLMKKItAmnXmQpH7,ethereal dystopian futuristic
Deliverance,Eon,Deliverance,2022-08-18,6nW0FlfO69uoKsBHUkKia6,https://open.spotify.com/track/6nW0FlfO69uoKsBHUkKia6,ethereal dystopian futuristic
Future Events,Christopher Sisk,Background Musics,2011-05-14,5rnIA0LTIHQS6JpZMSq8T9,https://open.spotify.com/track/5rnIA0LTIHQS6JpZMSq8T9,ethereal dystopian futuristic
Dystopia,ALEX,Magnatron 2.0,2017-07-07,6WDFyjkragCNgebf0xf1FF,https://open.spotify.com/track/6WDFyjkragCNgebf0xf1FF,ethereal dystopian futuristic
Zar'anoid,Derek Fiechter,Into the Future,2019-04-15,1XJ9vm0VClEi9nBXHEJohR,https://open.spotify.com/track/1XJ9vm0VClEi9nBXHEJohR,ethereal dystopian futuristic
Dystopian Period,Zerofuturism,Fall Ambient Collection,2022-11-01,6g3LQ7vWLLbGdN8mu86xXs,https://open.spotify.com/track/6g3LQ7vWLLbGdN8mu86xXs,ethereal dystopian futuristic
Futuristic Dreams,Ambience Mastery,Cyberpunk Dark Alleys (Ambient Music),2022-12-15,0eTZYGbjmSP51xQ0lIl6bH,https://open.spotify.com/track/0eTZYGbjmSP51xQ0lIl6bH,ethereal dystopian futuristic
Sci-fi Futuristic Background Music,Music Mood Catalog,Sci-fi Futuristic Background Music,2022-09-07,57Jxzbma9m2wdXuhzWOgFi,https://open.spotify.com/track/57Jxzbma9m2wdXuhzWOgFi,ethereal dystopian futuristic
Rays of Light Among Abandoned Buildings,Ambience Mastery,Post Apocalyptic City Ambience,2023-01-01,4LxupuUEMSpUDqzemW0szh,https://open.spotify.com/track/4LxupuUEMSpUDqzemW0szh,ethereal dystopian futuristic
Dystopian Echoes,Psybervision,Cyberpunk Generator,2023-07-25,6lQ0akzYEGtenJCJMwksjc,https://open.spotify.com/track/6lQ0akzYEGtenJCJMwksjc,ethereal dystopian futuristic
Dystopia,Machinimasound,"Machinimasound, Vol. 4",2020-10-03,5oyxVAcsnWIcEdYCdGR3uM,https://open.spotify.com/track/5oyxVAcsnWIcEdYCdGR3uM,ethereal dystopian futuristic
Fairy Glade (Dystopian),Derek Fiechter,Magical Remixes,2022-08-25,7uBB4Xps6ZJWGbaCyEt5FZ,https://open.spotify.com/track/7uBB4Xps6ZJWGbaCyEt5FZ,ethereal dystopian futuristic
Angels in Dystopia,Toshifumi Hinata,Angels in Dystopia　Nocturnes & Preludes -Analog Edition-,2022-12-03,1jLcE0yJaHOQaHdQlMkq9U,https://open.spotify.com/track/1jLcE0yJaHOQaHdQlMkq9U,ethereal dystopian futuristic
Dystopia,Peter Crowley,Youtube Collection #5,2015-01-22,706a4CJluE4ivemrar9h0x,https://open.spotify.com/track/706a4CJluE4ivemrar9h0x,ethereal dystopian futuristic
Ruins of Glory,Officio Audiorum,Ambiences of the Far Future: Season VIII,2022-02-18,7B8MuJAO4A8nvvKgm8ql0t,https://open.spotify.com/track/7B8MuJAO4A8nvvKgm8ql0t,ethereal dystopian futuristic
Ethereal Void,Project Divinity,Divinity,2006,3kaG5TgDtWB0vXhPJ3Ggip,https://open.spotify.com/track/3kaG5TgDtWB0vXhPJ3Ggip,ethereal dystopian futuristic
Forests of Caliban,Officio Audiorum,Ambiences of the Far Future: Season II,2019-06-24,3RH4n0r14NccT7cFjE2nMJ,https://open.spotify.com/track/3RH4n0r14NccT7cFjE2nMJ,ethereal dystopian futuristic
Futuristic War Motivational Scene,AXS Music,Futuristic War,2018-01-17,2FilWFesnLAGW0Bw6YPDOf,https://open.spotify.com/track/2FilWFesnLAGW0Bw6YPDOf,ethereal dystopian futuristic
Music of Futuristic Halls,Zerofuturism,The White Marble Ambient Collection 2020-21. Short Ver.,2022-07-06,1des6uV8L7DhECdBWYdzVl,https://open.spotify.com/track/1des6uV8L7DhECdBWYdzVl,ethereal dystopian futuristic
Environment,Alphaxone,Edge of Solitude,2018-06-12,7j2gdkHAlWzj7jvokpYZ7X,https://open.spotify.com/track/7j2gdkHAlWzj7jvokpYZ7X,ethereal dystopian futuristic
The Edge of the Sky,Arnaud Roy,Endless Space 2 (Original Game Soundtrack),2017-05-18,7hWDMi2wxBFzIcc8O8WNA5,https://open.spotify.com/track/7hWDMi2wxBFzIcc8O8WNA5,ethereal dystopian futuristic
Exclusion Zone,Eternal Dystopia,Echoes,2024-08-09,5fPvSTwhdLpKN2JYoYF5HK,https://open.spotify.com/track/5fPvSTwhdLpKN2JYoYF5HK,ethereal dystopian futuristic
Iskatallith,Arkana,Iskatallith,2020-11-20,2HcgJM3HqMYNn3t9xpncH6,https://open.spotify.com/track/2HcgJM3HqMYNn3t9xpncH6,ethereal dystopian futuristic
A World Emptied,Sabled Sun,2148,2016-11-15,1kkIyk81RzChUXeR7FXDRz,https://open.spotify.com/track/1kkIyk81RzChUXeR7FXDRz,ethereal dystopian futuristic
Storm approaching,Domy Castellano,Storm approaching,2022-01-24,6q5nAQyveLem8QJX1KZdFX,https://open.spotify.com/track/6q5nAQyveLem8QJX1KZdFX,ethereal dystopian futuristic
Eternal Hymns,Officio Audiorum,Ambiences of the Far Future: Season VI,2020-09-13,5Hh8Q2TeUcwzPfA0g6kxXd,https://open.spotify.com/track/5Hh8Q2TeUcwzPfA0g6kxXd,ethereal dystopian futuristic
Doomsday,Thunderstep Music,Dystopia,2016-10-10,4832hTPR54pLgSajsnNP9q,https://open.spotify.com/track/4832hTPR54pLgSajsnNP9q,ethereal dystopian futuristic
Dystopian Future,Pejman Tadayon,Middle East Big Screen,2020-12-18,2uXNRvg36R1HJaVSErLOdW,https://open.spotify.com/track/2uXNRvg36R1HJaVSErLOdW,ethereal dystopian futuristic
Advanced Robotics (Instrumental),Ambience Mastery,Cyberpunk Vibes (Electronic Instrumentals),2021-08-27,4wzNuQ6erpHIevVRBy5WZI,https://open.spotify.com/track/4wzNuQ6erpHIevVRBy5WZI,ethereal dystopian futuristic
Abandoned Ship,Ambient Realms,"Massive Ambient SciFi Music, Vol. Two",2018-02-05,3ubOe6xyhAI63SIjNF3nZI,https://open.spotify.com/track/3ubOe6xyhAI63SIjNF3nZI,ethereal dystopian futuristic
Dark Dystopian Ambient,Rafael Krux,Dark Dystopian Ambient,2023-04-03,5GMktAWXiNM3CdWTJYnK75,https://open.spotify.com/track/5GMktAWXiNM3CdWTJYnK75,ethereal dystopian futuristic
Sanctuary,Officio Audiorum,Ambiences of the Far Future: Season IV,2019-11-09,0aLF1xinNDJc29O5jWVosY,https://open.spotify.com/track/0aLF1xinNDJc29O5jWVosY,ethereal dystopian futuristic
Dystopia,NCSOUND,Utopia (AION Original Soundtrack),2011-11-24,67EXFLn5eoaiUoaoozSbtL,https://open.spotify.com/track/67EXFLn5eoaiUoaoozSbtL,ethereal dystopian futuristic
Devastation,Officio Audiorum,Ambiences of the Far Future: Season VIII,2022-02-18,7hWsgkOE2BRZCvBAqRjYv6,https://open.spotify.com/track/7hWsgkOE2BRZCvBAqRjYv6,ethereal dystopian futuristic
Intergalactic Ambience,Space Radiance,Floating Through Space,2019-07-24,1NCkqVoaw0KTPFe7R2hYMb,https://open.spotify.com/track/1NCkqVoaw0KTPFe7R2hYMb,ethereal dystopian futuristic
A Dystopian Odyssey,Myers Music,A Dystopian Odyssey,2023-10-27,5peZVoeO08deS5dWKHqwWx,https://open.spotify.com/track/5peZVoeO08deS5dWKHqwWx,ethereal dystopian futuristic
Dreams of Curze,Officio Audiorum,Ambiences of the Far Future: Season IV,2019-11-09,64ogqOtW49LXgtt3aJMpoQ,https://open.spotify.com/track/64ogqOtW49LXgtt3aJMpoQ,ethereal dystopian futuristic
Abandoned City,Eternal Dystopia,Laboratory,2023-08-14,1IHvAeLXqHnwq9vIZ24C8I,https://open.spotify.com/track/1IHvAeLXqHnwq9vIZ24C8I,ethereal dystopian futuristic
Ethereal - Instrumental,Dreamwake,Virtual Reality (Instrumental),2022-09-20,6uTxZRWY12b6bytDsfmK08,https://open.spotify.com/track/6uTxZRWY12b6bytDsfmK08,ethereal dystopian futuristic
Translucent Dream,Ambientcloud,Translucent Dream,2019-05-03,7kWuVG4WPQvobaRaipbyf7,https://open.spotify.com/track/7kWuVG4WPQvobaRaipbyf7,ethereal dystopian futuristic
Echoes of Apocalypse,Trent Moriarty,The Forgotten City (Original Mod Soundtrack),2016-05-10,01j4LpvlrDdS0OV6Al2Wf8,https://open.spotify.com/track/01j4LpvlrDdS0OV6Al2Wf8,ethereal dystopian futuristic
Ethereal Visions (atmosphere),Tabletop Rpg Music,Tabletop RPG Music: Volume 14,2023-02-26,4X3NsX2PS8D03nd6XBkXCg,https://open.spotify.com/track/4X3NsX2PS8D03nd6XBkXCg,ethereal dystopian futuristic
Dystopia Now - Radio Edit,Mental Minority,Dystopia Now,2020-08-16,7ugtGlhkXbYlg4yKPxa1WB,https://open.spotify.com/track/7ugtGlhkXbYlg4yKPxa1WB,ethereal dystopian futuristic
For the Omnissiah,Officio Audiorum,Ambiences of the Far Future: Season VIII,2022-02-18,6EPROTLZdHedoRSK1knNKM,https://open.spotify.com/track/6EPROTLZdHedoRSK1knNKM,ethereal dystopian futuristic
Synthetech,塞壬唱片-MSR,明日方舟OST1,2020-07-30,4wOI1emAEoNyjbsdEC5TQG,https://open.spotify.com/track/4wOI1emAEoNyjbsdEC5TQG,ethereal dystopian futuristic
Dystopia - Instrumental,IAMONE,Dystopia (Instrumental),2021-04-11,3xeJCnUPfvpoVoL5jAbuE2,https://open.spotify.com/track/3xeJCnUPfvpoVoL5jAbuE2,ethereal dystopian futuristic
Finding An Abandoned Grocery Store,Ambience Mastery,Post Apocalyptic City Ambience,2023-01-01,1SAzs52Yjpza16v5RIq3Rc,https://open.spotify.com/track/1SAzs52Yjpza16v5RIq3Rc,ethereal dystopian futuristic
Welcome To The Future,Gothic Storm,The Second Melodic Dawn,2021-10-29,7uqtfcMgS5ai4tcEPKnoGd,https://open.spotify.com/track/7uqtfcMgS5ai4tcEPKnoGd,ethereal dystopian futuristic
Lonely World Freedom,Ambience Mastery,Post Apocalyptic City Ambience,2023-01-01,2pClRaxe0BISCYIZlKJz8g,https://open.spotify.com/track/2pClRaxe0BISCYIZlKJz8g,ethereal dystopian futuristic
Music for Dystopian Concrete Buildings,Fornax Void,Music for Dystopian Concrete Buildings: The Future of Void Corp.,2024-11-15,6ZVx4kMJa6s8Yl5MCubf5F,https://open.spotify.com/track/6ZVx4kMJa6s8Yl5MCubf5F,ethereal dystopian futuristic
Dystopia,Fox Kraft,Dystopia,2020-11-20,3hKGcxcpwAGSBVGQYyhsYU,https://open.spotify.com/track/3hKGcxcpwAGSBVGQYyhsYU,ethereal dystopian futuristic
Dystopia,Avery Alexander,Post Apocalyptic,2022-11-08,3vr99XUJSpytgn6lHUtBFj,https://open.spotify.com/track/3vr99XUJSpytgn6lHUtBFj,ethereal dystopian futuristic
Ancient,Eternal Dystopia,Abandoned,2023-06-30,35MVF2F86LTt05HGnny0ad,https://open.spotify.com/track/35MVF2F86LTt05HGnny0ad,ethereal dystopian futuristic
Cosmos,Revolt Production Music,Euphoria,2016-10-27,6IGgBqpO6YSRymHobIZi8v,https://open.spotify.com/track/6IGgBqpO6YSRymHobIZi8v,ethereal dystopian futuristic
Abandoned,Eternal Dystopia,Abandoned,2023-06-30,18RuIN4OsLxsEYzSTGlnFN,https://open.spotify.com/track/18RuIN4OsLxsEYzSTGlnFN,ethereal dystopian futuristic
Dystopian Dimension,Andrew Hulshult,Prodeus (Original Game Soundtrack),2020-11-10,0ooosjtJEGvTAICmwEQpaT,https://open.spotify.com/track/0ooosjtJEGvTAICmwEQpaT,ethereal dystopian futuristic
Blood of the Angel,Officio Audiorum,Ambiences of the Far Future: Season VII,2021-02-24,0ePrMiSdGhRDRHdRqj7Dvc,https://open.spotify.com/track/0ePrMiSdGhRDRHdRqj7Dvc,ethereal dystopian futuristic
Starscape,Erik Ekholm,Starscape,2018-08-08,3IfpyM74r7P3NXtjyyzgat,https://open.spotify.com/track/3IfpyM74r7P3NXtjyyzgat,ethereal dystopian futuristic
Ambiences,Jade Wii,Cosmos,2019-04-17,6Fb1z2a3Z8QD4nv7r918nH,https://open.spotify.com/track/6Fb1z2a3Z8QD4nv7r918nH,ethereal dystopian futuristic
Homecoming,Ahren Merz,Homecoming,2019-03-15,02gfZeGmcGVHbihzF3EVal,https://open.spotify.com/track/02gfZeGmcGVHbihzF3EVal,ethereal dystopian futuristic
Underground Signals,Ritual Echoes,Last Survivor: Apocalyptic Ambience,2019-10-04,2WrCGlyuHyRO5zxsudIVKt,https://open.spotify.com/track/2WrCGlyuHyRO5zxsudIVKt,ethereal dystopian futuristic
Experiment 12,Revolt Production Music,Evolution,2016-04-24,3hXThH7gcoRlekrVDIXdl8,https://open.spotify.com/track/3hXThH7gcoRlekrVDIXdl8,ethereal dystopian futuristic
Isolation Theme,Mental Minority,Dystopia Now,2020-08-16,6VYbQjeHHMCQ0AYIWm26Yc,https://open.spotify.com/track/6VYbQjeHHMCQ0AYIWm26Yc,ethereal dystopian futuristic
Dyson Sphere,Arnaud Roy,Endless Space 2 (Original Game Soundtrack),2017-05-18,1V5cRfrZX2UWTfz9vKLxFY,https://open.spotify.com/track/1V5cRfrZX2UWTfz9vKLxFY,ethereal dystopian futuristic
Silentium,Arkana,Silentium,2020-11-18,2ugUQZzKR8KsUjZfx1yJ3D,https://open.spotify.com/track/2ugUQZzKR8KsUjZfx1yJ3D,ethereal dystopian futuristic
DYSTOPIA 2022 - Instrumental,IAMONE,INTO THE SEA FULL OF TEARS (Instrumental),2022-12-29,2C2z0fFNTe2DsOsEYmHL05,https://open.spotify.com/track/2C2z0fFNTe2DsOsEYmHL05,ethereal dystopian futuristic
Tomb World Rising,Officio Audiorum,Ambiences of the Far Future: Season I,2019-06-17,4bWWivptPNBRnHYlufrhrd,https://open.spotify.com/track/4bWWivptPNBRnHYlufrhrd,ethereal dystopian futuristic
Eternal Decay,Officio Audiorum,Ambiences of the Far Future: Season IV,2019-11-09,0CqyL2sdHUNQQAkKE63czM,https://open.spotify.com/track/0CqyL2sdHUNQQAkKE63czM,ethereal dystopian futuristic
Into the Warp,Officio Audiorum,Ambiences of the Far Future: Season I,2019-06-17,4LwTCwiFu4nizeCDdi4jyT,https://open.spotify.com/track/4LwTCwiFu4nizeCDdi4jyT,ethereal dystopian futuristic
Dystopia,Synthetic Epiphany,Stray Further,2018-04-19,5Z4RUPZFoaabwp7ruy2ebN,https://open.spotify.com/track/5Z4RUPZFoaabwp7ruy2ebN,ethereal dystopian futuristic
Dystopia,TWYN,Dystopia,2018-12-05,3rigy3YaU84pxuVMVVVcRy,https://open.spotify.com/track/3rigy3YaU84pxuVMVVVcRy,ethereal dystopian futuristic
The Light and the Way,Officio Audiorum,Ambiences of the Far Future: Season III,2019-06-26,2gb2YA7nIoaI79KefZ8GuM,https://open.spotify.com/track/2gb2YA7nIoaI79KefZ8GuM,ethereal dystopian futuristic
Far from Home,Officio Audiorum,Ambiences of the Far Future: Season VII,2021-02-24,5hNyzJDU9hU1txzAAHa3tT,https://open.spotify.com/track/5hNyzJDU9hU1txzAAHa3tT,ethereal dystopian futuristic
Lurking Pestilence,Officio Audiorum,Ambiences of the Far Future: Season II,2019-06-24,6U6F47NnuPe1Fb7RyNwTiJ,https://open.spotify.com/track/6U6F47NnuPe1Fb7RyNwTiJ,ethereal dystopian futuristic
Dystopia,HurricaneTurtle,Dystopia,2022-12-31,4oYJiKEdY98vj11LeVx08d,https://open.spotify.com/track/4oYJiKEdY98vj11LeVx08d,ethereal dystopian futuristic
Pilgrimage,Officio Audiorum,Ambiences of the Far Future: Season VIII,2022-02-18,10jGskivNv8jsKPKwRgucl,https://open.spotify.com/track/10jGskivNv8jsKPKwRgucl,ethereal dystopian futuristic
Plague Moon,Officio Audiorum,Ambiences of the Far Future: Season I,2019-06-17,74KOSpMph781w17pILvoQU,https://open.spotify.com/track/74KOSpMph781w17pILvoQU,ethereal dystopian futuristic
Outpost,Eternal Dystopia,Secret Facility,2024-01-06,7eRQHMZnWlLgeIPlBNUwc0,https://open.spotify.com/track/7eRQHMZnWlLgeIPlBNUwc0,ethereal dystopian futuristic
Sci-Fi City,Derek Fiechter,Into the Future,2019-04-15,50wO5WbYkpIRf0FA3rFtI1,https://open.spotify.com/track/50wO5WbYkpIRf0FA3rFtI1,ethereal dystopian futuristic
Echoes of Voices,Ritual Echoes,Last Survivor: Apocalyptic Ambience,2019-10-04,6s5Nfu0fnH2j5rqiKYJktc,https://open.spotify.com/track/6s5Nfu0fnH2j5rqiKYJktc,ethereal dystopian futuristic
Mutagen,zYnthetic,SOUNDTRACK FOR THE APOCALYPSE,2014-05-23,6sUcfGn66JO8sey8lVzBk6,https://open.spotify.com/track/6sUcfGn66JO8sey8lVzBk6,ethereal dystopian futuristic
Scary Piano Atmosphere Drone,Bobby Cole,Your Deepest Nightmares: Scary Horror Music,2018-10-29,5KOwuaBryEiNnYQl2ze64d,https://open.spotify.com/track/5KOwuaBryEiNnYQl2ze64d,ethereal dystopian futuristic
Echoes,Eternal Dystopia,Echoes,2024-08-09,10uv7Tj3pt4XjO3VOcJgRU,https://open.spotify.com/track/10uv7Tj3pt4XjO3VOcJgRU,ethereal dystopian futuristic
Mind Echoes,Zerofuturism,"Hospital Diaries, Vol. 1",2022-10-22,3xTWUSxpWY229SvNUrZTZH,https://open.spotify.com/track/3xTWUSxpWY229SvNUrZTZH,ethereal dystopian futuristic
Druid Forest,Ambient Realms,"Massive Ambient Music, Vol.3",2016-01-14,0jDJix6qwCRyPLiybcCd8K,https://open.spotify.com/track/0jDJix6qwCRyPLiybcCd8K,ethereal dystopian futuristic
Dark Experimental Dystopian Soundtrack,Rafael Krux,Dystopian Sci-Fi,2022-03-17,1ns4TVrTTIwKbIBG7gAyog,https://open.spotify.com/track/1ns4TVrTTIwKbIBG7gAyog,ethereal dystopian futuristic
Dystopia,Gothic Storm,Cyberpunch - Massive Sci-fi Electronica,2021-03-05,4qDUfgjeD26UvwF5irKG3Z,https://open.spotify.com/track/4qDUfgjeD26UvwF5irKG3Z,ethereal dystopian futuristic
Desperate Drift,Officio Audiorum,Ambiences of the Far Future: Season IV,2019-11-09,3dP54eWlMby9OEZzMAwYr2,https://open.spotify.com/track/3dP54eWlMby9OEZzMAwYr2,ethereal dystopian futuristic
Memories of the Damned,Officio Audiorum,Ambiences of the Far Future: Season IV,2019-11-09,06OA8O9agkmyDX7ObsTvLV,https://open.spotify.com/track/06OA8O9agkmyDX7ObsTvLV,ethereal dystopian futuristic
Dystopia,Stendahl,Dystopia,2018-07-06,6GQTL4K1DKhEIsyMiIkyk5,https://open.spotify.com/track/6GQTL4K1DKhEIsyMiIkyk5,ethereal dystopian futuristic
Thriving Post Apoclaypse Town,Ambience Mastery,Post Apocalyptic City Ambience,2023-01-01,5cL35UAZSnaYF3dv53lWpf,https://open.spotify.com/track/5cL35UAZSnaYF3dv53lWpf,ethereal dystopian futuristic
Future Spectrums of Light,Amulets,Severed Seas,2020-05-01,6oeuPdUZX6YPF47QUFQimj,https://open.spotify.com/track/6oeuPdUZX6YPF47QUFQimj,ethereal dystopian futuristic
Dystopia - Instrumental,Napoleon,Newborn Mind,2016,2EJwX0QPv4CLFYbZwIyTV4,https://open.spotify.com/track/2EJwX0QPv4CLFYbZwIyTV4,ethereal dystopian futuristic
Megacorp Futuristic Power,Ambience Mastery,Cyberpunk City Solitude,2024-02-18,2fyfKu6LvXUh3RoBOqBKJD,https://open.spotify.com/track/2fyfKu6LvXUh3RoBOqBKJD,ethereal dystopian futuristic
Ethereality,Voyage Futur,Virtual Moonlight,2021-09-09,49Xb4fmcWYGHJwinMgB25S,https://open.spotify.com/track/49Xb4fmcWYGHJwinMgB25S,ethereal dystopian futuristic
Abyssal Plain,Applefish,Abyssal Plain,2022-12-22,1fonJIcGJTPH6PGDBBF6aK,https://open.spotify.com/track/1fonJIcGJTPH6PGDBBF6aK,ethereal dystopian futuristic
Redemption,Officio Audiorum,Ambiences of the Far Future: Season VIII,2022-02-18,3KZDkk926bSD6LHh1sw4ZT,https://open.spotify.com/track/3KZDkk926bSD6LHh1sw4ZT,ethereal dystopian futuristic
I Am the Universe,Synthwave Goose,I Am the Universe,2022-10-28,35JNo4a8OsfZwidaAYC9tF,https://open.spotify.com/track/35JNo4a8OsfZwidaAYC9tF,ethereal dystopian futuristic
Digital Forecast Interface,Alternate Skies,Digital Forecast,2018-03-30,5DKxpcInLKn2b5jFfuwAsv,https://open.spotify.com/track/5DKxpcInLKn2b5jFfuwAsv,ethereal dystopian futuristic
Dystopia,Celestial Aeon Project,Alien Territory,2021-11-29,6ayz3RP7J13Rxvp1DNblbg,https://open.spotify.com/track/6ayz3RP7J13Rxvp1DNblbg,ethereal dystopian futuristic
Dark Dystopian Nights,SpacewaveCR,M-Seven 1,2024-08-19,2nQdhjAMaDY8yozWmmE2EY,https://open.spotify.com/track/2nQdhjAMaDY8yozWmmE2EY,ethereal dystopian futuristic
Secret Facility,Eternal Dystopia,Secret Facility,2024-01-06,0w0w241M7GtNmjpDql6AOM,https://open.spotify.com/track/0w0w241M7GtNmjpDql6AOM,ethereal dystopian futuristic
Synesthesia,The Ambientalist,Synesthesia,2022-01-21,6Agpf7qPwZaR9TwHvRew4D,https://open.spotify.com/track/6Agpf7qPwZaR9TwHvRew4D,ethereal dystopian futuristic
Metafuture,Dwayne Ford,Angel Warrior,2016-01-06,5s5ySi6wy6BAlcQCLOZYXl,https://open.spotify.com/track/5s5ySi6wy6BAlcQCLOZYXl,ethereal dystopian futuristic
Phoenix,Bubson,Namalsk Phoenix (Original Game Ambient Soundtrack),2022-09-07,1LGO0ayxImM3nhycDOvZxj,https://open.spotify.com/track/1LGO0ayxImM3nhycDOvZxj,ethereal dystopian futuristic
Love in a Futuristic City (Cyberpunk Instrumental),Ambience Mastery,An Epic City (Cyberpunk Instrumentals),2021-12-30,4Hp2LhjjpypfvZ4umfZ7JA,https://open.spotify.com/track/4Hp2LhjjpypfvZ4umfZ7JA,ethereal dystopian futuristic
Dystopian Morning,Ambience Mastery,Cyberpunk City Dark Ambient,2022-12-02,4WFrGABXRDIMklQo5BZySK,https://open.spotify.com/track/4WFrGABXRDIMklQo5BZySK,ethereal dystopian futuristic
Dystopian Utopia,Cabal Mind,Dystopian Utopia,2020-01-20,6lmRYtuw0g3JBWJRnfTeyv,https://open.spotify.com/track/6lmRYtuw0g3JBWJRnfTeyv,ethereal dystopian futuristic
Future Technology,Background Music Soundtrack,Ambient Soundscape - Mechanical Drone Theme,2022-02-18,2G0ecLStQplfIAWdbrWRHO,https://open.spotify.com/track/2G0ecLStQplfIAWdbrWRHO,ethereal dystopian futuristic
Guardians of the Gate,Officio Audiorum,Ambiences of the Far Future: Season VI,2020-09-13,5Bdrkzv9po9Xri2dKyfeg3,https://open.spotify.com/track/5Bdrkzv9po9Xri2dKyfeg3,ethereal dystopian futuristic
Retro Futuristic Synth Wave,Audiosphere,80s Synthwave,2020-04-28,2Lf1EXJp1Blr1gQf0U38RZ,https://open.spotify.com/track/2Lf1EXJp1Blr1gQf0U38RZ,ethereal dystopian futuristic
Survival,Dynamedion,Anno 2205 (Original Game Soundtrack),2015-11-03,7h3loWfczRB4TuEBG5occ4,https://open.spotify.com/track/7h3loWfczRB4TuEBG5occ4,ethereal dystopian futuristic
The Emperor's Light,Officio Audiorum,Ambiences of the Far Future: Season I,2019-06-17,3Mk5nTE0oAaGxndVny9j6y,https://open.spotify.com/track/3Mk5nTE0oAaGxndVny9j6y,ethereal dystopian futuristic
Land,Keosz,"No Future, Vol. 2",2018-09-29,06CVlq6U1OFcNkZVeihAfV,https://open.spotify.com/track/06CVlq6U1OFcNkZVeihAfV,ethereal dystopian futuristic
Redemption,Officio Audiorum,Ambiences of the Far Future: Season VIII,2022-02-18,3KZDkk926bSD6LHh1sw4ZT,https://open.spotify.com/track/3KZDkk926bSD6LHh1sw4ZT,ethereal dystopian futuristic
I Am the Universe,Synthwave Goose,I Am the Universe,2022-10-28,35JNo4a8OsfZwidaAYC9tF,https://open.spotify.com/track/35JNo4a8OsfZwidaAYC9tF,ethereal dystopian futuristic
Sunshine in the Apocalypse,Ambience Mastery,Post Apocalyptic City Ambience,2023-01-01,35skegKmkkKAOrC8NpkLIb,https://open.spotify.com/track/35skegKmkkKAOrC8NpkLIb,ethereal dystopian futuristic
Dark Dystopian Nights,SpacewaveCR,M-Seven 1,2024-08-19,2nQdhjAMaDY8yozWmmE2EY,https://open.spotify.com/track/2nQdhjAMaDY8yozWmmE2EY,ethereal dystopian futuristic
Wasteland,Ritual Echoes,Last Survivor: Apocalyptic Ambience,2019-10-04,3Pw7rfMKhI6SaKlTjdFFAf,https://open.spotify.com/track/3Pw7rfMKhI6SaKlTjdFFAf,ethereal dystopian futuristic
Lights Behind the Huge Windows,Ambience Mastery,Cyberpunk City Night Ambience,2022-12-09,2U9xltranSt9Ya0qzALAEN,https://open.spotify.com/track/2U9xltranSt9Ya0qzALAEN,ethereal dystopian futuristic
Intro,Pessimist,Pessimist,2017-08-25,2uJk55h9X7NBmdRWg2GI7t,https://open.spotify.com/track/2uJk55h9X7NBmdRWg2GI7t,ethereal dystopian futuristic
Distorted Landscape,Ritual Echoes,Last Survivor: Apocalyptic Ambience,2019-10-04,7feh8T2Kij51XLKaGUdWnW,https://open.spotify.com/track/7feh8T2Kij51XLKaGUdWnW,ethereal dystopian futuristic
Dystopia,Luke Hall,Dystopia,2019-09-30,55M5ZVYAhkJtFvMlJzBQD0,https://open.spotify.com/track/55M5ZVYAhkJtFvMlJzBQD0,ethereal dystopian futuristic
A Future,Hexsystem,Interface Original Soundtrack Vol. II (Original Motion Picture Soundtrack),2021-10-16,6aS9Boba05avjTXAbMPdN5,https://open.spotify.com/track/6aS9Boba05avjTXAbMPdN5,ethereal dystopian futuristic
Utopian,Jesper Kyd,State of Decay 2 (Original Game Soundtrack),2018-05-15,45R61v5BSFHDRgxahyIEAp,https://open.spotify.com/track/45R61v5BSFHDRgxahyIEAp,ethereal dystopian futuristic
DS008,Dystopian Soundscapes,DS008,2017-06-19,1Ay5TphsEeYq4BkElmpljS,https://open.spotify.com/track/1Ay5TphsEeYq4BkElmpljS,ethereal dystopian futuristic
Ambient Instrumental Theme,Ambient Sound Center,"Dramatic Ambient - Gothic Dark Fantasy Ambient, Sad & Somber Background",2019-06-11,6jX3ZxbLz7mHzY7GMVa6LG,https://open.spotify.com/track/6jX3ZxbLz7mHzY7GMVa6LG,ethereal dystopian futuristic
Dramatic Ambient,Ambient Sound Center,"Dramatic Ambient - Gothic Dark Fantasy Ambient, Sad & Somber Background",2019-06-11,75OxPGrERexNVSqos3hoN5,https://open.spotify.com/track/75OxPGrERexNVSqos3hoN5,ethereal dystopian futuristic
Looking into the Future,Dark Ambient Creator,"Dark Ambient Drones for Relaxing, Dreaming, Chilling and Tripping, Vol. 1",2015-08-31,4exJ6Dd6YKPDBxFwNLyxhy,https://open.spotify.com/track/4exJ6Dd6YKPDBxFwNLyxhy,ethereal dystopian futuristic
Ambient Futuristic Science Fiction Alien Planet Atmosphere Sirius,Background Music Soundtrack,Ambient Soundscape - Alien Planet Theme,2020-12-18,5G00OOaZXoZP7GWA6OuytA,https://open.spotify.com/track/5G00OOaZXoZP7GWA6OuytA,ethereal dystopian futuristic
Creaking Space Ship Ambience with Dramatic Drone and Creaking Metal,Sound Ideas,Futuristic Spaceships Sound Effects,2020-11-20,23sfXwK4ALwUppegeW4FAE,https://open.spotify.com/track/23sfXwK4ALwUppegeW4FAE,ethereal dystopian futuristic
Homecoming,Officio Audiorum,Ambiences of the Far Future: Season III,2019-06-26,2S0ajJVqxSDmF5luffVQkw,https://open.spotify.com/track/2S0ajJVqxSDmF5luffVQkw,ethereal dystopian futuristic
Atmosphere Future Cinematic,cleanmindsounds,Atmosphere Future Cinematic,2023-03-31,1wQl6HGRFfpnPtUKlTAvdV,https://open.spotify.com/track/1wQl6HGRFfpnPtUKlTAvdV,ethereal dystopian futuristic
Dark Crystal,Ambient Realms,"Massive Ambient SciFi Music, Vol. Two",2018-02-05,7dwpzdrusuIKHhn7QbRxnJ,https://open.spotify.com/track/7dwpzdrusuIKHhn7QbRxnJ,ethereal dystopian futuristic
Pins,Secret Pyramid,Embers,2020-08-20,2hQMvz3wfUtueT964ie0ns,https://open.spotify.com/track/2hQMvz3wfUtueT964ie0ns,ethereal dystopian futuristic
Dystopia,Ross Lara,Lofi & Chill,2022-03-11,6KrNyMKE5UMrCfK16swpL6,https://open.spotify.com/track/6KrNyMKE5UMrCfK16swpL6,ethereal dystopian futuristic
Dystopia,Cyazon,Dystopia,2019-05-09,2L9HhTFrfGuCdvAebSHRyv,https://open.spotify.com/track/2L9HhTFrfGuCdvAebSHRyv,ethereal dystopian futuristic
Dystopia,12th Planet,Dystopia,2020-03-25,5IuraV2B3iJMhyZS7zA3Pe,https://open.spotify.com/track/5IuraV2B3iJMhyZS7zA3Pe,ethereal dystopian futuristic
Drone Zone - Ambient Space Drone Soundscape,Pure Ambient Drone,"Ambient Bliss (Ambient Soundscape Drone Space Music, Vol. 1)",2015-05-06,6sgts9RFdfzytnSn87uC8V,https://open.spotify.com/track/6sgts9RFdfzytnSn87uC8V,ethereal dystopian futuristic
Ink,Loscil,"The Sails, Pt. 2",2022-05-11,5LrcN6KbeJdVCNW9rAlt6H,https://open.spotify.com/track/5LrcN6KbeJdVCNW9rAlt6H,ethereal dystopian futuristic
Dauntless,Joseph Trapanese,Insurgent (Original Motion Picture Score),2015-03-17,3tw4DqW23fZeEOt1l9SdWe,https://open.spotify.com/track/3tw4DqW23fZeEOt1l9SdWe,ethereal dystopian futuristic
Skynet,Vikentiy Sound,Skynet,2017-02-08,1TxiLLbt8I34MrOutvhFoN,https://open.spotify.com/track/1TxiLLbt8I34MrOutvhFoN,ethereal dystopian futuristic
Factory,Eternal Dystopia,Factory,2024-05-09,5FcTPoCLIYxV8d9iaK7JU6,https://open.spotify.com/track/5FcTPoCLIYxV8d9iaK7JU6,ethereal dystopian futuristic
Solar Storms,Epic Mountain,Solar Storms,2020-06-07,5v3pfVMyayxOsyWQNSzKV7,https://open.spotify.com/track/5v3pfVMyayxOsyWQNSzKV7,ethereal dystopian futuristic
Future Collapsing,Hyper,Future Collapsing,2021-10-25,0gasF67cOg2sqmWdskdGHF,https://open.spotify.com/track/0gasF67cOg2sqmWdskdGHF,ethereal dystopian futuristic
DS006,Dystopian Soundscapes,DS006,2017-06-06,1dAvceEhTWSo37GfvacS0c,https://open.spotify.com/track/1dAvceEhTWSo37GfvacS0c,ethereal dystopian futuristic
Dystopia,Soular Order,Dystopia,2012-03-17,4Nf4c9JYYdLiFNfMk5mt2t,https://open.spotify.com/track/4Nf4c9JYYdLiFNfMk5mt2t,ethereal dystopian futuristic
Futuristic City Rain,Infinity Realm,Cyberscapes 1-10 (Cyberpunk Ambient),2022-10-10,414rkaI0hITHV7ciub4XrJ,https://open.spotify.com/track/414rkaI0hITHV7ciub4XrJ,ethereal dystopian futuristic
Dystopia - Instrumental,Seeing Things,Dystopia (Instrumental),2022-04-15,0olx5MTvYAtiZfOdi1OI5W,https://open.spotify.com/track/0olx5MTvYAtiZfOdi1OI5W,ethereal dystopian futuristic
Dystopian Future,Shredder 1984,"Pure Darkwave, Vol. 1",2019-12-02,6uCP4zrBy6QlgkgUaEnNZe,https://open.spotify.com/track/6uCP4zrBy6QlgkgUaEnNZe,ethereal dystopian futuristic
SciFi,Ambient Realms,"Massive Ambient SciFi Music, Vol. 1",2016-11-03,39YHy3iVPtM6hTxMu5NYKf,https://open.spotify.com/track/39YHy3iVPtM6hTxMu5NYKf,ethereal dystopian futuristic
Endless Cycle,Dystopian Voyager,Endless Cycle,2023-06-20,5J63F5amdVboKtC5uONvRG,https://open.spotify.com/track/5J63F5amdVboKtC5uONvRG,ethereal dystopian futuristic
Shadow of the Warp,Officio Audiorum,Ambiences of the Far Future: Season V,2020-03-12,0zT41G1fn4s9xvQWrNEQxr,https://open.spotify.com/track/0zT41G1fn4s9xvQWrNEQxr,ethereal dystopian futuristic
Dystopian Future,Chef Boyarbeatz,"Royal Gamblers, Vol. 1",2018-03-20,4vIa53aat4Bx4LfLPq8k9R,https://open.spotify.com/track/4vIa53aat4Bx4LfLPq8k9R,ethereal dystopian futuristic
Dystopia,Karl Edh,Dystopia,2021-07-09,3o1a8Wu9UAi8wXn0YSz1Ct,https://open.spotify.com/track/3o1a8Wu9UAi8wXn0YSz1Ct,ethereal dystopian futuristic
Empty,Gothic Storm,Minimal Melancholy,2019-11-18,1tMmXQJuB1f4rgwbmuUWSW,https://open.spotify.com/track/1tMmXQJuB1f4rgwbmuUWSW,ethereal dystopian futuristic
Faith and Devotion,Officio Audiorum,Ambiences of the Far Future: Season VII,2021-02-24,62G9soCnvf3GKniRWZtIbB,https://open.spotify.com/track/62G9soCnvf3GKniRWZtIbB,ethereal dystopian futuristic
Orbital Conflict,Thunderstep Music,Dystopia,2016-10-10,1KeSdvhGk8PlItyMbPPICt,https://open.spotify.com/track/1KeSdvhGk8PlItyMbPPICt,ethereal dystopian futuristic
The Cleansing,Officio Audiorum,Ambiences of the Far Future: Season VIII,2022-02-18,3zAxpicb3Q3edMoYgoO72Q,https://open.spotify.com/track/3zAxpicb3Q3edMoYgoO72Q,ethereal dystopian futuristic
The Visitor,Officio Audiorum,Ambiences of the Far Future: Season VIII,2022-02-18,3NGk3NvS87ECozoI4Niwts,https://open.spotify.com/track/3NGk3NvS87ECozoI4Niwts,ethereal dystopian futuristic
Alien Spaceship Control Room Ambience,Sound Ideas,Futuristic Spaceships Sound Effects,2020-11-20,10SjWT4A1j7LexPbFiyzxO,https://open.spotify.com/track/10SjWT4A1j7LexPbFiyzxO,ethereal dystopian futuristic
Futuristic Funk - Instrumental Prelude,M.,Futuristic Funk - Instrumental Prelude,2015-06-16,3QwgiCMf1DpDrC1htfqo2B,https://open.spotify.com/track/3QwgiCMf1DpDrC1htfqo2B,ethereal dystopian futuristic
Thawing,Dynamedion,Anno 2205 (Original Game Soundtrack),2015-11-03,3U5WOLtU94WdzeKhtJSvqT,https://open.spotify.com/track/3U5WOLtU94WdzeKhtJSvqT,ethereal dystopian futuristic
Duet,ambinate,Duet,2018-10-24,6phBnknVkaqoEjaZ2JnuIv,https://open.spotify.com/track/6phBnknVkaqoEjaZ2JnuIv,ethereal dystopian futuristic
Futurism,The Enigma Tng,Hybrid Fantasy,2015-03-12,082GBHFQUBZcUD5c4EY1LT,https://open.spotify.com/track/082GBHFQUBZcUD5c4EY1LT,ethereal dystopian futuristic
Cinematic Dystopian Ambient,Rafael Krux,Cinematic Dystopian Ambient,2024-02-11,355JIIMUfwe15TLcRosGKE,https://open.spotify.com/track/355JIIMUfwe15TLcRosGKE,ethereal dystopian futuristic
Dystopia - Instrumental,IAMONE,Dystopia Enhanced,2021-06-27,43MLsXyPvtL3gtgQGiSs80,https://open.spotify.com/track/43MLsXyPvtL3gtgQGiSs80,ethereal dystopian futuristic
Dystopia,Christoffer Isefält,Dystopia,2020-02-15,3vUp336OncLZru80dhUeM1,https://open.spotify.com/track/3vUp336OncLZru80dhUeM1,ethereal dystopian futuristic
Adrift,Ambient Realms,"Massive Ambient SciFi Music, Vol. 1",2016-11-03,5dJXDGQlHT1vH6Rx6oEUjS,https://open.spotify.com/track/5dJXDGQlHT1vH6Rx6oEUjS,ethereal dystopian futuristic
Dystopian Skies,Psybervision,Bladescape Odyssey,2023-08-18,2BqqdlHn9YXxydpGGuVLHd,https://open.spotify.com/track/2BqqdlHn9YXxydpGGuVLHd,ethereal dystopian futuristic
Seeking the Void,Officio Audiorum,Ambiences of the Far Future: Season IV,2019-11-09,1fRPRhRZ7duQwtIu7tIxWa,https://open.spotify.com/track/1fRPRhRZ7duQwtIu7tIxWa,ethereal dystopian futuristic
Dystopian Memories,Omen Form,Dystopian Memories,2020-03-13,6Rcmt2lxPzsdfaza5xRfUp,https://open.spotify.com/track/6Rcmt2lxPzsdfaza5xRfUp,ethereal dystopian futuristic
Ritual of Change,Officio Audiorum,Ambiences of the Far Future: Season V,2020-03-12,1C4Jcnq7HaxqrVrGgIhKUZ,https://open.spotify.com/track/1C4Jcnq7HaxqrVrGgIhKUZ,ethereal dystopian futuristic
Dystopian Dreams,Lofi Munk Music,Dystopian Dreams,2023-10-26,3Uh6JyMVXBADiB7Tx39SYv,https://open.spotify.com/track/3Uh6JyMVXBADiB7Tx39SYv,ethereal dystopian futuristic
Dystopia,Forerunnerx,Transcend,2022-01-28,3BFhi1wyqltLoVYxCzQo09,https://open.spotify.com/track/3BFhi1wyqltLoVYxCzQo09,ethereal dystopian futuristic
Blessing of Iron,Officio Audiorum,Ambiences of the Far Future: Season V,2020-03-12,0Zp8z17kqw3apyt8HPZQbZ,https://open.spotify.com/track/0Zp8z17kqw3apyt8HPZQbZ,ethereal dystopian futuristic
Ark,Eternal Dystopia,Ark,2024-06-11,6zsQFv4ELM0lokNiwa0IRN,https://open.spotify.com/track/6zsQFv4ELM0lokNiwa0IRN,ethereal dystopian futuristic
Dystopia,Eden Synthetic Corps,Sandwalkers,2015-09-25,7948EK83zN4D38l7xNNd3k,https://open.spotify.com/track/7948EK83zN4D38l7xNNd3k,ethereal dystopian futuristic
Sheer,Survival Spheres,Selection 3 (Save Room Ambience),2021-06-23,0w15G4L2Nn3AJSseMqoRge,https://open.spotify.com/track/0w15G4L2Nn3AJSseMqoRge,ethereal dystopian futuristic
Relic of Hope,Officio Audiorum,Ambiences of the Far Future: Season VII,2021-02-24,6qOtVwdr7oXp6LeQnT5cik,https://open.spotify.com/track/6qOtVwdr7oXp6LeQnT5cik,ethereal dystopian futuristic
Feeling Hope for Survival,Ambience Mastery,Post Apocalyptic City Ambience,2023-01-01,7FS8LDFe5gssog1l3C13Ng,https://open.spotify.com/track/7FS8LDFe5gssog1l3C13Ng,ethereal dystopian futuristic
Machine Whispers,Officio Audiorum,Ambiences of the Far Future: Season I,2019-06-17,5AvIHfioH4F3gMXnz1LVUL,https://open.spotify.com/track/5AvIHfioH4F3gMXnz1LVUL,ethereal dystopian futuristic
AKUMA - 2017 INSTRUMENTAL VERSION,ALEX,AKUMA: THE LOST TAPES,2022-03-04,45HAUA6HsoRVFCqnCMsY6Q,https://open.spotify.com/track/45HAUA6HsoRVFCqnCMsY6Q,ethereal dystopian futuristic
Eerie Forest Path Ambience,Martia's Muses,Eerie Forest Path Ambience,2023-09-08,1cvfsRDPmBHhp9XsyeK7Jz,https://open.spotify.com/track/1cvfsRDPmBHhp9XsyeK7Jz,ethereal dystopian futuristic
Quantum,Joseph Trapanese,Phosphorescent (Original Trailer Music),2016-05-02,2cKYFgF52oAP9HoOPz4I4U,https://open.spotify.com/track/2cKYFgF52oAP9HoOPz4I4U,ethereal dystopian futuristic
Ambient Requiem,Chris Warner,Dystopian Dreams,2022-02-25,3CncpvCqXAop7HnBDZgA0Q,https://open.spotify.com/track/3CncpvCqXAop7HnBDZgA0Q,ethereal dystopian futuristic
Ethereal Sci-Fi Intense Orchestral,Carlos Estella,"Carlos Estella, Vol. 1",2018-09-19,0BNcGmXLjIXG44zC2h8xth,https://open.spotify.com/track/0BNcGmXLjIXG44zC2h8xth,ethereal dystopian futuristic
Dystopian Vision,Edgard Jaude,Dark Urban Scenes,2021-05-07,6kaG6K9Zn8eRCPMhJZTvXh,https://open.spotify.com/track/6kaG6K9Zn8eRCPMhJZTvXh,ethereal dystopian futuristic
Drone,Ambient Realms,"Massive Ambient SciFi Music, Vol. 1",2016-11-03,7AUEMA96FvjoC5wmevcS5s,https://open.spotify.com/track/7AUEMA96FvjoC5wmevcS5s,ethereal dystopian futuristic
Post Apocalyptic Music,Soft Union,Post Apocalyptic Music - Dark Ambient Music,2019-05-01,7f6OMgLAQxInba5ZOfM2iM,https://open.spotify.com/track/7f6OMgLAQxInba5ZOfM2iM,ethereal dystopian futuristic
Memories from the Vengeful Spirit,Officio Audiorum,Ambiences of the Far Future: Season II,2019-06-24,3gd447U76H4KEFC20yKhj9,https://open.spotify.com/track/3gd447U76H4KEFC20yKhj9,ethereal dystopian futuristic
Ambient Space Background Music,Ambient Space Background,Ambient Sleep - Space Music Meditation,2022-05-31,1PzuNegNVaU2CUSlUX1J4r,https://open.spotify.com/track/1PzuNegNVaU2CUSlUX1J4r,ethereal dystopian futuristic
Disturbed Tombs,Officio Audiorum,Ambiences of the Far Future: Season VI,2020-09-13,3SfCFTAOeefl8NUnJpQLbZ,https://open.spotify.com/track/3SfCFTAOeefl8NUnJpQLbZ,ethereal dystopian futuristic
The Iron Cage,Officio Audiorum,Ambiences of the Far Future: Season V,2020-03-12,3obd6iopVEAAuunaqIZO8t,https://open.spotify.com/track/3obd6iopVEAAuunaqIZO8t,ethereal dystopian futuristic
Fading Craftworld,Officio Audiorum,Ambiences of the Far Future: Season II,2019-06-24,22GI8UaUn7gndqJqQ0MMsc,https://open.spotify.com/track/22GI8UaUn7gndqJqQ0MMsc,ethereal dystopian futuristic
Ancient Menace,Officio Audiorum,Ambiences of the Far Future: Season VI,2020-09-13,7J8Uzanf8NwxxtBKgdjmCP,https://open.spotify.com/track/7J8Uzanf8NwxxtBKgdjmCP,ethereal dystopian futuristic
Ambient Music,Mindfullness Meditation World,"Synthwave Sleep: Space Trip, Cyber Dream, Subliminal Affirmations, Insomnia Relief & Ultra Relaxing Music",2022-08-17,5xHY6RG0pSjzy7Ga3rwUs9,https://open.spotify.com/track/5xHY6RG0pSjzy7Ga3rwUs9,ethereal dystopian futuristic
Ambient Space Atmosphere,cleanmindsounds,Ambient Space Atmosphere,2022-11-30,3k11itGbh2qZiiDgH9UPzl,https://open.spotify.com/track/3k11itGbh2qZiiDgH9UPzl,ethereal dystopian futuristic
Megastructures (Instumental),Ambience Mastery,Cyberpunk Vibes (Electronic Instrumentals),2021-08-27,7pdGUbetPQUm3lAEfbS2zp,https://open.spotify.com/track/7pdGUbetPQUm3lAEfbS2zp,ethereal dystopian futuristic
Determined Zombie Survivors,Ambience Mastery,Post Apocalyptic City Ambience,2023-01-01,7mGpfagHPIaNkwGzMgPnPo,https://open.spotify.com/track/7mGpfagHPIaNkwGzMgPnPo,ethereal dystopian futuristic
First Landing,Keosz,"No Future, Vol. 2",2018-09-29,1QdnsBNeicuCv085gIjEzg,https://open.spotify.com/track/1QdnsBNeicuCv085gIjEzg,ethereal dystopian futuristic
Hunted,Keosz,"No Future, Vol. 2",2018-09-29,4m5tnk2E3iDD2Qv60DrIBu,https://open.spotify.com/track/4m5tnk2E3iDD2Qv60DrIBu,ethereal dystopian futuristic
Withered Orb,Survival Spheres,Selection 1 (Save Room Ambience),2020-10-24,7J3SXTPY22KX5jgKeqqtvS,https://open.spotify.com/track/7J3SXTPY22KX5jgKeqqtvS,ethereal dystopian futuristic
The Great Work,Officio Audiorum,Ambiences of the Far Future: Season VII,2021-02-24,03ybqxRVBcEiDOkj2wi9q7,https://open.spotify.com/track/03ybqxRVBcEiDOkj2wi9q7,ethereal dystopian futuristic
Deserted,Avery Alexander,Post Apocalyptic,2022-11-08,2dac469C3NuTxSlXAtVy2L,https://open.spotify.com/track/2dac469C3NuTxSlXAtVy2L,ethereal dystopian futuristic
Cinematic Dystopian Ambient,Rafael Krux,Cinematic Dystopian Ambient,2024-02-11,355JIIMUfwe15TLcRosGKE,https://open.spotify.com/track/355JIIMUfwe15TLcRosGKE,ethereal dystopian futuristic
Dystopia - Instrumental,IAMONE,Dystopia Enhanced,2021-06-27,43MLsXyPvtL3gtgQGiSs80,https://open.spotify.com/track/43MLsXyPvtL3gtgQGiSs80,ethereal dystopian futuristic
Adrift,Ambient Realms,"Massive Ambient SciFi Music, Vol. 1",2016-11-03,5dJXDGQlHT1vH6Rx6oEUjS,https://open.spotify.com/track/5dJXDGQlHT1vH6Rx6oEUjS,ethereal dystopian futuristic
Drone,Ambient Realms,"Massive Ambient SciFi Music, Vol. 1",2016-11-03,7AUEMA96FvjoC5wmevcS5s,https://open.spotify.com/track/7AUEMA96FvjoC5wmevcS5s,ethereal dystopian futuristic
Post Apocalyptic Music,Soft Union,Post Apocalyptic Music - Dark Ambient Music,2019-05-01,7f6OMgLAQxInba5ZOfM2iM,https://open.spotify.com/track/7f6OMgLAQxInba5ZOfM2iM,ethereal dystopian futuristic
Dystopian Skies,Psybervision,Bladescape Odyssey,2023-08-18,2BqqdlHn9YXxydpGGuVLHd,https://open.spotify.com/track/2BqqdlHn9YXxydpGGuVLHd,ethereal dystopian futuristic
Dystopian Dreams,Lofi Munk Music,Dystopian Dreams,2023-10-26,3Uh6JyMVXBADiB7Tx39SYv,https://open.spotify.com/track/3Uh6JyMVXBADiB7Tx39SYv,ethereal dystopian futuristic
Memories from the Vengeful Spirit,Officio Audiorum,Ambiences of the Far Future: Season II,2019-06-24,3gd447U76H4KEFC20yKhj9,https://open.spotify.com/track/3gd447U76H4KEFC20yKhj9,ethereal dystopian futuristic
Ambient Music,Mindfullness Meditation World,"Synthwave Sleep: Space Trip, Cyber Dream, Subliminal Affirmations, Insomnia Relief & Ultra Relaxing Music",2022-08-17,5xHY6RG0pSjzy7Ga3rwUs9,https://open.spotify.com/track/5xHY6RG0pSjzy7Ga3rwUs9,ethereal dystopian futuristic
Fortunate Ones,Dystopian Future Movies,Time,2017-06-02,6SJxYYilUILPMeuaR9t6GG,https://open.spotify.com/track/6SJxYYilUILPMeuaR9t6GG,ethereal dystopian futuristic
Feeling Hope for Survival,Ambience Mastery,Post Apocalyptic City Ambience,2023-01-01,7FS8LDFe5gssog1l3C13Ng,https://open.spotify.com/track/7FS8LDFe5gssog1l3C13Ng,ethereal dystopian futuristic
Deserted,Eternal Dystopia,Deserted,2025-02-09,5w2XvxR0aRubTMEBIlM9fD,https://open.spotify.com/track/5w2XvxR0aRubTMEBIlM9fD,ethereal dystopian futuristic
Ambient Space Atmosphere,cleanmindsounds,Ambient Space Atmosphere,2022-11-30,3k11itGbh2qZiiDgH9UPzl,https://open.spotify.com/track/3k11itGbh2qZiiDgH9UPzl,ethereal dystopian futuristic
Episode Two: Pure Ambient,Tomasz Bednarczyk,Secret Ambient Friends Gig,2020-08-31,5Smrh8rDpUh5FumhFNo5hH,https://open.spotify.com/track/5Smrh8rDpUh5FumhFNo5hH,ethereal dystopian futuristic
Megastructures (Instumental),Ambience Mastery,Cyberpunk Vibes (Electronic Instrumentals),2021-08-27,7pdGUbetPQUm3lAEfbS2zp,https://open.spotify.com/track/7pdGUbetPQUm3lAEfbS2zp,ethereal dystopian futuristic
Determined Zombie Survivors,Ambience Mastery,Post Apocalyptic City Ambience,2023-01-01,7mGpfagHPIaNkwGzMgPnPo,https://open.spotify.com/track/7mGpfagHPIaNkwGzMgPnPo,ethereal dystopian futuristic
Chrono,SE,L36,2010-04-27,5O4m9pisfXpuwpBijVfzdm,https://open.spotify.com/track/5O4m9pisfXpuwpBijVfzdm,ethereal dystopian futuristic
First Landing,Keosz,"No Future, Vol. 2",2018-09-29,1QdnsBNeicuCv085gIjEzg,https://open.spotify.com/track/1QdnsBNeicuCv085gIjEzg,ethereal dystopian futuristic
Hunted,Keosz,"No Future, Vol. 2",2018-09-29,4m5tnk2E3iDD2Qv60DrIBu,https://open.spotify.com/track/4m5tnk2E3iDD2Qv60DrIBu,ethereal dystopian futuristic
Withered Orb,Survival Spheres,Selection 1 (Save Room Ambience),2020-10-24,7J3SXTPY22KX5jgKeqqtvS,https://open.spotify.com/track/7J3SXTPY22KX5jgKeqqtvS,ethereal dystopian futuristic
Ambient Requiem,Chris Warner,Dystopian Dreams,2022-02-25,3CncpvCqXAop7HnBDZgA0Q,https://open.spotify.com/track/3CncpvCqXAop7HnBDZgA0Q,ethereal dystopian futuristic
Dark Ambient,Ambient Space Background,Dark Ambient 2019 - 3 Hours of Deep Space Relaxation,2019-06-29,3jaaHy1d1o8Ajmn05LogsY,https://open.spotify.com/track/3jaaHy1d1o8Ajmn05LogsY,ethereal dystopian futuristic
Dystopian Vision,Edgard Jaude,Dark Urban Scenes,2021-05-07,6kaG6K9Zn8eRCPMhJZTvXh,https://open.spotify.com/track/6kaG6K9Zn8eRCPMhJZTvXh,ethereal dystopian futuristic
Ethereal Atmosphere,Allen Grey,Soundscape Collection,2020-12-09,4a2K7BWR4QX88opDDYjjlS,https://open.spotify.com/track/4a2K7BWR4QX88opDDYjjlS,ethereal dystopian futuristic
Ambient Space Background Music,Ambient Space Background,Ambient Sleep - Space Music Meditation,2022-05-31,1PzuNegNVaU2CUSlUX1J4r,https://open.spotify.com/track/1PzuNegNVaU2CUSlUX1J4r,ethereal dystopian futuristic
Halls of Change,Officio Audiorum,Ambiences of the Far Future: Season III,2019-06-26,74UoAmv4m3iNYhkpLpbo2b,https://open.spotify.com/track/74UoAmv4m3iNYhkpLpbo2b,ethereal dystopian futuristic
Disturbed Tombs,Officio Audiorum,Ambiences of the Far Future: Season VI,2020-09-13,3SfCFTAOeefl8NUnJpQLbZ,https://open.spotify.com/track/3SfCFTAOeefl8NUnJpQLbZ,ethereal dystopian futuristic
The Iron Cage,Officio Audiorum,Ambiences of the Far Future: Season V,2020-03-12,3obd6iopVEAAuunaqIZO8t,https://open.spotify.com/track/3obd6iopVEAAuunaqIZO8t,ethereal dystopian futuristic
Fading Craftworld,Officio Audiorum,Ambiences of the Far Future: Season II,2019-06-24,22GI8UaUn7gndqJqQ0MMsc,https://open.spotify.com/track/22GI8UaUn7gndqJqQ0MMsc,ethereal dystopian futuristic
Ancient Menace,Officio Audiorum,Ambiences of the Far Future: Season VI,2020-09-13,7J8Uzanf8NwxxtBKgdjmCP,https://open.spotify.com/track/7J8Uzanf8NwxxtBKgdjmCP,ethereal dystopian futuristic
Mysterious Space Cinematic,cleanmindsounds,Mysterious Space Cinematic,2022-12-30,382CTQh4WWPmVTBPjkoi61,https://open.spotify.com/track/382CTQh4WWPmVTBPjkoi61,ethereal dystopian futuristic
Mournival,Officio Audiorum,Ambiences of the Far Future: Season V,2020-03-12,6tcyQDIuSZcnF4qRDOpWRE,https://open.spotify.com/track/6tcyQDIuSZcnF4qRDOpWRE,ethereal dystopian futuristic
Aliens,Ambient Realms,"Massive Ambient SciFi Music, Vol. 1",2016-11-03,036AovYAZ5n1rmKEDTd5qN,https://open.spotify.com/track/036AovYAZ5n1rmKEDTd5qN,ethereal dystopian futuristic
Sunrise,Stendahl,Dystopia,2018-07-06,1Xt2MeL6S0iSUaycKEVEQb,https://open.spotify.com/track/1Xt2MeL6S0iSUaycKEVEQb,ethereal dystopian futuristic
The Nest,Officio Audiorum,Ambiences of the Far Future: Season VII,2021-02-24,5aQY7I4XtJh4oR5LtJZ70K,https://open.spotify.com/track/5aQY7I4XtJh4oR5LtJZ70K,ethereal dystopian futuristic
Suicide Mission,Thunderstep Music,Dystopia,2016-10-10,3vj9Y38u5SRrQf1XDTTUUg,https://open.spotify.com/track/3vj9Y38u5SRrQf1XDTTUUg,ethereal dystopian futuristic
Screaming Gallery,Officio Audiorum,Ambiences of the Far Future: Season VI,2020-09-13,5EBWkXc0vRiRS21k4M5tCI,https://open.spotify.com/track/5EBWkXc0vRiRS21k4M5tCI,ethereal dystopian futuristic
Under Siege,Officio Audiorum,Ambiences of the Far Future: Season II,2019-06-24,647Kz9IxtTPLYJtOizHhOS,https://open.spotify.com/track/647Kz9IxtTPLYJtOizHhOS,ethereal dystopian futuristic
Creepy Soundscapes,Background Music Attention,"Gothic, Atmospheric, Dark Ambient",2020-01-13,6h9yPo4uEVgMAJ8HASVFVI,https://open.spotify.com/track/6h9yPo4uEVgMAJ8HASVFVI,ethereal dystopian futuristic
Storm,Full Tilt,Ethos,2014-11-14,2WpAxMsZaEK8YJAz4n8yxU,https://open.spotify.com/track/2WpAxMsZaEK8YJAz4n8yxU,ethereal dystopian futuristic
DS010,Dystopian Soundscapes,DS010,2017-07-03,53d6gfUePNTvIbcaTfJxaB,https://open.spotify.com/track/53d6gfUePNTvIbcaTfJxaB,ethereal dystopian futuristic
DS001,Dystopian Soundscapes,DS001,2017-05-31,3ApoD0mvLN2SmHMht2Qm0y,https://open.spotify.com/track/3ApoD0mvLN2SmHMht2Qm0y,ethereal dystopian futuristic
Dystopia - Instrumental,Flying Circus,Flying Circus (The Instrumentals),2021-07-23,2YSxkkRlb2kzBYxgOR0s2H,https://open.spotify.com/track/2YSxkkRlb2kzBYxgOR0s2H,ethereal dystopian futuristic
Dystopian,4lienetic,Revenant,2022-05-13,2L5n5bjy72CsIfCrNaWMeh,https://open.spotify.com/track/2L5n5bjy72CsIfCrNaWMeh,ethereal dystopian futuristic
Cryogenic Descent,Dystopian Voyager,Cryogenic Descent,2023-06-26,1Z91rmMpw0xkVNiWeGitH2,https://open.spotify.com/track/1Z91rmMpw0xkVNiWeGitH2,ethereal dystopian futuristic
Dystopian Blues,Gothic Storm,Wastelands,2017-10-24,3nLjaF5rCZmG3BGgPuhvnq,https://open.spotify.com/track/3nLjaF5rCZmG3BGgPuhvnq,ethereal dystopian futuristic
Dystopian Blues,Gothic Storm,Wastelands,2020-03-08,1vR2ymo1vwdRvAGSclOWYQ,https://open.spotify.com/track/1vR2ymo1vwdRvAGSclOWYQ,ethereal dystopian futuristic
Dystopian,Tim Beek,Dystopian,2019-11-12,0jTgCGl35NvoHD7U5nVflI,https://open.spotify.com/track/0jTgCGl35NvoHD7U5nVflI,ethereal dystopian futuristic
Dystopia - Instrumental,Seeing Things,Paranoia (Instrumental),2022-12-09,2EXI4M3BvH9CBHYoXxoj90,https://open.spotify.com/track/2EXI4M3BvH9CBHYoXxoj90,ethereal dystopian futuristic
Sounds from Future - Part II,Dr. Sounds,Sounds from Future,2013-12-16,5560j7Km0ybTICZafAtf3G,https://open.spotify.com/track/5560j7Km0ybTICZafAtf3G,ethereal dystopian futuristic
Whispers of the Witch,Officio Audiorum,Ambiences of the Far Future: Season V,2020-03-12,3BgbCGaq4X9O2KjoQQnDLw,https://open.spotify.com/track/3BgbCGaq4X9O2KjoQQnDLw,ethereal dystopian futuristic
Gaia,In the Branches,Gaia / Earth EP,2020-08-02,5vnWxudVeUvCkiH1OXUUY8,https://open.spotify.com/track/5vnWxudVeUvCkiH1OXUUY8,ethereal dystopian futuristic
Space Hulk,Officio Audiorum,Ambiences of the Far Future: Season II,2019-06-24,61KH1qegqoD3FT428JtxEJ,https://open.spotify.com/track/61KH1qegqoD3FT428JtxEJ,ethereal dystopian futuristic
Space Sounds,Emotional Healing Intrumental Academy,"Another World – Cosmic Meditation, Epic Space Music, Background for Inner Journey, Deep Experience, Lucid Dream",2018-02-09,75inxErMsoUx9wz3fgx8QC,https://open.spotify.com/track/75inxErMsoUx9wz3fgx8QC,ethereal dystopian futuristic
Futuristic Past,A Million Souls,Rise,2014-07-21,3nrNlM4zjAOGpt9WtqE1S0,https://open.spotify.com/track/3nrNlM4zjAOGpt9WtqE1S0,ethereal dystopian futuristic
Path of the Witch,Officio Audiorum,Ambiences of the Far Future: Season VI,2020-09-13,2ftBzaZ2B71V3DMaOhZU5Y,https://open.spotify.com/track/2ftBzaZ2B71V3DMaOhZU5Y,ethereal dystopian futuristic
Warp Gate Ambiance,Hyperduck Soundworks,Dust: An Elysian Tail,2012-10-11,72JoezlT6geI1NmEsroEKf,https://open.spotify.com/track/72JoezlT6geI1NmEsroEKf,ethereal dystopian futuristic
Imperial Truth,Officio Audiorum,Ambiences of the Far Future: Season VII,2021-02-24,1vWvkILhEFi2shRbqVAApM,https://open.spotify.com/track/1vWvkILhEFi2shRbqVAApM,ethereal dystopian futuristic
You Serve the Machine Now,Officio Audiorum,Ambiences of the Far Future: Season VII,2021-02-24,581Z35iSrEY50yapQkteOR,https://open.spotify.com/track/581Z35iSrEY50yapQkteOR,ethereal dystopian futuristic
Warrior Reborn,Gothic Storm,The Melodic Dawn,2019-06-05,0yW4PQLysH9Nn7CFullpp2,https://open.spotify.com/track/0yW4PQLysH9Nn7CFullpp2,ethereal dystopian futuristic
Minimal Dystopian Ambient,Rafael Krux,Minimal Dystopian Ambient,2024-01-24,1y4Z6DSzowHBY9GBF8fh8D,https://open.spotify.com/track/1y4Z6DSzowHBY9GBF8fh8D,ethereal dystopian futuristic
Dystopia,Modulation Sounds,Dystopia,2023-11-21,0doBYryhQkSli3hNLPDpPX,https://open.spotify.com/track/0doBYryhQkSli3hNLPDpPX,ethereal dystopian futuristic
Ambienteuse,Roman Flügel,Balmy Evening,2022-10-14,6Go6dOhFjDTLE39BCblEWu,https://open.spotify.com/track/6Go6dOhFjDTLE39BCblEWu,ethereal dystopian futuristic
Expanse,Jameson Nathan Jones,Expanse,2020-02-28,7DNFjpFwcdq6QckNjLM3IP,https://open.spotify.com/track/7DNFjpFwcdq6QckNjLM3IP,ethereal dystopian futuristic
Dark Ambient Playlist,Theodor Time,"Dark Ambient Playlist: Relaxing Drone Music, Electronic Synth Music for Study, Concentration, Focus",2019-11-30,0CFxP8KedOWqypwpDzqL5n,https://open.spotify.com/track/0CFxP8KedOWqypwpDzqL5n,ethereal dystopian futuristic
Scanner,Ambient Realms,"Massive Ambient SciFi Music, Vol. Two",2018-02-05,6VrsFpL3a3SyOLS2EzZXGg,https://open.spotify.com/track/6VrsFpL3a3SyOLS2EzZXGg,ethereal dystopian futuristic
The Universal Eye,Waste of Space Orchestra,Syntheosis,2019-04-05,078JNynQxcvvHLw8Z7hm8h,https://open.spotify.com/track/078JNynQxcvvHLw8Z7hm8h,ethereal dystopian futuristic
Stargazer,Ambient Realms,"Massive Ambient SciFi Music, Vol. Two",2018-02-05,4inxUFwOhygSmWNVSaJB1C,https://open.spotify.com/track/4inxUFwOhygSmWNVSaJB1C,ethereal dystopian futuristic
Dead Fields of Titan,Officio Audiorum,Ambiences of the Far Future: Season V,2020-03-12,2CKlPQQPEAUYQX5OCefLyG,https://open.spotify.com/track/2CKlPQQPEAUYQX5OCefLyG,ethereal dystopian futuristic
Wyrm Takeover,Officio Audiorum,Ambiences of the Far Future: Season III,2019-06-26,4phyR6G0k3K6gAxIMmLrp6,https://open.spotify.com/track/4phyR6G0k3K6gAxIMmLrp6,ethereal dystopian futuristic
In The Library,Ambience Fantasy,Instrumental Music for Reading Comics,2022-09-01,2S2l1KzILc3zRz6rZDMAPn,https://open.spotify.com/track/2S2l1KzILc3zRz6rZDMAPn,ethereal dystopian futuristic
Titan Spirit,Officio Audiorum,Ambiences of the Far Future: Season III,2019-06-26,67JLuhBR3e805M3T6kkrg9,https://open.spotify.com/track/67JLuhBR3e805M3T6kkrg9,ethereal dystopian futuristic
Blue,Vapora,Dystopia (Deluxe),2015-11-13,04wgBsUAB2tKyypz5Lrguj,https://open.spotify.com/track/04wgBsUAB2tKyypz5Lrguj,ethereal dystopian futuristic
"Sci Fi, Ambience - Comic Tunnel Wind Pulse Fantasy Ambiences",Sound Effects Library,Magical: Sound Effects,2012-05-15,42FbbBOYVpxWGJvmV2fxYP,https://open.spotify.com/track/42FbbBOYVpxWGJvmV2fxYP,ethereal dystopian futuristic
Black-Cloaked,Dystopian Future Movies,Inviolate,2020-03-02,1hAOjTeIo8fJ8yYxRsnghz,https://open.spotify.com/track/1hAOjTeIo8fJ8yYxRsnghz,ethereal dystopian futuristic
Dystopia,Jason Scott Tittle,Dystopia,2024-12-20,6sRGZdK4nSlfPbVPziL2eO,https://open.spotify.com/track/6sRGZdK4nSlfPbVPziL2eO,ethereal dystopian futuristic
Snowday,Broken Peak,Snowday,2018-02-12,5MsBshYCFSnE58NxbOkofl,https://open.spotify.com/track/5MsBshYCFSnE58NxbOkofl,ethereal dystopian futuristic
Dystopia,Eradikator,Dystopia,2012-04-18,3ZqOX52J15MrASKDStzgZt,https://open.spotify.com/track/3ZqOX52J15MrASKDStzgZt,ethereal dystopian futuristic
Read My Mind,Ambience Fantasy,Instrumental Music for Reading Comics,2022-09-01,4A38fGbBBINeV211ICE4E4,https://open.spotify.com/track/4A38fGbBBINeV211ICE4E4,ethereal dystopian futuristic
Beyond,(LUX),Cyber Soundscapes,2023-10-27,0IOyhods4zWrJ6l0bsfm6M,https://open.spotify.com/track/0IOyhods4zWrJ6l0bsfm6M,ethereal dystopian futuristic
Tencho,Dystopian Soundscapes,Omega,2018-11-05,1esdsmdBoQHggjkTYx0hMb,https://open.spotify.com/track/1esdsmdBoQHggjkTYx0hMb,ethereal dystopian futuristic
Monolith,Relica,Monolith,2018-03-23,7LCiWaBTLRhkmyaLqtmdmP,https://open.spotify.com/track/7LCiWaBTLRhkmyaLqtmdmP,ethereal dystopian futuristic
Dramatic Cyber Attack,Massacaresound,Futuristic Figure,2022-03-15,5OS548miPTW4iPRD7bFVVR,https://open.spotify.com/track/5OS548miPTW4iPRD7bFVVR,ethereal dystopian futuristic
Inspiring Music,Ambience Fantasy,Instrumental Music for Reading Comics,2022-09-01,6Cbh4nIe0K9x9EIJSPkieZ,https://open.spotify.com/track/6Cbh4nIe0K9x9EIJSPkieZ,ethereal dystopian futuristic
Dystopian Explorer,Spaceinvader,System Integration,2022-01-22,0dRQfxFyFbmUALf3IyKc9Y,https://open.spotify.com/track/0dRQfxFyFbmUALf3IyKc9Y,ethereal dystopian futuristic
Dystopia - Instrumental,Sizuk,Dystopia,2023-01-06,4AiLZNGRhP7i0e23LRRZ2Z,https://open.spotify.com/track/4AiLZNGRhP7i0e23LRRZ2Z,ethereal dystopian futuristic
Dystopia,Cytruim,Dystopia,2020-05-29,4gODGsQ21C3HDXr4pKIasj,https://open.spotify.com/track/4gODGsQ21C3HDXr4pKIasj,ethereal dystopian futuristic
Death of a Machine,Officio Audiorum,Ambiences of the Far Future: Season III,2019-06-26,4DafATsFlfc4nJ4yg0hl6Z,https://open.spotify.com/track/4DafATsFlfc4nJ4yg0hl6Z,ethereal dystopian futuristic
Dystopian Cyberpunk Cellos,Rafael Krux,Dystopian Cyberpunk Cellos,2024-03-12,6mPpZLuP1tzfZ89HhKrdaN,https://open.spotify.com/track/6mPpZLuP1tzfZ89HhKrdaN,ethereal dystopian futuristic
Ambient Space,Amelia System,New Age Ambient - Relaxing Electronic Music,2020-04-14,2Uyl8g0ivI5LVG5kiHIuL9,https://open.spotify.com/track/2Uyl8g0ivI5LVG5kiHIuL9,ethereal dystopian futuristic
Secret Technology (Instrumental),Ambience Mastery,Cyberpunk Vibes (Electronic Instrumentals),2021-08-27,1NpnYPmRq7nOzpxRyr7gG6,https://open.spotify.com/track/1NpnYPmRq7nOzpxRyr7gG6,ethereal dystopian futuristic
Sci-Fi Mystery Atmosphere,Rafael Krux,Dystopian Sci-Fi,2022-03-17,32MzGIbjYKtfxZoZGDTo8f,https://open.spotify.com/track/32MzGIbjYKtfxZoZGDTo8f,ethereal dystopian futuristic
Future War,Gothic Storm,Epic Emotional Electronica,2014-03-06,5aT4LfzqqZPQqtpx4jDNgJ,https://open.spotify.com/track/5aT4LfzqqZPQqtpx4jDNgJ,ethereal dystopian futuristic
A Powerful Corporation (Instrumental),Ambience Mastery,Cyberpunk Vibes (Electronic Instrumentals),2021-08-27,3fo8CmMyOcPGXfiR57d2ud,https://open.spotify.com/track/3fo8CmMyOcPGXfiR57d2ud,ethereal dystopian futuristic
Compliance,Officio Audiorum,Ambiences of the Far Future: Season IV,2019-11-09,0YaSBMDanlxXIURWVR3enn,https://open.spotify.com/track/0YaSBMDanlxXIURWVR3enn,ethereal dystopian futuristic
Walking the Line (Eisenhorn Suite),Officio Audiorum,Walking the Line (Eisenhorn Suite),2019-11-10,5jVpN5c16ZPzgxoUV7jeEE,https://open.spotify.com/track/5jVpN5c16ZPzgxoUV7jeEE,ethereal dystopian futuristic
Stolen Futures,36,Music For Isolation (Suite),2021-03-17,1D4RY0rjQth9xLYlSVrCRm,https://open.spotify.com/track/1D4RY0rjQth9xLYlSVrCRm,ethereal dystopian futuristic
Lunar by Birth,Dynamedion,Anno 2205 (Original Game Soundtrack),2015-11-03,73RgnlzEBewsl7r8PLalvx,https://open.spotify.com/track/73RgnlzEBewsl7r8PLalvx,ethereal dystopian futuristic
Cloud,Sabled Sun,2149,2021-01-12,7nbDDCen00XWsBTCi2EJtL,https://open.spotify.com/track/7nbDDCen00XWsBTCi2EJtL,ethereal dystopian futuristic
Gone,protoU,Echoes of the Future,2018-09-18,6sAj0lOsqgdECbRg4UHZbw,https://open.spotify.com/track/6sAj0lOsqgdECbRg4UHZbw,ethereal dystopian futuristic
Music of Futuristic Halls,Zerofuturism,Fall Ambient Collection,2022-11-01,6wqGtEssC5E5WQBXvptTfI,https://open.spotify.com/track/6wqGtEssC5E5WQBXvptTfI,ethereal dystopian futuristic
Dystopia,CX9,Dystopia,2022-03-10,6Vt3NrW7CVEdJZF6ido7Lm,https://open.spotify.com/track/6Vt3NrW7CVEdJZF6ido7Lm,ethereal dystopian futuristic
Ambient,Drøme,Drøme,2022-04-08,0AcUrDzL8fb74CmLN8O9N1,https://open.spotify.com/track/0AcUrDzL8fb74CmLN8O9N1,ethereal dystopian futuristic
Futuristic - Instrumental,Phil Beats,Futuristic (Instrumental),2023-07-26,5O28Aoz1FVufh7SYP0QZjH,https://open.spotify.com/track/5O28Aoz1FVufh7SYP0QZjH,ethereal dystopian futuristic
Dystopia,Paul Whitehead,Neon Wave 2,2021-04-09,1WzUoJAJXFLzG4R4ROKQZv,https://open.spotify.com/track/1WzUoJAJXFLzG4R4ROKQZv,ethereal dystopian futuristic
Dystopia,Acid Arcade,Shadowtopia,2021-04-12,7AjhMwJDFqcDqwXBXE7pfc,https://open.spotify.com/track/7AjhMwJDFqcDqwXBXE7pfc,ethereal dystopian futuristic
Apparitions,Evolving Sound,Dystopia,2018-10-31,2YT0a0u9rWMrASKTjrtjCC,https://open.spotify.com/track/2YT0a0u9rWMrASKTjrtjCC,ethereal dystopian futuristic
Dystopian,Mauna Kea,Scales,2012-01-01,2PRbjYjnLG96pCvFTJGoo9,https://open.spotify.com/track/2PRbjYjnLG96pCvFTJGoo9,ethereal dystopian futuristic
They Are Close,Ritual Echoes,Last Survivor: Apocalyptic Ambience,2019-10-04,6gD22owcbB20XejAsfIRGR,https://open.spotify.com/track/6gD22owcbB20XejAsfIRGR,ethereal dystopian futuristic
Insurrectionist Planet,Thunderstep Music,Dystopia,2016-10-10,4ZkpGQd3UTt3bTLQFJmJlz,https://open.spotify.com/track/4ZkpGQd3UTt3bTLQFJmJlz,ethereal dystopian futuristic
Approaching Danger,Background Music Attention,"Gothic, Atmospheric, Dark Ambient",2020-01-13,1D98KKJ0fri0YgpruDK3C9,https://open.spotify.com/track/1D98KKJ0fri0YgpruDK3C9,ethereal dystopian futuristic
Dystopian Dirge,Erebos,Shadow,2023-09-03,2NjgphihPytEutoKALxK8j,https://open.spotify.com/track/2NjgphihPytEutoKALxK8j,ethereal dystopian futuristic
Bitter End,Evolving Sound,Dystopia,2018-10-31,5sPMSZenlpPi51vdsGQIxo,https://open.spotify.com/track/5sPMSZenlpPi51vdsGQIxo,ethereal dystopian futuristic
A Balcony With a View (Instrumental),Ambience Mastery,Cyberpunk Vibes (Electronic Instrumentals),2021-08-27,3UI8YX4frX7zNzYuDBMvDV,https://open.spotify.com/track/3UI8YX4frX7zNzYuDBMvDV,ethereal dystopian futuristic
Fenrisian Tribes,Officio Audiorum,Ambiences of the Far Future: Season III,2019-06-26,04cI2F6Znx5qbsgou3fmGj,https://open.spotify.com/track/04cI2F6Znx5qbsgou3fmGj,ethereal dystopian futuristic
STC for Blood,Officio Audiorum,Ambiences of the Far Future: Season IV,2019-11-09,3PsG0AvsBTaTwDYXX2TYnL,https://open.spotify.com/track/3PsG0AvsBTaTwDYXX2TYnL,ethereal dystopian futuristic
Everdrown,Survival Spheres,Selection 1 (Save Room Ambience),2020-10-24,5JIaNS3lsZGdVgdHD84mI1,https://open.spotify.com/track/5JIaNS3lsZGdVgdHD84mI1,ethereal dystopian futuristic
Dystopia,De/Vision,Citybeats,2018-06-22,08zubAclcXuleEJRm9WPMI,https://open.spotify.com/track/08zubAclcXuleEJRm9WPMI,ethereal dystopian futuristic
A Story about the Apocalypse,Darkest Dreams,A Story about the Apocalypse,2023-03-14,7evCyIAakNpafOOvm3CW3c,https://open.spotify.com/track/7evCyIAakNpafOOvm3CW3c,ethereal dystopian futuristic
Wisp,Survival Spheres,Selection 5 (Save Room Ambience),2022-07-07,2pl0k0atLe3atWxXdcZFLU,https://open.spotify.com/track/2pl0k0atLe3atWxXdcZFLU,ethereal dystopian futuristic
Electronic Dark Ambient,Eduard Perelyhin,Electronic Dark Ambient,2021-08-30,7h6KZqfNVzJgCXCZlswXhE,https://open.spotify.com/track/7h6KZqfNVzJgCXCZlswXhE,ethereal dystopian futuristic
Futuristic Skyline,Infinity Realm,Cyberscapes 1-10 (Cyberpunk Ambient),2022-10-10,6T1eiYgWIAcGl4rM93FXig,https://open.spotify.com/track/6T1eiYgWIAcGl4rM93FXig,ethereal dystopian futuristic
Dystopia,InspirAspir,Dystopia,2019-03-03,3Ct6bfPG5BVp35kVj8upLT,https://open.spotify.com/track/3Ct6bfPG5BVp35kVj8upLT,ethereal dystopian futuristic
Dystopia,Manuel's Soundscapes,Dystopia,2022-12-13,7BOFS9RhGs9LuCCVS8xGT7,https://open.spotify.com/track/7BOFS9RhGs9LuCCVS8xGT7,ethereal dystopian futuristic
Dystopia,Old Seas Young Mountains,Dystopia,2022-09-01,5rNzdtEZHhDQC210Gwic2W,https://open.spotify.com/track/5rNzdtEZHhDQC210Gwic2W,ethereal dystopian futuristic
Dystopia,KYB,Dystopia,2019-05-10,2HDcJ4nRhzfn8mrM0ufF8i,https://open.spotify.com/track/2HDcJ4nRhzfn8mrM0ufF8i,ethereal dystopian futuristic
Into the Abyss,Dystopian Voyager,Into the Abyss,2024-10-11,4vXSUIPxRw8VeDBodXeRzT,https://open.spotify.com/track/4vXSUIPxRw8VeDBodXeRzT,ethereal dystopian futuristic
Planetary Splendor,Thunderstep Music,Utopia,2016-08-10,3TX8v4Xc5QdAgfStFraIIr,https://open.spotify.com/track/3TX8v4Xc5QdAgfStFraIIr,ethereal dystopian futuristic
Environmental Disaster Zone,Daniel Birch,"Music for TV, Film & Games, Vol. 3",2018-07-10,3JX2Xz7ojpW412QWAue3v5,https://open.spotify.com/track/3JX2Xz7ojpW412QWAue3v5,ethereal dystopian futuristic
Dystopian Echoes,Orchestra Epica,Dark Cello Symphony,2023-10-31,393dCxjJHkuBjkm0FhHLgt,https://open.spotify.com/track/393dCxjJHkuBjkm0FhHLgt,ethereal dystopian futuristic
"Ambience, Fantasy - Dramatic Shimmering Synth Ambience Fantasy Ambiences",Sound Effects Library,Magical: Sound Effects,2012-05-15,1uUKw1KYoZN2e4z4owZ4Eo,https://open.spotify.com/track/1uUKw1KYoZN2e4z4owZ4Eo,ethereal dystopian futuristic
Transmissions,protoU,Echoes of the Future,2018-09-18,6bjkNhZhbqr6OYid00icHo,https://open.spotify.com/track/6bjkNhZhbqr6OYid00icHo,ethereal dystopian futuristic
Dark Matter,Ambient Realms,"Massive Ambient SciFi Music, Vol. Two",2018-02-05,40iCJWZDd4S5tpCOXTLWXP,https://open.spotify.com/track/40iCJWZDd4S5tpCOXTLWXP,ethereal dystopian futuristic
Ominous Arrival,Inspired,Dystopian Documentary,2021-02-02,7IqgvSax2Sn9H8frDUXbr2,https://open.spotify.com/track/7IqgvSax2Sn9H8frDUXbr2,ethereal dystopian futuristic
Echoes of Disasters,Dystopian Society,Cages,2015-07-28,1J7eRHm6oydTypBUu0pIdu,https://open.spotify.com/track/1J7eRHm6oydTypBUu0pIdu,ethereal dystopian futuristic
Against the System,Thunderstep Music,Dystopia,2016-10-10,2VIsoLw7Z2DLIckSSD2Q1V,https://open.spotify.com/track/2VIsoLw7Z2DLIckSSD2Q1V,ethereal dystopian futuristic
Dystopian System,Speed Machine,Dystopian System,2019-10-30,07tZC9urYeUOIxoPFf5RvK,https://open.spotify.com/track/07tZC9urYeUOIxoPFf5RvK,ethereal dystopian futuristic
Drawings of Nebula,protoU,Echoes of the Future,2018-09-18,2a0q3OaO2SrDzABKqO4hbp,https://open.spotify.com/track/2a0q3OaO2SrDzABKqO4hbp,ethereal dystopian futuristic
Scary Atmosphere,Background Music Attention,"Gothic, Atmospheric, Dark Ambient",2020-01-13,3jQZGOMBLkTYY7beFwubax,https://open.spotify.com/track/3jQZGOMBLkTYY7beFwubax,ethereal dystopian futuristic
Blackout,Eternal Dystopia,Aliens,2023-07-21,3NJQa7Kc3QJOW4WvIQ9ck0,https://open.spotify.com/track/3NJQa7Kc3QJOW4WvIQ9ck0,ethereal dystopian futuristic
Dystopia,Corciolli,No Time But Eternity,2021-11-12,5CI3qgDZbVl2vrCOW1jTlA,https://open.spotify.com/track/5CI3qgDZbVl2vrCOW1jTlA,ethereal dystopian futuristic
Bright Synth Science Fiction Space Ambience,Sound Ideas,Space Sound Effects,2014-02-15,2rZh5CRLWoYBZL4Sbf5HVK,https://open.spotify.com/track/2rZh5CRLWoYBZL4Sbf5HVK,ethereal dystopian futuristic
Relaxing Ambient Synth Music,Amelia System,Relaxing 80s Synth - Cyberpunk Vibes Night City,2020-10-09,4p3TtSd69WXk368l98o2cm,https://open.spotify.com/track/4p3TtSd69WXk368l98o2cm,ethereal dystopian futuristic
Etherial Moonrise,Ambience Fantasy,Ambient Fantasy Soundscapes - Cosmic Music for Lucid Dreaming and Shifting,2024-01-10,4uuTWG9LD2rTMJcS61s83S,https://open.spotify.com/track/4uuTWG9LD2rTMJcS61s83S,ethereal dystopian futuristic
"End Times (From ""Outer Wilds"")",Sheet Music Boss,"Dramatic Game Music on Piano, Vol. 2",2022-09-16,1SAQJtylPViOMe2FsdoxWi,https://open.spotify.com/track/1SAQJtylPViOMe2FsdoxWi,ethereal dystopian futuristic
Fugitive Mind,Dystopian Future Movies,Time,2017-06-02,19OtoQZFkLoea9J5mykk2r,https://open.spotify.com/track/19OtoQZFkLoea9J5mykk2r,ethereal dystopian futuristic
Cyber Revolution,Future World Music,Endgame,2020-11-23,6z1CR1qD3oF8OyQAsli1Mf,https://open.spotify.com/track/6z1CR1qD3oF8OyQAsli1Mf,ethereal dystopian futuristic
Storm - Instrumental,Raizer,We Are The Future (Deluxe Edition),2017-01-20,26VJrXvKZIMEIzlAVwXXV7,https://open.spotify.com/track/26VJrXvKZIMEIzlAVwXXV7,ethereal dystopian futuristic
Mysterious Cinematic Sci-Fi,cleanmindsounds,Mysterious Cinematic Sci-Fi,2023-01-30,1fptoZ0Zm2GCYzSGezkD9B,https://open.spotify.com/track/1fptoZ0Zm2GCYzSGezkD9B,ethereal dystopian futuristic
The Last Refuge,Eternal Dystopia,The Last Refuge,2023-12-09,1PHmOiZdYc4ZRjKG9vHshm,https://open.spotify.com/track/1PHmOiZdYc4ZRjKG9vHshm,ethereal dystopian futuristic
Time to Escape,Ambient Realms,"Massive Ambient SciFi Music, Vol. 1",2016-11-03,0LGPgkWku0eRr5LXCsxTPU,https://open.spotify.com/track/0LGPgkWku0eRr5LXCsxTPU,ethereal dystopian futuristic
Unwelcome Guests,Officio Audiorum,Ambiences of the Far Future: Season I,2019-06-17,7m67LNXmNnf8tECcNs7vA6,https://open.spotify.com/track/7m67LNXmNnf8tECcNs7vA6,ethereal dystopian futuristic
Dystopia,Chaotrope,The Thief in the Night,2011-06-05,6GxleyOkxQ2tR5PgmHa8Da,https://open.spotify.com/track/6GxleyOkxQ2tR5PgmHa8Da,ethereal dystopian futuristic
Further Into The Void,ASC,Fervent Dream,2022-02-04,653m86doq0M7JBqMVnN33H,https://open.spotify.com/track/653m86doq0M7JBqMVnN33H,ethereal dystopian futuristic
Ambience,Synæsthesia,The Collection,2001,4CwH25mYiw5DvoNlrqjZu2,https://open.spotify.com/track/4CwH25mYiw5DvoNlrqjZu2,ethereal dystopian futuristic
Ambience,Synæsthesia,The Collection,2001,7qKcJFBy3RxbWXIYNJI9sp,https://open.spotify.com/track/7qKcJFBy3RxbWXIYNJI9sp,ethereal dystopian futuristic
Abandoned Warehouse,Ambient Realms,"Massive Horror Ambience, Vol. 3",2022-04-23,6M2TPYFxxqhwLAiDCHYBuB,https://open.spotify.com/track/6M2TPYFxxqhwLAiDCHYBuB,ethereal dystopian futuristic
Dystopian Dreams,Twitch Music,"Lo-fi Streambeats, Vol. 15",2024-11-01,7vHPtacJtvHHeMgIrdmI8V,https://open.spotify.com/track/7vHPtacJtvHHeMgIrdmI8V,ethereal dystopian futuristic
Gates,Eternal Dystopia,Ark,2024-06-11,4gerTWxUbiqaOtfo2QV3eO,https://open.spotify.com/track/4gerTWxUbiqaOtfo2QV3eO,ethereal dystopian futuristic
A New Path (feat. Golden Arm Trio),Graham Reynolds,A Scanner Darkly (Original Motion Picture Soundtrack),2006,1FxciPFGTYAQJ4ttsLOuFy,https://open.spotify.com/track/1FxciPFGTYAQJ4ttsLOuFy,ethereal dystopian futuristic
DS004,Dystopian Soundscapes,DS004,2017-06-05,4sA036RpEzTzuAQb3jDzVe,https://open.spotify.com/track/4sA036RpEzTzuAQb3jDzVe,ethereal dystopian futuristic
Dystopian Future War,Angelic Harmony Vibes,Dystopian Future War,2023-12-21,7shnqjrDZJRbp72lUk95MN,https://open.spotify.com/track/7shnqjrDZJRbp72lUk95MN,ethereal dystopian futuristic
Galactic Sphere,Christoffer Isefält,Dystopia,2020-02-15,7y26HphQhDrKQQ9cAZ7pi3,https://open.spotify.com/track/7y26HphQhDrKQQ9cAZ7pi3,ethereal dystopian futuristic
Surviving the Apocalypse,Ambience Mastery,Alone in an Empty World (Background Music),2022-12-11,5tFfeaCmpIiGeUHXIK3CMx,https://open.spotify.com/track/5tFfeaCmpIiGeUHXIK3CMx,ethereal dystopian futuristic
Dystopian Investigative Pulsing Drone,Rafael Krux,Dystopian Investigative Pulsing Drone,2022-10-28,6wiM4Z0MBloTAytCl2m0mC,https://open.spotify.com/track/6wiM4Z0MBloTAytCl2m0mC,ethereal dystopian futuristic
Chronicles of the Crumbling World,Ambience Mastery,Dystopian Streets and Abandoned Dreams,2023-08-08,09TaUXmiNyTn5dwyey1Nx8,https://open.spotify.com/track/09TaUXmiNyTn5dwyey1Nx8,ethereal dystopian futuristic
Future,Wilhelm Lyons,Apocalyptic Vibes Volume 1: Skyscraper of Ghosts,2022-02-04,002KeVhmQguU2T15bzypZ5,https://open.spotify.com/track/002KeVhmQguU2T15bzypZ5,ethereal dystopian futuristic
Dystopia,Sakura Tsuruta,Dystopia,2019-11-08,0MHlYyDhSB1t1EDyhvNpNJ,https://open.spotify.com/track/0MHlYyDhSB1t1EDyhvNpNJ,ethereal dystopian futuristic
Epic Adventure,makesound music,Epic Dramatic Adventure,2022-09-23,0vdr90jBfgc0gCOVQMprHj,https://open.spotify.com/track/0vdr90jBfgc0gCOVQMprHj,ethereal dystopian futuristic
Floodrising,Adam Lastiwka,Floodrising,2017-12-07,3leS0KYFjr5fjyjfau3lrd,https://open.spotify.com/track/3leS0KYFjr5fjyjfau3lrd,ethereal dystopian futuristic
Aeon Dystopia - Instrumental,Jamie Slays,Aeon Dystopia (Instrumental),2021-07-01,3ogtaIjdwoaH2I7k8K381O,https://open.spotify.com/track/3ogtaIjdwoaH2I7k8K381O,ethereal dystopian futuristic
Quiescent Ambience,Survival Spheres,Selection 1 (Save Room Ambience),2020-10-24,1JRj5jEPFBtTdTfnSNZ0S6,https://open.spotify.com/track/1JRj5jEPFBtTdTfnSNZ0S6,ethereal dystopian futuristic
Cyberpunk (2077 AD),Celestial Aeon Project,Dark Future,2020-11-09,1AZ0Fq3USPxKG5frnQj8d7,https://open.spotify.com/track/1AZ0Fq3USPxKG5frnQj8d7,ethereal dystopian futuristic
Dystopia,Progger,Dystopia,2018-03-09,5XcgkbOnmNhkm5hVxyyE31,https://open.spotify.com/track/5XcgkbOnmNhkm5hVxyyE31,ethereal dystopian futuristic
Moments of Peace,Officio Audiorum,Ambiences of the Far Future: Season I,2019-06-17,5qvqfbzDeJHCtqNz71XEe3,https://open.spotify.com/track/5qvqfbzDeJHCtqNz71XEe3,ethereal dystopian futuristic
Specters,mortecius,Lonesome Nights,2020-07-31,6LkNn05HwvXwHJfCYpzhws,https://open.spotify.com/track/6LkNn05HwvXwHJfCYpzhws,ethereal dystopian futuristic
Iskatallith,Arkana,Iskatallith,2020-09-23,3LO3v8kulH6PmIT355ckSI,https://open.spotify.com/track/3LO3v8kulH6PmIT355ckSI,ethereal dystopian futuristic
Beacon of Terra,Officio Audiorum,Ambiences of the Far Future: Season V,2020-03-12,53fYmp3RrI67RTqJHBfymQ,https://open.spotify.com/track/53fYmp3RrI67RTqJHBfymQ,ethereal dystopian futuristic
Not of This World,Zerofuturism,Fall Ambient Collection,2022-11-01,0mHXxYya0FNjuBMKPrnWu5,https://open.spotify.com/track/0mHXxYya0FNjuBMKPrnWu5,ethereal dystopian futuristic
Black Crusade,Officio Audiorum,Ambiences of the Far Future: Season II,2019-06-24,5GhPWoQb2dLkfZTeVkr2Xa,https://open.spotify.com/track/5GhPWoQb2dLkfZTeVkr2Xa,ethereal dystopian futuristic
Dystopian Zone,KLVNE,Dystopian Zone,2021-07-10,5okQzVl0bI0blPP0Fb4T8q,https://open.spotify.com/track/5okQzVl0bI0blPP0Fb4T8q,ethereal dystopian futuristic
Electronic Future Ambient,cleanmindsounds,Electronic Future Ambient,2023-01-30,7HxrG6A48waBmzNPAPVnNU,https://open.spotify.com/track/7HxrG6A48waBmzNPAPVnNU,ethereal dystopian futuristic
Abandoned Souls,Evolving Sound,Dystopia,2018-10-31,41PYANUT9obFyrdtkCdVmX,https://open.spotify.com/track/41PYANUT9obFyrdtkCdVmX,ethereal dystopian futuristic
The Cloud,Ritual Echoes,Last Survivor: Apocalyptic Ambience,2019-10-04,1n0uVoGu21gW9fOubkg2T4,https://open.spotify.com/track/1n0uVoGu21gW9fOubkg2T4,ethereal dystopian futuristic
Synthwave Ambient,Infinity Realm,Cyberscapes 1-10 (Cyberpunk Ambient),2022-10-10,0vvyuitZRqRS8Tl9cPFd3F,https://open.spotify.com/track/0vvyuitZRqRS8Tl9cPFd3F,ethereal dystopian futuristic
Ephemera,Survival Spheres,Selection 2 (Save Room Ambience),2021-03-13,0pQXP3rrXe3QgbC8Z9YLoY,https://open.spotify.com/track/0pQXP3rrXe3QgbC8Z9YLoY,ethereal dystopian futuristic
Meditative Ethereal Ambience,Dan Jones,Ethereal Ambience,2022-08-19,7MyZ6YnfgkGE2yUmYBtjc1,https://open.spotify.com/track/7MyZ6YnfgkGE2yUmYBtjc1,ethereal dystopian futuristic
Music for Reading,Ambience Fantasy,Instrumental Music for Reading Comics,2022-09-01,1BFJCa7Txm7XaBOyW4Uaio,https://open.spotify.com/track/1BFJCa7Txm7XaBOyW4Uaio,ethereal dystopian futuristic
Destroyer - Instrumental,NUTRONIC,Futures (Deluxe Edition),2021-08-04,4Kc4MBWfVUFz0XnsTikQ6p,https://open.spotify.com/track/4Kc4MBWfVUFz0XnsTikQ6p,ethereal dystopian futuristic
"Ambience, Fantasy Dream Atmosphere, Uncertainty, Electronic, Fantasy Ambiences, Sound FX",Sound Effects Library,Magical: Sound Effects,2012-05-15,7pP9T0UDS8si36NjULNvrI,https://open.spotify.com/track/7pP9T0UDS8si36NjULNvrI,ethereal dystopian futuristic
No Way Back,Officio Audiorum,Ambiences of the Far Future: Season III,2019-06-26,1jcMjVpQud1a3FAucdhIqR,https://open.spotify.com/track/1jcMjVpQud1a3FAucdhIqR,ethereal dystopian futuristic
Ants,Dystopia,Rough Art of the Spiritual,2018-02-16,4IIosy5IrGs53s7zPkG6lB,https://open.spotify.com/track/4IIosy5IrGs53s7zPkG6lB,ethereal dystopian futuristic
Dystopian Utopia,Jonathan Mare,Sonic Mindflow,2023-12-04,5CLclCiCZE8ZdqPqyITPZg,https://open.spotify.com/track/5CLclCiCZE8ZdqPqyITPZg,ethereal dystopian futuristic
Futurama,El Jazzy Chavo,Aspects of Dystopia,2020-12-04,460o2weEN3pbfTElBpqbaE,https://open.spotify.com/track/460o2weEN3pbfTElBpqbaE,ethereal dystopian futuristic
Dystopia,Whynnel,Time Traveling Paradox,2018-01-12,73uT9vNeEuNnhpNdKJRAYD,https://open.spotify.com/track/73uT9vNeEuNnhpNdKJRAYD,ethereal dystopian futuristic
Shadows of Space,Ambient Realms,"Massive Ambient SciFi Music, Vol. 1",2016-11-03,1bxBH77Cod6wVxeJ431X8p,https://open.spotify.com/track/1bxBH77Cod6wVxeJ431X8p,ethereal dystopian futuristic
Out Of Time,Survival Spheres,Selection 4 (Save Room Ambience),2022-01-29,4fFBN7j9ozNrSJSNbyJfbS,https://open.spotify.com/track/4fFBN7j9ozNrSJSNbyJfbS,ethereal dystopian futuristic
Immediate Horizon 4,Alessandro Cortini,Immediate Horizon,2018-11-30,3sVoD2TNyGarLfFMKAHSVi,https://open.spotify.com/track/3sVoD2TNyGarLfFMKAHSVi,ethereal dystopian futuristic
Engine Room,Ambient Realms,"Massive Ambient SciFi Music, Vol. 1",2016-11-03,7A9eLsgYcdwIXlw2IeLmfW,https://open.spotify.com/track/7A9eLsgYcdwIXlw2IeLmfW,ethereal dystopian futuristic
Black Ships,Officio Audiorum,Ambiences of the Far Future: Season I,2019-06-17,6IlXVh4KmzKHbslB31VhLn,https://open.spotify.com/track/6IlXVh4KmzKHbslB31VhLn,ethereal dystopian futuristic
Dystopian Future War,Angelic Harmony Vibes,Dystopian Future War,2023-12-21,7shnqjrDZJRbp72lUk95MN,https://open.spotify.com/track/7shnqjrDZJRbp72lUk95MN,ethereal dystopian futuristic
Galactic Sphere,Christoffer Isefält,Dystopia,2020-02-15,7y26HphQhDrKQQ9cAZ7pi3,https://open.spotify.com/track/7y26HphQhDrKQQ9cAZ7pi3,ethereal dystopian futuristic
Dystopian Investigative Pulsing Drone,Rafael Krux,Dystopian Investigative Pulsing Drone,2022-10-28,6wiM4Z0MBloTAytCl2m0mC,https://open.spotify.com/track/6wiM4Z0MBloTAytCl2m0mC,ethereal dystopian futuristic
Pensive Synthesizer,Kyle Preston,Pensive Synthesizer,2018-06-15,5e7N3t0H84ItQxJHIgkU1V,https://open.spotify.com/track/5e7N3t0H84ItQxJHIgkU1V,ethereal dystopian futuristic
The Cloud,Ritual Echoes,Last Survivor: Apocalyptic Ambience,2019-10-04,1n0uVoGu21gW9fOubkg2T4,https://open.spotify.com/track/1n0uVoGu21gW9fOubkg2T4,ethereal dystopian futuristic
Future,Wilhelm Lyons,Apocalyptic Vibes Volume 1: Skyscraper of Ghosts,2022-02-04,002KeVhmQguU2T15bzypZ5,https://open.spotify.com/track/002KeVhmQguU2T15bzypZ5,ethereal dystopian futuristic
Synthwave Ambient,Infinity Realm,Cyberscapes 1-10 (Cyberpunk Ambient),2022-10-10,0vvyuitZRqRS8Tl9cPFd3F,https://open.spotify.com/track/0vvyuitZRqRS8Tl9cPFd3F,ethereal dystopian futuristic
Die Zukunft,Apoptose,Die Zukunft,2018-10-31,5el3nejx7XsnrTyzDW7wcE,https://open.spotify.com/track/5el3nejx7XsnrTyzDW7wcE,ethereal dystopian futuristic
Music for Reading,Ambience Fantasy,Instrumental Music for Reading Comics,2022-09-01,1BFJCa7Txm7XaBOyW4Uaio,https://open.spotify.com/track/1BFJCa7Txm7XaBOyW4Uaio,ethereal dystopian futuristic
Calm Ethereal Ambience,Dan Jones,Ethereal Ambience,2022-08-19,6NQfympHOSub6caidRNWgY,https://open.spotify.com/track/6NQfympHOSub6caidRNWgY,ethereal dystopian futuristic
Destroyer - Instrumental,NUTRONIC,Futures (Deluxe Edition),2021-08-04,4Kc4MBWfVUFz0XnsTikQ6p,https://open.spotify.com/track/4Kc4MBWfVUFz0XnsTikQ6p,ethereal dystopian futuristic
A Gentle Dystopia,36,The Lower Lights,2019-07-01,0Gr27DG35fIcXDoHfusKpo,https://open.spotify.com/track/0Gr27DG35fIcXDoHfusKpo,ethereal dystopian futuristic
Mind Echoes,Zerofuturism,Fall Ambient Collection,2022-11-01,3mWuDm8RtssMcyHrkMpp8J,https://open.spotify.com/track/3mWuDm8RtssMcyHrkMpp8J,ethereal dystopian futuristic
"Ambience, Fantasy Dream Atmosphere, Uncertainty, Electronic, Fantasy Ambiences, Sound FX",Sound Effects Library,Magical: Sound Effects,2012-05-15,7pP9T0UDS8si36NjULNvrI,https://open.spotify.com/track/7pP9T0UDS8si36NjULNvrI,ethereal dystopian futuristic
ᛞᚨ ᚲᚨᛈᛟ,Crystal Cage,II,2019-01-11,63AZJfJL5p69n1ODR1OqIL,https://open.spotify.com/track/63AZJfJL5p69n1ODR1OqIL,ethereal dystopian futuristic
Comics Time,Ambience Fantasy,Instrumental Music for Reading Comics,2022-09-01,75leEc0vQEJyfME79uhkj1,https://open.spotify.com/track/75leEc0vQEJyfME79uhkj1,ethereal dystopian futuristic
Ants,Dystopia,Rough Art of the Spiritual,2018-02-16,4IIosy5IrGs53s7zPkG6lB,https://open.spotify.com/track/4IIosy5IrGs53s7zPkG6lB,ethereal dystopian futuristic
Dystopia,Progger,Dystopia,2018-03-09,5XcgkbOnmNhkm5hVxyyE31,https://open.spotify.com/track/5XcgkbOnmNhkm5hVxyyE31,ethereal dystopian futuristic
Futurama,El Jazzy Chavo,Aspects of Dystopia,2020-12-04,460o2weEN3pbfTElBpqbaE,https://open.spotify.com/track/460o2weEN3pbfTElBpqbaE,ethereal dystopian futuristic
Engine Room,Ambient Realms,"Massive Ambient SciFi Music, Vol. 1",2016-11-03,7A9eLsgYcdwIXlw2IeLmfW,https://open.spotify.com/track/7A9eLsgYcdwIXlw2IeLmfW,ethereal dystopian futuristic
Dystopian Zone,KLVNE,Dystopian Zone,2021-07-10,5okQzVl0bI0blPP0Fb4T8q,https://open.spotify.com/track/5okQzVl0bI0blPP0Fb4T8q,ethereal dystopian futuristic
Electronic Future Ambient,cleanmindsounds,Electronic Future Ambient,2023-01-30,7HxrG6A48waBmzNPAPVnNU,https://open.spotify.com/track/7HxrG6A48waBmzNPAPVnNU,ethereal dystopian futuristic
Ambient Cinematic Atmosphere,cleanmindsounds,Ambient Cinematic Atmosphere,2022-11-30,6ucIacBrD3SiOr2pedEq0L,https://open.spotify.com/track/6ucIacBrD3SiOr2pedEq0L,ethereal dystopian futuristic
Abandoned Souls,Evolving Sound,Dystopia,2018-10-31,41PYANUT9obFyrdtkCdVmX,https://open.spotify.com/track/41PYANUT9obFyrdtkCdVmX,ethereal dystopian futuristic
Ephemera,Survival Spheres,Selection 2 (Save Room Ambience),2021-03-13,0pQXP3rrXe3QgbC8Z9YLoY,https://open.spotify.com/track/0pQXP3rrXe3QgbC8Z9YLoY,ethereal dystopian futuristic
Ambient Haunt,Ambient Realms,"Massive Ambient Music, Vol. 9",2021-07-30,3J89M0wkbMEtYdLTsO0xhD,https://open.spotify.com/track/3J89M0wkbMEtYdLTsO0xhD,ethereal dystopian futuristic
Future Vision,Alex Doan,Cinematic & Atmospheric Music,2018-06-14,6hz5ucJ96EFdVFfyd9TNk2,https://open.spotify.com/track/6hz5ucJ96EFdVFfyd9TNk2,ethereal dystopian futuristic
No Way Back,Officio Audiorum,Ambiences of the Far Future: Season III,2019-06-26,1jcMjVpQud1a3FAucdhIqR,https://open.spotify.com/track/1jcMjVpQud1a3FAucdhIqR,ethereal dystopian futuristic
dystopia,kalon,dystopia,2022-07-04,1llPMp5IX0joUQRkUsPvRx,https://open.spotify.com/track/1llPMp5IX0joUQRkUsPvRx,ethereal dystopian futuristic
Space Battle,Ambient Realms,"Massive Ambient SciFi Music, Vol. 1",2016-11-03,75fGyQNLYICKrFjiAYimhq,https://open.spotify.com/track/75fGyQNLYICKrFjiAYimhq,ethereal dystopian futuristic
Dystopian Utopia,Jonathan Mare,Sonic Mindflow,2023-12-04,5CLclCiCZE8ZdqPqyITPZg,https://open.spotify.com/track/5CLclCiCZE8ZdqPqyITPZg,ethereal dystopian futuristic
Radium,Jared Alexander Johnson,Radium,2022-03-15,5KRz6ypu2J4KclGb7ANtXP,https://open.spotify.com/track/5KRz6ypu2J4KclGb7ANtXP,ethereal dystopian futuristic
The Birdcage,Blake Rules,"Beautiful Instrumentals for a Dystopian Future, Vol. 2",2020-11-13,0QkxgX7c6vba0rqv6K6eKs,https://open.spotify.com/track/0QkxgX7c6vba0rqv6K6eKs,ethereal dystopian futuristic
A Memory of Earth,Markus Junnikkala,Andromeda,2016-10-07,7jRN0faCm07FincbVuP6qM,https://open.spotify.com/track/7jRN0faCm07FincbVuP6qM,ethereal dystopian futuristic
Ambient Sleep,Ambient Space Background,Ambient Sleep - Space Music Meditation,2022-05-31,1HoTehcWw8TwNgrkkDYDHP,https://open.spotify.com/track/1HoTehcWw8TwNgrkkDYDHP,ethereal dystopian futuristic
Dangerous Mists,Background Music Attention,"Gothic, Atmospheric, Dark Ambient",2020-01-13,5wXHe51bKZzPZGeDt9Zooj,https://open.spotify.com/track/5wXHe51bKZzPZGeDt9Zooj,ethereal dystopian futuristic
Wanderer,Ambientcloud,Wanderer,2022-01-28,0WH1X9RjNeOXdksDJFkrh5,https://open.spotify.com/track/0WH1X9RjNeOXdksDJFkrh5,ethereal dystopian futuristic
Dystopia,Whynnel,Time Traveling Paradox,2018-01-12,73uT9vNeEuNnhpNdKJRAYD,https://open.spotify.com/track/73uT9vNeEuNnhpNdKJRAYD,ethereal dystopian futuristic
Shadows of Space,Ambient Realms,"Massive Ambient SciFi Music, Vol. 1",2016-11-03,1bxBH77Cod6wVxeJ431X8p,https://open.spotify.com/track/1bxBH77Cod6wVxeJ431X8p,ethereal dystopian futuristic
Retrolution,Gabriel Saban,Retrolution (Hybrid Retro Synthwave Tracks),2018-10-29,2y83R0CeOZlTajyaBGDaIe,https://open.spotify.com/track/2y83R0CeOZlTajyaBGDaIe,ethereal dystopian futuristic
Ambient Dystopian Theme,Rafael Krux,Ambient Dystopian Theme,2024-02-13,55tOUboM1844Jk67WhBDuq,https://open.spotify.com/track/55tOUboM1844Jk67WhBDuq,ethereal dystopian futuristic
Ambient Space Background,Amelia System,Relaxing 80s Synth - Cyberpunk Vibes Night City,2020-10-09,7phJzRNsmVfxvfY1OEHIhz,https://open.spotify.com/track/7phJzRNsmVfxvfY1OEHIhz,ethereal dystopian futuristic
Digital Dystopia,The The,Volume 6: Midnight to Midnight (Sample),2017-10-20,04NPlSGoO4dakZFu535OcD,https://open.spotify.com/track/04NPlSGoO4dakZFu535OcD,ethereal dystopian futuristic
Ethereal - Instrumental,Sundrowned,Become Ethereal (Instrumental),2021-11-26,5iXfpsNcBdx13IUbI7QssY,https://open.spotify.com/track/5iXfpsNcBdx13IUbI7QssY,ethereal dystopian futuristic
Read a Book,Ambience Fantasy,Instrumental Music for Reading Comics,2022-09-01,6MxEpP9HEsXdjA14zsBzzq,https://open.spotify.com/track/6MxEpP9HEsXdjA14zsBzzq,ethereal dystopian futuristic
Dystopian City,Revolt Production Music,Revolt,2017-06-10,7KNoUiv4ETweqVwHjbIOHi,https://open.spotify.com/track/7KNoUiv4ETweqVwHjbIOHi,ethereal dystopian futuristic
Welcome to the Future,Proem,Before It Finds You,2015-09-08,2Fg52Ru9vj1VQbw0QmJ3os,https://open.spotify.com/track/2Fg52Ru9vj1VQbw0QmJ3os,ethereal dystopian futuristic
Futurism,ONE ARC DEGREE,Under a Trillion Suns,2014-05-05,3DdQQh1edAL8LCh3a9c1zT,https://open.spotify.com/track/3DdQQh1edAL8LCh3a9c1zT,ethereal dystopian futuristic
Chimera,Evolving Sound,Dystopia,2018-10-31,5ASg1niI6lWZniyJaRpH1H,https://open.spotify.com/track/5ASg1niI6lWZniyJaRpH1H,ethereal dystopian futuristic
Neon Dystopia,Auralnauts,Neon Dystopia,2018-05-01,4HmS7YjBbj35VDOj776vUM,https://open.spotify.com/track/4HmS7YjBbj35VDOj776vUM,ethereal dystopian futuristic
Flowing Dreamscape,Ambientalism,Blissful Serenades,2021-07-07,3mNC8sICPOthtjWZ13uxzE,https://open.spotify.com/track/3mNC8sICPOthtjWZ13uxzE,ethereal dystopian futuristic
A New Era,Omen Form,Dystopian Memories,2020-03-13,0BDoeYnoQXOGJeXxzLvutb,https://open.spotify.com/track/0BDoeYnoQXOGJeXxzLvutb,ethereal dystopian futuristic
Dystopia Dystopia,Alt-Life Music,Dystopia,2022-03-19,16HKLMyPTKEvQ99XVIeBM4,https://open.spotify.com/track/16HKLMyPTKEvQ99XVIeBM4,ethereal dystopian futuristic
Future Tension,Soundcritters,Cybernetic Dreams,2018-03-08,664hDY3WhPKLkyGbDFLgbP,https://open.spotify.com/track/664hDY3WhPKLkyGbDFLgbP,ethereal dystopian futuristic
80s Futuristic Retro Pop,Audiosphere,80s Synthwave,2020-04-28,0194aq14ZuLEzOI9ex9wVD,https://open.spotify.com/track/0194aq14ZuLEzOI9ex9wVD,ethereal dystopian futuristic
Interamnia,Gramatik,Deserts Of Synthopia,2022-06-17,43QzI3ymK8Am84ZLbSTftB,https://open.spotify.com/track/43QzI3ymK8Am84ZLbSTftB,ethereal dystopian futuristic
Epic Darkness,Ambient Realms,"Massive Horror Ambience Music, Vol. 2",2020-10-13,2QbEuOzOpNNQr1eVCekhOk,https://open.spotify.com/track/2QbEuOzOpNNQr1eVCekhOk,ethereal dystopian futuristic
Others,Eternal Dystopia,Ark,2024-06-11,6HXnnf4a1oGZffJOGD5dLG,https://open.spotify.com/track/6HXnnf4a1oGZffJOGD5dLG,ethereal dystopian futuristic
Survival,Retro Family,Shelter,2014-02-26,1sHqd3Af49ObPITSMtBEfW,https://open.spotify.com/track/1sHqd3Af49ObPITSMtBEfW,ethereal dystopian futuristic
Darkness,Retro Ambient Masters,Cyberpunk Collection 2019 - Hypnotic Compositional Ambient Music,2019-05-01,70nHKopuecbRNoUlIGa9Df,https://open.spotify.com/track/70nHKopuecbRNoUlIGa9Df,ethereal dystopian futuristic
Ethereal Skies Cyberpunk Ambient,Infinity Realm,Cyberscapes 1-10 (Cyberpunk Ambient),2022-10-10,7dcsYcfEF5A5z79N4YN0PR,https://open.spotify.com/track/7dcsYcfEF5A5z79N4YN0PR,ethereal dystopian futuristic
Cyberpunk Ambience (Futuristic Floating Building),Winter Whale,Cyberpunk Ambience (Futuristic Floating Building),2024-11-24,38ERiJSuAVIDcubRcTN0O3,https://open.spotify.com/track/38ERiJSuAVIDcubRcTN0O3,ethereal dystopian futuristic
Ambient Glider,Dreamweaver,Electronic Chillout I,2019-07-12,2bqjchsVb6ztN6H8DKVM44,https://open.spotify.com/track/2bqjchsVb6ztN6H8DKVM44,ethereal dystopian futuristic
Lost in a Daydream,Ambient Realms,"Massive Horror Ambience, Vol. 1",2018-10-11,0sLPoFbPt7WXRBvAHQlajV,https://open.spotify.com/track/0sLPoFbPt7WXRBvAHQlajV,ethereal dystopian futuristic
Zodiac,Survival Spheres,Selection 3 (Save Room Ambience),2021-06-23,3EYipnofNXfkk8XVAg1ijd,https://open.spotify.com/track/3EYipnofNXfkk8XVAg1ijd,ethereal dystopian futuristic
Dystopian,Revolt Production Music,Drumania 3,2018-11-15,4CpUNGP5OuRnJvPI67EsHq,https://open.spotify.com/track/4CpUNGP5OuRnJvPI67EsHq,ethereal dystopian futuristic
Dark Palace,Ambient Realms,"Massive Ambient SciFi Music, Vol. 1",2016-11-03,11Z8zYNx3dFyhCzE1gQHWh,https://open.spotify.com/track/11Z8zYNx3dFyhCzE1gQHWh,ethereal dystopian futuristic
Dark Emotional Soundscape,Allen Grey,Soundscape Collection,2020-12-09,3OLVpNUec4g85oYL0hQugo,https://open.spotify.com/track/3OLVpNUec4g85oYL0hQugo,ethereal dystopian futuristic
Surveillance,Tim Beek,Dystopian,2019-11-12,2If0n9DpFVzD1sUMCWtI3F,https://open.spotify.com/track/2If0n9DpFVzD1sUMCWtI3F,ethereal dystopian futuristic
Daydream,Survival Spheres,Selection 2 (Save Room Ambience),2021-03-13,3W0eJXHi0g6YySODfKUua6,https://open.spotify.com/track/3W0eJXHi0g6YySODfKUua6,ethereal dystopian futuristic
Flow,Pete Malkin,Flow,2020-04-15,7LoxnUu40VaVAdIGiuXlzC,https://open.spotify.com/track/7LoxnUu40VaVAdIGiuXlzC,ethereal dystopian futuristic
"Ambience, Fantasy - Eerie Synth Drone, Horror Fantasy Ambiences",Sound Effects Library,Magical: Sound Effects,2012-05-15,79qE5kWoGxp0VRgMvknBD2,https://open.spotify.com/track/79qE5kWoGxp0VRgMvknBD2,ethereal dystopian futuristic
Spaceship Outpost: Main Computer Room Ambience,Sound Ideas,Futuristic Spaceships Sound Effects,2020-11-20,6xP7dEGPXdMo7T1I21BvAp,https://open.spotify.com/track/6xP7dEGPXdMo7T1I21BvAp,ethereal dystopian futuristic
Spaceship Lounge Ambience,Ambience Lab,Environmental Soundscapes: Chapter 1,2019-12-16,5W0rpY4siWtzmp0GXFHISa,https://open.spotify.com/track/5W0rpY4siWtzmp0GXFHISa,ethereal dystopian futuristic
Lost Forest,Ambient Realms,"Massive Horror Ambience, Vol. 1",2018-10-11,6CbGJGpmvaxZ1VidVMCiqp,https://open.spotify.com/track/6CbGJGpmvaxZ1VidVMCiqp,ethereal dystopian futuristic
ᚼ,Crystal Cage,II,2019-01-11,7iuBdRjsovr1kTWJOxFDbS,https://open.spotify.com/track/7iuBdRjsovr1kTWJOxFDbS,ethereal dystopian futuristic
"Ambience, Fantasy Dream Atmosphere, Nightmare, Electronic, Fantasy Ambiences",Sound Effects Library,Magical: Sound Effects,2012-05-15,7HVKk92BN64Cx5SUgNaJRW,https://open.spotify.com/track/7HVKk92BN64Cx5SUgNaJRW,ethereal dystopian futuristic
Futures - Instrumental,NUTRONIC,Futures (Deluxe Edition),2021-08-04,0fidlWPLXjjRmt1hjHT7kL,https://open.spotify.com/track/0fidlWPLXjjRmt1hjHT7kL,ethereal dystopian futuristic
Requiem,Christoffer Isefält,Dystopia,2020-02-15,1n3IOpfeFTm45xi8suh1Fv,https://open.spotify.com/track/1n3IOpfeFTm45xi8suh1Fv,ethereal dystopian futuristic
Bogart,Blake Rules,"Beautiful Instrumentals for a Dystopian Future, Vol. 2",2020-11-13,3fIyYcAGjHK4xSxF7T8cJq,https://open.spotify.com/track/3fIyYcAGjHK4xSxF7T8cJq,ethereal dystopian futuristic
Amulet,Christoffer Isefält,Dystopia,2020-02-15,0qNSHpgEEaClx0AaFs8NzS,https://open.spotify.com/track/0qNSHpgEEaClx0AaFs8NzS,ethereal dystopian futuristic
Digital Dystopia,The The,Volume 6: Midnight to Midnight,2017-10-20,0Feagl9CTkiXIsHWQhz6He,https://open.spotify.com/track/0Feagl9CTkiXIsHWQhz6He,ethereal dystopian futuristic
Dystopian Ambience,Wastra,Beyond the Dreamscape,2025-01-12,35pBIerSMBfUJR2nJcokFl,https://open.spotify.com/track/35pBIerSMBfUJR2nJcokFl,ethereal dystopian futuristic
Dystopian Dream,Deskant,Crossing Over,2015-09-25,7J2XQlKewv7YkJlNHMWL9l,https://open.spotify.com/track/7J2XQlKewv7YkJlNHMWL9l,ethereal dystopian futuristic
Distant Sun,Gothic Storm,Cosmos: Cinematic Space Voyage,2018-08-10,2KPNATDUAyCgKo7eTBbbqn,https://open.spotify.com/track/2KPNATDUAyCgKo7eTBbbqn,ethereal dystopian futuristic
Rainy Day (Reading Music),Ambience Fantasy,Instrumental Music for Reading Comics,2022-09-01,0kmvW5pmRjgSpPM5jP4S37,https://open.spotify.com/track/0kmvW5pmRjgSpPM5jP4S37,ethereal dystopian futuristic
Ambient Dreams,The Deep Sleep Scientists,Dreamtime,2020-10-22,18GilYoGfF9LUeDruW1f83,https://open.spotify.com/track/18GilYoGfF9LUeDruW1f83,ethereal dystopian futuristic
Spaceship Internal in Flight Ambience with Low Constant Hum,Sound Ideas,Futuristic Spaceships Sound Effects,2020-11-20,7y9mR3LXYu1RwXZytgr3qe,https://open.spotify.com/track/7y9mR3LXYu1RwXZytgr3qe,ethereal dystopian futuristic
Dystopia,Gridluster,Gridluster,2022-05-09,28bIqPatxfDS25SdLXTuh1,https://open.spotify.com/track/28bIqPatxfDS25SdLXTuh1,ethereal dystopian futuristic
Global Invasion,Future World Music,Endgame,2020-11-23,6UuP95ZJSbxvcPKjqng63o,https://open.spotify.com/track/6UuP95ZJSbxvcPKjqng63o,ethereal dystopian futuristic
Artificial Worlds,Thunderstep Music,Utopia,2016-08-10,1MjZ5RHr8KHR2winHjRQtp,https://open.spotify.com/track/1MjZ5RHr8KHR2winHjRQtp,ethereal dystopian futuristic
Into The Struggle,Survival Spheres,Selection 4 (Save Room Ambience),2022-01-29,6eNW9hKgwj6DLcNujncAc5,https://open.spotify.com/track/6eNW9hKgwj6DLcNujncAc5,ethereal dystopian futuristic
1 Ships VII,Martin D Fowler,Ships I–XIV,2016-05-20,5jofPG2IQ0NgWdCPkXBtJR,https://open.spotify.com/track/5jofPG2IQ0NgWdCPkXBtJR,ethereal dystopian futuristic
Exoplanet,Gothic Storm,Epic Sci-fi,2018-07-12,4INhTThFHvo5vRqxNAZjeI,https://open.spotify.com/track/4INhTThFHvo5vRqxNAZjeI,ethereal dystopian futuristic
Countenance,Dystopian Future Movies,Inviolate,2020-03-02,4es9JCJ5VWFDhgHEMBgBK7,https://open.spotify.com/track/4es9JCJ5VWFDhgHEMBgBK7,ethereal dystopian futuristic
Futurnet,Gothic Storm,Synthwave Outrun,2017-08-11,2OsP2ySDb9yLSpe45lZbOG,https://open.spotify.com/track/2OsP2ySDb9yLSpe45lZbOG,ethereal dystopian futuristic
"Ambience, Fantasy - Synth Drone in C Major, Music Fantasy Ambiences",Sound Effects Library,Magical: Sound Effects,2012-05-15,4bmZIST0ko8rr1VXgjJdKe,https://open.spotify.com/track/4bmZIST0ko8rr1VXgjJdKe,ethereal dystopian futuristic
Aegis,Gothic Storm,Epic Sci-fi,2018-07-12,6xreY3isU1GDrxyjgBE9dW,https://open.spotify.com/track/6xreY3isU1GDrxyjgBE9dW,ethereal dystopian futuristic
Doomsday Apocalypse,Syndrone,Neogenesis,2022-03-09,0Tpxgf4taJPzC1i7z1LY7U,https://open.spotify.com/track/0Tpxgf4taJPzC1i7z1LY7U,ethereal dystopian futuristic
Deserted Playground,Scarless Arms,whispering winds,2019-04-05,4Xb2iO7GyWVQ4QdXARNmOD,https://open.spotify.com/track/4Xb2iO7GyWVQ4QdXARNmOD,ethereal dystopian futuristic
Dystopian,Avslappning Sound,Euphoric Meditation Music,2019-05-27,4XrGWLnUKPxWt97dsma8kl,https://open.spotify.com/track/4XrGWLnUKPxWt97dsma8kl,ethereal dystopian futuristic
DS009,Dystopian Soundscapes,DS009,2017-06-26,76novZdoOReuwUg4KJvbKb,https://open.spotify.com/track/76novZdoOReuwUg4KJvbKb,ethereal dystopian futuristic
voyage,tamanaramen,future,2020-10-20,3H3GKo3Tb7ZV6UZ4kq88Ai,https://open.spotify.com/track/3H3GKo3Tb7ZV6UZ4kq88Ai,ethereal dystopian futuristic
Dystopian Dream,SynthPrincipal,Lost World,2021-12-21,6AGteuY6GbEc5BtAPGtAzw,https://open.spotify.com/track/6AGteuY6GbEc5BtAPGtAzw,ethereal dystopian futuristic
Virus Sprint,Philip Sheppard,Dystopia,2019-01-25,3Xd29xuWmlq2l9MRD8ATkh,https://open.spotify.com/track/3Xd29xuWmlq2l9MRD8ATkh,ethereal dystopian futuristic
(untitled ambience 1) 2008,zYnthetic,ERA,2014-07-26,11CuZYClfcSw8okPHHftnc,https://open.spotify.com/track/11CuZYClfcSw8okPHHftnc,ethereal dystopian futuristic
dreamscape,Walterwarm,Dystopian Dream,2024-04-30,1eZBSvJzxeGgwxqNOUSwDg,https://open.spotify.com/track/1eZBSvJzxeGgwxqNOUSwDg,ethereal dystopian futuristic
"Theme from ""Blade Runner""",Sonic Spheres Orchestra,Dystopian Film Music - Soundtrack to a Dark Future,2017-11-17,1cRnYDeHJ5yqIOONqJctzG,https://open.spotify.com/track/1cRnYDeHJ5yqIOONqJctzG,ethereal dystopian futuristic
Dystopia,Erik Ekholm,Thunder,2018-07-22,1K5aos0u9oP6sJ21n6Szf2,https://open.spotify.com/track/1K5aos0u9oP6sJ21n6Szf2,ethereal dystopian futuristic
Ethereal,Eon,Rise,2019-06-25,6AI6Fhxtv6QtvnvZChgUiI,https://open.spotify.com/track/6AI6Fhxtv6QtvnvZChgUiI,ethereal dystopian futuristic
The Untold Stories,Survival Spheres,Selection 2 (Save Room Ambience),2021-03-13,3V066uxYCShmv7jWM0MP7m,https://open.spotify.com/track/3V066uxYCShmv7jWM0MP7m,ethereal dystopian futuristic
Dystopia Now,ethanol96,Dystopia Now,2019-07-26,6XVCVEDgztBkeQi5kWgHLn,https://open.spotify.com/track/6XVCVEDgztBkeQi5kWgHLn,ethereal dystopian futuristic
Sinister Future Cinematic,cleanmindsounds,Sinister Future Cinematic,2022-08-30,348s1jSBUxwAsdec8oHoPc,https://open.spotify.com/track/348s1jSBUxwAsdec8oHoPc,ethereal dystopian futuristic
Sci-Fi Suspense Cinematic,cleanmindsounds,Sci-Fi Suspense Cinematic,2022-11-30,2JG7EJULQbuowK6XzOPFKd,https://open.spotify.com/track/2JG7EJULQbuowK6XzOPFKd,ethereal dystopian futuristic
Sci Fi Ambience,Sound of Space,Sci Fi Ambience,2019-09-20,3YkGmhQ3yYZefFkEudqsFl,https://open.spotify.com/track/3YkGmhQ3yYZefFkEudqsFl,ethereal dystopian futuristic
Apocalyptic City,Mystical Soundscapes,Apocalyptic City,2024-01-28,10v6Y6smHBto1gh43MfjJO,https://open.spotify.com/track/10v6Y6smHBto1gh43MfjJO,ethereal dystopian futuristic
Distopia,Scattle,Entity,2019-04-12,5lFHZXYAA0m8yUemLkhL1s,https://open.spotify.com/track/5lFHZXYAA0m8yUemLkhL1s,ethereal dystopian futuristic
Sci-Fi Background,cleanmindsounds,Sci-Fi Background,2022-09-30,0C1a3RS5to2BWJcf51n1fM,https://open.spotify.com/track/0C1a3RS5to2BWJcf51n1fM,ethereal dystopian futuristic
Dystopia - Instrumental Version,Nickyangel,fogplugg,2024-04-01,0RbUynaA4USvFIifgnumcn,https://open.spotify.com/track/0RbUynaA4USvFIifgnumcn,ethereal dystopian futuristic
Overcome,Thys,Music from Sleeping Beauty Dreams,2019-10-11,7M8SfEGVAMStqIon1KLkKl,https://open.spotify.com/track/7M8SfEGVAMStqIon1KLkKl,ethereal dystopian futuristic
Dystopia,In2Elements,Dystopia,2022-07-29,5FIsPj2suzyP33hP6O5T4I,https://open.spotify.com/track/5FIsPj2suzyP33hP6O5T4I,ethereal dystopian futuristic
Dystopia,Remstage Music,Dystopia,2021-06-15,2QflaMPAvPzZIYsYN4BXaD,https://open.spotify.com/track/2QflaMPAvPzZIYsYN4BXaD,ethereal dystopian futuristic
Sci-Fi Horror Ambient,Eduard Perelyhin,Sci-Fi Horror Ambient,2022-03-03,4x0LSO3oMnofpkpYw5d2ZP,https://open.spotify.com/track/4x0LSO3oMnofpkpYw5d2ZP,ethereal dystopian futuristic
Futile Survival,Archean Nights,Metropolis,2020-04-09,1mMmpBvAbQGtsytkK7svBD,https://open.spotify.com/track/1mMmpBvAbQGtsytkK7svBD,ethereal dystopian futuristic
Space Station,Gothic Storm,Dangerous Times - Modern Action,2021-03-29,30nyf14BTrQ7UC1l3S0QZ5,https://open.spotify.com/track/30nyf14BTrQ7UC1l3S0QZ5,ethereal dystopian futuristic
Ambient Ethnic Cinematic,cleanmindsounds,Ambient Ethnic Cinematic,2022-11-30,2kQygUJZmhZUgMzKnfmeXF,https://open.spotify.com/track/2kQygUJZmhZUgMzKnfmeXF,ethereal dystopian futuristic
Peripheral,Zerofuturism,Fall Ambient Collection,2022-11-01,0PwP2HO2xKHs2RtxBM6KkJ,https://open.spotify.com/track/0PwP2HO2xKHs2RtxBM6KkJ,ethereal dystopian futuristic
Lunar Desert (feat. Futuristic Soundtrack),Get Futuristic,"Cyberpunk, Vol. 2",2018-03-05,0SERX76YHY7pwy7GLD5Jai,https://open.spotify.com/track/0SERX76YHY7pwy7GLD5Jai,ethereal dystopian futuristic
Fairy Forest Prophecy,Carlos Estella,Fairy Forest Prophecy,2022-12-26,2pZpUWQtRoruBRHpTXErKm,https://open.spotify.com/track/2pZpUWQtRoruBRHpTXErKm,ethereal dystopian futuristic
Passage,Dark Fantasy Studio,Dark skies and other disasters,2016-01-01,0bHLI3mYHpdWT37xmf2Cg3,https://open.spotify.com/track/0bHLI3mYHpdWT37xmf2Cg3,ethereal dystopian futuristic
City of Dystopia,From Beyond These Walls,The Clear EP,2018-12-21,6rrrz0srZRqSrYpuXUWJtl,https://open.spotify.com/track/6rrrz0srZRqSrYpuXUWJtl,ethereal dystopian futuristic
Awakening - Instrumental,Echo Grid,Awakening,2019-06-21,2DDeeEF060BaDUQAdisIuA,https://open.spotify.com/track/2DDeeEF060BaDUQAdisIuA,ethereal dystopian futuristic
Dreamstate Drone,Sound Effects Library,Sci Fi Soundscape,2014-05-05,31v1mxxFbgQYKDS9dL1Co6,https://open.spotify.com/track/31v1mxxFbgQYKDS9dL1Co6,ethereal dystopian futuristic
Futurism,Tetrachrome,Futurism - EP,2015-10-27,7kO3JujvaWCXR6cUUKFpeH,https://open.spotify.com/track/7kO3JujvaWCXR6cUUKFpeH,ethereal dystopian futuristic
Looped Environment Space Drone,Sound Ideas,Space Drones Sound Effects,2018-03-27,7s8zuHp7lLqbIeqqKM9poe,https://open.spotify.com/track/7s8zuHp7lLqbIeqqKM9poe,ethereal dystopian futuristic
hazama,tamanaramen,hazama,2021-06-19,3SbZVLlvAES8mJYy0Oakaj,https://open.spotify.com/track/3SbZVLlvAES8mJYy0Oakaj,ethereal dystopian futuristic
Dark Ambient,Robbins Island Music Group,"Ambient Mood Music: Ambient Instrumental Music for Deep Sleep, Stress Relief, Bedtime Music, Meditation & Spa Treatments",2014-06-04,7F5K9zhilOy0jNEhPEHEJt,https://open.spotify.com/track/7F5K9zhilOy0jNEhPEHEJt,ethereal dystopian futuristic
Sanctuary,Ambient Realms,"Massive Ambient Music, Vol. 10",2021-12-04,5O5bDyw2CSL6fr8ERXxWBE,https://open.spotify.com/track/5O5bDyw2CSL6fr8ERXxWBE,ethereal dystopian futuristic
Survival,4lienetic,Revenant,2022-05-13,3DSEzNGewpwgVnTeQ98VmA,https://open.spotify.com/track/3DSEzNGewpwgVnTeQ98VmA,ethereal dystopian futuristic
Dystopia,Ultrawave,Dystopia,2022-12-20,3HaqjQNbk2db0pymymohsz,https://open.spotify.com/track/3HaqjQNbk2db0pymymohsz,ethereal dystopian futuristic
Dystopian Dawn,Nikonn,Dystopia,2021-10-15,1lGZ6R7oHR9SQAwU6QaRbK,https://open.spotify.com/track/1lGZ6R7oHR9SQAwU6QaRbK,ethereal dystopian futuristic
(untitled ambience 3) 2008,zYnthetic,ERA,2014-07-26,20XL2aYrT8NPaU4D9pOrGe,https://open.spotify.com/track/20XL2aYrT8NPaU4D9pOrGe,ethereal dystopian futuristic
Dystopia,Dark Fantasy Studio,Chaos logic chaos the butterfly effect,2019-01-25,33vJcHOiMZB1tlo4SLWyOB,https://open.spotify.com/track/33vJcHOiMZB1tlo4SLWyOB,ethereal dystopian futuristic
Dystopia,Colossal Trailer Music,Metropia,2016-02-04,1YIOCCAIb6GLPBkNnyCX6x,https://open.spotify.com/track/1YIOCCAIb6GLPBkNnyCX6x,ethereal dystopian futuristic
Futuristic Nostalgic,Jukka Rintamäki,Futuristic Nostalgic,2024-10-04,1HWYtRkzCoXd99tWdZNr3t,https://open.spotify.com/track/1HWYtRkzCoXd99tWdZNr3t,ethereal dystopian futuristic
Intruder/Ephialtes,Dystopia Na!,Dweller on the Threshold,2015-07-13,14j1ft3JG4hABpty3laXOc,https://open.spotify.com/track/14j1ft3JG4hABpty3laXOc,ethereal dystopian futuristic
Dystopia,Nick Fetcher,Dystopia EP,2020-08-17,5ux9zR0dKZ3B2BMseeioXV,https://open.spotify.com/track/5ux9zR0dKZ3B2BMseeioXV,ethereal dystopian futuristic
Future War - No Choir,Gothic Storm,Epic Emotional Electronica,2014-03-06,0GjmwvECjLkanVJVVZbyxD,https://open.spotify.com/track/0GjmwvECjLkanVJVVZbyxD,ethereal dystopian futuristic
Electronic Synth,77 Cyber Punk,Electronic Synth - Smooth Inspirational Electro,2019-03-29,4JTttDyrJaDlJviH4Dd5jX,https://open.spotify.com/track/4JTttDyrJaDlJviH4Dd5jX,ethereal dystopian futuristic
Transform 2021,Kamil Kowalczyk,Transform 2021,2021-03-08,6qjK9tTmELi83xlfln9Qn0,https://open.spotify.com/track/6qjK9tTmELi83xlfln9Qn0,ethereal dystopian futuristic
Evolution 2.0,Survival Spheres,Selection 1 (Save Room Ambience),2020-10-24,3VMUm9h6GCh8Dh8mLSH61i,https://open.spotify.com/track/3VMUm9h6GCh8Dh8mLSH61i,ethereal dystopian futuristic
Strange Dream,Ambient Realms,"Massive Horror Ambience, Vol. 1",2018-10-11,2p15YCvz2PYrdwr93tYxuO,https://open.spotify.com/track/2p15YCvz2PYrdwr93tYxuO,ethereal dystopian futuristic
Ambient Worlds,Pure Ambient Drone,Ambient Techno,2017-01-07,1FCiypQgdqeYjkaRwOLMBq,https://open.spotify.com/track/1FCiypQgdqeYjkaRwOLMBq,ethereal dystopian futuristic
Dark Passages,Ritual Echoes,Last Survivor: Apocalyptic Ambience,2019-10-04,0qyuZreNNOfT9nLsFtpxgn,https://open.spotify.com/track/0qyuZreNNOfT9nLsFtpxgn,ethereal dystopian futuristic
Outrun the Enemy,Future World Music,Endgame,2020-11-23,3Onmg9bGrPNeU2XN7sKfFY,https://open.spotify.com/track/3Onmg9bGrPNeU2XN7sKfFY,ethereal dystopian futuristic
Sci-Fi Cinematic Background,cleanmindsounds,Sci-Fi Cinematic Background,2022-08-30,7fPZO2xIB3gIdyGxLLwmny,https://open.spotify.com/track/7fPZO2xIB3gIdyGxLLwmny,ethereal dystopian futuristic
Ethereal Adventure,Smart Study,"25 Great Science-Backed Tracks For Studying: Scientific Study Music, Musical Cognition",2019-11-07,6lmH5ZwcLZ01zEZ22QYUL8,https://open.spotify.com/track/6lmH5ZwcLZ01zEZ22QYUL8,ethereal dystopian futuristic
Corona,Survival Spheres,Selection 3 (Save Room Ambience),2021-06-23,4yvFKZJVwHjM1RGB1r2MUC,https://open.spotify.com/track/4yvFKZJVwHjM1RGB1r2MUC,ethereal dystopian futuristic
Dark Cyberpunk Landscape Ambient,Rafael Krux,Dark Cyberpunk Landscape Ambient,2024-03-13,2KFFRe2ts1jPM2HdJFpae9,https://open.spotify.com/track/2KFFRe2ts1jPM2HdJFpae9,ethereal dystopian futuristic
36.6,Zerofuturism,Fall Ambient Collection,2022-11-01,6RsaeLFk8EAo4CEolrTrKd,https://open.spotify.com/track/6RsaeLFk8EAo4CEolrTrKd,ethereal dystopian futuristic
Intro to a Dystopian Society,Ark Noir,Tunnel Visions,2019-06-28,1aM0bjENRGPPlaSNiHXeYq,https://open.spotify.com/track/1aM0bjENRGPPlaSNiHXeYq,ethereal dystopian futuristic
Post Apocalyptic Music,Dark Sci-Fi Space,"The Space Cowboy Blues: Acoustic Guitar Fingerpicking Songs, Post Apocalyptic Music",2021-11-05,48aCRF1hpzjcymtZ7jhZja,https://open.spotify.com/track/48aCRF1hpzjcymtZ7jhZja,ethereal dystopian futuristic
Ambient Sleep Music,Amelia System,Relaxing 80s Synth - Cyberpunk Vibes Night City,2020-10-09,50Bf3FIvShAScEniUWg1rw,https://open.spotify.com/track/50Bf3FIvShAScEniUWg1rw,ethereal dystopian futuristic
Planning The Apocalypse,Chris Warner,Dystopian Dreams,2022-02-25,5ZQWZfsuyTBwW1sBYno6Ra,https://open.spotify.com/track/5ZQWZfsuyTBwW1sBYno6Ra,ethereal dystopian futuristic
Future Unfolding,Thomas Carleberg,Future Unfolding (Original Game Soundtrack),2017-10-06,2izeRotcOyYid4OwILxhd5,https://open.spotify.com/track/2izeRotcOyYid4OwILxhd5,ethereal dystopian futuristic
Dystopian City,Daniel Voicians,Dark Urban Scenes,2021-05-07,4HO4TW2WQtEU8UWu0ER0ci,https://open.spotify.com/track/4HO4TW2WQtEU8UWu0ER0ci,ethereal dystopian futuristic
Another Dimension,Christoffer Isefält,Dystopia,2020-02-15,6wP8bjXiUAhgRz9HW8GOVf,https://open.spotify.com/track/6wP8bjXiUAhgRz9HW8GOVf,ethereal dystopian futuristic
Synthesis Her - Dystopian Mix,Into The Pale Abyss,Without Light,2019-09-09,2Hk9AhZeycI4CSI9UjtI8x,https://open.spotify.com/track/2Hk9AhZeycI4CSI9UjtI8x,ethereal dystopian futuristic
Somber,Ambient Realms,"Massive Horror Ambience, Vol. 1",2018-10-11,0nxNs2cXI7R7WJ2TSahT23,https://open.spotify.com/track/0nxNs2cXI7R7WJ2TSahT23,ethereal dystopian futuristic
Cinematic Sci-Fi Background,cleanmindsounds,Cinematic Sci-Fi Background,2023-04-30,0n9ym2QsmsK5UJdClJefSM,https://open.spotify.com/track/0n9ym2QsmsK5UJdClJefSM,ethereal dystopian futuristic
The City of Neon Lights,Omen Form,Dystopian Memories,2020-03-13,55DMUyJTiEXoxvmaJkYkVg,https://open.spotify.com/track/55DMUyJTiEXoxvmaJkYkVg,ethereal dystopian futuristic
Dystopian Underworld,Conquer Monster,Metatransit,2015-10-16,2OvsSQ4YKvR8J6z45m3cTf,https://open.spotify.com/track/2OvsSQ4YKvR8J6z45m3cTf,ethereal dystopian futuristic
Menacing Plans,Christoffer Isefält,Dystopia,2020-02-15,21YZCuxe41wBrSoFQwEFa6,https://open.spotify.com/track/21YZCuxe41wBrSoFQwEFa6,ethereal dystopian futuristic
Wasteland Landscape,Sound Effects Library,Sci Fi Soundscape,2014-05-05,6yVmgbbzwXhMSpgV4i5HKu,https://open.spotify.com/track/6yVmgbbzwXhMSpgV4i5HKu,ethereal dystopian futuristic
ethereal - Instrumental,ocha,Arctic Night (Inspired by ‘The Outlaw Ocean’ a book by Ian Urbina),2020-08-07,7MJ8U5ahQus2qVBRycE9Ne,https://open.spotify.com/track/7MJ8U5ahQus2qVBRycE9Ne,ethereal dystopian futuristic
Space Dojo,Derek Fiechter,Into the Future,2019-04-15,3e7fvOzSYvQGKxAe4pwk6v,https://open.spotify.com/track/3e7fvOzSYvQGKxAe4pwk6v,ethereal dystopian futuristic
Fear,Ambient Realms,"Massive Horror Ambience, Vol. 1",2018-10-11,7xFdmSGvGLEduq8K20IDnF,https://open.spotify.com/track/7xFdmSGvGLEduq8K20IDnF,ethereal dystopian futuristic
Avior,Relief,Supermassive Starfield,2021-05-10,44ECxG7J5sqYCpf9hhYExn,https://open.spotify.com/track/44ECxG7J5sqYCpf9hhYExn,ethereal dystopian futuristic
Rules,Dystopian Future Movies,Inviolate,2020-03-02,0SQSNyLrpDovRr0r0PAhFo,https://open.spotify.com/track/0SQSNyLrpDovRr0r0PAhFo,ethereal dystopian futuristic
"Ambience, Fantasy - Mysterious Space Drone with High Pitched Shimmering, Sci Fi, Synth Fantasy Ambiences, Authentic Sound Effects",Sound Effects Library,Magical: Sound Effects,2012-05-15,3o3L2fEYxpgW3IcQoCHMOG,https://open.spotify.com/track/3o3L2fEYxpgW3IcQoCHMOG,ethereal dystopian futuristic
dystopian landscapes of mad max,Dark Ambiental Orchestra,dystopian landscapes of mad max,2023-05-04,3ZbOcPfAkDbaLtcOvYyZ3A,https://open.spotify.com/track/3ZbOcPfAkDbaLtcOvYyZ3A,ethereal dystopian futuristic
Ambient Technology Electronic,cleanmindsounds,Ambient Technology Electronic,2022-06-28,4NH4ykCwzD1evZmWyiPQiN,https://open.spotify.com/track/4NH4ykCwzD1evZmWyiPQiN,ethereal dystopian futuristic
A Dystopian Society,Ark Noir,Tunnel Visions,2019-06-28,0CUURrEzpQY2It5WvzY1vL,https://open.spotify.com/track/0CUURrEzpQY2It5WvzY1vL,ethereal dystopian futuristic
Dystopia,Titan Slayer,Titanium: Chapter 04,2016-08-18,1JJbEFHCAiELca0E466kkH,https://open.spotify.com/track/1JJbEFHCAiELca0E466kkH,ethereal dystopian futuristic
Walking For A Dystopia,暗闇DESTINY,TRANSITION,2022-06-22,03PISIJwlJq6RoYmSfIvWE,https://open.spotify.com/track/03PISIJwlJq6RoYmSfIvWE,ethereal dystopian futuristic
Cyberpunk Ambient,77 Cyber Punk,Cyberpunk Ambient - Instrumental Psy-Chill,2019-08-28,7qZ7P4XwlqDGWV5ExtsvCC,https://open.spotify.com/track/7qZ7P4XwlqDGWV5ExtsvCC,ethereal dystopian futuristic
"Dystopian Universe, Pt. 2",The Psychodelics Trips,Dystopian Universe,2021-01-15,1AD31bOHLIPkIGzNu4hVAb,https://open.spotify.com/track/1AD31bOHLIPkIGzNu4hVAb,ethereal dystopian futuristic
Dystopia,Lars Bartkuhn,Dystopia,2023-04-21,4d4SvN67knDMgn46OX4iF2,https://open.spotify.com/track/4d4SvN67knDMgn46OX4iF2,ethereal dystopian futuristic
Dystopia,StacXion,Time Distortions (Redimensioned 2021),2019-09-20,71uzD1KHUyIn43va5SAkDu,https://open.spotify.com/track/71uzD1KHUyIn43va5SAkDu,ethereal dystopian futuristic
Discoveries,Survival Spheres,Selection 5 (Save Room Ambience),2022-07-07,0hdi9ofTj8wOkkG6ah9cWO,https://open.spotify.com/track/0hdi9ofTj8wOkkG6ah9cWO,ethereal dystopian futuristic
Positive Energy,Ambience Fantasy,Instrumental Music for Reading Comics,2022-09-01,6VhTg5ETa5wUbX4QKAkOQa,https://open.spotify.com/track/6VhTg5ETa5wUbX4QKAkOQa,ethereal dystopian futuristic
Air Supply,Ambient Realms,"Massive Ambient SciFi Music, Vol. 1",2016-11-03,4METlhsMjfi5ePtcX4BpSA,https://open.spotify.com/track/4METlhsMjfi5ePtcX4BpSA,ethereal dystopian futuristic
Virus,Dark Fantasy Studio,Pandemic,2022-10-25,47vKO9tJnUsmnBQ8FttWHN,https://open.spotify.com/track/47vKO9tJnUsmnBQ8FttWHN,ethereal dystopian futuristic
Dystopia,Guau,Dystopia,2021-07-23,0PUZyivv19KptTUv9uC8at,https://open.spotify.com/track/0PUZyivv19KptTUv9uC8at,ethereal dystopian futuristic
Ambient Cinematic Background,cleanmindsounds,Ambient Cinematic Background,2022-08-30,6309yibzEZdmZuLMODlVfK,https://open.spotify.com/track/6309yibzEZdmZuLMODlVfK,ethereal dystopian futuristic
Biodome,Gothic Storm,Epic Synthetic,2018-08-16,3zdzE6A9esygqSHIB5mu6a,https://open.spotify.com/track/3zdzE6A9esygqSHIB5mu6a,ethereal dystopian futuristic
2077,4lienetic,Ascending,2020-12-04,1ET8jDs6FkiSeIl7n9zSLA,https://open.spotify.com/track/1ET8jDs6FkiSeIl7n9zSLA,ethereal dystopian futuristic
Outrun Machine,Futuristic Echoing Walkman,Synthwave FM: City Retrowave Mix,2019-10-31,6EzcI85nHTtJaUnFyC6kJo,https://open.spotify.com/track/6EzcI85nHTtJaUnFyC6kJo,ethereal dystopian futuristic
"Ambience, Fantasy - Mysterious Space Drone with High Pitched Shimmering, Sci Fi, Synth Fantasy Ambiences",Sound Effects Library,Magical: Sound Effects,2012-05-15,1nEVx2jF2aCl9hokij9tnL,https://open.spotify.com/track/1nEVx2jF2aCl9hokij9tnL,ethereal dystopian futuristic
"Ambience, Fantasy - Synth Drone Featuring Voices in F# Major, Music Fantasy Ambiences",Sound Effects Library,Magical: Sound Effects,2012-05-15,15ovXy4LxQRLeRlHzTMUDR,https://open.spotify.com/track/15ovXy4LxQRLeRlHzTMUDR,ethereal dystopian futuristic
Dystopian Future,Deas,Block,2021-05-31,487tciWicQ19SCMalUmC5k,https://open.spotify.com/track/487tciWicQ19SCMalUmC5k,ethereal dystopian futuristic
Surreal Dystopia,Dark Domains,Surreal Dystopia,2023-10-11,4B9lqkCVAUeCzkHmPdtLFb,https://open.spotify.com/track/4B9lqkCVAUeCzkHmPdtLFb,ethereal dystopian futuristic
Ambient Technology Electronic,cleanmindsounds,Ambient Technology Electronic,2022-06-28,4NH4ykCwzD1evZmWyiPQiN,https://open.spotify.com/track/4NH4ykCwzD1evZmWyiPQiN,ethereal dystopian futuristic
Soothing Ambient Music,Amelia System,Relaxing 80s Synth - Cyberpunk Vibes Night City,2020-10-09,0OwWUr0y1p6ODPbtj1B6pQ,https://open.spotify.com/track/0OwWUr0y1p6ODPbtj1B6pQ,ethereal dystopian futuristic
Ethereals Landscapes,Alessio Giacomi,Project Nebula (Deluxe Edition),2022-11-11,51C6HAMFsnoyyjv3ULPGDf,https://open.spotify.com/track/51C6HAMFsnoyyjv3ULPGDf,ethereal dystopian futuristic
Distant Ambience,Digiffects Sound Effects Library,Sci Fi Environments and Drones,2016-02-27,4aUBF6sMm6G7kignL0P0sR,https://open.spotify.com/track/4aUBF6sMm6G7kignL0P0sR,ethereal dystopian futuristic
Dystopia,Audiorezout,Hypnotic,2022-04-25,4RIMsqY1SctfjQs3fd6Bol,https://open.spotify.com/track/4RIMsqY1SctfjQs3fd6Bol,ethereal dystopian futuristic
Memories of the City Before the Apocalypse,Ambience Mastery,Cyberpunk City Dark Ambient,2022-12-02,2gkfXk0fbZdtQG2YvriDD6,https://open.spotify.com/track/2gkfXk0fbZdtQG2YvriDD6,ethereal dystopian futuristic
Post Apocalypse Fog,Elizabeth Parker,Future Perfect,2021,6oMLpCoVjhCTvvPgqwj2yf,https://open.spotify.com/track/6oMLpCoVjhCTvvPgqwj2yf,ethereal dystopian futuristic
Apocalypse in Your Mind - Instrumental,Ethereal Darkness,Smoke and Shadows (Instrumental),2019-03-22,0gBEdEM7iC5FJFOIzQiSCV,https://open.spotify.com/track/0gBEdEM7iC5FJFOIzQiSCV,ethereal dystopian futuristic
Time - Instrumental,Ethereal Darkness,Smoke and Shadows (Instrumental),2019-03-22,17Fk8fL0rlLsHd5o3OPdaR,https://open.spotify.com/track/17Fk8fL0rlLsHd5o3OPdaR,ethereal dystopian futuristic
Apocalypse Ambience Sounds V1,Lcm Sounds,Apocalypse Ambience Sounds,2019-09-04,44yE7UGCKtgY2mZjEg0bwv,https://open.spotify.com/track/44yE7UGCKtgY2mZjEg0bwv,ethereal dystopian futuristic
Inevitable Change,Officio Audiorum,Themes of the Far Future: Volume 1,2019-05-13,05WwjRmouTPaJbp1N77bP8,https://open.spotify.com/track/05WwjRmouTPaJbp1N77bP8,ethereal dystopian futuristic
Future Shock - Instrumental,Marc Collin,Le choc du futur (Original Motion Picture Soundtrack),2019-06-19,1ar9UU7DJgZyPHRiVz6DbS,https://open.spotify.com/track/1ar9UU7DJgZyPHRiVz6DbS,ethereal dystopian futuristic
Enviromorph,S.E.T.I.,Sleep Environments for Interplanetary Travel,2019-02-05,7CTrWmHODxaRx0J6jgjACA,https://open.spotify.com/track/7CTrWmHODxaRx0J6jgjACA,ethereal dystopian futuristic
Electronic Stars in Space Ambience,Sound Ideas,Space Sound Effects,2014-02-15,16SBpYHKAB52S0g3bNRQpg,https://open.spotify.com/track/16SBpYHKAB52S0g3bNRQpg,ethereal dystopian futuristic
Underground,David August,DCXXXIX A.C.,2018-03-30,3VAmvXOf06g23HjczGoeY7,https://open.spotify.com/track/3VAmvXOf06g23HjczGoeY7,ethereal dystopian futuristic
Dead Fairy,Survival Spheres,Selection 3 (Save Room Ambience),2021-06-23,3bZO1Lo30NXKEeAOcecNJs,https://open.spotify.com/track/3bZO1Lo30NXKEeAOcecNJs,ethereal dystopian futuristic
"Ambience, Fantasy - Synth Drone Featuring Voices in Atonal, Music Fantasy Ambiences, Blockbuster Sound Effects",Sound Effects Library,Magical: Sound Effects,2012-05-15,2IdM6G8eljajmz8kdhJtS6,https://open.spotify.com/track/2IdM6G8eljajmz8kdhJtS6,ethereal dystopian futuristic
Rage,Soundcritters,Gateways,2016-12-06,3mcAXQPKkECSjrcC38J0BM,https://open.spotify.com/track/3mcAXQPKkECSjrcC38J0BM,ethereal dystopian futuristic
Ethereal Evening,Ambient Dreamscapes,Night Ambience,2024-05-18,68vlnPrU2jpXVUors6f2aT,https://open.spotify.com/track/68vlnPrU2jpXVUors6f2aT,ethereal dystopian futuristic
Ominous Dystopian Ambient,Rafael Krux,Ominous Dystopian Ambient,2024-01-06,4zTVHbjdYv2lm6Z9dLg4mF,https://open.spotify.com/track/4zTVHbjdYv2lm6Z9dLg4mF,ethereal dystopian futuristic
Breakfast in Dystopia,Aver,Breakfast in Dystopia,2020-05-01,6Y8sg1KRmqerXIUbKbt4Oa,https://open.spotify.com/track/6Y8sg1KRmqerXIUbKbt4Oa,ethereal dystopian futuristic
Darkness in the Future,Michael Scherchen,Electronic Atmospheres,2016-04-25,4J9Iy3kEXkOWSqSkSP7kSP,https://open.spotify.com/track/4J9Iy3kEXkOWSqSkSP7kSP,ethereal dystopian futuristic
Ethereal Magnificient Relaxed Ambient,DepasRec,Ethereal Magnificient Relaxed Ambient,2019-03-20,4Etjys3lSyG6IXZvSplqSK,https://open.spotify.com/track/4Etjys3lSyG6IXZvSplqSK,ethereal dystopian futuristic
Ethereal Dreamscapes,Mediative Flute,Calm Universe,2023-11-11,3UMypcnS4y3KoQ4fh8LeSj,https://open.spotify.com/track/3UMypcnS4y3KoQ4fh8LeSj,ethereal dystopian futuristic
Future Cyberpunk Atmosphere,cleanmindsounds,Future Cyberpunk Atmosphere,2023-01-30,2A81fz1LHwTioPed9DeDAr,https://open.spotify.com/track/2A81fz1LHwTioPed9DeDAr,ethereal dystopian futuristic
Hymne de Survivance,Hiemal,Hymne de Survivance,2020-08-06,7L38ANvG7yOGmFkhlsLwSH,https://open.spotify.com/track/7L38ANvG7yOGmFkhlsLwSH,ethereal dystopian futuristic
Abandoned,Jared Alexander Johnson,Radium,2022-03-15,4PbbFtIqJqEiyt7Hik8XjR,https://open.spotify.com/track/4PbbFtIqJqEiyt7Hik8XjR,ethereal dystopian futuristic
Dystopian Vision,Adam Saunders,Inside the Machine,2020-06-01,36PvsE9b0R6D7zaGS2siTU,https://open.spotify.com/track/36PvsE9b0R6D7zaGS2siTU,ethereal dystopian futuristic
Dystopia Now,Arctor,Dystopia Now,2020-12-04,2HFCmhnpVj0uqreZaKc61B,https://open.spotify.com/track/2HFCmhnpVj0uqreZaKc61B,ethereal dystopian futuristic
Dystopian Destinies,Steve Alexander,Future Hybrids,2020-06-27,2nc1SBi8ILdNKkSFGBdoFE,https://open.spotify.com/track/2nc1SBi8ILdNKkSFGBdoFE,ethereal dystopian futuristic
Flow Into the Sea - Instrumental,Ethereal Darkness,Smoke and Shadows (Instrumental),2019-03-22,0sSSmTKm0PddQgtUsmkWJZ,https://open.spotify.com/track/0sSSmTKm0PddQgtUsmkWJZ,ethereal dystopian futuristic
Dystopian Future Movie,Heaven Tracks Vibes,Dystopian Future Movie,2024-01-11,7gORRKQOCz7H22teZ7WiYW,https://open.spotify.com/track/7gORRKQOCz7H22teZ7WiYW,ethereal dystopian futuristic
Infiltration Success,Ambience Mastery,Cyberpunk Ambience,2022-07-09,4gARNEEyQxDS0ViwG7rQke,https://open.spotify.com/track/4gARNEEyQxDS0ViwG7rQke,ethereal dystopian futuristic
Solar Awakening,Atmospheres of Space,Ambient Works: Soundscapes of the Celestial Union,2015-02-25,3wr0u6MCjzNp8RvVeU9K1Q,https://open.spotify.com/track/3wr0u6MCjzNp8RvVeU9K1Q,ethereal dystopian futuristic
Rooftop,Woob,Lost Metropolis,2020-08-12,3M68598BHGwcgYecdAJz8w,https://open.spotify.com/track/3M68598BHGwcgYecdAJz8w,ethereal dystopian futuristic
Black Tide,Philip Sheppard,Dystopia,2019-01-25,2JZRFUAEqbK5xNSUJlc0o4,https://open.spotify.com/track/2JZRFUAEqbK5xNSUJlc0o4,ethereal dystopian futuristic
Electronic Ambiance,Wladimir M.,Leaves Fallin' Recklessly,2020-06-05,3su7MSuXOtTY6CTVi0urVh,https://open.spotify.com/track/3su7MSuXOtTY6CTVi0urVh,ethereal dystopian futuristic
Futuristic Future,DiGiSounds,Futuristic Future,2021-04-16,1svOaBPfmzcJBwQViadWyn,https://open.spotify.com/track/1svOaBPfmzcJBwQViadWyn,ethereal dystopian futuristic
Dark Ambient,Dark Sci-Fi Space,"Space Ambient Harmonics: Starship Sleeping Music, Relaxing Ambience",2021-04-12,5rsnE4OLFEDBNaz4atznPp,https://open.spotify.com/track/5rsnE4OLFEDBNaz4atznPp,ethereal dystopian futuristic
Ambient Space Background,Ambient Space Background,Mountain Music - Nature Sounds and Relaxing Spiritual Music,2020-09-30,2IQeGiabYKhESIIHj4doTz,https://open.spotify.com/track/2IQeGiabYKhESIIHj4doTz,ethereal dystopian futuristic
Dystopia,Mike Sajic,"Electronic Scores, Vol. 2",2018-08-23,0HI6foahkDsLpe5vdwYCRZ,https://open.spotify.com/track/0HI6foahkDsLpe5vdwYCRZ,ethereal dystopian futuristic
Ethereal Dreamscape (Ethereal Nature),Luna Riviera,Ethereal Dreamscape (Ethereal Nature),2024-03-27,1BP0MKpCB7v9Ol5vtNE5Hh,https://open.spotify.com/track/1BP0MKpCB7v9Ol5vtNE5Hh,ethereal dystopian futuristic
Ambient Technology Inspiring,cleanmindsounds,Ambient Technology Inspiring,2022-08-30,3MllfsVYEG41m4URkMlq6u,https://open.spotify.com/track/3MllfsVYEG41m4URkMlq6u,ethereal dystopian futuristic
Synthwave Futuresynth Background,Video Game Synthwave Music,Synthwave Futuresynth Background,2025-07-26,3cDOqFSK5kX7P0xyImtdMk,https://open.spotify.com/track/3cDOqFSK5kX7P0xyImtdMk,ethereal dystopian futuristic
Welcome To The Apocalypse,Mindheal,Sounds Of Dystopia,2023-10-02,3m8S8PyeF6pv0v6ahjnGke,https://open.spotify.com/track/3m8S8PyeF6pv0v6ahjnGke,ethereal dystopian futuristic
The Wasteland,Robert Beau Michaels,The Wasteland: Music of an Apocalyptic World,2010-03-23,7m3nkRDKURPWAdJF9dLwbY,https://open.spotify.com/track/7m3nkRDKURPWAdJF9dLwbY,ethereal dystopian futuristic
Dystopia,Cobby Costa,Infinite,2012-04-13,0eLBNbxMKU9l4zN1ZFzHEA,https://open.spotify.com/track/0eLBNbxMKU9l4zN1ZFzHEA,ethereal dystopian futuristic
Ethereal,e-soundtrax,Beauty Inspiration,2018-09-17,143o8GAm4I9o1hSKbZwVmi,https://open.spotify.com/track/143o8GAm4I9o1hSKbZwVmi,ethereal dystopian futuristic
Dystopia,THE V.O.I.D,Into The Void,2022-10-07,5kzB7g7bLvQDIABMlG7Eij,https://open.spotify.com/track/5kzB7g7bLvQDIABMlG7Eij,ethereal dystopian futuristic
Background Technology Electronic,cleanmindsounds,Background Technology Electronic,2022-12-30,6u6DP1F3SFwgH3MNxZb3DH,https://open.spotify.com/track/6u6DP1F3SFwgH3MNxZb3DH,ethereal dystopian futuristic
Drumatorium,Dark Ambient Creator,"Dark Ambient Drones for Relaxing, Dreaming, Chilling and Tripping, Vol. 1",2015-08-31,7qmJrKKpotPw9ysOyjnWcI,https://open.spotify.com/track/7qmJrKKpotPw9ysOyjnWcI,ethereal dystopian futuristic
Further discovery,Blear Moon,Expanding lands,2020-03-15,0Pcum8XKHkcfNqvWqIvmbD,https://open.spotify.com/track/0Pcum8XKHkcfNqvWqIvmbD,ethereal dystopian futuristic
Memories & Dreams,Alien Communications,"Synthetic Memory Systems, Vol. 1",2021-03-26,0yzzRJhZT2ITteo0dIxaPm,https://open.spotify.com/track/0yzzRJhZT2ITteo0dIxaPm,ethereal dystopian futuristic
Memories of Earth,Dirk Kluesing,Starmancer (Original Game Soundtrack),2021-08-05,6Q4UgEguP80vZQQby7LMsM,https://open.spotify.com/track/6Q4UgEguP80vZQQby7LMsM,ethereal dystopian futuristic
Black Tide,Philip Sheppard,Dystopia,2019-01-25,2JZRFUAEqbK5xNSUJlc0o4,https://open.spotify.com/track/2JZRFUAEqbK5xNSUJlc0o4,ethereal dystopian futuristic
Future,Ender Güney,Cinematic Instrumental,2020-01-17,3eg8qIkhQ74SVpWNlRPcZT,https://open.spotify.com/track/3eg8qIkhQ74SVpWNlRPcZT,ethereal dystopian futuristic
Modern Testament,David August,DCXXXIX A.C.,2018-03-30,4NjPOFmOZwGOwQuXtORClu,https://open.spotify.com/track/4NjPOFmOZwGOwQuXtORClu,ethereal dystopian futuristic
Dystopia Pulse,Plan 8,Future Worlds: Dark Emotional Adventure,2019-10-25,6nOImLpiMpAd2xhU594Qc9,https://open.spotify.com/track/6nOImLpiMpAd2xhU594Qc9,ethereal dystopian futuristic
Ethereal Mist,Lunariaproject,Mist,2015-02-20,7w2NA7YjburgVaSdBUMBTp,https://open.spotify.com/track/7w2NA7YjburgVaSdBUMBTp,ethereal dystopian futuristic
Horror Ambient,Eduard Perelyhin,Horror Ambient,2022-04-25,6uzxE1CQnN8ZU5vmGczZw6,https://open.spotify.com/track/6uzxE1CQnN8ZU5vmGczZw6,ethereal dystopian futuristic
Dystopian Destruction,RetroSynthonic,The Age of Machines,2024-05-31,47FnrBBSgsj3xL23zEb6Gd,https://open.spotify.com/track/47FnrBBSgsj3xL23zEb6Gd,ethereal dystopian futuristic
A Universe Unfolds,Gothic Storm,Epic Emotional Electronica,2014-07-10,1tgEg8MfZBFv2PbR9Viv3q,https://open.spotify.com/track/1tgEg8MfZBFv2PbR9Viv3q,ethereal dystopian futuristic
Dramatic Trailer Background,cleanmindsounds,Dramatic Trailer Background,2022-11-30,502fTFks3CRvppxTmMs4hL,https://open.spotify.com/track/502fTFks3CRvppxTmMs4hL,ethereal dystopian futuristic
Out There,Siddhartha Barnhoorn,Out There (Original Video Game Soundtrack),2014-02-27,1VBpnGjBL9A5zhVKyH6NjH,https://open.spotify.com/track/1VBpnGjBL9A5zhVKyH6NjH,ethereal dystopian futuristic
A Dark Space Ambient (Sounds of Titania Moon),Emmanuel Motelin,A Dark Space Ambient (Sounds of Titania Moon),2021-05-15,7ezX8noQvWmSPpbJQmRIYL,https://open.spotify.com/track/7ezX8noQvWmSPpbJQmRIYL,ethereal dystopian futuristic
DYSTOPIA 20200422,Malcolm Kirby Jr.,DYSTOPIA 20200422,2020-09-01,2eh7XxIZ9vg9JCxAPJFvIx,https://open.spotify.com/track/2eh7XxIZ9vg9JCxAPJFvIx,ethereal dystopian futuristic
Dystopian Synthesis,Alexjem Project,Dystopian Synthesis,2024-01-05,2J8kZxqB95jkugoSudGKq5,https://open.spotify.com/track/2J8kZxqB95jkugoSudGKq5,ethereal dystopian futuristic
Digital Technology Background,cleanmindsounds,Digital Technology Background,2022-06-28,3wEIrn5cqCL5ecWAX7UXQL,https://open.spotify.com/track/3wEIrn5cqCL5ecWAX7UXQL,ethereal dystopian futuristic
Dystopian,Egomorph,Metamorphosis,2018-11-06,0hf6n38ZdF45OYCuRcP6Ii,https://open.spotify.com/track/0hf6n38ZdF45OYCuRcP6Ii,ethereal dystopian futuristic
Futuristic Outrun Lights,Video Game Synthwave Music,Retro Synthwave Outrun,2025-08-27,67fZZP5v4G8zCoklpshAoU,https://open.spotify.com/track/67fZZP5v4G8zCoklpshAoU,ethereal dystopian futuristic
Dystopia,Jonas Fill,Adventure,2016-01-01,6orWkgbHwhd4DDhJOQZSsa,https://open.spotify.com/track/6orWkgbHwhd4DDhJOQZSsa,ethereal dystopian futuristic
Evolution,Vasil Yatsevich,Abandoned Utopia,2021-02-15,3ZTeWzBFqGwyKZmgNMWLGp,https://open.spotify.com/track/3ZTeWzBFqGwyKZmgNMWLGp,ethereal dystopian futuristic
Hyperion,Solar Ethica,Sphere,2019-04-19,38uJN5HkMowNZ0GN8E1Smh,https://open.spotify.com/track/38uJN5HkMowNZ0GN8E1Smh,ethereal dystopian futuristic
Future Vision,Atli Örvarsson,Babylon A.D. (Original Motion Picture Soundtrack),2008-01-01,0mUstRw6Xeks8VWmGOmGKw,https://open.spotify.com/track/0mUstRw6Xeks8VWmGOmGKw,ethereal dystopian futuristic
Sci Fi Control Center Ambience with Rapid Computer Telemetry,Sound Ideas,Computers: Future,2014-02-15,5AO0HBGt1BDy0UF38j09k3,https://open.spotify.com/track/5AO0HBGt1BDy0UF38j09k3,ethereal dystopian futuristic
Dystopia,Tanuki Project,Adamant_CHAPTER#01,2021-06-21,6oyncNPJeheYXFLwkXd4xr,https://open.spotify.com/track/6oyncNPJeheYXFLwkXd4xr,ethereal dystopian futuristic
Hope in Dystopia - C64 Chiptune Synthwave Mix,Nordischsound,Hope in Dystopia (C64 Chiptune Synthwave Mix),2023-12-06,7KDY8b2ETqk0NdLGpcpogZ,https://open.spotify.com/track/7KDY8b2ETqk0NdLGpcpogZ,ethereal dystopian futuristic
Dystopian Cyber Harmonies,Shyldao Azuely,Dystopian Cyber Harmonies,2023-10-15,1YzPGCSHsMe9jivI8Uar3x,https://open.spotify.com/track/1YzPGCSHsMe9jivI8Uar3x,ethereal dystopian futuristic
Ambient Soundscape,Flame,Ethereal Flow,2021-05-28,6LB6FtPJPWztuucIR5dzZj,https://open.spotify.com/track/6LB6FtPJPWztuucIR5dzZj,ethereal dystopian futuristic
The Planet's Hypnotic Descent,Ambience Mastery,A Dreamscape of Space and Time,2023-10-21,4CnUQxOtH70fXENnF6NAYT,https://open.spotify.com/track/4CnUQxOtH70fXENnF6NAYT,ethereal dystopian futuristic
Future City Instrumental,Sasgtc,SPEED MOTION,2022-09-17,350QjYqf0ooXNCnTa7qRiy,https://open.spotify.com/track/350QjYqf0ooXNCnTa7qRiy,ethereal dystopian futuristic
dystopia,badfocus,meditating while raving,2022-11-11,5i3q5iO7ci7YTcmXzxzttZ,https://open.spotify.com/track/5i3q5iO7ci7YTcmXzxzttZ,ethereal dystopian futuristic
Space Synth Ambience,Justin D. Allan,Space Synth Energy,2024-04-08,4cXyfiY6urL12fgTjDXTgt,https://open.spotify.com/track/4cXyfiY6urL12fgTjDXTgt,ethereal dystopian futuristic
Ambient 01,Earth 2160,Earth 2160,2013-09-20,7BT8h5KaecDPBTROVzksi9,https://open.spotify.com/track/7BT8h5KaecDPBTROVzksi9,ethereal dystopian futuristic
Ambient Electronic Chillout Atmosphere,Massacaresound,Ambient Electronic Chillout Atmosphere,2022-04-12,75K6epmXNjhOOWRwQMXfvG,https://open.spotify.com/track/75K6epmXNjhOOWRwQMXfvG,ethereal dystopian futuristic
Ambient 03,Earth 2160,Earth 2160,2013-09-20,2egbOUuQ5PgE1kxQvEIfBK,https://open.spotify.com/track/2egbOUuQ5PgE1kxQvEIfBK,ethereal dystopian futuristic
Dystopia,Sokratex,Ancient Future,2022-11-14,1EHYkBkGBbuuLTgVb7DNW1,https://open.spotify.com/track/1EHYkBkGBbuuLTgVb7DNW1,ethereal dystopian futuristic
Ambient 05,Earth 2160,Earth 2160,2013-09-20,0wkBhmWdaRfTB8vMnb8ntl,https://open.spotify.com/track/0wkBhmWdaRfTB8vMnb8ntl,ethereal dystopian futuristic
Ambient 04,Earth 2160,Earth 2160,2013-09-20,2eXw234vfenWIWD0YdTs2v,https://open.spotify.com/track/2eXw234vfenWIWD0YdTs2v,ethereal dystopian futuristic
Futuristic Metropolis,Digital Echo Nexus,Neon Dreamscape,2019-05-09,3uiewfKTk9edlIAXEpOsw4,https://open.spotify.com/track/3uiewfKTk9edlIAXEpOsw4,ethereal dystopian futuristic
End,Revolt Production Music,Gravity,2017-06-10,4Xyn26QB5HW65ZRpl0zNZi,https://open.spotify.com/track/4Xyn26QB5HW65ZRpl0zNZi,ethereal dystopian futuristic
Dreamy Piano,Ambient Space,Atmospheric Piano,2021-05-06,3B2EBrfVrE6MHaugsEqHfJ,https://open.spotify.com/track/3B2EBrfVrE6MHaugsEqHfJ,ethereal dystopian futuristic
Dystopia,Lukián,Dystopia,2025-03-25,7dvKEcnTteXJhfg1PMsrX5,https://open.spotify.com/track/7dvKEcnTteXJhfg1PMsrX5,ethereal dystopian futuristic
Ambient 02,Earth 2160,Earth 2160,2013-09-20,1noAVc91AUW2kJoh5t5SLJ,https://open.spotify.com/track/1noAVc91AUW2kJoh5t5SLJ,ethereal dystopian futuristic
Great Dystopia,寧,"ホラー, Vol. 19 -Instrumental BGM- by Audiostock",2022-04-22,4Ih4UDSUeg4kTahwBkt9BJ,https://open.spotify.com/track/4Ih4UDSUeg4kTahwBkt9BJ,ethereal dystopian futuristic
Message,Dark Fantasy Studio,Dark skies and other disasters,2016-01-01,3OR6Zen4fkHWI46rRzDId6,https://open.spotify.com/track/3OR6Zen4fkHWI46rRzDId6,ethereal dystopian futuristic
Recurring Dream,Chris Warner,Dystopian Dreams,2022-02-25,4PeDqRQL3sZczEHnTJ7ly1,https://open.spotify.com/track/4PeDqRQL3sZczEHnTJ7ly1,ethereal dystopian futuristic
Dramatic Epic Trailer,makesound music,Epic Dramatic Adventure,2022-09-23,7cezjaPM8q68ORWn5wCele,https://open.spotify.com/track/7cezjaPM8q68ORWn5wCele,ethereal dystopian futuristic
Futuristic Society,石井悠輝,POPS Vol.49 -Instrumental BGM- by Audiostock,2020-11-04,2HrQrnVnyATRlraV8qokiN,https://open.spotify.com/track/2HrQrnVnyATRlraV8qokiN,ethereal dystopian futuristic
