track_name,artist_name,album_name,release_date,track_id,spotify_url,mood_keywords
Ambient Minimal Corporate,DensoMusic,Ambient Corporate Background,2021-03-21,4J0Pf9H6mBoSjuAqN3y9Pl,https://open.spotify.com/track/4J0Pf9H6mBoSjuAqN3y9Pl,scholarly contemplative minimalist
"Calm Background Ambience, Pt. 39",Sleep Fruits Music,"Sleep Fruits Session, Vol. 2",2022-05-23,6kbK2KFkn7Yom9JfDPzOvD,https://open.spotify.com/track/6kbK2KFkn7Yom9JfDPzOvD,scholarly contemplative minimalist
Ambient Focus,Sleep Fruits Music,"Relaxing Sleep Music, Vol.1",2021-02-05,5YAJ3TmXu9yFAmyLf5912C,https://open.spotify.com/track/5YAJ3TmXu9yFAmyLf5912C,scholarly contemplative minimalist
Ambient Instrumental Fall Studying and soft rain,Instrumental Music for Study Focus Concentration Sleepp,POV: Fall Autumn Dark Academia Instrumental Study Music vibes with Rain,2023-10-20,2AE0pBQ7UqrbIDZIYCTgId,https://open.spotify.com/track/2AE0pBQ7UqrbIDZIYCTgId,scholarly contemplative minimalist
Serene Awakening,Ambientalism,Blissful Serenades,2021-07-07,68xLHUVQwyMAeo68Rqk0cy,https://open.spotify.com/track/68xLHUVQwyMAeo68Rqk0cy,scholarly contemplative minimalist
Ambient Corporate Inspiration,DensoMusic,Ambient Soft Corporate Collection,2022-04-25,51c9dDzSD2xngyJfDGyVW1,https://open.spotify.com/track/51c9dDzSD2xngyJfDGyVW1,scholarly contemplative minimalist
Rooms,Ambient Endeavors,Drifting,2021-10-22,3YD48876NO83X2Mt4nUbTo,https://open.spotify.com/track/3YD48876NO83X2Mt4nUbTo,scholarly contemplative minimalist
Inspiring Dense Cheerful Minimal,DepasRec,Inspiring Dense Cheerful Minimal,2019-05-15,5r0ccKtGnuKE7vHAw2tha8,https://open.spotify.com/track/5r0ccKtGnuKE7vHAw2tha8,scholarly contemplative minimalist
Condescension I,Blank Embrace,Natural Light,2017-06-07,1CfbIF6BEXJb4m9IFvF8Cm,https://open.spotify.com/track/1CfbIF6BEXJb4m9IFvF8Cm,scholarly contemplative minimalist
Background Ambient Atmospheres,Maksym Tkhoryk,Chill Ambient,2022-06-07,7H3VqadkTZT1zqKGS9tj8b,https://open.spotify.com/track/7H3VqadkTZT1zqKGS9tj8b,scholarly contemplative minimalist
Emotional Ambient Piano,OlexandrMusic,Emotional Ambient Piano,2022-07-08,1F7dGf03Hpf7qkfjQINjSS,https://open.spotify.com/track/1F7dGf03Hpf7qkfjQINjSS,scholarly contemplative minimalist
Ambient Sleep Music,Baby Lullaby,"Baby Lullaby - Baby Lullabies for Sleep Music, Relaxing Piano, Baby Sleep, Natural Sleep Aid, Newborn Baby Lullabies",2012-05-28,0cw19hlkxIEF7U9HAcgAxJ,https://open.spotify.com/track/0cw19hlkxIEF7U9HAcgAxJ,scholarly contemplative minimalist
Lights,Ambient Skies,Summer,2020-06-03,5Q600SVuyoaJKMmqEhTMd2,https://open.spotify.com/track/5Q600SVuyoaJKMmqEhTMd2,scholarly contemplative minimalist
"Calm Background for Studying, Pt. 99",Sleep Fruits Music,"Sleep Fruits Session, Vol. 2",2022-05-23,7vTaaeCRR3xTEThS6mgM13,https://open.spotify.com/track/7vTaaeCRR3xTEThS6mgM13,scholarly contemplative minimalist
Fragile,The Last Days of Our Past,Fragile,2022-02-16,6XDmQX1g0mwTif6Hy1EJuk,https://open.spotify.com/track/6XDmQX1g0mwTif6Hy1EJuk,scholarly contemplative minimalist
Stay,The Ambientalist,Stay,2022-09-02,5Z42lXUESohj1cuNeOphlQ,https://open.spotify.com/track/5Z42lXUESohj1cuNeOphlQ,scholarly contemplative minimalist
Porch Reflections - Ambient Version,Beyond Stillness,Melodies On Harp Revisited,2022-05-15,1x2Xy9PNbKJeTROWqa5a1A,https://open.spotify.com/track/1x2Xy9PNbKJeTROWqa5a1A,scholarly contemplative minimalist
Mysteries Unfold,The Ambientalist,Mysteries Unfold,2019-03-29,17hx5JGBKT2cXa0Wr4pB4O,https://open.spotify.com/track/17hx5JGBKT2cXa0Wr4pB4O,scholarly contemplative minimalist
In A Better World,The Ambientalist,In A Better World,2021-03-05,1eK1TfxbT3Znw3Qjeoaezm,https://open.spotify.com/track/1eK1TfxbT3Znw3Qjeoaezm,scholarly contemplative minimalist
Relaxing Instrumental Music,Deep Sleep Relaxation,Deep Sleep Music: Nature Sounds of Ocean Waves and Instrumental Piano Music For Sleeping and Relaxation,2019-04-05,1OC4AcuYofcOnoHQ4oGPeR,https://open.spotify.com/track/1OC4AcuYofcOnoHQ4oGPeR,scholarly contemplative minimalist
Ambientica,Los Sobriles,Ambientica,2020-02-28,75KLjp6Wr0yOEnsszZXTQ6,https://open.spotify.com/track/75KLjp6Wr0yOEnsszZXTQ6,scholarly contemplative minimalist
Ambient Café Instrumental,Coffee House Instrumental Jazz Playlist,Coffee Shop Essentials: Slow Piano Jazz,2019-06-30,1bL35CTgRliBQ5GWtL0zGc,https://open.spotify.com/track/1bL35CTgRliBQ5GWtL0zGc,scholarly contemplative minimalist
C,Ambient Pads,02,2020-03-25,2w6onCNqzJaNTSe1BemLlW,https://open.spotify.com/track/2w6onCNqzJaNTSe1BemLlW,scholarly contemplative minimalist
Motivational Ambient Corporate,Maksym Tkhoryk,Chill Ambient,2022-06-07,4Ve4Cowp8kHsLxkohNaDTL,https://open.spotify.com/track/4Ve4Cowp8kHsLxkohNaDTL,scholarly contemplative minimalist
Ambient Piano Sleep Music,Deep Sleep Relaxation,Deep Sleep Music: Nature Sounds of Ocean Waves and Instrumental Piano Music For Sleeping and Relaxation,2019-04-05,0wAiiArBmwHIVv07ylJYTo,https://open.spotify.com/track/0wAiiArBmwHIVv07ylJYTo,scholarly contemplative minimalist
Nocturnal Reflections in Moonlight,Ambientalism,Blissful Serenades,2021-07-07,0UZHuO5tKxx3CHM42JMG8S,https://open.spotify.com/track/0UZHuO5tKxx3CHM42JMG8S,scholarly contemplative minimalist
Memories - Ambient Piano Instrumental,Cozy Koala,Memories - Ambient Piano Instrumental,2022-09-30,7wI5U0nKjIk5FIeyf2Q3Y2,https://open.spotify.com/track/7wI5U0nKjIk5FIeyf2Q3Y2,scholarly contemplative minimalist
Ambient Piano,DS Productions,Ambient Piano,2020-06-24,0as5qJbcWkVOEQXVRMawFl,https://open.spotify.com/track/0as5qJbcWkVOEQXVRMawFl,scholarly contemplative minimalist
Tranquil Moonlight Melodies,Ambientalism,Blissful Serenades,2021-07-07,26U7PPRoiOtLt2u61a1cgr,https://open.spotify.com/track/26U7PPRoiOtLt2u61a1cgr,scholarly contemplative minimalist
Ambient Emotional Piano,DS Productions,Ambient Emotional Piano,2021-01-02,053kba2hsZW5OuCxSpP3XI,https://open.spotify.com/track/053kba2hsZW5OuCxSpP3XI,scholarly contemplative minimalist
Chill Ambient Corporate,Maksym Tkhoryk,Chill Ambient,2022-06-07,7y6AWsUmBUvZtwGEHw7Nuu,https://open.spotify.com/track/7y6AWsUmBUvZtwGEHw7Nuu,scholarly contemplative minimalist
Oneness Unveiled,Ambientalism,Blissful Serenades,2021-07-07,2Ov7Zi0msflEtFrcD4WQuh,https://open.spotify.com/track/2Ov7Zi0msflEtFrcD4WQuh,scholarly contemplative minimalist
Ambient Corporate,DensoMusic,Ambient Corporate Background,2021-03-21,6HOvL9ywbMGIkZcqFPguJB,https://open.spotify.com/track/6HOvL9ywbMGIkZcqFPguJB,scholarly contemplative minimalist
Ambiment,Kevin MacLeod,The Ambient,2014-12-24,3f7BBZEju2eExfdpXYYSng,https://open.spotify.com/track/3f7BBZEju2eExfdpXYYSng,scholarly contemplative minimalist
In The Living Room - Ambient Version,Wandering River,A Moment To Spare,2022-04-25,75tN1cdomfKQ1mxMZrjWjq,https://open.spotify.com/track/75tN1cdomfKQ1mxMZrjWjq,scholarly contemplative minimalist
Ambient Occlusion,NiteWind,Nite Tapes Deluxe,2020-10-16,1nx2qdBv4Pf9TvBhTMj5fq,https://open.spotify.com/track/1nx2qdBv4Pf9TvBhTMj5fq,scholarly contemplative minimalist
Ambient Sleep,Enchanted Feel,Ambient Sleep,2017-07-06,17Xgs4QHZkcKbcAGXfGMxx,https://open.spotify.com/track/17Xgs4QHZkcKbcAGXfGMxx,scholarly contemplative minimalist
"Peaceful Slumber Echoes, Pt. 26",Sleep Fruits Music,"Sleep Fruits Session, Vol. 7",2023-09-09,7CD5OE96oACteYHvglQDJk,https://open.spotify.com/track/7CD5OE96oACteYHvglQDJk,scholarly contemplative minimalist
Pulse,Somniscape,"Calm, Vol. 3",2020-04-16,1NpMiFbj1NTrkfw8LN3pDS,https://open.spotify.com/track/1NpMiFbj1NTrkfw8LN3pDS,scholarly contemplative minimalist
Light,Endless Melancholy,Music for Quiet Mornings,2012-03-12,1uBIsWIOaWWOox8blr0YO5,https://open.spotify.com/track/1uBIsWIOaWWOox8blr0YO5,scholarly contemplative minimalist
Instrumental Backgrounds,Gentle Crystal Sounds Divine,"Zen Music: Ambient Meditation (Natural Hypnosis Music for Relax, Sleep & Meditation, Anti Stress Time, Calming Zen, Spiritual Yoga)",2017-04-21,70xsMHk0N7RQslAzNTC50h,https://open.spotify.com/track/70xsMHk0N7RQslAzNTC50h,scholarly contemplative minimalist
Ambient Calm Corporate,DensoMusic,Ambient Corporate Background,2021-03-21,4JDVTjNUA2R1M465lrmnwf,https://open.spotify.com/track/4JDVTjNUA2R1M465lrmnwf,scholarly contemplative minimalist
"Mysticism, Relaxation Music Instrumental, Pt. 2",Farino,Mystical Music and Sounds Instrumental (Mysticism - Relaxation Music),2014-07-07,0Co3BATDB8JDzsKLClP3F4,https://open.spotify.com/track/0Co3BATDB8JDzsKLClP3F4,scholarly contemplative minimalist
Atmospheric Background,Space Radiance,Ambient Space Music,2019-11-03,7yvgHgfDy9kp9aeon8SdsW,https://open.spotify.com/track/7yvgHgfDy9kp9aeon8SdsW,scholarly contemplative minimalist
Ambient Corporate Music,DensoMusic,Ambient Corporate Background,2021-03-21,2q8MGuUTXTW6chpFqHxXUU,https://open.spotify.com/track/2q8MGuUTXTW6chpFqHxXUU,scholarly contemplative minimalist
Contemporary Ambience for Folk Dreams,Coffee Shop Jazz Relax,Chill Office-Friendly Music,2022-12-07,6y2Tj989zSoGMAgIRrVhY9,https://open.spotify.com/track/6y2Tj989zSoGMAgIRrVhY9,scholarly contemplative minimalist
Honor My Desires,Ambientalism,Blissful Serenades,2021-07-07,1dWKnpss2hfsLA7wea4sBB,https://open.spotify.com/track/1dWKnpss2hfsLA7wea4sBB,scholarly contemplative minimalist
Calm Instrumental Piano Forest,Autumn Jazz Ambient,Relaxing Instrumental Background Jazz Music for Autumn,2019-09-22,20UCn4jlcWbUyOdKjE1hJW,https://open.spotify.com/track/20UCn4jlcWbUyOdKjE1hJW,scholarly contemplative minimalist
Instrumental Study,Peaceful Pianos,Music for Concentration,2018-11-02,0hNyTiGAif3eiLPq92qOOB,https://open.spotify.com/track/0hNyTiGAif3eiLPq92qOOB,scholarly contemplative minimalist
Sleep - Mystic Zen Sanctuary - ambient sleep therapy,Ambient Music Therapy,Sleep: Ambient Sleep Therapy 2,2006-01-01,16WhIvWGMc9PigwV6NAMcN,https://open.spotify.com/track/16WhIvWGMc9PigwV6NAMcN,scholarly contemplative minimalist
Context,Ambient Endeavors,Drifting,2021-10-22,49MIFDGg3KbFGQFuX8Pba1,https://open.spotify.com/track/49MIFDGg3KbFGQFuX8Pba1,scholarly contemplative minimalist
Instrumental Music - Meditation,Instrumental,"Instrumental Music: Relaxing Background Piano Music for Relaxation, Spa, Yoga, Meditation, Studying, Sleeping, Massage, Reading, Focus and Concentration",2017-06-15,0AY8ECOeAwVIjlUCOhfnj9,https://open.spotify.com/track/0AY8ECOeAwVIjlUCOhfnj9,scholarly contemplative minimalist
Ambience,Northern Form,Forest Blue,2020-11-27,79W5WV0KQJy72KQMINHcjX,https://open.spotify.com/track/79W5WV0KQJy72KQMINHcjX,scholarly contemplative minimalist
Mystic - Ambient Version,Open Blue Sky,Lakeside Melodies Revisited (Ambient Version),2022-04-24,76MKVFrWZNmiVjeHGvr3PK,https://open.spotify.com/track/76MKVFrWZNmiVjeHGvr3PK,scholarly contemplative minimalist
Starscapes - Ambient,The American Dollar,Ambient One,2009-07-15,10MJDo72p2fgxPlPYFUMfX,https://open.spotify.com/track/10MJDo72p2fgxPlPYFUMfX,scholarly contemplative minimalist
Calm Ambience,Thinking Music,Miracle Morning,2022-11-24,76Qa6Gov7HHe02t7gvb1Ut,https://open.spotify.com/track/76Qa6Gov7HHe02t7gvb1Ut,scholarly contemplative minimalist
Essential Spirit,SPA & Piano,Piano Ambient Music (Massage),2022-02-04,0JexNxgA6Afze0MTWFdVhr,https://open.spotify.com/track/0JexNxgA6Afze0MTWFdVhr,scholarly contemplative minimalist
Ambient Piano,Sleeping Music Experience,Sleeping Music: Soft Relaxing Piano Music For Deep Sleep Music and Relaxation Music,2018-08-28,41n95AL3QCGqQBPKR16nZa,https://open.spotify.com/track/41n95AL3QCGqQBPKR16nZa,scholarly contemplative minimalist
"Peaceful Slumber Ambiance, Pt. 15",Sleep Fruits Music,"Sleep Fruits Session, Vol. 5",2023-08-29,7xpjGLVu0LMoszjD7Soeti,https://open.spotify.com/track/7xpjGLVu0LMoszjD7Soeti,scholarly contemplative minimalist
"Sleep Fruits Music, Pt. 19",Sleep Fruits Music,"Sleep Fruits Music, Vol. 8",2023-09-15,3ffxb4ZbGCyN21KDhAzy1u,https://open.spotify.com/track/3ffxb4ZbGCyN21KDhAzy1u,scholarly contemplative minimalist
Ambient Backgrounds,Space Radiance,Ambient Space Music,2019-11-03,3PHxwLGyQpYoG0dgevAeCI,https://open.spotify.com/track/3PHxwLGyQpYoG0dgevAeCI,scholarly contemplative minimalist
Ambient Music,Deep Sleep Music Experience,"Rain Sounds Sleep: Soft Piano Music and Asmr Rain Sounds For Deep Sleep, Relaxing Sleep Aid and Soothing Sleeping Music",2019-05-11,4nQcehdTJvCv89gloiTn4t,https://open.spotify.com/track/4nQcehdTJvCv89gloiTn4t,scholarly contemplative minimalist
Subtle Piano,Ambient Space,Sleep,2021-05-07,5MKrVKncHUmOAS8zqSSOdw,https://open.spotify.com/track/5MKrVKncHUmOAS8zqSSOdw,scholarly contemplative minimalist
Ambient Corporate,Maksym Tkhoryk,Chill Ambient,2022-06-07,5G6ddd85bSCx8Dg6HPQ7cV,https://open.spotify.com/track/5G6ddd85bSCx8Dg6HPQ7cV,scholarly contemplative minimalist
Ambient Background Guitar,Yoga Music,"Yoga Music: Calm Music For Yoga, Meditation Music and Spa Music For Relaxation",2019-02-14,7HdLcwHIrIcdcira1QCVtm,https://open.spotify.com/track/7HdLcwHIrIcdcira1QCVtm,scholarly contemplative minimalist
Ambient Guitar Spa Music,Spa Music Relaxation,"Spa: Background Instrumental Music and Nature Sounds For Spa Music, Massage Music, Yoga Music, Meditation Music, Healing Music, Deep Sleeping Music, Wellness and Mindfulness",2021-05-21,12sIAmMKmFxLYrREWMe1xS,https://open.spotify.com/track/12sIAmMKmFxLYrREWMe1xS,scholarly contemplative minimalist
Calm Space Ambient (Without Piano),Weightless,Deep Sleep Journey,2023-03-20,4eGs0IOfIMc08NdZHBC8tT,https://open.spotify.com/track/4eGs0IOfIMc08NdZHBC8tT,scholarly contemplative minimalist
Ambient Space Music,Space Radiance,Ambient Space Music,2019-11-03,1MvWbV6ZmTkv4iMuHM7RUw,https://open.spotify.com/track/1MvWbV6ZmTkv4iMuHM7RUw,scholarly contemplative minimalist
Ambient Piano Atmospheres Soundscapes,Maksym Tkhoryk,Chill Ambient,2022-06-07,7wMyGH57o1eiakpPmm99lw,https://open.spotify.com/track/7wMyGH57o1eiakpPmm99lw,scholarly contemplative minimalist
Gleam Guiding the Gauntlet of Genius,Ambientalism,Blissful Serenades,2021-07-07,32mZ5fxoKRHbIqWMqfw6jS,https://open.spotify.com/track/32mZ5fxoKRHbIqWMqfw6jS,scholarly contemplative minimalist
Slow Classy Background Ambient,Classy Bossa Piano Jazz,Classy Piano Jazz Background,2019-10-08,3I6tkpw1VNKJ8hkWrRIXev,https://open.spotify.com/track/3I6tkpw1VNKJ8hkWrRIXev,scholarly contemplative minimalist
Impressions,Ambient Endeavors,Impressions,2020-05-30,44Y021wfHO8PmefskFmhBR,https://open.spotify.com/track/44Y021wfHO8PmefskFmhBR,scholarly contemplative minimalist
Ambient Sleep Music,Sleeping Music,"Sleeping Music - Music to Sleep By, Relaxing Piano, Sleep Music, New Age Music, Meditation Music, Classical Piano, Soothing Piano",2012-05-08,3dmnluuxeIND6uRo4mzOFd,https://open.spotify.com/track/3dmnluuxeIND6uRo4mzOFd,scholarly contemplative minimalist
Experimental Dreamy Ethereal Choir,Rafael Krux,Neoclassical Ambient Choral Works,2022-02-14,3wstjRIVhwHROGv7Avp1Hd,https://open.spotify.com/track/3wstjRIVhwHROGv7Avp1Hd,scholarly contemplative minimalist
Ambient Landscape,Dream Shard,White Noise,2019-10-09,1Rlegc2WPdGF5KKund5L85,https://open.spotify.com/track/1Rlegc2WPdGF5KKund5L85,scholarly contemplative minimalist
Ambient Echo,Edward Abela,Ambient Echo,2018-09-10,1R2YndIZICOc9n02H0CdT2,https://open.spotify.com/track/1R2YndIZICOc9n02H0CdT2,scholarly contemplative minimalist
"Mysticism, Relaxation Music Instrumental, Pt. 1",Farino,Mystical Music and Sounds Instrumental (Mysticism - Relaxation Music),2014-07-07,0NISx9Eq6a72UGTMxkTEY9,https://open.spotify.com/track/0NISx9Eq6a72UGTMxkTEY9,scholarly contemplative minimalist
Ambient,Piano Peace,Music for Stress Relief,2018-03-27,1BkVKhcWhNQPskTxeG0Tqq,https://open.spotify.com/track/1BkVKhcWhNQPskTxeG0Tqq,scholarly contemplative minimalist
Ambient Writer Music,Writing Music Inspire,Jazz for Writing,2019-12-22,3FxeIZ3hv3ZQdUtdrdycCL,https://open.spotify.com/track/3FxeIZ3hv3ZQdUtdrdycCL,scholarly contemplative minimalist
Somnescence,Instrumental,"Instrumental Music: Relaxing Background Piano Music for Relaxation, Spa, Yoga, Meditation, Studying, Sleeping, Massage, Reading, Focus and Concentration",2017-06-15,02qGPX6OqASUXUn4untyoD,https://open.spotify.com/track/02qGPX6OqASUXUn4untyoD,scholarly contemplative minimalist
Ambient Inspiration,DensoMusic,Ambient Corporate Background,2021-03-21,3TusN0gYe1WDnsNm7d25rA,https://open.spotify.com/track/3TusN0gYe1WDnsNm7d25rA,scholarly contemplative minimalist
Contemplation,Stephan Sechi,Ambient Minimalism (Edited),2019-11-01,4GxEbxIHEKbBXPWnl8BKek,https://open.spotify.com/track/4GxEbxIHEKbBXPWnl8BKek,scholarly contemplative minimalist
Relaxing Ambience,Concentrating Music,Concentrating Music,2020-06-09,3eFMFs0Ec7FTMsRbZQtrjN,https://open.spotify.com/track/3eFMFs0Ec7FTMsRbZQtrjN,scholarly contemplative minimalist
Atmos,Somniscape,"Calm, Vol. 2",2019-04-16,6zrQS0vc9YcLY5ttLjDWQ7,https://open.spotify.com/track/6zrQS0vc9YcLY5ttLjDWQ7,scholarly contemplative minimalist
Ambient Piano Solo,Study Motivation,Upbeat Study Instrumentals For Focus,2022-07-11,4hjJllkp7hREJjhbIBNwnh,https://open.spotify.com/track/4hjJllkp7hREJjhbIBNwnh,scholarly contemplative minimalist
"Musical Ambient Melodies for Peaceful Thoughts, Pt. 1",Quiet Meditation Music,Musical Ambient Melodies for Peaceful Thoughts,2022-07-29,6BpcFPCz4GnQRrr92qMmWG,https://open.spotify.com/track/6BpcFPCz4GnQRrr92qMmWG,scholarly contemplative minimalist
Ambient,Peaceful Piano Keys,Dreamy Piano,2022-07-14,2q2Rdqs3Seh0dkZUtrPKcW,https://open.spotify.com/track/2q2Rdqs3Seh0dkZUtrPKcW,scholarly contemplative minimalist
Serenade Under the Starry Sky by the Campfire,Ambientalism,Blissful Serenades,2021-07-07,2KO26NdjdBUnOliD6WblYx,https://open.spotify.com/track/2KO26NdjdBUnOliD6WblYx,scholarly contemplative minimalist
Letters From The Past,The Ambientalist,Letters From The Past,2019-01-25,60vkWuXjo65miix20e7aa5,https://open.spotify.com/track/60vkWuXjo65miix20e7aa5,scholarly contemplative minimalist
Ambient Meditation Music,Meditation Music Experience,Meditation Music With Nature Sounds for Relaxation and Ambient Binaural Beats for Sleep,2018-03-07,2dYDkWAUtVdHFQwQV8QnyT,https://open.spotify.com/track/2dYDkWAUtVdHFQwQV8QnyT,scholarly contemplative minimalist
Piano Ambience,Easy Listening Background Music,Soft Study Grand Piano,2020-03-20,6f38F8u1617N0y5mbR59cI,https://open.spotify.com/track/6f38F8u1617N0y5mbR59cI,scholarly contemplative minimalist
Instrumental (Studying Music),Instrumental,"Instrumental Music: Calm Music for Relaxation, Yoga Music, Spa Music, Meditation Music, Sleeping Music, Massage Music, Studying Music and Relaxing Guitar Music for Sleep",2017-04-27,7uaPSs2nGg7XI5JhPYdMYI,https://open.spotify.com/track/7uaPSs2nGg7XI5JhPYdMYI,scholarly contemplative minimalist
Mystical Instrumental Guitar,Instrumental,"Instrumental Music: Calm Music for Relaxation, Yoga Music, Spa Music, Meditation Music, Sleeping Music, Massage Music, Studying Music and Relaxing Guitar Music for Sleep",2017-04-27,0T4PosR8ns7lAod71sInvH,https://open.spotify.com/track/0T4PosR8ns7lAod71sInvH,scholarly contemplative minimalist
Minimalism,Maksym Tkhoryk,Chill Ambient,2022-06-07,1duGoN8wvOTTiqRdG4uTx4,https://open.spotify.com/track/1duGoN8wvOTTiqRdG4uTx4,scholarly contemplative minimalist
Landscapes,Berlinist,Landscapes,2013-05-06,6qme4F5oavOlaceQVjBX8Q,https://open.spotify.com/track/6qme4F5oavOlaceQVjBX8Q,scholarly contemplative minimalist
Consolidation,Quiet Quest,Ambient Music for Deep Focus,2022-09-02,7DOJMY7StKVLtWLkoy2JOu,https://open.spotify.com/track/7DOJMY7StKVLtWLkoy2JOu,scholarly contemplative minimalist
Sleep Ambience,The Deep Sleep Scientists,Music to Sleep,2020-08-21,3EwzkZk7RXqD6uPnwJxUyS,https://open.spotify.com/track/3EwzkZk7RXqD6uPnwJxUyS,scholarly contemplative minimalist
The Room Alight,Harold Budd,The Room,2000-08-04,38rzuZXOWSvp4NpAm0GCE8,https://open.spotify.com/track/38rzuZXOWSvp4NpAm0GCE8,scholarly contemplative minimalist
A# Pad,Ambient Pads,01,2019-01-01,6FurOAIA21c7TK6fq6jKD8,https://open.spotify.com/track/6FurOAIA21c7TK6fq6jKD8,scholarly contemplative minimalist
Meersburg,Ambientalism,Blissful Serenades,2021-07-07,0e3HcdT7BTIqMukLTqK1qC,https://open.spotify.com/track/0e3HcdT7BTIqMukLTqK1qC,scholarly contemplative minimalist
Ambient Instrumental,Jazz Guitar Music Zone,"Jazz Music Relaxation – Easy Listening Smooth Jazz, After Work Relax, Ambient Instrumental Soft Jazz, Cool Modern Jazz",2017-04-04,5IVs7bFrvGa6lAdNlzbdcn,https://open.spotify.com/track/5IVs7bFrvGa6lAdNlzbdcn,scholarly contemplative minimalist
Ambient Lounge,Smooth Jazz Music Academy,"Jazz in the Background - Soft Relaxing Collection for Cafe, Restaurant, Museum, Waiting Room & Hotel Lobby",2018-05-23,0QX3cpxFcNyD0IuhqQkPfV,https://open.spotify.com/track/0QX3cpxFcNyD0IuhqQkPfV,scholarly contemplative minimalist
Intrinsic Ambient,Calm Music for Studying,Exam Tomorrow,2022-09-23,4jEMJUoDKbXdtv1V0jtQ19,https://open.spotify.com/track/4jEMJUoDKbXdtv1V0jtQ19,scholarly contemplative minimalist
Within,Somniscape,"Calm, Vol. 1",2018-06-14,1bw53E3D13KSG2shFPMMHO,https://open.spotify.com/track/1bw53E3D13KSG2shFPMMHO,scholarly contemplative minimalist
Ambient,Jeff Newmann,Slow Motion,1996-09-03,1ZZfxNZuWI6RHgY8wMczv2,https://open.spotify.com/track/1ZZfxNZuWI6RHgY8wMczv2,scholarly contemplative minimalist
Mindful Piano Background Ambience,Study Motivation,Upbeat Study Instrumentals For Focus,2022-07-11,5JJKXLvXMMwP3qUnm5mJRm,https://open.spotify.com/track/5JJKXLvXMMwP3qUnm5mJRm,scholarly contemplative minimalist
Ambient Piano Sleep Music,Study Power,"Piano and Ocean Waves: Relaxing Instrumental Music and Nature Sounds For Spa Music, Massage Music, Studying Music and Sleep Music, Vol. 2",2019-04-30,4Ko3GCiwF6MHGARk2zU18M,https://open.spotify.com/track/4Ko3GCiwF6MHGARk2zU18M,scholarly contemplative minimalist
Background of Space,Space Radiance,Ambient Space Music,2019-11-03,4O9gv3xiMek2hBaaNRDBor,https://open.spotify.com/track/4O9gv3xiMek2hBaaNRDBor,scholarly contemplative minimalist
G Major: Ambient Pads,Lead Worship,Ambient Pads,2018-01-03,4XS0rqKO7RgUmIkJhSEY5K,https://open.spotify.com/track/4XS0rqKO7RgUmIkJhSEY5K,scholarly contemplative minimalist
"Musical Ambient Melodies for Peaceful Thoughts, Pt. 4",Quiet Meditation Music,Musical Ambient Melodies for Peaceful Thoughts,2022-07-29,1qMhuoqUXwz2pJniLoxUUO,https://open.spotify.com/track/1qMhuoqUXwz2pJniLoxUUO,scholarly contemplative minimalist
Ambiences,Jade Wii,Cosmos,2019-04-17,6Fb1z2a3Z8QD4nv7r918nH,https://open.spotify.com/track/6Fb1z2a3Z8QD4nv7r918nH,scholarly contemplative minimalist
A Major: Ambient Pads,Lead Worship,Ambient Pads,2018-01-03,1QZOGA4YukZezxIyaXG2IJ,https://open.spotify.com/track/1QZOGA4YukZezxIyaXG2IJ,scholarly contemplative minimalist
"Musical Ambient Melodies for Peaceful Thoughts, Pt. 2",Quiet Meditation Music,Musical Ambient Melodies for Peaceful Thoughts,2022-07-29,2PXbxnp7YEsIneWns3gOxk,https://open.spotify.com/track/2PXbxnp7YEsIneWns3gOxk,scholarly contemplative minimalist
Fields,Somniscape,"Calm, Vol. 2",2019-04-16,6rTgFn2ZALpLwElnvCf0dC,https://open.spotify.com/track/6rTgFn2ZALpLwElnvCf0dC,scholarly contemplative minimalist
Instrumental Music (For Studying),Instrumental,"Instrumental Music: Calm Music for Relaxation, Yoga Music, Spa Music, Meditation Music, Sleeping Music, Massage Music, Studying Music and Relaxing Guitar Music for Sleep",2017-04-27,41SY1bbjStP2ZZTROOinVV,https://open.spotify.com/track/41SY1bbjStP2ZZTROOinVV,scholarly contemplative minimalist
Gentle Sleep Piano,Ambient Space,Sleep,2021-05-07,4BarVorjamORLJ57KLEA95,https://open.spotify.com/track/4BarVorjamORLJ57KLEA95,scholarly contemplative minimalist
Ambient Study for Focus,Work Music,Effective Brainwaves That Improve Concentration and Focus,2022-09-15,5PzvZnmt7tTiC01W2rSQZo,https://open.spotify.com/track/5PzvZnmt7tTiC01W2rSQZo,scholarly contemplative minimalist
Instrumental Piano,Study Piano,"Easy Listening Piano: Chillout Study Music for Concentration, Relaxation, Exams, Focus on Learning, Serenity and Brain Power",2015-12-14,7dTFqgU94CZCvHS6mlmmkX,https://open.spotify.com/track/7dTFqgU94CZCvHS6mlmmkX,scholarly contemplative minimalist
safezone,Borealism,DVALE,2018-03-14,2nkDTBIZGvdF8EpCLbou0L,https://open.spotify.com/track/2nkDTBIZGvdF8EpCLbou0L,scholarly contemplative minimalist
"Ambient Sleep Sounds (Mindfulness & Relaxation), Pt. 04",Sleepy John,Ambient Sleep Sounds (Mindfulness & Relaxation),2018,2JPRj0R4I3ej3YzT84mHZZ,https://open.spotify.com/track/2JPRj0R4I3ej3YzT84mHZZ,scholarly contemplative minimalist
Minimal Soft Corporate Background,DensoMusic,Ambient Corporate Background,2021-03-21,4aQLOzDSXGrzYiN1G5xEsX,https://open.spotify.com/track/4aQLOzDSXGrzYiN1G5xEsX,scholarly contemplative minimalist
Ambient Piano Nights,The Deep Sleep Scientists,Sleeping Music: Music to Sleep to. Gentle Calm Piano and Relaxing Soothing Sounds for a Relaxing Sleep.,2020-07-17,4TpvucSpeqHtAH7QzuOjoW,https://open.spotify.com/track/4TpvucSpeqHtAH7QzuOjoW,scholarly contemplative minimalist
Contemporary Ambience for Daydreaming Moments,Instrumental Lobby Music,Summer Grooves,2023-07-19,2eIH8dXcJWaYwMXMlxtXuP,https://open.spotify.com/track/2eIH8dXcJWaYwMXMlxtXuP,scholarly contemplative minimalist
Inspirational Piano Ambient,AShamaluevMusic,Inspirational Piano Ambient,2019-06-20,2R1LD6Yd6Cra8qC7fAqD0U,https://open.spotify.com/track/2R1LD6Yd6Cra8qC7fAqD0U,scholarly contemplative minimalist
Ambient Piano Sleep,Piano Peace,"Instrumental Piano For Studying Music, Music For Reading, Focus and Concentration",2020-11-27,75RGFOS74dNP6nHkh1tsVk,https://open.spotify.com/track/75RGFOS74dNP6nHkh1tsVk,scholarly contemplative minimalist
Reflective Moment,Earth Essence,"Easy Listening Piano: Instrumental Piano, New Age Piano, Relaxing Piano, Background Music, Calm Piano, Piano Music, New Age Music, Soothing Piano, Relaxing Music",2012-10-19,0kG7NoFnZeEKMATPOEz2JF,https://open.spotify.com/track/0kG7NoFnZeEKMATPOEz2JF,scholarly contemplative minimalist
Ambient Inspiring Piano,DS Productions,Ambient Inspiring Piano,2020-07-25,3vSkSMQqe5CzQZQLHtkbIE,https://open.spotify.com/track/3vSkSMQqe5CzQZQLHtkbIE,scholarly contemplative minimalist
Smooth Piano Ambient,Slow Relaxing Jazz,Slow Relaxing Jazz Playlist,2019-07-15,2UKYmT1es5575bqAIa0Zhz,https://open.spotify.com/track/2UKYmT1es5575bqAIa0Zhz,scholarly contemplative minimalist
Instrumental Music,Concentration Music for Work,"Concentration Music For Work: Studying Music For Focus, Background Music For Reading, Calm Study Music, Office Music, Easy Listening Background Music and The Best Studying Music",2020-02-28,4fUgCPe20i10TWIcfBlQps,https://open.spotify.com/track/4fUgCPe20i10TWIcfBlQps,scholarly contemplative minimalist
Quiet Ambient Chill,Yoga Music,"Yoga, Vol. 1",2021-06-19,6Khpr6shTVb5m5YA6kDohx,https://open.spotify.com/track/6Khpr6shTVb5m5YA6kDohx,scholarly contemplative minimalist
Ambient Relaxation,Ambient Space,Ambient Relaxation,2021-05-06,6hyYXfuWqTD6HCd40FrLgN,https://open.spotify.com/track/6hyYXfuWqTD6HCd40FrLgN,scholarly contemplative minimalist
"Musical Ambient Melodies for Peaceful Thoughts, Pt. 3",Quiet Meditation Music,Musical Ambient Melodies for Peaceful Thoughts,2022-07-29,4MJz6hSEghoOgbexqyJkti,https://open.spotify.com/track/4MJz6hSEghoOgbexqyJkti,scholarly contemplative minimalist
A#,Ambient Pads,02,2020-03-25,3hrkfqgBiT90YXN4gLL8zw,https://open.spotify.com/track/3hrkfqgBiT90YXN4gLL8zw,scholarly contemplative minimalist
Soothing Sleep Piano,Ambient Space,Sleep,2021-05-07,22Kmj2KVLT7dSNSeVfNSSC,https://open.spotify.com/track/22Kmj2KVLT7dSNSeVfNSSC,scholarly contemplative minimalist
"Musical Ambient Melodies for Peaceful Thoughts, Pt. 9",Quiet Meditation Music,Musical Ambient Melodies for Peaceful Thoughts,2022-07-29,1f6l8TyunmOIQKctRvxXvs,https://open.spotify.com/track/1f6l8TyunmOIQKctRvxXvs,scholarly contemplative minimalist
"Musical Ambient Melodies for Peaceful Thoughts, Pt. 5",Quiet Meditation Music,Musical Ambient Melodies for Peaceful Thoughts,2022-07-29,0hK8bGj8FQlsf0QTriD7Sa,https://open.spotify.com/track/0hK8bGj8FQlsf0QTriD7Sa,scholarly contemplative minimalist
"Musical Ambient Melodies for Peaceful Thoughts, Pt. 10",Quiet Meditation Music,Musical Ambient Melodies for Peaceful Thoughts,2022-07-29,5EDucIBCfQB4qmybBFFpyV,https://open.spotify.com/track/5EDucIBCfQB4qmybBFFpyV,scholarly contemplative minimalist
Peaceful Rest,Ambient Space,Sleep,2021-05-07,49tS2VbOg3JN4hjWOaNnq8,https://open.spotify.com/track/49tS2VbOg3JN4hjWOaNnq8,scholarly contemplative minimalist
Gradual Demise,Ambient Forest,Crystal Soft Meditation Music,2017,4T34vd0TbyWz0UWv8i817G,https://open.spotify.com/track/4T34vd0TbyWz0UWv8i817G,scholarly contemplative minimalist
A,Ambient Pads,02,2020-03-25,2rFTrQHfDnrJMCSbIZKgfI,https://open.spotify.com/track/2rFTrQHfDnrJMCSbIZKgfI,scholarly contemplative minimalist
Ambinet Relaxation,Namasté Waheguru,"Restorative Yoga – Intrumental Background Music for Easy Yoga Classes, Asana and Relaxation",2016-09-07,0Qs0B7tna0eWp50ACujSyr,https://open.spotify.com/track/0Qs0B7tna0eWp50ACujSyr,scholarly contemplative minimalist
Relaxing Ambient Sounds,Gentle Instrumental Music Paradise,"50 Relaxing Ambient Sounds (Inner Power, Deep Sleep, Healing Instrumental Music, Relaxation, Meditation, Yoga, Rest, Stress Relief)",2018-05-21,1yCgDCMk3ErJv5T046IbzW,https://open.spotify.com/track/1yCgDCMk3ErJv5T046IbzW,scholarly contemplative minimalist
Dreamy Ambient Piano,The Deep Sleep Scientists,Sleeping Music: Music to Sleep to. Gentle Calm Piano and Relaxing Soothing Sounds for a Relaxing Sleep.,2020-07-17,23ClN9Xd1xsAmVoNQysa3B,https://open.spotify.com/track/23ClN9Xd1xsAmVoNQysa3B,scholarly contemplative minimalist
Ambient Piano,Piano Mood,"Easy Listening Piano Songs: Peaceful and Relaxing Intrumental Music for Stress Relief, Positive Thinking and Healing Meditation",2015-12-09,1XiWsAtm5yaRiDAaALh8cw,https://open.spotify.com/track/1XiWsAtm5yaRiDAaALh8cw,scholarly contemplative minimalist
Ambient Piano,Relaxing Piano Club,"Keep Calm and Study: Easy Listening Piano Music for Concentration, Brain Power",2016-01-09,4wfXABNEe3KwAMKL5FQh2T,https://open.spotify.com/track/4wfXABNEe3KwAMKL5FQh2T,scholarly contemplative minimalist
Atmospheric Piano,Ambient Space,Ambient Relaxation,2021-05-06,0Z21V50CjznFQQPdBn6jDI,https://open.spotify.com/track/0Z21V50CjznFQQPdBn6jDI,scholarly contemplative minimalist
Ambient Piano For Focus,Study Music Research,Study Music Research For Homework Focus,2022-02-28,1G8NldkxbZCvY94p8H4LJ8,https://open.spotify.com/track/1G8NldkxbZCvY94p8H4LJ8,scholarly contemplative minimalist
Photograph - Ambient Piano Instrumental,Cozy Koala,Photograph - Ambient Piano Instrumental,2022-09-23,3R8BhP8zHh6zqmbSOADf7G,https://open.spotify.com/track/3R8BhP8zHh6zqmbSOADf7G,scholarly contemplative minimalist
Ambient Piano Solo,Jazz Music Lounge,Classic Jazz For Relaxing,2021-12-03,6PT3HXy9XqV2YjuoHe9rt7,https://open.spotify.com/track/6PT3HXy9XqV2YjuoHe9rt7,scholarly contemplative minimalist
Spa Ambient Sounds,Spa Music & Meditation Collective,Deep Meditation,2019-09-22,1VwhaBojLokH768M2JXdPC,https://open.spotify.com/track/1VwhaBojLokH768M2JXdPC,scholarly contemplative minimalist
Relaxing Instrumental Music - Flute Music,Ambient Arena,Christian Meditation Music - Relaxing Sleep Music and Meditation Hymns & Prayers for Spirituality and Healing,2015-10-30,7qoSz7OTET2tzFRFxuAnNn,https://open.spotify.com/track/7qoSz7OTET2tzFRFxuAnNn,scholarly contemplative minimalist
Quiet Guitar Reflection,Earth Essence,"Sleep Music: Instrumental Piano, Calm Piano, Soothing Piano, Meditation Music, Healing Music, New Age Piano, Relaxing Piano Music, Therapy Music, Massage Music, Healing Music",2012-11-09,3uBNL2uuzgteWb4AsgpX3C,https://open.spotify.com/track/3uBNL2uuzgteWb4AsgpX3C,scholarly contemplative minimalist
Morning - Instrumental,Modern Headspace,"Lofi Instrumentals, Vol. 1",2022-02-18,3f8VnDx53veJjNQvDNU67c,https://open.spotify.com/track/3f8VnDx53veJjNQvDNU67c,scholarly contemplative minimalist
Background Music,Soothing Piano Music Universe,"Relaxing Instumental Ambient – Soft Piano Jazz, Sensual Piano, Soothing and Smooth Jazz, Cafe Lounge, Background Music for Relaxation",2016-02-05,4cBu4qC1lqICooI3qfdVCN,https://open.spotify.com/track/4cBu4qC1lqICooI3qfdVCN,scholarly contemplative minimalist
Quill,Somniscape,"Calm, Vol. 1",2018-06-14,69RgjYJVwlQ6sJL1PkQd0d,https://open.spotify.com/track/69RgjYJVwlQ6sJL1PkQd0d,scholarly contemplative minimalist
"Musical Ambient Melodies for Peaceful Thoughts, Pt. 18",Quiet Meditation Music,Musical Ambient Melodies for Peaceful Thoughts,2022-07-29,0gGf4F0U7V1DiAMNCpo6BQ,https://open.spotify.com/track/0gGf4F0U7V1DiAMNCpo6BQ,scholarly contemplative minimalist
"Musical Ambient Melodies for Peaceful Thoughts, Pt. 7",Quiet Meditation Music,Musical Ambient Melodies for Peaceful Thoughts,2022-07-29,1ufBExFuVQXLNue0KW89TM,https://open.spotify.com/track/1ufBExFuVQXLNue0KW89TM,scholarly contemplative minimalist
"Musical Ambient Melodies for Peaceful Thoughts, Pt. 8",Quiet Meditation Music,Musical Ambient Melodies for Peaceful Thoughts,2022-07-29,19SLA95hqMKkTAr949SuJ4,https://open.spotify.com/track/19SLA95hqMKkTAr949SuJ4,scholarly contemplative minimalist
Ambient Nature Sounds Sleep Music,Meditation Music Experience,Meditation Music With Nature Sounds for Relaxation and Ambient Binaural Beats for Sleep,2018-03-07,0DVwSa7hF1pgs0LRcJDHwE,https://open.spotify.com/track/0DVwSa7hF1pgs0LRcJDHwE,scholarly contemplative minimalist
Ethereal,Ambient Space,Sleep,2021-05-07,5AmbfgAzhHzcwBvqoQSaFb,https://open.spotify.com/track/5AmbfgAzhHzcwBvqoQSaFb,scholarly contemplative minimalist
Room Four,Ambienti Coassiali,Vol. 1 (Room 1-6),2018-04-13,4xRGL2mc2d5oDfGhq3oNbC,https://open.spotify.com/track/4xRGL2mc2d5oDfGhq3oNbC,scholarly contemplative minimalist
Ambient Natural Sounds,Beautiful Deep Sleep Music Universe,"50 Therapy with Nature Sounds: Relaxing Instrumental Music & Healing Sounds of Tropical Rain Storms, Forest, Waterfalls for Yoga Meditation, Complete Spa Treatment & Deep Sleep",2017-04-20,6PG0t9NeP85w3nmoYlOhqi,https://open.spotify.com/track/6PG0t9NeP85w3nmoYlOhqi,scholarly contemplative minimalist
Instrumental Song for Study and Reflection,Focus,Study Session: Instrumental Background Music for Study and Concentration,2021-11-17,58M0UY9wD4PG95aIgDGVIg,https://open.spotify.com/track/58M0UY9wD4PG95aIgDGVIg,scholarly contemplative minimalist
Super Slow Ambient Mood Music,Cool Instrumental Jazz Collective,Smooth Coffee House Jazz Background,2019-09-08,5TfvSegKpmIfCFlEPcZ4IG,https://open.spotify.com/track/5TfvSegKpmIfCFlEPcZ4IG,scholarly contemplative minimalist
Atmospheric Strings,Ambient Space,Ambient Relaxation,2021-05-06,57c5s4nnpsmpSTfR1ey1QN,https://open.spotify.com/track/57c5s4nnpsmpSTfR1ey1QN,scholarly contemplative minimalist
Piano and Strings,Ambient Space,Ambient Relaxation,2021-05-06,6WDwb1ST60HZgN249lVu0e,https://open.spotify.com/track/6WDwb1ST60HZgN249lVu0e,scholarly contemplative minimalist
Calm Instrumental Background Music with Rain Sound,Healing Nature,"Collection Of Natural Sounds And Relaxing Meditation Music (Deep Sleep, White Noise, Ambient, Focus)",2020-04-09,1HmhvTE1WarcJG9VqJBM5l,https://open.spotify.com/track/1HmhvTE1WarcJG9VqJBM5l,scholarly contemplative minimalist
Ambient Delusion,Les Cieu,Ambient Delusion,2017-11-10,0U4IPLole7Et879mX4sTR1,https://open.spotify.com/track/0U4IPLole7Et879mX4sTR1,scholarly contemplative minimalist
Ambient Music For Sleep,Ambient Music Therapy,Ambient Music For Sleep: Ambient Sleep Music For Insomnia,2006-01-01,12qKNy490CcKVzpi95o2or,https://open.spotify.com/track/12qKNy490CcKVzpi95o2or,scholarly contemplative minimalist
Emotional Ambient,AShamaluevMusic,Emotional Ambient,2019-07-18,3jgl9nSnstp1bIsdpvd8AS,https://open.spotify.com/track/3jgl9nSnstp1bIsdpvd8AS,scholarly contemplative minimalist
Spa Ambient Music,Spa Music & Meditation Collective,Deep Meditation,2019-09-22,73fleQqfT3LfN8hzYATwZb,https://open.spotify.com/track/73fleQqfT3LfN8hzYATwZb,scholarly contemplative minimalist
Intrinsic,Adrian Disch,The Promise of Finding,2021-03-03,3MSyd67rtVXWre2fJ5Ioq2,https://open.spotify.com/track/3MSyd67rtVXWre2fJ5Ioq2,scholarly contemplative minimalist
Ambient Piano Music,Sweet Dreams Universe,"Deep Sleep Music: Relaxing Piano and Rain Sounds Sleep Aid, Calm Music For Sleep and Sleeping Music For Sleeping",2019-06-10,33HTBQGMJA0Xr9p9xWBHF2,https://open.spotify.com/track/33HTBQGMJA0Xr9p9xWBHF2,scholarly contemplative minimalist
Sustainable,H.Takahashi,Escapism,2018-09-28,56F4C2nAHoUHirgWqoMuhc,https://open.spotify.com/track/56F4C2nAHoUHirgWqoMuhc,scholarly contemplative minimalist
Ambient Music For Deep Sleep,Ambient Music Therapy,Ambient Deep Sleep: Deep Sleep Experience 2,2006-01-01,3X8MwC87vWPqQLM7z6dOgo,https://open.spotify.com/track/3X8MwC87vWPqQLM7z6dOgo,scholarly contemplative minimalist
Pure Class,Smoky,Minimal Sounds,2019-09-20,3L3sBs2YzQavYW4CSEBLii,https://open.spotify.com/track/3L3sBs2YzQavYW4CSEBLii,scholarly contemplative minimalist
Ambient Music,Sweet Dreams Universe,"Deep Sleep Music: Relaxing Piano and Rain Sounds Sleep Aid, Calm Music For Sleep and Sleeping Music For Sleeping",2019-06-10,3LnCl4BoAgELq2SPRjc00h,https://open.spotify.com/track/3LnCl4BoAgELq2SPRjc00h,scholarly contemplative minimalist
Ambient Jazz Solo,Jazz Music Lounge,Classic Jazz For Relaxing,2021-12-03,2VDQxvzBWbH5Ak8025e1sU,https://open.spotify.com/track/2VDQxvzBWbH5Ak8025e1sU,scholarly contemplative minimalist
"Ambient Sleep Sounds (Mindfulness & Relaxation), Pt. 29",Sleepy John,Ambient Sleep Sounds (Mindfulness & Relaxation),2018,1kTLcTGTFujphTrWBdpIys,https://open.spotify.com/track/1kTLcTGTFujphTrWBdpIys,scholarly contemplative minimalist
"Ambient Sleep Sounds (Mindfulness & Relaxation), Pt. 31",Sleepy John,Ambient Sleep Sounds (Mindfulness & Relaxation),2018,4uoq16htH9EkyQzvYGCZln,https://open.spotify.com/track/4uoq16htH9EkyQzvYGCZln,scholarly contemplative minimalist
Unexpected Emotion,The Ambientalist,Unexpected Emotion,2018-06-23,2DO60JFesRKgueqtZCasYP,https://open.spotify.com/track/2DO60JFesRKgueqtZCasYP,scholarly contemplative minimalist
Blossom,PraiseCharts,Soundscapes | Ambient Melodies for Worship,2017-09-08,0Acuc3crqGROsijwZKYKYP,https://open.spotify.com/track/0Acuc3crqGROsijwZKYKYP,scholarly contemplative minimalist
"Peaceful Ambient Morning, Pt. 2",Ambient,Peaceful Ambient Morning,2022-04-05,0O0Vq4uvGrFnZGeOFuZD6X,https://open.spotify.com/track/0O0Vq4uvGrFnZGeOFuZD6X,scholarly contemplative minimalist
Ambient Piano Music,Sleeping Music,"Deep Sleep Music: Soothing Piano Music for Sleeping, Calm Music Sleep Aid, Ambient Relaxation Music and Relaxing Sleeping Music",2017-08-13,6gBKP1gvlQQnHqihxPpvt6,https://open.spotify.com/track/6gBKP1gvlQQnHqihxPpvt6,scholarly contemplative minimalist
Instrumental Piano,Relax Mood,"Easy Listening Piano - Soothing Piano Music for Meditation, Background, Sleeping Music and Positive Thinking.",2016-01-18,1z175Wmx3KvigJBcuiBGXY,https://open.spotify.com/track/1z175Wmx3KvigJBcuiBGXY,scholarly contemplative minimalist
Wordless Instrumental Focus,Focus at Work Jazz,Focus Jazz,2019-11-25,64k7LPYOg4wsuMSU42JAaN,https://open.spotify.com/track/64k7LPYOg4wsuMSU42JAaN,scholarly contemplative minimalist
Ambient Guitar Sleeping Music (Soothing Wave Sounds),Deep Sleep Music Collective,Sleep Music With Asmr Ocean Waves Sounds for Deep Sleep and Ambient Guitar Sleeping Music,2017-11-21,6I6AAECXYGGZIb5ibbXXrJ,https://open.spotify.com/track/6I6AAECXYGGZIb5ibbXXrJ,scholarly contemplative minimalist
Slow Ambient Breakfast Music,Sunday Morning Jazz,Bossa Nova Piano Music for Calm Sunday Mornings,2019-11-06,63WPOLtPq7gGmypW8MF4tV,https://open.spotify.com/track/63WPOLtPq7gGmypW8MF4tV,scholarly contemplative minimalist
Ambient Background Music for Sleep,Sleeping Music,"Deep Sleep Music: Soothing Piano Music for Sleeping, Calm Music Sleep Aid, Ambient Relaxation Music and Relaxing Sleeping Music",2017-08-13,3BQCoKkgLn5DWPaoNuyKzh,https://open.spotify.com/track/3BQCoKkgLn5DWPaoNuyKzh,scholarly contemplative minimalist
"Ambient Sleep Sounds (Mindfulness & Relaxation), Pt. 48",Sleepy John,Ambient Sleep Sounds (Mindfulness & Relaxation),2018,59NDamo0iGaR5FrsgwZgYz,https://open.spotify.com/track/59NDamo0iGaR5FrsgwZgYz,scholarly contemplative minimalist
"Ambient Sleep Sounds (Mindfulness & Relaxation), Pt. 46",Sleepy John,Ambient Sleep Sounds (Mindfulness & Relaxation),2018,4O12BLRGw9quz3O6ERELdw,https://open.spotify.com/track/4O12BLRGw9quz3O6ERELdw,scholarly contemplative minimalist
Spa Ambient,Spa Music & Meditation Collective,Deep Meditation,2019-09-22,2iskD1Zhk23RVCpgfubdyd,https://open.spotify.com/track/2iskD1Zhk23RVCpgfubdyd,scholarly contemplative minimalist
"Ambient Sleep Sounds (Mindfulness & Relaxation), Pt. 45",Sleepy John,Ambient Sleep Sounds (Mindfulness & Relaxation),2018,4EHucq6C7DYJOp0wqYGJRA,https://open.spotify.com/track/4EHucq6C7DYJOp0wqYGJRA,scholarly contemplative minimalist
"Ambient Sleep Sounds (Mindfulness & Relaxation), Pt. 33",Sleepy John,Ambient Sleep Sounds (Mindfulness & Relaxation),2018,3syDZsml4d2m5YlHKEivgw,https://open.spotify.com/track/3syDZsml4d2m5YlHKEivgw,scholarly contemplative minimalist
"Ambient Sleep Sounds (Mindfulness & Relaxation), Pt. 44",Sleepy John,Ambient Sleep Sounds (Mindfulness & Relaxation),2018,2JgQXhJ1Nvew1RkyNRQh9N,https://open.spotify.com/track/2JgQXhJ1Nvew1RkyNRQh9N,scholarly contemplative minimalist
"Ambient Sleep Sounds (Mindfulness & Relaxation), Pt. 40",Sleepy John,Ambient Sleep Sounds (Mindfulness & Relaxation),2018,5nsHI0g4H8v9xGe3mrkiee,https://open.spotify.com/track/5nsHI0g4H8v9xGe3mrkiee,scholarly contemplative minimalist
C#,Ambient Pads,02,2020-03-25,4izQyIi5SRtzZ1OiK5F4up,https://open.spotify.com/track/4izQyIi5SRtzZ1OiK5F4up,scholarly contemplative minimalist
"Ambient Sleep Sounds (Mindfulness & Relaxation), Pt. 26",Sleepy John,Ambient Sleep Sounds (Mindfulness & Relaxation),2018,24ABtge4nog7S7IKZFnJJq,https://open.spotify.com/track/24ABtge4nog7S7IKZFnJJq,scholarly contemplative minimalist
Ambient Ripples,Mind Amend,Peak Focus For Complex Tasks Isochronic Tones Study Music,2015-04-08,7MjgpsqE2xhKr80iiiAtb0,https://open.spotify.com/track/7MjgpsqE2xhKr80iiiAtb0,scholarly contemplative minimalist
"Ambient Sleep Sounds (Mindfulness & Relaxation), Pt. 42",Sleepy John,Ambient Sleep Sounds (Mindfulness & Relaxation),2018,1y4HGcQPzt0j5lOECJLsI0,https://open.spotify.com/track/1y4HGcQPzt0j5lOECJLsI0,scholarly contemplative minimalist
Ambient Guitar and Choir - Instrumental,Easy Listening Music Lounge,Ambient Guitar and Choir (Instrumental),2021-05-19,3KZybKg1sJTyIOmBFpjw7X,https://open.spotify.com/track/3KZybKg1sJTyIOmBFpjw7X,scholarly contemplative minimalist
Instrumental Background,Liquid Spirit Out,Music For Relaxation - Quiet Relaxing Music,2017-04-04,2KcU5JQ3Sm7yG3bazSyimK,https://open.spotify.com/track/2KcU5JQ3Sm7yG3bazSyimK,scholarly contemplative minimalist
Ambient Piano Deep Sleep,Piano Peace,"Instrumental Piano For Studying Music, Music For Reading, Focus and Concentration",2020-11-27,0WEgM06tOIqGLnkCUPTQRw,https://open.spotify.com/track/0WEgM06tOIqGLnkCUPTQRw,scholarly contemplative minimalist
Inward Gaze 'Neath the Oak,Ambientalism,Blissful Serenades,2021-07-07,0IXFv2hWjaZUJEztWicZLr,https://open.spotify.com/track/0IXFv2hWjaZUJEztWicZLr,scholarly contemplative minimalist
Decorations Ambient,Library Of The Human Soul,Christmas (Ambient Edition),2016-01-10,5UoiE19lb7SlCUZNDhwWMX,https://open.spotify.com/track/5UoiE19lb7SlCUZNDhwWMX,scholarly contemplative minimalist
Ambient Instrumental Study,Study Music Project,Fall Semester,2023-09-23,0JUw7Oncgdf9YB4KEyiM2f,https://open.spotify.com/track/0JUw7Oncgdf9YB4KEyiM2f,scholarly contemplative minimalist
"Peaceful Ambient Morning, Pt. 16",Peaceful Pieces,Peaceful Ambient Morning,2022-04-05,0BUtupxi3qB7HXONA44rvV,https://open.spotify.com/track/0BUtupxi3qB7HXONA44rvV,scholarly contemplative minimalist
Ambience,Stephan Sechi,Ambient Minimalism (Edited),2019-11-01,1kL5wXvzJNNkphnOY88z33,https://open.spotify.com/track/1kL5wXvzJNNkphnOY88z33,scholarly contemplative minimalist
F Major: Ambient Pads,Lead Worship,Ambient Pads,2018-01-03,3WOEmk9kcOm6O4eI7FGJOF,https://open.spotify.com/track/3WOEmk9kcOm6O4eI7FGJOF,scholarly contemplative minimalist
Ambient Background Corporate,DensoMusic,Ambient Soft Corporate Collection,2022-04-25,5KPBgq1dVbqE1F5E1j2x8C,https://open.spotify.com/track/5KPBgq1dVbqE1F5E1j2x8C,scholarly contemplative minimalist
Ambient Piano Spa Music,Massage Music,Massage Music,2005-04-01,1iGicdBbtzFDbU4MAvKYpH,https://open.spotify.com/track/1iGicdBbtzFDbU4MAvKYpH,scholarly contemplative minimalist
Atmospheric Sounds,Ambient Space,Ambient Relaxation,2021-05-06,5pcp6tycG23FEGVNbl5OwV,https://open.spotify.com/track/5pcp6tycG23FEGVNbl5OwV,scholarly contemplative minimalist
Soothe,Ambient Space,Ambient Relaxation,2021-05-06,65H2WFAtb4XpiwkPHzEPBI,https://open.spotify.com/track/65H2WFAtb4XpiwkPHzEPBI,scholarly contemplative minimalist
Reflective,Josep Alba,Beautiful,2022-10-07,1Z29TurXAwEHeo6WfTGhdR,https://open.spotify.com/track/1Z29TurXAwEHeo6WfTGhdR,scholarly contemplative minimalist
Instrumental Study,Peacefull Piano,Concentration,2019-02-13,0tiX0ROUCcGczT5Pf79UFM,https://open.spotify.com/track/0tiX0ROUCcGczT5Pf79UFM,scholarly contemplative minimalist
Mindfulness,Quiet Quest,"Ambient Music for Studying, Vol. 1",2022-11-11,57aMj9mAu2JX471v5NH48v,https://open.spotify.com/track/57aMj9mAu2JX471v5NH48v,scholarly contemplative minimalist
Contemplation II,Hiemal,Contemplation I,2022-03-11,5GQqny6Jmu9FDeAG7e3Ijt,https://open.spotify.com/track/5GQqny6Jmu9FDeAG7e3Ijt,scholarly contemplative minimalist
Ambient Music,Relax Mood,"Easy Listening Piano - Soothing Piano Music for Meditation, Background, Sleeping Music and Positive Thinking.",2016-01-18,5qAHCfgRg1suaX5z3ikHJ1,https://open.spotify.com/track/5qAHCfgRg1suaX5z3ikHJ1,scholarly contemplative minimalist
"Ambient Sleep Sounds (Mindfulness & Relaxation), Pt. 47",Sleepy John,Ambient Sleep Sounds (Mindfulness & Relaxation),2018,5QnVQabJIPr1mJhLezABKt,https://open.spotify.com/track/5QnVQabJIPr1mJhLezABKt,scholarly contemplative minimalist
Ogden,Ambient Endeavors,Ogden,2019-09-10,49Mu0KPNWMiqNBBwv4OBr0,https://open.spotify.com/track/49Mu0KPNWMiqNBBwv4OBr0,scholarly contemplative minimalist
Sanft,Ambientalism,Blissful Serenades,2021-07-07,5lgcxvz1oCL8eDCHFJX99Q,https://open.spotify.com/track/5lgcxvz1oCL8eDCHFJX99Q,scholarly contemplative minimalist
Journey to Wholeness,Ambientalism,Blissful Serenades,2021-07-07,6Wr04EikCtdcy4s6Q7Krks,https://open.spotify.com/track/6Wr04EikCtdcy4s6Q7Krks,scholarly contemplative minimalist
Instrumental Atmosphere,Amelia System,New Age Ambient - Relaxing Electronic Music,2020-04-14,5AoFBXRgN14044BNqi7uVx,https://open.spotify.com/track/5AoFBXRgN14044BNqi7uVx,scholarly contemplative minimalist
Ambient Music,Easy Sleep Music,"Ambient Deep Sleep Remedy: 15 New Age Soft Deep Tracks for Total Relaxation, De-Stress, Calm Down, Cure Insomnia, Sleep Healthy & Dream Beautiful",2019-03-22,3FBGblj3yOAmtC2tJvUZ3P,https://open.spotify.com/track/3FBGblj3yOAmtC2tJvUZ3P,scholarly contemplative minimalist
Ambient Piano,Soft Relax Piano,"Easy Listening Piano - Chillout and Relax with Lounge Music, Healing Piano Ballads for Relaxation.",2016-01-20,5Q53A8D09bHeLzter4rgyB,https://open.spotify.com/track/5Q53A8D09bHeLzter4rgyB,scholarly contemplative minimalist
Fragments Part 5,Minimalism,Minimalism,2010-10-26,0lcG5ZTI3pZiE3ketVhfMv,https://open.spotify.com/track/0lcG5ZTI3pZiE3ketVhfMv,scholarly contemplative minimalist
Inner Light Glow,Ambientalism,Blissful Serenades,2021-07-07,1yW05axNdrkKeVl39Gmg4W,https://open.spotify.com/track/1yW05axNdrkKeVl39Gmg4W,scholarly contemplative minimalist
"Peaceful Ambient Morning, Pt. 18",Peaceful Pieces,Peaceful Ambient Morning,2022-04-05,2LG6tKV4fqXBHICm6y7NQZ,https://open.spotify.com/track/2LG6tKV4fqXBHICm6y7NQZ,scholarly contemplative minimalist
Soft Background Music,Jazz Instrumental Music Academy,"Soft Background Music – Instrumental Jazz Ambient, Easy Listening Piano, Slow Songs for Night Relaxation",2017-04-06,6ksQdFgglxtaQqEkKus76B,https://open.spotify.com/track/6ksQdFgglxtaQqEkKus76B,scholarly contemplative minimalist
Ambient Music,Kids Yoga Music Masters,"Mindfulness for Kids: Music for Meditation and Children's Yogis, Calm Nature Sounds, Background Music for Child Therapy - Mastering the Mind, Body Connection & Calm Breathing",2016-10-03,2fcVdAvon4eCmr1Y3jQPex,https://open.spotify.com/track/2fcVdAvon4eCmr1Y3jQPex,scholarly contemplative minimalist
Restful Mind,V.Ambience,Restful Mind,2022-04-22,0laWlZ2DsnpR801i0VezU6,https://open.spotify.com/track/0laWlZ2DsnpR801i0VezU6,scholarly contemplative minimalist
Ambient Cinematic Piano,DS Productions,Ambient Cinematic Piano,2020-06-24,0kr4V1nVLhZbNTYHxu7aof,https://open.spotify.com/track/0kr4V1nVLhZbNTYHxu7aof,scholarly contemplative minimalist
Ambient Cinematic Adventure,DS Productions,Ambient Cinematic Adventure,2020-06-24,6z7z8Lqs42D90ET21mmSOm,https://open.spotify.com/track/6z7z8Lqs42D90ET21mmSOm,scholarly contemplative minimalist
Ambient Music for Relaxing Atmosphere,Tibet Academy,"Tibetan Meditation Music: Tibetan Music Therapy, Lama Meditation Oriental Music",2012-04-26,4EYsK3e9gqxzyXskTq6VdV,https://open.spotify.com/track/4EYsK3e9gqxzyXskTq6VdV,scholarly contemplative minimalist
Therapeutic Ambience,Ambient Space,Ambient Relaxation,2021-05-06,734GBkQvUneeBEi3hhDz0f,https://open.spotify.com/track/734GBkQvUneeBEi3hhDz0f,scholarly contemplative minimalist
Floating Leaf,Ambient Dreamer,Floating Leaf,2022-12-02,5KGIONUU7vtFNT5mgiIruQ,https://open.spotify.com/track/5KGIONUU7vtFNT5mgiIruQ,scholarly contemplative minimalist
Ambient Music,Meditation Music Zone,"Sound Meditation 111 – Ambient Sounds for Relax, Concentration & Nada Yoga, Music Therapy for Inner Bliss",2016-02-29,0XLavAGDVkf58zSt7IQvye,https://open.spotify.com/track/0XLavAGDVkf58zSt7IQvye,scholarly contemplative minimalist
Digital Piano Background Ambience,Study Music Research,Study Music Research For Homework Focus,2022-02-28,2PHgyHoFpULNFAQezSdDVD,https://open.spotify.com/track/2PHgyHoFpULNFAQezSdDVD,scholarly contemplative minimalist
"Ambient Sleep Sounds (Mindfulness & Relaxation), Pt. 63",Sleepy John,Ambient Sleep Sounds (Mindfulness & Relaxation),2018,6aU6Kaw3r6aGpyRwxQ4INI,https://open.spotify.com/track/6aU6Kaw3r6aGpyRwxQ4INI,scholarly contemplative minimalist
Ambient Dreams,The Deep Sleep Scientists,Dreamtime,2020-10-22,18GilYoGfF9LUeDruW1f83,https://open.spotify.com/track/18GilYoGfF9LUeDruW1f83,scholarly contemplative minimalist
Ambient Piano,Relax Radio,"Ambient Music - Easy Listening Piano, Calm Music for Sleep, Studying, Spa, Baby, Yoga, Meditation and Relaxation",2015-12-08,6svgyG9tutdleBcxN0SwPp,https://open.spotify.com/track/6svgyG9tutdleBcxN0SwPp,scholarly contemplative minimalist
Corporate Ambient,AShamaluevMusic,Corporate Ambient,2018-12-03,6A9Dagw9sf7WzpIo6iCiqR,https://open.spotify.com/track/6A9Dagw9sf7WzpIo6iCiqR,scholarly contemplative minimalist
Velvet Moonlight Moments,Ambientalism,Blissful Serenades,2021-07-07,0vJgRHSf1lXLngak6v8kCU,https://open.spotify.com/track/0vJgRHSf1lXLngak6v8kCU,scholarly contemplative minimalist
Lullaby of Peace,Ambientalism,Blissful Serenades,2021-07-07,7FqQUCFL5sLtpikAhKZw0F,https://open.spotify.com/track/7FqQUCFL5sLtpikAhKZw0F,scholarly contemplative minimalist
Deep Study - Ambient,Slaapmuziek,Mediation Moment (Ambient),2020-06-15,5YDXGNdwuq4H7ImRF92yHt,https://open.spotify.com/track/5YDXGNdwuq4H7ImRF92yHt,scholarly contemplative minimalist
Shopping Ambient,Library Of The Human Soul,Christmas (Ambient Edition),2016-01-10,4TVg9bwCGeQQohAev0J7jP,https://open.spotify.com/track/4TVg9bwCGeQQohAev0J7jP,scholarly contemplative minimalist
Ambient Guitar Spa Music,Massage Music Experience,"Massage: Spa Music and Ocean Waves for Relaxation, 1 Hour Massage, Yoga and Ambient Mindfulness Music",2021-08-20,6cGZdFyAgjxkkDpi27FBSH,https://open.spotify.com/track/6cGZdFyAgjxkkDpi27FBSH,scholarly contemplative minimalist
Atmospheric Calm,Peaceful Pianos,Instrumental Study,2019-04-01,2dD45qRjySwQ7d2Bulb8Ka,https://open.spotify.com/track/2dD45qRjySwQ7d2Bulb8Ka,scholarly contemplative minimalist
"Peaceful Ambient Morning, Pt. 17",Peaceful Pieces,Peaceful Ambient Morning,2022-04-05,1LP0lKdIecPOGgKOX78yur,https://open.spotify.com/track/1LP0lKdIecPOGgKOX78yur,scholarly contemplative minimalist
"Peaceful Ambient Morning, Pt. 12",Relaxing Music,Peaceful Ambient Morning,2022-04-05,1BvzA6k5UnlW90nexYNw5O,https://open.spotify.com/track/1BvzA6k5UnlW90nexYNw5O,scholarly contemplative minimalist
Instrumental,Milosh,Meme,2006-02-28,5wpRAi4Acx9RNOH4Cd4P7p,https://open.spotify.com/track/5wpRAi4Acx9RNOH4Cd4P7p,scholarly contemplative minimalist
Ambielody,Gulan,Crystal Monk,2010-04-07,1T1ZoS95q9NJVeIG4sw4VD,https://open.spotify.com/track/1T1ZoS95q9NJVeIG4sw4VD,scholarly contemplative minimalist
Ambient Music Nature,Nature Ambient Sounds,Farm Nature Sounds,2022-07-08,6FVuzUYA0ptYrBke6qVrld,https://open.spotify.com/track/6FVuzUYA0ptYrBke6qVrld,scholarly contemplative minimalist
Ambient Music Lullabies (Peaceful Music),Meditation Relax Club feat. Sleep Music Lullabies,"Baby Lullaby: Nature Sounds Nursery Rhymes Music Box Sweet Peaceful Songs, Harp and Piano Music for Baby Sleep",2013-10-10,44G06Zk4ZU6TEAMS3bK5Gk,https://open.spotify.com/track/44G06Zk4ZU6TEAMS3bK5Gk,scholarly contemplative minimalist
Ambient Study for Focus,Ambient Palmer,The Homework Music Club - Beautiful Songs for Group Study Sessions and Brainstorming,2021-03-03,4bVqChwNNwZxiSWov27IHF,https://open.spotify.com/track/4bVqChwNNwZxiSWov27IHF,scholarly contemplative minimalist
Contemplation Op.1 No.2,Anil Meydan,Essentials I,2020-05-13,54P9udWqZEzg1IxvmGKqEl,https://open.spotify.com/track/54P9udWqZEzg1IxvmGKqEl,scholarly contemplative minimalist
Ambient Piano,Bohoman,Simple Piano,2021-02-15,4fa3xexzNhIxd58aVbhMcH,https://open.spotify.com/track/4fa3xexzNhIxd58aVbhMcH,scholarly contemplative minimalist
Ambient Meditation,Meditation Relax Club,15 Soft Atmospheres: Lucid Dreaming Meditation Relax Club Music to Sleep Through the Night,2020-04-27,5M0Do7jexH7NPrpQwMmVmY,https://open.spotify.com/track/5M0Do7jexH7NPrpQwMmVmY,scholarly contemplative minimalist
Passion (Gentle Piano),Ambient Palmer,"Brain Power Study Music: ""Solo Piano"" Music for Concentration",2013-05-17,5FcG7o039jpYylge2tetYe,https://open.spotify.com/track/5FcG7o039jpYylge2tetYe,scholarly contemplative minimalist
Ambient Instrumental Piano,Forest Hills Music Universe,"Calm Piano with Fall Woods (Relaxing Music & Nature Sounds, Healing Water, Birds Atmosphere, Thunderstorm and Wind, Rest Afternoon)",2017-09-13,0viIPTFOdObQ8anWokZpCr,https://open.spotify.com/track/0viIPTFOdObQ8anWokZpCr,scholarly contemplative minimalist
Ambient Background Instrumental Piano,Piano for Studying,Background Music Piano (Instrumentals),2021-11-05,3Udatv7WhDOPc26HVtsBi7,https://open.spotify.com/track/3Udatv7WhDOPc26HVtsBi7,scholarly contemplative minimalist
Ambient - Instrumental Music,Meditation Relax Club,Slow Calming Music for Your Peace – Relaxing Sounds Background Music for Yoga,2017-09-28,7Ieu8yPmLyrMqpd1X3iuUm,https://open.spotify.com/track/7Ieu8yPmLyrMqpd1X3iuUm,scholarly contemplative minimalist
Sheepless,Kotokoto,Institute,2018-10-17,5S6uVqPYBp8kMflOnBTMTL,https://open.spotify.com/track/5S6uVqPYBp8kMflOnBTMTL,scholarly contemplative minimalist
Ambient Meditation,Herman Glenn,"Study Music Brain Power (music for study, deep focus, music for concentration, concentration music, relaxing piano, piano relaxation , piano ambient, study time, studying music, brain music, memory and concentration for exam, study hard)",2017-02-10,7uPbbinBRQwArP3NXdWK2U,https://open.spotify.com/track/7uPbbinBRQwArP3NXdWK2U,scholarly contemplative minimalist
Flowing Dreamscape,Ambientalism,Blissful Serenades,2021-07-07,3mNC8sICPOthtjWZ13uxzE,https://open.spotify.com/track/3mNC8sICPOthtjWZ13uxzE,scholarly contemplative minimalist
Reflection - Spa,Ambient Dreamer,Spa Volume 1,2022-05-20,1sKKk3WayX4W1H5OR3fQHd,https://open.spotify.com/track/1sKKk3WayX4W1H5OR3fQHd,scholarly contemplative minimalist
Soft Atmosphere,Jazz Instrumental Music Academy,"Soft Background Music – Instrumental Jazz Ambient, Easy Listening Piano, Slow Songs for Night Relaxation",2017-04-06,3t9wbR3W9Wbg4iCJIeXHS0,https://open.spotify.com/track/3t9wbR3W9Wbg4iCJIeXHS0,scholarly contemplative minimalist
Ambient Piano Soundscape,Allen Grey,Soundscape Collection,2020-12-09,7BbHs9LSiiODXcnQLVKZJ2,https://open.spotify.com/track/7BbHs9LSiiODXcnQLVKZJ2,scholarly contemplative minimalist
Inspirational Ambient Corporate Technology,DensoMusic,Ambient Corporate Background,2021-03-21,08HcQA1gwKGVd89xfrO5mr,https://open.spotify.com/track/08HcQA1gwKGVd89xfrO5mr,scholarly contemplative minimalist
Ambient Nature Sounds,Yoga,Yoga,2011-04-25,2vYdctQGK0Sy2InX3rp4Ka,https://open.spotify.com/track/2vYdctQGK0Sy2InX3rp4Ka,scholarly contemplative minimalist
Ambient Piano Music Relaxation,Deep Sleep Music Collective,Music for Sleep and Soft Piano Sleeping Music,2017-10-27,02EFKh80dB5BHVDkufTanM,https://open.spotify.com/track/02EFKh80dB5BHVDkufTanM,scholarly contemplative minimalist
Solace in Sapphire Skies,Ambientalism,Blissful Serenades,2021-07-07,0z7DVbjkLStmrUUwozu2sc,https://open.spotify.com/track/0z7DVbjkLStmrUUwozu2sc,scholarly contemplative minimalist
Instrumental Background Music,Calm Music Zone,"Meditation 111 Songs: Deep Regeneration Ambient Music for Relaxation Yoga, Natural Healing Sounds for Massage and Spa",2016-03-09,1mVmnoSf46bQrJPkxtp579,https://open.spotify.com/track/1mVmnoSf46bQrJPkxtp579,scholarly contemplative minimalist
Peaceful Heart's Journey,Ambientalism,Blissful Serenades,2021-07-07,74pMoUBrx2vpcNGJoxj43z,https://open.spotify.com/track/74pMoUBrx2vpcNGJoxj43z,scholarly contemplative minimalist
"Peaceful Ambient Morning, Pt. 19",Peaceful Pieces,Peaceful Ambient Morning,2022-04-05,41W1Koh4b552KcCV6pPuKz,https://open.spotify.com/track/41W1Koh4b552KcCV6pPuKz,scholarly contemplative minimalist
Dressy Nature,Ambient BGM channel,Autumn Leaves,2020-10-09,0QpFgPOjFkA8iCqRLvTmoy,https://open.spotify.com/track/0QpFgPOjFkA8iCqRLvTmoy,scholarly contemplative minimalist
Inspirational Cinematic Ambient,AShamaluevMusic,Inspirational Cinematic Ambient,2018-07-16,0o07y13oIyB17Ipdp6KTVs,https://open.spotify.com/track/0o07y13oIyB17Ipdp6KTVs,scholarly contemplative minimalist
Ambient Music,Binaural Beats Sleepworks,"Sleeping Music: Binaural Beats, Ambient Music and Nature Sounds for Sleep, Alpha Waves For Relaxation and Music For Brainwave Entrainment",2020-01-17,2n24oVmskOGwLq6CTrgDdS,https://open.spotify.com/track/2n24oVmskOGwLq6CTrgDdS,scholarly contemplative minimalist
Mystical Ambience,Asian Zen: Spa Music Meditation,"Spa Music: Relaxing and Soothing Instrumental Music With Nature Sounds of Birds for Massage Therapy, Yoga, Meditation, Deep Sleep and Asian Zen Bird Sounds and Oriental Music for Spa",2017-02-23,1auymeC50ZAoEbSZPGz474,https://open.spotify.com/track/1auymeC50ZAoEbSZPGz474,scholarly contemplative minimalist
Instrumental Music for Focus and Concentration,Instrumental,"Instrumental Music: Relaxing Instrumental Piano Music for Spa, Massage Therapy, Yoga Music, Meditation Music, Studying Music for Reading and Sleeping Music",2017-06-27,2KN8T0bCyiE2v2rrDVsngC,https://open.spotify.com/track/2KN8T0bCyiE2v2rrDVsngC,scholarly contemplative minimalist
"Every Day, Another Mile Closer",Ambientalism,Blissful Serenades,2021-07-07,7DEgv0M0uzXGXYcqp1PpUR,https://open.spotify.com/track/7DEgv0M0uzXGXYcqp1PpUR,scholarly contemplative minimalist
Inspiring Ambient,DensoMusic,Ambient Corporate Background,2021-03-21,7qUv81aCnBV7hbIhxqX7J0,https://open.spotify.com/track/7qUv81aCnBV7hbIhxqX7J0,scholarly contemplative minimalist
Homestead's Quiet Legacy,Ambientalism,Blissful Serenades,2021-07-07,3V2jnnbRDTGR10QCoFUYjJ,https://open.spotify.com/track/3V2jnnbRDTGR10QCoFUYjJ,scholarly contemplative minimalist
Ambient Sleep Music,Deep Sleep Music Lab,Ambient Sleep Music,2022-06-08,1u07dlbO6gDoaTAVKGYhbY,https://open.spotify.com/track/1u07dlbO6gDoaTAVKGYhbY,scholarly contemplative minimalist
Instrumental Music,Brain Stimulation Music Collective,"Binaural Ambient Music for Brainwaves Entertainment – Deep Instrumental Beats for Focus on Adhd, Attention, Concentration and Improve Memory for Study",2015-09-23,0nO1YMo1LXkug2BNBvJWUq,https://open.spotify.com/track/0nO1YMo1LXkug2BNBvJWUq,scholarly contemplative minimalist
Minimalist Bossa Nova Piano,State of Jazz Playlist,Modern Jazz Hits,2021-05-28,4SNxn9YkZ4TAr4lb2OrOiz,https://open.spotify.com/track/4SNxn9YkZ4TAr4lb2OrOiz,scholarly contemplative minimalist
Ambient Zone,Soothing Background Office Music Ensemble,Motivational Music for Office: Internal Energy and Intellectual Stimulation,2021-12-16,2bwsuesQIEhDnp00o6phFh,https://open.spotify.com/track/2bwsuesQIEhDnp00o6phFh,scholarly contemplative minimalist
"Peaceful Ambient Morning, Pt. 20",Peaceful Pieces,Peaceful Ambient Morning,2022-04-05,0Mv1iiZn6PCLUwyfWhYhwC,https://open.spotify.com/track/0Mv1iiZn6PCLUwyfWhYhwC,scholarly contemplative minimalist
Soft Atmosphere,Instrumental Jazz Music Ambient,"Jazz in the Background - Soft Relaxing Collection for Cafe, Restaurant, Museum, Waiting Room & Hotel Lobby",2018-05-23,4yA00DqKcseMKA5d5R7UD4,https://open.spotify.com/track/4yA00DqKcseMKA5d5R7UD4,scholarly contemplative minimalist
Contemplative Relaxing Bossa,For Studying Project,Bossa Nova for Studying,2020-08-23,18uKHeyrXeKE2k2ZPgqDsd,https://open.spotify.com/track/18uKHeyrXeKE2k2ZPgqDsd,scholarly contemplative minimalist
Ambient Sleep Music,Luma Noctis,"Easy Listening Piano - Relaxing Music for Health, Spa, Wellness, Positive Thinking, Yoga, Serenity, Meditation, Harmony and Spirituality",2015-12-10,04IvZ2JSXAVGftbFMUh8io,https://open.spotify.com/track/04IvZ2JSXAVGftbFMUh8io,scholarly contemplative minimalist
minimal ambient beats,Fugu Vibes,minimal ambient beats,2021-09-01,2m734dHH9oCjuzvf8CS8bq,https://open.spotify.com/track/2m734dHH9oCjuzvf8CS8bq,scholarly contemplative minimalist
Study Music – Ambient Music,Focus & Work,"Music to Focus – Study Background Instrumental for Better Concentration and Brain Stimulation, Work, Office, Book Reading",2018-01-08,0CVj2YPXNRBROg48LAntXF,https://open.spotify.com/track/0CVj2YPXNRBROg48LAntXF,scholarly contemplative minimalist
Instrumental Piano For Focus,Piano Peace,Instrumental Piano For Focus and Concentration,2020-12-03,2xvUaZd3wEQlID56okl8Da,https://open.spotify.com/track/2xvUaZd3wEQlID56okl8Da,scholarly contemplative minimalist
"Peaceful Ambient Morning, Pt. 11",Relaxing Music,Peaceful Ambient Morning,2022-04-05,6nPo6FSmuef9EvBt1WNLLq,https://open.spotify.com/track/6nPo6FSmuef9EvBt1WNLLq,scholarly contemplative minimalist
Ambient Study Box,Upbeat Study Music,Upbeat Study Music For Relaxed Learning,2021-11-24,2Pnp0iFXXeRaz3T5OrFqOL,https://open.spotify.com/track/2Pnp0iFXXeRaz3T5OrFqOL,scholarly contemplative minimalist
Designing This Building,Near The Parenthesis,Music for the Forest Concourse,2010-03-15,75yHdvVA9O5Xp2M2bTftnt,https://open.spotify.com/track/75yHdvVA9O5Xp2M2bTftnt,scholarly contemplative minimalist
Contemplation III,Hiemal,Contemplation I,2022-03-11,6bFgNzlhHBbK8UfTMGRqMX,https://open.spotify.com/track/6bFgNzlhHBbK8UfTMGRqMX,scholarly contemplative minimalist
Room Three,Ambienti Coassiali,Vol. 1 (Room 1-6),2018-04-13,1KOT8tmaUV8cLJxurcdqW2,https://open.spotify.com/track/1KOT8tmaUV8cLJxurcdqW2,scholarly contemplative minimalist
Instrumental background,Radio Enigma,Calming Study Music: The Perfect Playlist for Studying or Working,2018-05-14,0trSO9RtEYeKiFFbnldYmL,https://open.spotify.com/track/0trSO9RtEYeKiFFbnldYmL,scholarly contemplative minimalist
Ambient morning,ALMRYD,Ambient Sounds For Relaxation,2018-03-04,11Ovo2Z7JaysLyhJNc6yrW,https://open.spotify.com/track/11Ovo2Z7JaysLyhJNc6yrW,scholarly contemplative minimalist
Spa Escape,Ambientalism,Blissful Serenades,2021-07-07,0JworWC6eGOB7KmnOni3a5,https://open.spotify.com/track/0JworWC6eGOB7KmnOni3a5,scholarly contemplative minimalist
Ambient Piano Sleep Music,Deep Sleep Music Collective,Music for Sleep and Soft Piano Sleeping Music,2017-10-27,3CyFmUUWKULbYIRD66uvQT,https://open.spotify.com/track/3CyFmUUWKULbYIRD66uvQT,scholarly contemplative minimalist
Ambient Piano,Study Aid,"Study Aid: Easy Listening Piano Music for Focus, Brain Trainer, No Stress, Exams, Relaxation, Zen, Serenity, Memory & Concentration",2016-02-11,1NQ3w9OPoL4ZXjTpddPmNS,https://open.spotify.com/track/1NQ3w9OPoL4ZXjTpddPmNS,scholarly contemplative minimalist
StrahlendesJuwel,Ambientalism,Blissful Serenades,2021-07-07,60mItISaCN78hPIaku8LYU,https://open.spotify.com/track/60mItISaCN78hPIaku8LYU,scholarly contemplative minimalist
Ambient Tech,DensoMusic,Ambient Corporate Background,2021-03-21,7qxMuRZpVlyIZyDQhfFwyE,https://open.spotify.com/track/7qxMuRZpVlyIZyDQhfFwyE,scholarly contemplative minimalist
Inspirational Corporate Ambient,AShamaluevMusic,Inspirational Corporate Ambient,2019-03-11,2iTLUC9qHK6auBy45Ar4Eg,https://open.spotify.com/track/2iTLUC9qHK6auBy45Ar4Eg,scholarly contemplative minimalist
Ambient Indie Guitar Instrumental In G Major,Tom Bailey Backing Tracks,"Clean Rock Guitar Backing Tracks, Vol. 1",2018-01-01,1NL4qzKf3eh90juYJXZgbK,https://open.spotify.com/track/1NL4qzKf3eh90juYJXZgbK,scholarly contemplative minimalist
"Relaxing Ambient Sleep Sounds, Pt. 1",Sleepy Times,Relaxing Beats (Sleep & Mindfulness),2016-01-12,4tiszfCVbeJD5i3FRt6ZF4,https://open.spotify.com/track/4tiszfCVbeJD5i3FRt6ZF4,scholarly contemplative minimalist
Ambient Sleep Music 432Hz,Musical Wanderings,Ambient Sleep Music 432Hz,2022-02-28,3NNaoLY1jaVntkkDVcU9MT,https://open.spotify.com/track/3NNaoLY1jaVntkkDVcU9MT,scholarly contemplative minimalist
Meditation,The Ambientalist,A Safe Place,2020-12-11,7DLNeVfKz4q3eeUq5A8nEp,https://open.spotify.com/track/7DLNeVfKz4q3eeUq5A8nEp,scholarly contemplative minimalist
Instrumental Music,Zen Spa Relaxation Music,"50 Zen Spa Relaxation – 50 Yoga Meditation Tracks with Healing Sounds of Ocean & Rain, Soothe Your Soul with Reiki Relaxing Massage Spa, Rem Deep Sleep Inducing Therapy",2015-11-25,0zImkrPNkkCGgEIe6Nx7bH,https://open.spotify.com/track/0zImkrPNkkCGgEIe6Nx7bH,scholarly contemplative minimalist
Ambience (Alternative Lounges),Jazz Station,Bar Lounges - Music,2022-04-04,5rLjE4wzaJ6Cev96nhp0yT,https://open.spotify.com/track/5rLjE4wzaJ6Cev96nhp0yT,scholarly contemplative minimalist
Ambient Music,Learning Mindset,The Best Study Background Music – Soothing Instrumental Songs,2020-09-23,5iJohNMyfAYaVXy2ifdqEb,https://open.spotify.com/track/5iJohNMyfAYaVXy2ifdqEb,scholarly contemplative minimalist
Ambient Space Atmosphere,cleanmindsounds,Ambient Space Atmosphere,2022-11-30,3k11itGbh2qZiiDgH9UPzl,https://open.spotify.com/track/3k11itGbh2qZiiDgH9UPzl,scholarly contemplative minimalist
Narrowing,Quiet Quest,Ambient Music for Deep Focus and Concentration,2022-11-08,3efzk0yR5zKxGc0lwg8F9r,https://open.spotify.com/track/3efzk0yR5zKxGc0lwg8F9r,scholarly contemplative minimalist
the morning,the humming room,the humming room,2022-04-29,3odkf4PgUrMqmGo7mvqQxe,https://open.spotify.com/track/3odkf4PgUrMqmGo7mvqQxe,scholarly contemplative minimalist
Instrumental Piano Ambience,Piano for Studying,Relaxing Piano Music For Work,2021-08-17,1xhiSfiuliA7pMifKzZpsj,https://open.spotify.com/track/1xhiSfiuliA7pMifKzZpsj,scholarly contemplative minimalist
Ambient Piano - Solo,Jazz Music Lounge,Light Instrumental Jazz,2022-01-07,2hmGgusagBFwJ8dEPBfxMV,https://open.spotify.com/track/2hmGgusagBFwJ8dEPBfxMV,scholarly contemplative minimalist
Ambient Music,Mitch Lerunesh,Sounds for Deep Mental Stillness,2016-08-23,00qWvepQrFMp8O4cd5uEbn,https://open.spotify.com/track/00qWvepQrFMp8O4cd5uEbn,scholarly contemplative minimalist
Instrumental Emotions,Levon Oran Wind,2 Hours Sleep Music - Deep Relaxing Songs,2018-01-29,0r5oLl63a3z5O6mBD6V7rq,https://open.spotify.com/track/0r5oLl63a3z5O6mBD6V7rq,scholarly contemplative minimalist
Hypnotic Ambience for Creative Sky,Autumn Jazz Ambient,Ambiance for Morning Victory,2022-10-20,6NczuTvabl3u4JTCNjrUQt,https://open.spotify.com/track/6NczuTvabl3u4JTCNjrUQt,scholarly contemplative minimalist
It Whispered Within,Ambientalism,Blissful Serenades,2021-07-07,3YcsDjYxJNiVIAuWJWwW7u,https://open.spotify.com/track/3YcsDjYxJNiVIAuWJWwW7u,scholarly contemplative minimalist
Meditation Ambient Part I,Ambient Space Background,Ambient Sleep - Space Music Meditation,2022-05-31,1F1X7lfxaTS4VDaWnLd9e4,https://open.spotify.com/track/1F1X7lfxaTS4VDaWnLd9e4,scholarly contemplative minimalist
Ambient Light,Relaxing Music Jazz Universe,"Jazz for Waking Up – Good Morning Music, Easy Smooth Jazz, Positive Music, Essential Morning Music, Pleasant Jazz, Morning Coffee Jazz",2017-04-03,6ZXOZH8W2iD1Jpe9LoEsgv,https://open.spotify.com/track/6ZXOZH8W2iD1Jpe9LoEsgv,scholarly contemplative minimalist
Ambient Piano Music for Sleeping,Deep Sleep Music Collective,Music for Sleep and Soft Piano Sleeping Music,2017-10-27,7eQzIP1yhtKzZZ92mn6PLM,https://open.spotify.com/track/7eQzIP1yhtKzZZ92mn6PLM,scholarly contemplative minimalist
Ambient Waiting Room Music,Smooth Jazz Family Collective,"Ambient Waiting Room Music (Jazz – Calming & Relaxing Instrumental Background to Reduce Stress, Smooth Jazz & Piano Bar)",2017-08-14,1OjQU7WpPzU1n7C9Bw3L8U,https://open.spotify.com/track/1OjQU7WpPzU1n7C9Bw3L8U,scholarly contemplative minimalist
Memory (III),Library Tapes,Memory (III),2020-11-27,3Hpgs0z1OORFBXr092CHYq,https://open.spotify.com/track/3Hpgs0z1OORFBXr092CHYq,scholarly contemplative minimalist
Fashionable Ambiance for Afternoon Relaxation,Sunday Morning Jazz,Backdrop for Rejuvenation - Cool Trumpet Jazz,1970-01-01,1Rc11zfEQ2IgjOPL9ZntMm,https://open.spotify.com/track/1Rc11zfEQ2IgjOPL9ZntMm,scholarly contemplative minimalist
Instrumental 1,Wes Swing,Through a Fogged Glass,2011-01-05,3dhKUBi1gCFCuNtoNTAUWS,https://open.spotify.com/track/3dhKUBi1gCFCuNtoNTAUWS,scholarly contemplative minimalist
Instrumental Music (Studying),Instrumental,"Instrumental Music: Calm Piano Music for Relaxation, Spa, Massage, Studying, Reading, Yoga, Meditation and Sleep",2017-05-17,13RlMeUAUHCLoYOFiraWGK,https://open.spotify.com/track/13RlMeUAUHCLoYOFiraWGK,scholarly contemplative minimalist
Inspirational Mood,Instrumental Jazz Music Ambient,"Jazz in the Background - Soft Relaxing Collection for Cafe, Restaurant, Museum, Waiting Room & Hotel Lobby",2018-05-23,1hmMosi7hkUvAf9FP53gk4,https://open.spotify.com/track/1hmMosi7hkUvAf9FP53gk4,scholarly contemplative minimalist
All That's Left,The Ambientalist,Memoirs,2020-11-27,0H9IR598UpvW06ehpavFHu,https://open.spotify.com/track/0H9IR598UpvW06ehpavFHu,scholarly contemplative minimalist
Ambient Piano Solo For Concentration,Upbeat Study Music,Upbeat Study Music For Concentration,2021-12-01,1YAH4vTfqM7YhZOmIpAdQ7,https://open.spotify.com/track/1YAH4vTfqM7YhZOmIpAdQ7,scholarly contemplative minimalist
Ambient Night,Ambience Architect,Calming Night,2022-12-15,7ENXq5t40R0YdUaqjWrJZx,https://open.spotify.com/track/7ENXq5t40R0YdUaqjWrJZx,scholarly contemplative minimalist
Light Minimal Ambient,makesound music,Chill Lounge Music,2022-10-15,4swE2rRBmXOH1fEeTxdl05,https://open.spotify.com/track/4swE2rRBmXOH1fEeTxdl05,scholarly contemplative minimalist
Relaxing Ambience,Relaxing Instrumental Music,Relaxing Instrumental Music,2020-06-15,0u6gM6fj874WdJTASIGrDU,https://open.spotify.com/track/0u6gM6fj874WdJTASIGrDU,scholarly contemplative minimalist
Ambient,Zen Relaxation,"Chill Instrumental Piano Music with Ambient Sounds for Relaxation, Sleep, Study, Yoga, Meditation",2018-12-05,7BuYo0Wsxn3O46fcB5qGFK,https://open.spotify.com/track/7BuYo0Wsxn3O46fcB5qGFK,scholarly contemplative minimalist
Instrumental Bakground Music,Radio Enigma,Calming Study Music: The Perfect Playlist for Studying or Working,2018-05-14,2yzrIucXFo5hxAmoP8yHCZ,https://open.spotify.com/track/2yzrIucXFo5hxAmoP8yHCZ,scholarly contemplative minimalist
The Rebirth of the Self,Ambientalism,Blissful Serenades,2021-07-07,5C9LIJrRAkAe9qg4l29y3H,https://open.spotify.com/track/5C9LIJrRAkAe9qg4l29y3H,scholarly contemplative minimalist
Calm,Ambient Music Therapy,Simplify . Clear . Calm . Soothe . Peace .,2005-01-01,2pmTLyV5gm9LUUCBCz80vF,https://open.spotify.com/track/2pmTLyV5gm9LUUCBCz80vF,scholarly contemplative minimalist
Ambient Soft Tech Corporate,DensoMusic,Ambient Corporate Background,2021-03-21,7w9VbW1aDUgdjB4IoU7Mvg,https://open.spotify.com/track/7w9VbW1aDUgdjB4IoU7Mvg,scholarly contemplative minimalist
Ambient Soundscape,St Barth Wellness Hotel de Luxe,Capri Spa Relaxation: Italian Spa Music Relaxation to Help you Relax,2012-09-24,2YdTmB5Hu23AY4pjNz5Lir,https://open.spotify.com/track/2YdTmB5Hu23AY4pjNz5Lir,scholarly contemplative minimalist
Instrumental Relaxation,Buddha Sayings,"50 Meditation Master: Background Calming Songs, Relaxing Music for Chanting",2018-05-18,4G4SZqZ79obttt4D9jMzQL,https://open.spotify.com/track/4G4SZqZ79obttt4D9jMzQL,scholarly contemplative minimalist
Grounded in the Great Unknown,Ambientalism,Blissful Serenades,2021-07-07,4lJnW0zs7BVmizHLd3AbWl,https://open.spotify.com/track/4lJnW0zs7BVmizHLd3AbWl,scholarly contemplative minimalist
Sunset Serenity Soiree,Ambientalism,Blissful Serenades,2021-07-07,5itFEMnyohkkXlAJ9FgCND,https://open.spotify.com/track/5itFEMnyohkkXlAJ9FgCND,scholarly contemplative minimalist
Hypnotic Ambient,Jazz Relax Academy,Evening Ambience Music - Best Jazz to Listen to,2020-04-11,6IGzE3gRPdWIKpgCtXfGSb,https://open.spotify.com/track/6IGzE3gRPdWIKpgCtXfGSb,scholarly contemplative minimalist
Instrumental (Flute and Piano),Nature Sounds Nature Music,Relaxing Music With Nature Sounds,2015-06-11,5ZW81UAXtROWkucGnD9AO9,https://open.spotify.com/track/5ZW81UAXtROWkucGnD9AO9,scholarly contemplative minimalist
A Safe Place,The Ambientalist,A Safe Place,2020-12-11,4AihZh0OmvxUDFug1vGX3v,https://open.spotify.com/track/4AihZh0OmvxUDFug1vGX3v,scholarly contemplative minimalist
Quiet Contemplations,Reading Soundtrack Jazz,Autumnal Jazz: Gentle & Calm Instrumentals for a Quiet Read,2020-04-10,0f8xC5p4hEOur9kOhLnwq8,https://open.spotify.com/track/0f8xC5p4hEOur9kOhLnwq8,scholarly contemplative minimalist
Instrumental Track,Study Piano Music Ensemble,"Beautiful Instrumental Bedtime Music. Calm Your Thoughts, Relax, Rest, Sleep Well",2020-06-01,6pUedS9NXBUaHyst4dBIL0,https://open.spotify.com/track/6pUedS9NXBUaHyst4dBIL0,scholarly contemplative minimalist
Instructive,Music For Students,"Quiet Focus and Study Piano, Vol. 3",2022-04-26,6oheR9nd78eRQlWoUOuEJO,https://open.spotify.com/track/6oheR9nd78eRQlWoUOuEJO,scholarly contemplative minimalist
Ambient Music For Deep Sleep,Sleep Sounds of Nature,"Nature Sounds: Relaxing Piano Music With Soothing Forest Sounds and Bird Sounds For Deep Sleep, Meditation, Reading, Spa, Massage, Yoga, Studying and Sleeping Music",2019-04-05,6ZM07lWa1wafWG7UzTp1Nx,https://open.spotify.com/track/6ZM07lWa1wafWG7UzTp1Nx,scholarly contemplative minimalist
"Soft Instrumentals,",Less Stress Music Academy,Happy Meditation (Calming Music),2018-05-21,767s4jgp6foHrI1hvVrya9,https://open.spotify.com/track/767s4jgp6foHrI1hvVrya9,scholarly contemplative minimalist
Ambient Relaxation,Instrumental Sleeping Music,Quietly,2022-11-25,13jm9pze7Jrvoq5fvE0Oy5,https://open.spotify.com/track/13jm9pze7Jrvoq5fvE0Oy5,scholarly contemplative minimalist
Instrumental Background Ambient,Zen Buddhist Art,"Zen Buddhist Mantras - Relaxing Chants, Om Shanti",2018-12-31,487Zg4wpZ1ZdBLzbm0CWqC,https://open.spotify.com/track/487Zg4wpZ1ZdBLzbm0CWqC,scholarly contemplative minimalist
Solitary,Peaceful Ambient,Ambient Focus,2022-04-16,7k9ngKCM5t5jJzBpB3Jmmw,https://open.spotify.com/track/7k9ngKCM5t5jJzBpB3Jmmw,scholarly contemplative minimalist
Ambient Smooth Jazz,Instrumental Jazz Music Guys,"Happy Relaxing Jazz (Instrumental Lounge Experience, Music for Studying, Sleep and Work With, Chillout Cafe, Amazing and Positive Time)",2017-07-27,13ho11WRxQm0ElTHrH9UfY,https://open.spotify.com/track/13ho11WRxQm0ElTHrH9UfY,scholarly contemplative minimalist
Ambient Piano Solo,Study Music Research,Upbeat Piano For Studying,2022-05-26,6gNnSBLpB1GVMPYDQMo4nT,https://open.spotify.com/track/6gNnSBLpB1GVMPYDQMo4nT,scholarly contemplative minimalist
Minimal Corporate,ProLuxeStudio,Educational Background Music,2022-02-25,6qo4s5eHwIfBklRGPEQ5RP,https://open.spotify.com/track/6qo4s5eHwIfBklRGPEQ5RP,scholarly contemplative minimalist
Instrumental,The Red Death,External Frames of Reference,2005-04-19,3eYq3QTVayUW0cSq5IRHSd,https://open.spotify.com/track/3eYq3QTVayUW0cSq5IRHSd,scholarly contemplative minimalist
Ambient Subconscious,Harper Zen,Meditation Dream: Relaxing Music for Meditation,2015-02-26,4zdJXN2ue0iLVEV62VKX7o,https://open.spotify.com/track/4zdJXN2ue0iLVEV62VKX7o,scholarly contemplative minimalist
Ambient Music - Nice Story of Space,Baby Lullaby Academy,"50 Naptime Music for Toddlers: Soothing Sounds & Calm Music Box Collection to Relax Your Baby, Insomnia Cure, Bedtime Lullaby Songs",2017-05-17,4ydN2eRjE1neBLfGHgHwl4,https://open.spotify.com/track/4ydN2eRjE1neBLfGHgHwl4,scholarly contemplative minimalist
Ambient Sleep Music,Robbins Island Music Group,"Ambient Mood Music: Ambient Instrumental Music for Deep Sleep, Stress Relief, Bedtime Music, Meditation & Spa Treatments",2014-06-04,5zOttNk3K0bGrVEXgt4iOL,https://open.spotify.com/track/5zOttNk3K0bGrVEXgt4iOL,scholarly contemplative minimalist
Consolation,The Deep Sleep Scientists,Dreamtime,2020-10-22,2mwr116KiBIm1b0A1SjeyN,https://open.spotify.com/track/2mwr116KiBIm1b0A1SjeyN,scholarly contemplative minimalist
Ambient Background Music,Background Music Experience,"Background Music: Relaxing Background Piano Music for Relaxation, Spa Music Meditation, Yoga Music, Ambient Music for Sleep and Calm Music for Studying and Sleeping Music",2017-08-11,6YHzeduiLQOn5r1BmXMPSy,https://open.spotify.com/track/6YHzeduiLQOn5r1BmXMPSy,scholarly contemplative minimalist
Ambient Piano Sleeping Music,Deep Sleep Music Collective,Music for Sleep and Soft Piano Sleeping Music,2017-10-27,2g8yHhtAOqe3B6p062w76M,https://open.spotify.com/track/2g8yHhtAOqe3B6p062w76M,scholarly contemplative minimalist
Ambient Jazz,Jazz Instrumental Chill,Jazz Please,2022-10-12,5rzf6QvApPCdtvu8JWWYQG,https://open.spotify.com/track/5rzf6QvApPCdtvu8JWWYQG,scholarly contemplative minimalist
Dreamscape,Mellow Mission,Dreamscape,2022-04-16,3LmfuIF3Z6zChL2oLb84B9,https://open.spotify.com/track/3LmfuIF3Z6zChL2oLb84B9,scholarly contemplative minimalist
Ambient Sounds,Jim Sieber,Best Background Music,2015-05-20,4MuEX4JAdPSbsY8K8DMAAg,https://open.spotify.com/track/4MuEX4JAdPSbsY8K8DMAAg,scholarly contemplative minimalist
Ambience,E.lementaL,Ambience,2021-06-21,5HROkBK3wYfIk0Ri782BLf,https://open.spotify.com/track/5HROkBK3wYfIk0Ri782BLf,scholarly contemplative minimalist
Ambient Work Music,Concentration Music for Work,"Concentration Music for Work: Studying Music for Deep Focus, Background Music For Reading and Comprehension, Calm Study Music For Studying, Vol. 2",2020-05-12,7wcd4EjjYvWYik8BYc3rgA,https://open.spotify.com/track/7wcd4EjjYvWYik8BYc3rgA,scholarly contemplative minimalist
Ambient Indie Guitar Instrumental In E Major,Tom Bailey Backing Tracks,"Clean Rock Guitar Backing Tracks, Vol. 1",2018-01-01,23LDl8H8KgHOsKcUf2vqeS,https://open.spotify.com/track/23LDl8H8KgHOsKcUf2vqeS,scholarly contemplative minimalist
Ambient Guitar Sleeping Music (Calm Guitar and Ocean),Deep Sleep Music Collective,Sleep Music With Asmr Ocean Waves Sounds for Deep Sleep and Ambient Guitar Sleeping Music,2017-11-21,4HQ19kkyn8id2b06dcU7Xq,https://open.spotify.com/track/4HQ19kkyn8id2b06dcU7Xq,scholarly contemplative minimalist
Minimalist Piano,Peaceful Keys,Office Instrumentals,2021-05-13,16AkuHlX7DsaFNjlINvTI1,https://open.spotify.com/track/16AkuHlX7DsaFNjlINvTI1,scholarly contemplative minimalist
Ambient Instrumental Jazz,Jazz Music Lounge,Jazz Piano Background Ambience,2021-12-13,50y3No5NCHlI2COhyhKQ0Q,https://open.spotify.com/track/50y3No5NCHlI2COhyhKQ0Q,scholarly contemplative minimalist
Focus,Peaceful Ambient,Ambient Focus,2022-04-16,1bvrhSolaqVfWOnavN8Ci4,https://open.spotify.com/track/1bvrhSolaqVfWOnavN8Ci4,scholarly contemplative minimalist
Ambient,Liquid Spirit Out,Working: Soothing Instrumental Songs for Your Office and Work Place,2022-07-08,7KywHd9CjFymOOH2hHH1dW,https://open.spotify.com/track/7KywHd9CjFymOOH2hHH1dW,scholarly contemplative minimalist
Ambient Piano,Study Time,"Morning Relaxing Music, Piano, Positive, Study, Sleep, Focus, Concentration",2018-08-11,5MpgH5ljB1RkxCH67qpRQO,https://open.spotify.com/track/5MpgH5ljB1RkxCH67qpRQO,scholarly contemplative minimalist
Minimalistic Emotional Piano Meditation,Rafael Krux,Cinematic Piano,2022-05-23,3iwgFNW1tDTMIEaKEtcgrE,https://open.spotify.com/track/3iwgFNW1tDTMIEaKEtcgrE,scholarly contemplative minimalist
Ambientes,Art Aguilera,Ambientes,2020-09-23,1OkAsIpJ8UFMc68YD6cH8j,https://open.spotify.com/track/1OkAsIpJ8UFMc68YD6cH8j,scholarly contemplative minimalist
Electronic Piano Ambience,Study Music Research,Upbeat Piano For Studying,2022-05-26,0VvckGnB7EZlFWvKLQVt4k,https://open.spotify.com/track/0VvckGnB7EZlFWvKLQVt4k,scholarly contemplative minimalist
Reflections,Peter Mowry,Reflections,2020-02-07,47ZDyICUxZipNQLIUScJKO,https://open.spotify.com/track/47ZDyICUxZipNQLIUScJKO,scholarly contemplative minimalist
Instrumental Relaxation,Good Mood Music Academy,Calming Jazz for Reading: Soothing Evening with Cozy Instrumental Background,2022-02-02,4dLmM2g0Fn1pySDbeegSGJ,https://open.spotify.com/track/4dLmM2g0Fn1pySDbeegSGJ,scholarly contemplative minimalist
Calming Ambience,The Deep Sleep Scientists,Bedtime Bliss,2020-10-06,20EfIEjrRYmmRVXtf4gSRK,https://open.spotify.com/track/20EfIEjrRYmmRVXtf4gSRK,scholarly contemplative minimalist
Relaxing Background Instrumental Music,Background Music Experience,"Background Music: Relaxing Background Piano Music for Relaxation, Spa Music Meditation, Yoga Music, Ambient Music for Sleep and Calm Music for Studying and Sleeping Music",2017-08-11,3PHGkbo7e7QRptG27VrJvN,https://open.spotify.com/track/3PHGkbo7e7QRptG27VrJvN,scholarly contemplative minimalist
Instrumental Music for Studying,Instrumental,"Instrumental Music: Relaxing Instrumental Piano Music for Spa, Massage Therapy, Yoga Music, Meditation Music, Studying Music for Reading and Sleeping Music",2017-06-27,5pnUnenc4W7tz2uoamVKIY,https://open.spotify.com/track/5pnUnenc4W7tz2uoamVKIY,scholarly contemplative minimalist
Inspirational Ambient,Mapa,Ambient,2021-12-24,6rk6VGnE7bMKtQbWR9PZ5J,https://open.spotify.com/track/6rk6VGnE7bMKtQbWR9PZ5J,scholarly contemplative minimalist
Instrumental 2,Far-Less,Turn To The Bright,2004-01-01,6wTqJ3J0hgHDcG2RAeTJSF,https://open.spotify.com/track/6wTqJ3J0hgHDcG2RAeTJSF,scholarly contemplative minimalist
Ambient Sleep,Ambience Architect,Calming Night,2022-12-15,7BiW9cg3lnkKvn9m39eYet,https://open.spotify.com/track/7BiW9cg3lnkKvn9m39eYet,scholarly contemplative minimalist
Instrument,Eliza Gilkyson,Secularia,2018-07-13,1sNmPuI6UFcyuXjXiFe47g,https://open.spotify.com/track/1sNmPuI6UFcyuXjXiFe47g,scholarly contemplative minimalist
Quiet Contemplation,Serene Lakeside Instrumental,Reading Music at the Lakehouse,2021-11-22,6DZXU5qTVsFvIhlv800i6Z,https://open.spotify.com/track/6DZXU5qTVsFvIhlv800i6Z,scholarly contemplative minimalist
Ambient Sleep,Ambient Space Background,Ambient Sleep - Space Music Meditation,2022-05-31,1HoTehcWw8TwNgrkkDYDHP,https://open.spotify.com/track/1HoTehcWw8TwNgrkkDYDHP,scholarly contemplative minimalist
Spa Ambient,Re-Relaxation,Soft Guitar and Sound of Summer Rain,2021-12-12,5dL1dXAgLlaiTpmK1YIbtD,https://open.spotify.com/track/5dL1dXAgLlaiTpmK1YIbtD,scholarly contemplative minimalist
Room One,Ambienti Coassiali,Vol. 1 (Room 1-6),2018-04-13,7isdexmkV43rPFzPba4wfX,https://open.spotify.com/track/7isdexmkV43rPFzPba4wfX,scholarly contemplative minimalist
Close to the Nexus,Ambientalism,Blissful Serenades,2021-07-07,2CXWHgpCB5cyNrjzqijnsL,https://open.spotify.com/track/2CXWHgpCB5cyNrjzqijnsL,scholarly contemplative minimalist
Background for Folk Dreams,Trabajar desde Casa,Instrumental Music for Work,2022-12-03,1aHTzl6LqqESGTnDkzDmfc,https://open.spotify.com/track/1aHTzl6LqqESGTnDkzDmfc,scholarly contemplative minimalist
Pusillanimous,Pausal,Along The Mantic Spring,2014-05-06,50GfX4nBFoi6LOmUl3knfW,https://open.spotify.com/track/50GfX4nBFoi6LOmUl3knfW,scholarly contemplative minimalist
Ambient Yoga Music With Nature Sounds,Yoga,Yoga,2011-04-25,2wRH3NQYUosKI7l2QSYZ0w,https://open.spotify.com/track/2wRH3NQYUosKI7l2QSYZ0w,scholarly contemplative minimalist
Smooth Ambient Lovers,Escapism Calm Jazz,Stress Relief Jazz for the Masses,2020-11-17,42Zyg1rmZbUylXj4VZukgF,https://open.spotify.com/track/42Zyg1rmZbUylXj4VZukgF,scholarly contemplative minimalist
Atmospheric Instrumental Music for Unwinding,Seven Loves,Keep Walking,2016-11-07,4fGONwMp41nEculXtOStxA,https://open.spotify.com/track/4fGONwMp41nEculXtOStxA,scholarly contemplative minimalist
Inspired Ambient,makesound music,Ambient Corporate,2022-10-17,39b7a18GZH0H9cttl84CNT,https://open.spotify.com/track/39b7a18GZH0H9cttl84CNT,scholarly contemplative minimalist
Piano Instrumetnal For Concentration,Study Music Research,Ambient Piano For Studying,2022-11-07,5Hk1OiS1SiEiSLeEHQxZlC,https://open.spotify.com/track/5Hk1OiS1SiEiSLeEHQxZlC,scholarly contemplative minimalist
Calm Ambient Piano,cleanmindsounds,Calm Ambient Piano,2022-08-30,3HkGOFMjhWi5uP5ZMgJL11,https://open.spotify.com/track/3HkGOFMjhWi5uP5ZMgJL11,scholarly contemplative minimalist
SPA Ambient,John Zen,Sleep Sounds - Relaxing Instrumental Music for Sleep Disorders and Insomnia,2016-04-11,5i3Z2esTU3Bgt5RzC3l5yz,https://open.spotify.com/track/5i3Z2esTU3Bgt5RzC3l5yz,scholarly contemplative minimalist
Ambient Piano,Ben Dransfield,Slow Motion,2020-12-11,1QBexSt7JhZvTFdGh0TVwb,https://open.spotify.com/track/1QBexSt7JhZvTFdGh0TVwb,scholarly contemplative minimalist
Instrumental Studying Music,Instrumental,"Instrumental Music: Relaxing Instrumental Piano Music for Spa, Massage Therapy, Yoga Music, Meditation Music, Studying Music for Reading and Sleeping Music",2017-06-27,6cXN8APv0roRcsTCho2kyQ,https://open.spotify.com/track/6cXN8APv0roRcsTCho2kyQ,scholarly contemplative minimalist
Büdingen,Ambientalism,Blissful Serenades,2021-07-07,4PwGr7pKHC4HkG3XJzcEY0,https://open.spotify.com/track/4PwGr7pKHC4HkG3XJzcEY0,scholarly contemplative minimalist
Ambient To Be Here,Heavenly Music Corporation,In a Garden of Eden,2016-04-22,2UjUDDpfCtk62VOeRer4jE,https://open.spotify.com/track/2UjUDDpfCtk62VOeRer4jE,scholarly contemplative minimalist
Classical Ambience,Relax Radio,"Ambient Music - Easy Listening Piano, Calm Music for Sleep, Studying, Spa, Baby, Yoga, Meditation and Relaxation",2015-12-08,1KwrkkK3tbuvhErAQXadOI,https://open.spotify.com/track/1KwrkkK3tbuvhErAQXadOI,scholarly contemplative minimalist
Hidden Treasures (Peaceful Instrumental Music),Terri Geisel,"Soothing Ambient Spa Music (For Healing, Relaxation, Meditation, Soaking and Prayer)",2011-07-01,7sjnf3tfcpWXMTwNYajQNX,https://open.spotify.com/track/7sjnf3tfcpWXMTwNYajQNX,scholarly contemplative minimalist
A Walk To Remember,The Ambientalist,Memoirs,2020-11-27,0b0ZPIL4UnQxjRL8LHoOf6,https://open.spotify.com/track/0b0ZPIL4UnQxjRL8LHoOf6,scholarly contemplative minimalist
Calming Instrumental Melody,Office Instrumental,"Office Music – Relaxing Background Music to Improve Concentration, Working, Learning, Reading, Better Focus on Task",2019-08-06,4c3HlyH1wR7CKtRoJnUJKr,https://open.spotify.com/track/4c3HlyH1wR7CKtRoJnUJKr,scholarly contemplative minimalist
Rest,Sean Williams,Wilder Seas,2016-08-31,3AqohtwDX49q20P7AaEU4c,https://open.spotify.com/track/3AqohtwDX49q20P7AaEU4c,scholarly contemplative minimalist
Relaxing Ambient Music,Jazzy Study,3 Hours of Smooth Jazz for Studying,2018-12-15,6Db4WA64047ZWt1Fr7BQ4S,https://open.spotify.com/track/6Db4WA64047ZWt1Fr7BQ4S,scholarly contemplative minimalist
Ambient Music,Pam Cardalles,Peaceful & Relaxing Instrumental Music,2015-06-10,78NT8EpmLpldzgDeNPDMzp,https://open.spotify.com/track/78NT8EpmLpldzgDeNPDMzp,scholarly contemplative minimalist
Ambient Piano,Music for Reading,"Keep Calm and Concentration (music for studying, relaxing music, focus and study, easy listening, piano music for concentration)",2016-05-08,13ZOn2XiAueeAyEk3tkqPv,https://open.spotify.com/track/13ZOn2XiAueeAyEk3tkqPv,scholarly contemplative minimalist
Ambient,Soundscapes - Relaxing Music,Ambients,1999-05-18,2Qic4Wm2S4ByJJUyn3LrFz,https://open.spotify.com/track/2Qic4Wm2S4ByJJUyn3LrFz,scholarly contemplative minimalist
Ambient Piano,Spa,"Spa Music: Rain Sounds and The Most Relaxing Background Music For Spa, Massage, Yoga, Meditation, Healing and Welness, Vol. 3",2019-09-01,5Eo3y6NlFqmcgBpljC4nhj,https://open.spotify.com/track/5Eo3y6NlFqmcgBpljC4nhj,scholarly contemplative minimalist
Ambient,Enokido,AMbient,2021-06-23,1OTxqzDbi5KZIPgfgfX6Ew,https://open.spotify.com/track/1OTxqzDbi5KZIPgfgfX6Ew,scholarly contemplative minimalist
Ambient Spa Music,Spa,"Spa: Piano and Nature Sounds and Bird Sounds For Spa Music, Massage Music, Yoga Music, Meditation Music and Soothing Music For Relaxation",2021-04-16,0DI3tWSkYLtwNZjKguoTcz,https://open.spotify.com/track/0DI3tWSkYLtwNZjKguoTcz,scholarly contemplative minimalist
Ambient Study Music - Piano Piece,Ambient Piano Works,Silent Piano Grove Focus,2024-10-29,3OS2WPhcOXSmvrnklAyriq,https://open.spotify.com/track/3OS2WPhcOXSmvrnklAyriq,scholarly contemplative minimalist
Gentle Meditations - Spa,Ambient Dreamer,Spa Volume 1,2022-05-20,1z7LC8xZ9QEBmjVVkwf3IE,https://open.spotify.com/track/1z7LC8xZ9QEBmjVVkwf3IE,scholarly contemplative minimalist
Ambient,Focus Brain,Deep Study Music for Exams and Concentration – Deepen Your Concentration,2018-05-29,0EzEWLDWPTTcy2flSuKG07,https://open.spotify.com/track/0EzEWLDWPTTcy2flSuKG07,scholarly contemplative minimalist
Instrumental Study Music,Instrumental,"Instrumental Music: Calm and Relaxing Piano Music for Sleeping, Studying, Massage, Yoga, Meditation, Massage and Spa",2017-05-31,2a9w6zyCvlxsELzlPwr8LZ,https://open.spotify.com/track/2a9w6zyCvlxsELzlPwr8LZ,scholarly contemplative minimalist
Reflecting Space,Universal Balance,Reflecting Space,2020-09-28,6jSYCmSLDyXW5Hvd4M2H7z,https://open.spotify.com/track/6jSYCmSLDyXW5Hvd4M2H7z,scholarly contemplative minimalist
Instrumental Background Music,Instrumental,"Instrumental Music: Calm and Relaxing Piano Music for Sleeping, Studying, Massage, Yoga, Meditation, Massage and Spa",2017-05-31,1l3Qyx5NIw2MzxdQ3qnzL8,https://open.spotify.com/track/1l3Qyx5NIw2MzxdQ3qnzL8,scholarly contemplative minimalist
Ambient Piano,Study Concentration,"Study Concentration: Focus, Brain Power, Studying Music, Memory & Relaxation",2016-09-04,2lZzH2RyhGNrNaVBUkYj48,https://open.spotify.com/track/2lZzH2RyhGNrNaVBUkYj48,scholarly contemplative minimalist
Relaxing Ambience for Modern Evening,Trabajar desde Casa,Instrumental Music for Work,2022-12-03,3cTVpMxCxJvfIS24GPqXow,https://open.spotify.com/track/3cTVpMxCxJvfIS24GPqXow,scholarly contemplative minimalist
Melancholic Saxophone,Jazz Instrumental Relax Center,Calming Jazz for Reading: Soothing Evening with Cozy Instrumental Background,2022-02-02,0AYqXFsYx9feWW3GhpIZDx,https://open.spotify.com/track/0AYqXFsYx9feWW3GhpIZDx,scholarly contemplative minimalist
Show Dreams Unfurled,Ambientalism,Blissful Serenades,2021-07-07,35fREADEEqqOVnYsoxaLW7,https://open.spotify.com/track/35fREADEEqqOVnYsoxaLW7,scholarly contemplative minimalist
Outdoor Activities,Music For Students,"Quiet Focus and Study Piano, Vol. 3",2022-04-26,19QbNRgwUuKcP8knMlscxx,https://open.spotify.com/track/19QbNRgwUuKcP8knMlscxx,scholarly contemplative minimalist
Atmospheric Backdrops for Morning Victory,Autumn Jazz Ambient,Ambiance for Morning Victory,2022-10-20,6Z6moNVWEtdLkgirS31uyB,https://open.spotify.com/track/6Z6moNVWEtdLkgirS31uyB,scholarly contemplative minimalist
Ambient,Pure Awareness,Relax Your Gut: Really Soothing Sounds to Calm an Upset Stomach,2022-05-18,4whDuLKfbmuvGALZtvv3TZ,https://open.spotify.com/track/4whDuLKfbmuvGALZtvv3TZ,scholarly contemplative minimalist
Piano Focus,Ambient Space,Focus Mode,2021-05-12,0RC4nWSwKj2aFg3GlhUrRh,https://open.spotify.com/track/0RC4nWSwKj2aFg3GlhUrRh,scholarly contemplative minimalist
Instrumentals,Mother Earth Times,For Quiet Moments – 50 Relaxing Piano Music,2016-02-28,2ymA8TDhEMxY8flms3JqOz,https://open.spotify.com/track/2ymA8TDhEMxY8flms3JqOz,scholarly contemplative minimalist
Background Instrumental Music Lounge,Hans Ambient,Morning Coffee Lounge - Soft and Slow Lounge Chillout Music for Ambience,2014-09-30,6ooruSGSC6CVJT7361MULx,https://open.spotify.com/track/6ooruSGSC6CVJT7361MULx,scholarly contemplative minimalist
Ambient (Background Music),Meditation Relax Club,Spa Music 101 Wellness – Ultimate Soothing Relaxing Sounds for Spas & Hammam,2016-01-22,46vyV45qGLlUz3QOLQjvM1,https://open.spotify.com/track/46vyV45qGLlUz3QOLQjvM1,scholarly contemplative minimalist
Calm Minimalist Piano,Rafael Krux,Cinematic Piano,2022-05-23,3TD25QU3RSVp62cuhJaenZ,https://open.spotify.com/track/3TD25QU3RSVp62cuhJaenZ,scholarly contemplative minimalist
Beautiful Ambient Corporate Inspiration,Romansenykmusic,Corporate Collection,2021-12-02,2rKwZLNAHrZFHa3fFnI5Fk,https://open.spotify.com/track/2rKwZLNAHrZFHa3fFnI5Fk,scholarly contemplative minimalist
Ambient Piano Solo,Piano for Studying,Relaxing Piano Music For Work,2021-08-17,71ViCH4LQiFLcH8aAnwTpy,https://open.spotify.com/track/71ViCH4LQiFLcH8aAnwTpy,scholarly contemplative minimalist
Ambient Learning,Upbeat Study Music,Upbeat Study Music Ambient Concentration,2022-01-24,6NFw7xZGuh6Dw3vxZtcoMM,https://open.spotify.com/track/6NFw7xZGuh6Dw3vxZtcoMM,scholarly contemplative minimalist
Fairground,Ethereal Isolation,Instrumental Electronic Music,2020-09-06,2GyYfvPysp44i3RYKLziA4,https://open.spotify.com/track/2GyYfvPysp44i3RYKLziA4,scholarly contemplative minimalist
Ambient Music Lounge,Amazing Jazz Music Collection,"Soft Office Lounge Background (Piano Bar at Workplace, Relaxing Bossanova, Stay Focused, Positively with Easy Listening, Smooth Jazz)",2017-06-22,70hAr5dEckvd2WubKZJ5fK,https://open.spotify.com/track/70hAr5dEckvd2WubKZJ5fK,scholarly contemplative minimalist
Red Letter (Ambient),The American Dollar,Music for Focus and Creativity,2013-12-10,6H2jMKiqQShnIQyeHoMxXC,https://open.spotify.com/track/6H2jMKiqQShnIQyeHoMxXC,scholarly contemplative minimalist
Inhabitants,Flica,From The Mountain To The Sea,2022-02-25,2FXH1szKrcE2YnzBLga0Zq,https://open.spotify.com/track/2FXH1szKrcE2YnzBLga0Zq,scholarly contemplative minimalist
Meditation Ambient Part II,Ambient Space Background,Ambient Sleep - Space Music Meditation,2022-05-31,2Csxo5W6D8QWNtQba8KN8I,https://open.spotify.com/track/2Csxo5W6D8QWNtQba8KN8I,scholarly contemplative minimalist
Meditation: Ambient Relax,Beauty Scene,Sounds of Tibet - 50 Relaxing Instrumental Songs with Japanese and Oriental,2016-03-31,2lz8ZcbxCoCFpqPMuQX2DC,https://open.spotify.com/track/2lz8ZcbxCoCFpqPMuQX2DC,scholarly contemplative minimalist
Focus,The Deep Sleep Scientists,Dreamtime,2020-10-22,1DQ0tf3gRbtodCd249Vuax,https://open.spotify.com/track/1DQ0tf3gRbtodCd249Vuax,scholarly contemplative minimalist
"Introspection Music for a Deep Meditative State, Pt. 39",Meditation Guru,Relaxing Ambient Playlist,2022-11-07,5qn5DxMSTAwGuLxM880uLg,https://open.spotify.com/track/5qn5DxMSTAwGuLxM880uLg,scholarly contemplative minimalist
The Ambient,Ben Dransfield,Relief,2020-12-11,3OrRh2pL9siKz3qoM2IiYk,https://open.spotify.com/track/3OrRh2pL9siKz3qoM2IiYk,scholarly contemplative minimalist
Ambient Piano,Chris Darker,Ambient Piano – Relaxing Ambient Piano Background Music,2019-03-29,0AYjmOAO1pLgQNab4eLpbm,https://open.spotify.com/track/0AYjmOAO1pLgQNab4eLpbm,scholarly contemplative minimalist
Ambient Minimal Upbeat,DensoMusic,Minimal Corporate Music,2019-10-24,27sZXKMkfpQmmlAkNtjmtK,https://open.spotify.com/track/27sZXKMkfpQmmlAkNtjmtK,scholarly contemplative minimalist
Ambient expectations - Lonely relaxing background,DepasRec,Ambient expectations (Lonely relaxing background),2019,5VJUJtpxTjEYwNd4URISd0,https://open.spotify.com/track/5VJUJtpxTjEYwNd4URISd0,scholarly contemplative minimalist
Ambient Music,State of Deep Focus,Focus Music for Work – Increase Focus and Creative Thinking with Sounds of Nature and Instrumental Background Music,2019-10-01,4blLOYqecrjwGXdt8nKT4E,https://open.spotify.com/track/4blLOYqecrjwGXdt8nKT4E,scholarly contemplative minimalist
Ambient Music For Luxury Merchandise,Media Music Group,Ambient Music For Luxury Merchandise,2021-02-22,3W7dHaakvq91Lv9rRyDd6g,https://open.spotify.com/track/3W7dHaakvq91Lv9rRyDd6g,scholarly contemplative minimalist
Ambient Sleep Music,Baby Lullabies Music,"Baby Lullabies: Relaxing Baby Music Piano, Baby Songs, Bedtime Music, Soothing Baby Sleep, Newborn Sleep Aid, Instrumental Piano",2013-02-11,1Ra1rvNweJ0rzJoNrHHm5D,https://open.spotify.com/track/1Ra1rvNweJ0rzJoNrHHm5D,scholarly contemplative minimalist
Soft Instrumental Background,Jazz Concentration Academy,"Relaxing Jazz for Study & Work: Soft Jazz Session 2017, Instrumental Background to Relax at Work & Focus on Study",2017-05-25,2acsqD7yTfMD8pTApQeQXi,https://open.spotify.com/track/2acsqD7yTfMD8pTApQeQXi,scholarly contemplative minimalist
Content,Peaceful Ambient,Peaceful Journey,2022-04-07,2s2Mp68gUpY1RLzAoXa1bv,https://open.spotify.com/track/2s2Mp68gUpY1RLzAoXa1bv,scholarly contemplative minimalist
Solo Piano Atmospheres,Jazz Instrumental Music Academy,"Soft Background Music – Instrumental Jazz Ambient, Easy Listening Piano, Slow Songs for Night Relaxation",2017-04-06,6Xdn7GWsWVSQP985htdbzv,https://open.spotify.com/track/6Xdn7GWsWVSQP985htdbzv,scholarly contemplative minimalist
Bakground Piano Light Ambience,Study Music Research,Upbeat Piano For Studying,2022-05-26,4Dg7UueKyqQeAdgD1YBPjj,https://open.spotify.com/track/4Dg7UueKyqQeAdgD1YBPjj,scholarly contemplative minimalist
Deep Meditation (Cello Intrumental),Gentle Instrumental Music Paradise,"50 Relaxing Ambient Sounds (Inner Power, Deep Sleep, Healing Instrumental Music, Relaxation, Meditation, Yoga, Rest, Stress Relief)",2018-05-21,0bYzfdCRI603pIn276u1Kd,https://open.spotify.com/track/0bYzfdCRI603pIn276u1Kd,scholarly contemplative minimalist
Aberration,Fathoms,Reminiscence,2021-01-15,7xmL6lxmirylEPzeOY55ti,https://open.spotify.com/track/7xmL6lxmirylEPzeOY55ti,scholarly contemplative minimalist
Piano Ambient Lounge,Jazz Paradise Music Moment,"Jazz with Ocean Waves - Mellow, Relaxing and Hypnotically Soothing",2018-02-27,1IcKrgw5jY7cBfbrLpJKLC,https://open.spotify.com/track/1IcKrgw5jY7cBfbrLpJKLC,scholarly contemplative minimalist
Strings (Ambient),The American Dollar,Music for Focus and Creativity,2013-12-10,12QCy4WFgS8LNdxpkLmGDV,https://open.spotify.com/track/12QCy4WFgS8LNdxpkLmGDV,scholarly contemplative minimalist
Ambient Music,Herman Glenn,"Study Music Brain Power (music for study, deep focus, music for concentration, concentration music, relaxing piano, piano relaxation , piano ambient, study time, studying music, brain music, memory and concentration for exam, study hard)",2017-02-10,30pWmKFmo0FfQhVw97mFgO,https://open.spotify.com/track/30pWmKFmo0FfQhVw97mFgO,scholarly contemplative minimalist
Ambient,Drøme,Drøme,2022-04-08,0AcUrDzL8fb74CmLN8O9N1,https://open.spotify.com/track/0AcUrDzL8fb74CmLN8O9N1,scholarly contemplative minimalist
Minimalia,Cinnamon Chasers,Best of...,2014-02-12,6oqSrWUINmL23yPGFNzEPv,https://open.spotify.com/track/6oqSrWUINmL23yPGFNzEPv,scholarly contemplative minimalist
Ethereal Adventure,Smart Study,"25 Great Science-Backed Tracks For Studying: Scientific Study Music, Musical Cognition",2019-11-07,6lmH5ZwcLZ01zEZ22QYUL8,https://open.spotify.com/track/6lmH5ZwcLZ01zEZ22QYUL8,scholarly contemplative minimalist
Background Piano Ambience,Calm Music,Magical Ambient Piano,2021-08-24,0rGj5rQeEuNV3mI00mzYz6,https://open.spotify.com/track/0rGj5rQeEuNV3mI00mzYz6,scholarly contemplative minimalist
Ambient House,Beats Method,Downtempo,2020-01-20,0rhEyUyRdnDhpjKew7wjeO,https://open.spotify.com/track/0rhEyUyRdnDhpjKew7wjeO,scholarly contemplative minimalist
Contentment,The Deep Sleep Scientists,Dreamtime,2020-10-22,5vs6ymHmWEsYj8h8I5y5pB,https://open.spotify.com/track/5vs6ymHmWEsYj8h8I5y5pB,scholarly contemplative minimalist
Background Minimal,ProLuxeStudio,Educational Background Music,2022-02-25,1kbqb7l3JafR5Uh2xQhfMB,https://open.spotify.com/track/1kbqb7l3JafR5Uh2xQhfMB,scholarly contemplative minimalist
Deeply Focused,Ambient Space,Focus Mode,2021-05-12,1ZynXddHQirFPxlNIKPBQf,https://open.spotify.com/track/1ZynXddHQirFPxlNIKPBQf,scholarly contemplative minimalist
My Little Ambient Melodies 01,Inner Science,Ambient Variation,2017-07-26,7i5WLeW0BIgqTALLovWhoj,https://open.spotify.com/track/7i5WLeW0BIgqTALLovWhoj,scholarly contemplative minimalist
Contemporary Ambience for Quarantine,Instrumental Soft Jazz,(Tenor Saxophone Solo) Music for Work from Home,2020-11-29,7t1V7Tj93okGL02VMcL8xg,https://open.spotify.com/track/7t1V7Tj93okGL02VMcL8xg,scholarly contemplative minimalist
Ambient Piano,Allen Grey,Soundscape Collection,2020-12-09,2E0y9OsqpfFxXlxZGZbziZ,https://open.spotify.com/track/2E0y9OsqpfFxXlxZGZbziZ,scholarly contemplative minimalist
Ambient Instrumental Music,Dave Herson,Bali Chillout Music,2015-05-11,1tOoA9oFqsr6eS1or3O96x,https://open.spotify.com/track/1tOoA9oFqsr6eS1or3O96x,scholarly contemplative minimalist
"Musical Ambient Melodies for Peaceful Thoughts, Pt. 21",Quiet Meditation Music,Musical Ambient Melodies for Peaceful Thoughts,2022-07-29,7BdH7LTp8YbpURDfDcQJ9S,https://open.spotify.com/track/7BdH7LTp8YbpURDfDcQJ9S,scholarly contemplative minimalist
Minimalist Systems,David Arnold,Experimental String Quartet,2018-11-07,1gthr0PnYKdZWvkQ3vJTHp,https://open.spotify.com/track/1gthr0PnYKdZWvkQ3vJTHp,scholarly contemplative minimalist
Ambient Celestial,Sabroi,String Theory,2019-08-09,5VQ7hWYcFULm3VXA6aDQJi,https://open.spotify.com/track/5VQ7hWYcFULm3VXA6aDQJi,scholarly contemplative minimalist
Documentary Background Ambient,cleanmindsounds,Documentary Background Ambient,2022-06-28,5uPOfwm7x1LwVPFeeFHSGG,https://open.spotify.com/track/5uPOfwm7x1LwVPFeeFHSGG,scholarly contemplative minimalist
Background Piano Ballad,Instrumental Jazz Music Ambient,"Slow-Paced Soothing Piano: Very Calming Sounds for Stress and Anxiety Relief, Deep Relaxation",2019-05-22,6OqingLDlclevBgBy77EIk,https://open.spotify.com/track/6OqingLDlclevBgBy77EIk,scholarly contemplative minimalist
Smooth Atmosphere Instrumental Slow Jazz,Atmospheric Coffee House Music,Atmospheric Coffee House Background Jazz,2019-10-01,6UvVN0wupXhKTFcPfTyhEz,https://open.spotify.com/track/6UvVN0wupXhKTFcPfTyhEz,scholarly contemplative minimalist
Calming Instrumental Piano Music Vibes,Calming Instrumental Jazz Ambiance,Calming Instrumental Piano Music Vibes,2019-10-17,5Wjo3MhozZaeb5JXfJ35yW,https://open.spotify.com/track/5Wjo3MhozZaeb5JXfJ35yW,scholarly contemplative minimalist
Soothe,Instrumental Sleeping Music,A Playlist of Ambient Music,2022-02-17,0k4D0J7MpPhZH9FpP2oz11,https://open.spotify.com/track/0k4D0J7MpPhZH9FpP2oz11,scholarly contemplative minimalist
Ambient Corporate Background Music,BearStockMusic,Energetic Music,2022-11-30,1ED7thQCFGUssR8oOEqVxx,https://open.spotify.com/track/1ED7thQCFGUssR8oOEqVxx,scholarly contemplative minimalist
Ambient Sleep Music,Free Spirit,Meditation Piano Music With Nature Sounds Natural White Noise for Relaxation,2011-10-26,0gbNSWv9PXdzDvJjk5b2ji,https://open.spotify.com/track/0gbNSWv9PXdzDvJjk5b2ji,scholarly contemplative minimalist
Ambient Musi Therapy,Bedtime Brooke,Soft Bedtime Lullabies - Calm Night Piano Songs to Sleep Better Through the Night,2017-07-17,0xbhSsiZGLmtW8ag5d8OJG,https://open.spotify.com/track/0xbhSsiZGLmtW8ag5d8OJG,scholarly contemplative minimalist
Mind,Ambient Sounds for Reading,Ambient Stories,2018-06-09,4foSAIZP6vKsHF9aSCnnsl,https://open.spotify.com/track/4foSAIZP6vKsHF9aSCnnsl,scholarly contemplative minimalist
Quiet Morning,Chihei Hatakeyama,dedication,2008-09-01,3cZIvlxNK0bcmJF8tKmNmJ,https://open.spotify.com/track/3cZIvlxNK0bcmJF8tKmNmJ,scholarly contemplative minimalist
Soundscapes,Robbins Island Music Group,"Ambient Mood Music: Ambient Instrumental Music for Deep Sleep, Stress Relief, Bedtime Music, Meditation & Spa Treatments",2014-06-04,6QzvAkEcj2iZPfjjvTiWDK,https://open.spotify.com/track/6QzvAkEcj2iZPfjjvTiWDK,scholarly contemplative minimalist
Ambient Piano Atmosphere,Jazz Concentration Academy,"Effective Study: Relaxing Piano Moods Music for Better Concentration (Smooth Songs for Studying, Focus, Reading, Relaxation & Easy Learn)",2017-03-16,742OFiqUbAL4wmCNBfEKL2,https://open.spotify.com/track/742OFiqUbAL4wmCNBfEKL2,scholarly contemplative minimalist
Consolation - Ambient Sleep Edit,Atmospheric Lights,Consolation,2022-07-29,7MU8T269RF6sUcHVdwx8lb,https://open.spotify.com/track/7MU8T269RF6sUcHVdwx8lb,scholarly contemplative minimalist
Light Ambient Piano,Trouble Sleeping Music Universe,1 Hour Relaxing Sleep Music - Instant Quiet Calm and Stress Relief,2021-06-16,04THKJq9LPaE87qzEh7nqv,https://open.spotify.com/track/04THKJq9LPaE87qzEh7nqv,scholarly contemplative minimalist
Inspirational Ambient,AShamaluevMusic,Inspirational Ambient,2019-09-30,34JnRqjUHjo1EPWWObtPz9,https://open.spotify.com/track/34JnRqjUHjo1EPWWObtPz9,scholarly contemplative minimalist
Completion,Peaceful Ambient,Ambient Focus,2022-04-16,1gn2uF5DBjlDpPDXGHQ6HI,https://open.spotify.com/track/1gn2uF5DBjlDpPDXGHQ6HI,scholarly contemplative minimalist
Ambient Guitar (Memories),Mikhail Medvedev,Ambient Guitar and Soundscapes,2016-10-30,6IUmIEnkSbdfz0MwGdov19,https://open.spotify.com/track/6IUmIEnkSbdfz0MwGdov19,scholarly contemplative minimalist
Acceptance,Peaceful Ambient,Ambient Focus,2022-04-16,4QC6DDl5pWJHeTt55LYy94,https://open.spotify.com/track/4QC6DDl5pWJHeTt55LYy94,scholarly contemplative minimalist
Fulfillment,Peaceful Ambient,Ambient Focus,2022-04-16,6iLZiPQAk8LmUizANOznDl,https://open.spotify.com/track/6iLZiPQAk8LmUizANOznDl,scholarly contemplative minimalist
Persistance,Peaceful Ambient,Ambient Focus,2022-04-16,38kh6ijzn7HsGUr4CUVW2H,https://open.spotify.com/track/38kh6ijzn7HsGUr4CUVW2H,scholarly contemplative minimalist
Expectation,Peaceful Ambient,Ambient Focus,2022-04-16,3ogwH6Ify4RbYwZVAxUqU7,https://open.spotify.com/track/3ogwH6Ify4RbYwZVAxUqU7,scholarly contemplative minimalist
Approach,Peaceful Ambient,Peaceful Journey,2022-04-07,0w0wc9jK7EBC20uwJyxBnR,https://open.spotify.com/track/0w0wc9jK7EBC20uwJyxBnR,scholarly contemplative minimalist
Calm,Peaceful Ambient,Peaceful Journey,2022-04-07,5qrSLMySQixjk3ntGjIvp3,https://open.spotify.com/track/5qrSLMySQixjk3ntGjIvp3,scholarly contemplative minimalist
Music for Quiet Moments,Jazz Instrumental Music Academy,"Soft Background Music – Instrumental Jazz Ambient, Easy Listening Piano, Slow Songs for Night Relaxation",2017-04-06,5IcxdL8k6x0avWnVBHka9C,https://open.spotify.com/track/5IcxdL8k6x0avWnVBHka9C,scholarly contemplative minimalist
Ethereal Element,Quiet Quest,"Post Rock & Ambient Music, Vol. 2",2019-10-03,4LINUtjYej5ToRYwDCKo31,https://open.spotify.com/track/4LINUtjYej5ToRYwDCKo31,scholarly contemplative minimalist
"Mysticism, Music and Sounds Instrumental, Pt. 1",Farino,Mystical Music and Sounds Instrumental (Mysticism - Relaxation Music),2014-07-07,5ceE6ZTUb3Aa2Cz8QrGQxT,https://open.spotify.com/track/5ceE6ZTUb3Aa2Cz8QrGQxT,scholarly contemplative minimalist
Ambiant Peace,Lumenis,Uncovered Secrets Unveiled,2018-08-27,43OJBmRVV1bn4Iw9B4YinM,https://open.spotify.com/track/43OJBmRVV1bn4Iw9B4YinM,scholarly contemplative minimalist
Windsor,Manitou,All Points North,2007-08-02,0LSgCHphGQjlKDQnJ332wv,https://open.spotify.com/track/0LSgCHphGQjlKDQnJ332wv,scholarly contemplative minimalist
Cinematic Piano Ambient,AShamaluevMusic,Cinematic Piano Ambient,2017-10-15,3eSreCYlZ8pRg3fDkO2POI,https://open.spotify.com/track/3eSreCYlZ8pRg3fDkO2POI,scholarly contemplative minimalist
Soothing Ambience,Doug Kilgore,Essential Ambience,2015-07-25,24PLemoZrQjDbt2124ck62,https://open.spotify.com/track/24PLemoZrQjDbt2124ck62,scholarly contemplative minimalist
Concentration,Ambient Space,Focus Mode,2021-05-12,3A470HXkbipIDvETZpEEsu,https://open.spotify.com/track/3A470HXkbipIDvETZpEEsu,scholarly contemplative minimalist
Room Five,Ambienti Coassiali,Vol. 1 (Room 1-6),2018-04-13,5iKwRPxYhHkJEUkCs85gvS,https://open.spotify.com/track/5iKwRPxYhHkJEUkCs85gvS,scholarly contemplative minimalist
Morning,Instrumental Jazz Music Ambient,"One Note With Piano Jazz – Beautiful Piano Bar, Finest Lounge Music, Best of Smooth Jazz, Morning Coffee",2016-01-22,6YcRP3aq20Bf93SYI9OJsU,https://open.spotify.com/track/6YcRP3aq20Bf93SYI9OJsU,scholarly contemplative minimalist
Ambient Music for Yoga Nidra - Classical Guitar Version,Moody Time,"Relaxing Music - Songs and Lullabies to Help You Relax, Sleep and Meditate",2010-09-15,1GQM7sDoWgXAAaPdUqhfKO,https://open.spotify.com/track/1GQM7sDoWgXAAaPdUqhfKO,scholarly contemplative minimalist
Floating,Peaceful Ambient,Ambient Focus,2022-04-16,4CNFtChcHDHm6F132djU2W,https://open.spotify.com/track/4CNFtChcHDHm6F132djU2W,scholarly contemplative minimalist
Empty Hall,Peaceful Ambient,Ambient Focus,2022-04-16,3FaVs7eo99Qvi6pgJNtYlq,https://open.spotify.com/track/3FaVs7eo99Qvi6pgJNtYlq,scholarly contemplative minimalist
Office Background Ambient,Shakuhachi Sakano,"Best Spa Music 101 - Serenity Relaxation Songs, Top Wellness Center & Hotel Tracks",2016-08-10,67jYDrLnTEz8k7oNBlVbdj,https://open.spotify.com/track/67jYDrLnTEz8k7oNBlVbdj,scholarly contemplative minimalist
Piano Atmosphere,Ambient Space,Piano Atmosphere,2021-05-06,7GYzscD1DAB5XW5ZfLx59V,https://open.spotify.com/track/7GYzscD1DAB5XW5ZfLx59V,scholarly contemplative minimalist
Further,Peaceful Ambient,Ambient Focus,2022-04-16,2seGjYo3LF7hCvUedc232L,https://open.spotify.com/track/2seGjYo3LF7hCvUedc232L,scholarly contemplative minimalist
Soft Magic Piano Melodies,Jazz Instrumental Music Academy,"Soft Background Music – Instrumental Jazz Ambient, Easy Listening Piano, Slow Songs for Night Relaxation",2017-04-06,4Ukd5wv9Pqg9h72UIUBfzE,https://open.spotify.com/track/4Ukd5wv9Pqg9h72UIUBfzE,scholarly contemplative minimalist
Contemporary Ambiance for Playing Flashbacks,Jazz Suave,Music to Keep You Working,2022-12-05,64GqUQnWqQWidnRnF1tbHL,https://open.spotify.com/track/64GqUQnWqQWidnRnF1tbHL,scholarly contemplative minimalist
Ambient Chill,The Soft Jazz Candle Light Romantic Music Band,"Candle Light Romance (Soft Jazz Instrumental, Easy Listening, Dinner, Relaxing Music Songs with Romantic Party Ambiance)",2013-06-24,4xVGyHqJzO156Qlvj1OyO9,https://open.spotify.com/track/4xVGyHqJzO156Qlvj1OyO9,scholarly contemplative minimalist
Dark Ambient,Ambient Space Background,Dark Ambient 2019 - 3 Hours of Deep Space Relaxation,2019-06-29,3jaaHy1d1o8Ajmn05LogsY,https://open.spotify.com/track/3jaaHy1d1o8Ajmn05LogsY,scholarly contemplative minimalist
Ambient Documentary,cleanmindsounds,Ambient Documentary,2022-09-30,1CkaBMu2z9oPYXdtlaAqYC,https://open.spotify.com/track/1CkaBMu2z9oPYXdtlaAqYC,scholarly contemplative minimalist
Stillness,Peaceful Ambient,Peaceful Journey,2022-04-07,2JPRiMYcW6ZFiSZFl9ZLKr,https://open.spotify.com/track/2JPRiMYcW6ZFiSZFl9ZLKr,scholarly contemplative minimalist
Ambient Paris,Ambient,Ambient Playlist,2015-10-21,29ZbyLgBcBImenLUTPLP2k,https://open.spotify.com/track/29ZbyLgBcBImenLUTPLP2k,scholarly contemplative minimalist
Ambient Nature Motivations,Calming Music Ensemble,"111 Zen Power Tracks: Music for Yoga, Pilates and Tai-Chi (Nature Sounds, Ocean Waves, Birds in Garden and Forest, Water Ambient, Oriental Flute, Calming New Age)",2016-12-30,3yOjV0LtrEm8aZP3bM7KNc,https://open.spotify.com/track/3yOjV0LtrEm8aZP3bM7KNc,scholarly contemplative minimalist
Searching,Peaceful Ambient,Peaceful Journey,2022-04-07,0YCXtOSrSLgDQVo5fvjKvX,https://open.spotify.com/track/0YCXtOSrSLgDQVo5fvjKvX,scholarly contemplative minimalist
Ambient Motivational Corporate,StereojamMusic,Inspirational Corporate Music,2016-10-15,7f3f3rOEkagYu3urWwKR1y,https://open.spotify.com/track/7f3f3rOEkagYu3urWwKR1y,scholarly contemplative minimalist
Onwards,Peaceful Ambient,Peaceful Journey,2022-04-07,6lFeX01FKwJgobXk62txnz,https://open.spotify.com/track/6lFeX01FKwJgobXk62txnz,scholarly contemplative minimalist
Deep Study,Ambient Space,Focus Mode,2021-05-12,7MBsARjmq1IQ0x3BtMZmqb,https://open.spotify.com/track/7MBsARjmq1IQ0x3BtMZmqb,scholarly contemplative minimalist
Ambient Wonders,Instrumental Piano Universe,50 Calming Tracks to Relax the Soul,2022-07-22,744bNB2paT465iEFKYsIum,https://open.spotify.com/track/744bNB2paT465iEFKYsIum,scholarly contemplative minimalist
Gentle Piano Study,Ambient Space,Focus Mode,2021-05-12,3XzD51D7Xtzh7fLJoKWnDd,https://open.spotify.com/track/3XzD51D7Xtzh7fLJoKWnDd,scholarly contemplative minimalist
Atmospheric,Ambient Space,Focus Mode,2021-05-12,4UnbYSM6fR5SIr7APB31KV,https://open.spotify.com/track/4UnbYSM6fR5SIr7APB31KV,scholarly contemplative minimalist
Corporate Ambient Background,Audiosphere,Corporate Ambient Background,2018-10-10,4wF4QGRC3ETSKTMwtj0k4r,https://open.spotify.com/track/4wF4QGRC3ETSKTMwtj0k4r,scholarly contemplative minimalist
Contemplation,John Adorney,"A Silver Thread: Toward a Gentle Place, Vol. 2",2020-05-20,6jAK3uVfLomxDOj926q7Z7,https://open.spotify.com/track/6jAK3uVfLomxDOj926q7Z7,scholarly contemplative minimalist
Late Night,Ambient Space,Focus Mode,2021-05-12,4pHOGSJxJUkHKUND0F3DoL,https://open.spotify.com/track/4pHOGSJxJUkHKUND0F3DoL,scholarly contemplative minimalist
Minimal Prélude No. 24 in D Minor,Jeroen van Veen,Jeroen van Veen: 24 Minimal Preludes,2016-07-01,28sHEgcECWeBrGe8VDBT4W,https://open.spotify.com/track/28sHEgcECWeBrGe8VDBT4W,scholarly contemplative minimalist
Serenity,Peaceful Ambient,Ambient Focus,2022-04-16,2SECOR8Nj8AZzzDlY7tDWp,https://open.spotify.com/track/2SECOR8Nj8AZzzDlY7tDWp,scholarly contemplative minimalist
Travelling,Peaceful Ambient,Peaceful Journey,2022-04-07,0XQF65RvyEwpkwT7O0Ikkc,https://open.spotify.com/track/0XQF65RvyEwpkwT7O0Ikkc,scholarly contemplative minimalist
Continuation,Peaceful Ambient,Peaceful Journey,2022-04-07,4rnV7HkMovvG4xpMhpkCu1,https://open.spotify.com/track/4rnV7HkMovvG4xpMhpkCu1,scholarly contemplative minimalist
Home,Peaceful Ambient,Peaceful Journey,2022-04-07,0Nm5GrmUETgwF93anG9Bg2,https://open.spotify.com/track/0Nm5GrmUETgwF93anG9Bg2,scholarly contemplative minimalist
Ambient Dreaming,"Positive Thinking: Music To Develop A Complete Meditation Mindset For Yoga, Deep Sleep",Positive Thinking with Yoga Music,2015-12-30,6sZfQ77EEYdPiwSZAySpJ9,https://open.spotify.com/track/6sZfQ77EEYdPiwSZAySpJ9,scholarly contemplative minimalist
Reflections,Climatic,Ambient,2018-09-25,0eoKqbzm8MEaaAvP3wX0kZ,https://open.spotify.com/track/0eoKqbzm8MEaaAvP3wX0kZ,scholarly contemplative minimalist
First Steps,Peaceful Ambient,Ambient Focus,2022-04-16,66uCQYZFs2hpvI90TSKpup,https://open.spotify.com/track/66uCQYZFs2hpvI90TSKpup,scholarly contemplative minimalist
Expansion,Peaceful Ambient,Peaceful Journey,2022-04-07,77bzdEWuEqa3xNpHCSzzsV,https://open.spotify.com/track/77bzdEWuEqa3xNpHCSzzsV,scholarly contemplative minimalist
Touch of Melancholy,Alan Fillip,Versatile Underscores,2018-01-16,7KSK7FOsBbo4jppzl8xvUH,https://open.spotify.com/track/7KSK7FOsBbo4jppzl8xvUH,scholarly contemplative minimalist
Soundscapes (Relaxation Music) VOL. 2,Study Music Guys,"111 Tracks VOL. 2 (Over Five Hours Relaxation Therapy Music for Massage, Spa, Meditation, Reiki, Yoga, Sleep and Study, Zen New Age & Healing Nature Sounds)",2017-09-01,3Uqgtvm2ah5hOhLDfY8fa3,https://open.spotify.com/track/3Uqgtvm2ah5hOhLDfY8fa3,scholarly contemplative minimalist
Ambience,Inside Your Soul,While Painting: Soft Inspirational Music to Listen to While Painting,2021-11-05,2g0RjElZOJe0lVP3RXLRIi,https://open.spotify.com/track/2g0RjElZOJe0lVP3RXLRIi,scholarly contemplative minimalist
Path,M.W. Rainbird,Ambient Synthscapes,2021-07-01,1t76HZ5LCSG4d7dH4cPKTy,https://open.spotify.com/track/1t76HZ5LCSG4d7dH4cPKTy,scholarly contemplative minimalist
Recycle,Ambient Space,Focus Mode,2021-05-12,7jUW1gqPlD2sE1zuom6wS6,https://open.spotify.com/track/7jUW1gqPlD2sE1zuom6wS6,scholarly contemplative minimalist
Focused,Ambient Space,Focus Mode,2021-05-12,3TygdeeNpcYCXxNGZXr6H0,https://open.spotify.com/track/3TygdeeNpcYCXxNGZXr6H0,scholarly contemplative minimalist
Ambient Music for Meditation,Meditasyon Enstrümental,Meditation Music Collection 50 - Meditation Music and Relaxing Meditation Songs,2015-08-24,6idzPFAWQjuXxxaEP7y5uc,https://open.spotify.com/track/6idzPFAWQjuXxxaEP7y5uc,scholarly contemplative minimalist
Landscape,James Clarke,Minimalist,1992-09-15,3i5V2JyZIHh9UJ0QN8iXaq,https://open.spotify.com/track/3i5V2JyZIHh9UJ0QN8iXaq,scholarly contemplative minimalist
Instrumental Background,Relaxing 'n' Smooth Jazz,"JAZZ! Concentration and Focus on Learning, Exam Study Music, Music for Relaxation",2018-12-11,6rsMvdfmOlg4MoV5jVsp0k,https://open.spotify.com/track/6rsMvdfmOlg4MoV5jVsp0k,scholarly contemplative minimalist
Create Soothing Atmosphere,Instrumental Jazz Music Ambient,"Easy Listening Music - Inspirational Positive Chillout Ambient, Best Uplifting Sounds for Tutorials & Videos, Background Instrumental Music for Everything",2017-09-14,4W6q16ITTYMaVEm5CW5CLc,https://open.spotify.com/track/4W6q16ITTYMaVEm5CW5CLc,scholarly contemplative minimalist
Deep Contemplation Ambient,Serenity Music Zone,"World of African Drumming (Ancient Egypt Atmosphere, New Age Sound of the Far Orient, Tribal African Drums, Relaxation Music Oasis)",2017-07-29,2N3Hd41upDuCOIsaq8hUDc,https://open.spotify.com/track/2N3Hd41upDuCOIsaq8hUDc,scholarly contemplative minimalist
Ambient Paris,Relaxing Music for Stress Relief,Relax: Music for Stress Relief,2015-10-14,6jfbX3P3mkxSSClSg9KdZR,https://open.spotify.com/track/6jfbX3P3mkxSSClSg9KdZR,scholarly contemplative minimalist
Ambient Morning,Positive Pieces,Yoga Morning,2015-04-01,4Iig2VTD67llQorPM6NBxs,https://open.spotify.com/track/4Iig2VTD67llQorPM6NBxs,scholarly contemplative minimalist
Instrumental (Study Music),Instrumental,"Instrumental Music: Calm Guitar Music for Relaxation, Spa, Studying, Sleeping, Yoga, Meditation and Sleeping",2017-05-26,57b0pHkLgKNVzyjh2DmQU4,https://open.spotify.com/track/57b0pHkLgKNVzyjh2DmQU4,scholarly contemplative minimalist
Ambient Music,Baby Deep Sleep Lullabies,"Relaxing Piano Lullabies – Gentle New Age Background Music for Babies to Relax, Relaxing Songs for Toddlers to Fall Asleep, Natural Baby Sleep Aids with White Noise and Soothing Sounds",2015-07-08,25PSCD2MFP5rNv5GifYNdc,https://open.spotify.com/track/25PSCD2MFP5rNv5GifYNdc,scholarly contemplative minimalist
Glasswork,Peaceful Ambient,Ambient Focus,2022-04-16,5vjpF0Ul4l4mTrrMkPiozb,https://open.spotify.com/track/5vjpF0Ul4l4mTrrMkPiozb,scholarly contemplative minimalist
Piano Music Meditation,Jazz Instrumental Music Academy,"Soft Background Music – Instrumental Jazz Ambient, Easy Listening Piano, Slow Songs for Night Relaxation",2017-04-06,60hgos5iNyHbXUYLuIo0Ur,https://open.spotify.com/track/60hgos5iNyHbXUYLuIo0Ur,scholarly contemplative minimalist
Ambient Background Music For Concentration,Powerthoughts Meditation Club,"Spa Meditation: Soothing Music For Spa, Massage, Meditation, Yoga, Focus, Concentration, Mindfulness, Stress Relief, Anxiety, Deep Sleep Aid, Healing and Wellness",2020-03-05,0mM8OcTTaqjyHP39kFFn02,https://open.spotify.com/track/0mM8OcTTaqjyHP39kFFn02,scholarly contemplative minimalist
Complacent,Quiet Quest,"Ambient Music for Studying, Vol. 1",2022-11-11,1pwbSsWbMSoA6ftvxglHBY,https://open.spotify.com/track/1pwbSsWbMSoA6ftvxglHBY,scholarly contemplative minimalist
Minimalistic Compositions,Piano Girls,"Minimalistic Compositions: Minimalist Piano Music, Contemporary Ambient",2023-04-07,1lrAvNGaEcTHhZ6HdZxeyO,https://open.spotify.com/track/1lrAvNGaEcTHhZ6HdZxeyO,scholarly contemplative minimalist
Bodhi Ambient,Daniel Birch,"Ambient, Vol. 3",2018-07-16,3p0BAPRH4TXcDRQVQPLc21,https://open.spotify.com/track/3p0BAPRH4TXcDRQVQPLc21,scholarly contemplative minimalist
Retreat,Ambient,Ambient Playlist,2015-10-21,6bTniD4BY1spmSSl4PUw4B,https://open.spotify.com/track/6bTniD4BY1spmSSl4PUw4B,scholarly contemplative minimalist
Deep Sleep,Music for Sleeping Ensemble,"Deep Focus Indie Rock Alternative Electronic (Music for Concentration, Intense Studying, Perfect Concentration, Brain Food, Music for Study, Productive Morning, Afternoon Acoustic)",2016-05-24,48vCQ77YnmfiEaHaLYkGtr,https://open.spotify.com/track/48vCQ77YnmfiEaHaLYkGtr,scholarly contemplative minimalist
The Room,Ambient,A Playlist of Ambient Music,2022-02-17,7MMqlcrVCEBvFy4XABOtUe,https://open.spotify.com/track/7MMqlcrVCEBvFy4XABOtUe,scholarly contemplative minimalist
Background Ambience,Calm Guru,Relaxing Music for Folding Clothes: Songs for Decluttering & Messy Home Cleaning Motivation,2021-10-01,30GAk9WSoEUfbN1jgvUuyp,https://open.spotify.com/track/30GAk9WSoEUfbN1jgvUuyp,scholarly contemplative minimalist
Perfect Ambience,Spa Music Hour,2 Hour Piano Soundscape for Mindfulness,2020-12-09,78FrkSGwRq7a7ofhGBVJmx,https://open.spotify.com/track/78FrkSGwRq7a7ofhGBVJmx,scholarly contemplative minimalist
Ambient Jazz,Alternative Jazz Lounge,2017 Jazz,2017-10-31,4PLJk2bKk3kmqwPIq98kBJ,https://open.spotify.com/track/4PLJk2bKk3kmqwPIq98kBJ,scholarly contemplative minimalist
Working Ambient Music,Relaxing Office Music Collection,"Chill Out in Office – Instrumental Music to Work, Easy Listening, Chillout Sounds, Elevator Music, Positive Energy, Waiting Room Music",2015-10-12,6Gu74WihLk1JsT7hT2g6nI,https://open.spotify.com/track/6Gu74WihLk1JsT7hT2g6nI,scholarly contemplative minimalist
Calm & Soft Electronic Ambient,Kyrylo Zaplotynskyi,Calm & Soft Electronic Ambient,2023-03-15,3qXDzfx2BvWFSpWLz1xPAP,https://open.spotify.com/track/3qXDzfx2BvWFSpWLz1xPAP,scholarly contemplative minimalist
Ambienta - Original Mix,Deep Dive Corp.,Meanwhile,2015-02-16,3Uvy5c1fEpUhNyPCj7tadP,https://open.spotify.com/track/3Uvy5c1fEpUhNyPCj7tadP,scholarly contemplative minimalist
Settled In,Peaceful Ambient,Ambient Focus,2022-04-16,0XpdtzqAKfF6xPR1fJFMCr,https://open.spotify.com/track/0XpdtzqAKfF6xPR1fJFMCr,scholarly contemplative minimalist
Instrumental Background Music to Relax,Flow Zen Silent,"Home Office Day: Zen Meditation Music, Stress Relief Sounds and Relaxing Melodies",2021-12-29,6vx34B7TBhIH5pDAkQIF8F,https://open.spotify.com/track/6vx34B7TBhIH5pDAkQIF8F,scholarly contemplative minimalist
Atmospheric Pads for Sleep,Instrumental Sleeping Music,Quietly,2022-11-25,4TiTm8lzbmqMlVOIWYx66B,https://open.spotify.com/track/4TiTm8lzbmqMlVOIWYx66B,scholarly contemplative minimalist
Closure,Peaceful Ambient,Ambient Focus,2022-04-16,2Ifcoy4Rfr4ZcqDOqoTUc2,https://open.spotify.com/track/2Ifcoy4Rfr4ZcqDOqoTUc2,scholarly contemplative minimalist
Reflections,Jordan Jessep,Ambient Worlds III: Reflections,2015-03-17,1AhDLRBNjtKXewkcShl6ln,https://open.spotify.com/track/1AhDLRBNjtKXewkcShl6ln,scholarly contemplative minimalist
Ambient Guitar Sleep Music (Ocean Waves),Deep Sleep Music Collective,"Sleep Music: Soothing Asmr Sounds of Ocean Waves for Sleep, Relaxing Guitar Sleep Aid and Calm Sleeping Music",2017-12-09,1gsonZ8u0yMKIZU8CvSuXl,https://open.spotify.com/track/1gsonZ8u0yMKIZU8CvSuXl,scholarly contemplative minimalist
Ambient Smooth Bossa,Al Vienneau,"Al Vienneau, Vol. 1",2019-11-12,3Xg3OPeKraGgpI618KYh9W,https://open.spotify.com/track/3Xg3OPeKraGgpI618KYh9W,scholarly contemplative minimalist
Shimmer,Peaceful Ambient,Ambient Focus,2022-04-16,3oV3QiRKa7WsbBjcw0yvJl,https://open.spotify.com/track/3oV3QiRKa7WsbBjcw0yvJl,scholarly contemplative minimalist
Instrumental,Emily Hall,Folie á deux,2015-07-20,3ofbPm4khnWxotTx1aWWPc,https://open.spotify.com/track/3ofbPm4khnWxotTx1aWWPc,scholarly contemplative minimalist
Form and Focus,Museum Of No Art,Museum of No Art,2020-07-17,1d8QRCah9OhaXQ1LGuR1gm,https://open.spotify.com/track/1d8QRCah9OhaXQ1LGuR1gm,scholarly contemplative minimalist
Through Nothing We Shall Wander,øjeRum,Through The Archway Of Mouths,2019-10-18,60SaWduLWBMhB4cEI1EEbs,https://open.spotify.com/track/60SaWduLWBMhB4cEI1EEbs,scholarly contemplative minimalist
Soulful Backdrops for Studying,Afternoon Chill Out Playlist,Modish Background for WFH,2020-09-30,5HGZ2a1U9ljQR2f4xcvBTK,https://open.spotify.com/track/5HGZ2a1U9ljQR2f4xcvBTK,scholarly contemplative minimalist
Klosterg.,David Wenngren,Like Green Grass Against A Blue Sky,2010,4ResgVYOmTPeJN1LKg7rYb,https://open.spotify.com/track/4ResgVYOmTPeJN1LKg7rYb,scholarly contemplative minimalist
Music for Work and Focus,Instrumental Sleeping Music,Ambient Dreams,2022-03-11,3z8FC3tkbwwUbCNlIshV9f,https://open.spotify.com/track/3z8FC3tkbwwUbCNlIshV9f,scholarly contemplative minimalist
Ambient Corporate,MaxKoMusic,Ambient Corporate,2021-02-10,3qorrVnpLDxEgNQBStGfiL,https://open.spotify.com/track/3qorrVnpLDxEgNQBStGfiL,scholarly contemplative minimalist
Reflection,Ambient Space,Atmospheric Piano,2021-05-06,0nJfkKYqgbDpbVVTfSQx75,https://open.spotify.com/track/0nJfkKYqgbDpbVVTfSQx75,scholarly contemplative minimalist
Instrumental Background Music,Learning Background Instrumental,"Study Music – Better Concentration with Nature Sounds, Instrumental Background for Reading, Working, Focus, Learning, Relaxing Mind",2018-02-05,1IQJ0VuB1E9uw2Jkp7Lut2,https://open.spotify.com/track/1IQJ0VuB1E9uw2Jkp7Lut2,scholarly contemplative minimalist
Piano Stillness,Ambient Space,Atmospheric Piano,2021-05-06,0dYEIqJyGz7Jvq5oKcCKq4,https://open.spotify.com/track/0dYEIqJyGz7Jvq5oKcCKq4,scholarly contemplative minimalist
Floating,Ambient Space,Focus Mode,2021-05-12,2ECCLAJGoY6bLwObZiV34U,https://open.spotify.com/track/2ECCLAJGoY6bLwObZiV34U,scholarly contemplative minimalist
Soft Minimal Ambient,AndrisMusic,Relaxation Albums,2021-02-24,0o6WwbIiMCxXi9rJDFXCPU,https://open.spotify.com/track/0o6WwbIiMCxXi9rJDFXCPU,scholarly contemplative minimalist
Ambient Choir (432 Hz),"Kundalini: Yoga, Meditation, Relaxation",Instrumental Music For Studying,2024-03-10,3mH5udpTAOHzX7Hwx7oewW,https://open.spotify.com/track/3mH5udpTAOHzX7Hwx7oewW,scholarly contemplative minimalist
Ambient Music to Sleep to,Deep Sleep Music Academy,"50 Relaxing Zen Tracks on Insomnia and Relaxation [Music for Deep Sleep, Healing Sounds of Peaceful Nature Songs (Sleep Meditation)]",2017-04-21,2GI0Tf43iqBlg9JWitrRCW,https://open.spotify.com/track/2GI0Tf43iqBlg9JWitrRCW,scholarly contemplative minimalist
Ambient Lounge,Lounge relax,"Positive Vibes – Pure Relaxation, Chill Out Instrumental Music, Positive Vibrations",2016-09-23,7Kdq8ieC2BTzMeQ8i92H65,https://open.spotify.com/track/7Kdq8ieC2BTzMeQ8i92H65,scholarly contemplative minimalist
Office Music,Focus,Study Session: Instrumental Background Music for Study and Concentration,2021-11-17,0bQrMOm2ViuGG5k8rIMlHy,https://open.spotify.com/track/0bQrMOm2ViuGG5k8rIMlHy,scholarly contemplative minimalist
Background for Classical Ambience,In Store Music,Playful Music for Classical Ambience - Jazz Guitar Solo,2022-05-22,4SI20JccIZaU2NC4ICVC9d,https://open.spotify.com/track/4SI20JccIZaU2NC4ICVC9d,scholarly contemplative minimalist
Ambient Corporate Peaceful,BearStockMusic,Energetic Music,2022-11-30,7f2ljWJpoScviL8JwW1FpV,https://open.spotify.com/track/7f2ljWJpoScviL8JwW1FpV,scholarly contemplative minimalist
Instrumental Background,A.A. Fabrizio,Luxury Style,2019-08-14,2IoZwr4IbyRGReVVHHOPXw,https://open.spotify.com/track/2IoZwr4IbyRGReVVHHOPXw,scholarly contemplative minimalist
Ambient Piano Sleep Music,Music for Sleep,"Sleep Aid For Insomnia: Soft Piano Music and Nature Sounds For Deep Sleep Music, Relaxing Music For Sleep and Calm Sleeping Music With Forest and Bird Sounds",2020-01-17,3upOxyPkLokkeJIYlgsJJn,https://open.spotify.com/track/3upOxyPkLokkeJIYlgsJJn,scholarly contemplative minimalist
"Soothing Ambient Sounds for Blissful Sleep, Pt. 19",Calm Music For Sleeping,Thinking Before Sleep on My Favourite Pillow,2022-11-04,0mtBvYxKW5j9uWLIKr4o2g,https://open.spotify.com/track/0mtBvYxKW5j9uWLIKr4o2g,scholarly contemplative minimalist
Ambient Jazz,Johnny Colltrena,Piano Jazz Music,2017-02-22,0vZFoyylP5Owt7UtUEOQfa,https://open.spotify.com/track/0vZFoyylP5Owt7UtUEOQfa,scholarly contemplative minimalist
Ambient Chill,The Chillout Saxophone Players,Chill Sax (Downtempo Smooth Jazz Saxophone Music),2014-01-17,6w55xWXqHgTTRKVRLPjju9,https://open.spotify.com/track/6w55xWXqHgTTRKVRLPjju9,scholarly contemplative minimalist
Consideration,Background Instrumental Jazz,Smooth Jazz Instrumental,2022-10-08,436az33wZXUzOPyVf9y4vo,https://open.spotify.com/track/436az33wZXUzOPyVf9y4vo,scholarly contemplative minimalist
Ambient Music for Relaxation,Savasana,Ambient Spa Music,2017-04-16,5c7NClaAuWZKVztyEWQZ07,https://open.spotify.com/track/5c7NClaAuWZKVztyEWQZ07,scholarly contemplative minimalist
Striving,Peaceful Ambient,Ambient Focus,2022-04-16,3AlmRUKrwfF4reuhtdEUux,https://open.spotify.com/track/3AlmRUKrwfF4reuhtdEUux,scholarly contemplative minimalist
Relaxing Ambient Music,Soothing Chill Out for Insomnia,"Relaxing Melodies for Children - Favorites Instrumental Piano Music for Sleep, Lullabies, Baby Music, Nursery Rhymes, Baby Sleep Training, Baby Relax",2015-05-26,7ihtXcj2LCfubq6Fz8M85s,https://open.spotify.com/track/7ihtXcj2LCfubq6Fz8M85s,scholarly contemplative minimalist
Ambient Chill,Soft Jazz,"Mellow Jazz Morning - Spring Jazz Music, Calm Jazz, Slow & Sentimental Jazz Music, Easy Listening Jazz, Coffee Time",2020-05-05,1yMc2jFNx5DPXvQdJ5tMw5,https://open.spotify.com/track/1yMc2jFNx5DPXvQdJ5tMw5,scholarly contemplative minimalist
"Minimal Preludes, Book III: Prelude No. 28 in F Minor",Jeroen van Veen,Van Veen: Piano Music,2014-04-25,6Lo751Xvgxn8zukoVlyAIs,https://open.spotify.com/track/6Lo751Xvgxn8zukoVlyAIs,scholarly contemplative minimalist
Ambient Relaxation,SleepTherapy,Sleep Music: 101 Deep Sleep Lullabies,2015-11-06,5saYKunE6gO0MZZ0HCE1R2,https://open.spotify.com/track/5saYKunE6gO0MZZ0HCE1R2,scholarly contemplative minimalist
All Night Study,Ambient Space,Focus Mode,2021-05-12,7Dx5RFQBU1elSwiseZLU2z,https://open.spotify.com/track/7Dx5RFQBU1elSwiseZLU2z,scholarly contemplative minimalist
"Minimal Preludes, Book III: Prelude No. 26 in B-Flat Minor",Jeroen van Veen,Van Veen: Piano Music,2014-04-25,75JiKi6nErlbGSSSQFmBUc,https://open.spotify.com/track/75JiKi6nErlbGSSSQFmBUc,scholarly contemplative minimalist
Wake Up,Ambient Space,Focus Mode,2021-05-12,4vEWqn0yXMi1LZci9mAFPh,https://open.spotify.com/track/4vEWqn0yXMi1LZci9mAFPh,scholarly contemplative minimalist
Meditate (Soft Instrumental Music),Meditation Relax Club,Ambient Music Therapy: Healing Music Sound Therapy for Relax and Chakra,2013-11-11,4b4WaXxQ8KN79JuaU3yCEb,https://open.spotify.com/track/4b4WaXxQ8KN79JuaU3yCEb,scholarly contemplative minimalist
Planetary Unfolding,Space Ambient,Planetary Unfolding,2019-05-07,4SxBOpAejwWOTBu9lI1mW5,https://open.spotify.com/track/4SxBOpAejwWOTBu9lI1mW5,scholarly contemplative minimalist
On Earth,We Dream of Eden,On Earth,2021-02-26,0KgjAGJCVfWEFSNPOt3cd7,https://open.spotify.com/track/0KgjAGJCVfWEFSNPOt3cd7,scholarly contemplative minimalist
Focus Mode,Ambient Space,Focus Mode,2021-05-12,0cXf5jtCOV9yEdFIcVLLbb,https://open.spotify.com/track/0cXf5jtCOV9yEdFIcVLLbb,scholarly contemplative minimalist
Background Ambient,Mapa,Planet Earth,2021-04-30,2ywuIbo5BhIXMzuzKCm5uT,https://open.spotify.com/track/2ywuIbo5BhIXMzuzKCm5uT,scholarly contemplative minimalist
Discrete Memorial,Concern,Cæsarean,2010-09-10,0n1NyrFYOkyDKbSPT2FLG2,https://open.spotify.com/track/0n1NyrFYOkyDKbSPT2FLG2,scholarly contemplative minimalist
Ambient Detox,The Study Jazz BGM Channel,Chilled out Study Jazz,2018-12-07,40Euj2YIHFSY4ZSBtztYTu,https://open.spotify.com/track/40Euj2YIHFSY4ZSBtztYTu,scholarly contemplative minimalist
Soft Atmosphere,Ambient,Ambient Playlist,2015-10-21,0y8vC6UDoEqpVXa74kVTnF,https://open.spotify.com/track/0y8vC6UDoEqpVXa74kVTnF,scholarly contemplative minimalist
Morning,Denis Shapovalov,Space Ambient Music,2022-06-14,394xYCWm6QqFOBU5LsoKVb,https://open.spotify.com/track/394xYCWm6QqFOBU5LsoKVb,scholarly contemplative minimalist
Ambient Soundscapes,Every Night Alder,"Deep Sleep Hypnosis 101 - Relaxing Music to Help You Sleep at Night, Lucid Dreaming Songs",2016-08-13,5QhsQNcfSpCzl23JjJENXD,https://open.spotify.com/track/5QhsQNcfSpCzl23JjJENXD,scholarly contemplative minimalist
Stress Reduction,Ambient Palmer,"Light Music for Study - Concentration, Focus and School Stress Reduction",2017-12-05,0QVolWGYN5nYAnGKN8bZaW,https://open.spotify.com/track/0QVolWGYN5nYAnGKN8bZaW,scholarly contemplative minimalist
Classy Background Piano Ambience,Piano for Studying,Background Music Piano (Instrumentals),2021-11-05,40amI4YrzRW9fImDXWT1pr,https://open.spotify.com/track/40amI4YrzRW9fImDXWT1pr,scholarly contemplative minimalist
On the Job,Ambient Study Theory,Working Background Music,2021-03-19,7eOv1a0HcoPodWTkRAt1Ey,https://open.spotify.com/track/7eOv1a0HcoPodWTkRAt1Ey,scholarly contemplative minimalist
Fragments Part 1,Minimalism,Minimalism,2010-10-26,6tdbdkZekPME1l4wR33Q1R,https://open.spotify.com/track/6tdbdkZekPME1l4wR33Q1R,scholarly contemplative minimalist
Introspection,Ambient Space,Atmospheric Piano,2021-05-06,4HasWZiXRZPx500JvI7nfS,https://open.spotify.com/track/4HasWZiXRZPx500JvI7nfS,scholarly contemplative minimalist
Fragments Part 2,Minimalism,Minimalism,2010-10-26,4GMlmxuSRtmh55S6El1hFB,https://open.spotify.com/track/4GMlmxuSRtmh55S6El1hFB,scholarly contemplative minimalist
Background Ambient Corporate,makesound music,Corporate Ambient Inspiring,2022-10-10,4s15v2Fxb9sBDWjerJZrMX,https://open.spotify.com/track/4s15v2Fxb9sBDWjerJZrMX,scholarly contemplative minimalist
"Minimal Preludes, Book IV: Prelude No. 34 in F Minor",Jeroen van Veen,Van Veen: Piano Music,2014-04-25,6UvbnZhfC48El7SGFDI1qv,https://open.spotify.com/track/6UvbnZhfC48El7SGFDI1qv,scholarly contemplative minimalist
Ambient Background Music,Mindfulness Meditation Music Spa Maestro,"111 Tracks Relaxation and Mindfulness: Meditation Spiritual Healing Sounds of Nature, New Age Yoga Music, Find Your Inner Peace & Stress Relief",2017-01-26,06zxdWTAcGJ0FFbYmRUHZ9,https://open.spotify.com/track/06zxdWTAcGJ0FFbYmRUHZ9,scholarly contemplative minimalist
Gentle Study Flow,Ambient Space,Focus Mode,2021-05-12,1k1DGQe6YeYacoT16TMo7P,https://open.spotify.com/track/1k1DGQe6YeYacoT16TMo7P,scholarly contemplative minimalist
Instrumental Music,Meditation Relax Club,Ambient Music Therapy: Healing Music Sound Therapy for Relax and Chakra,2013-11-11,7dMnJVIyocl52RnhAjIbkq,https://open.spotify.com/track/7dMnJVIyocl52RnhAjIbkq,scholarly contemplative minimalist
Minimal Creative Technology,makesound music,Ambient Technological,2022-09-21,5U2Ui4yx05EyflmALe1aal,https://open.spotify.com/track/5U2Ui4yx05EyflmALe1aal,scholarly contemplative minimalist
Ambient White 07,Inner Science,Ambient White,2021-06-18,3umYEKlWITGULy3pU6ByRW,https://open.spotify.com/track/3umYEKlWITGULy3pU6ByRW,scholarly contemplative minimalist
Ambient Classical Piano for Studying,Binaural Atmospheres,Ambient Relaxing Music to Eliminate Anxiety,2020-12-03,0b5kh4PwRCoRtRRHIWOB5E,https://open.spotify.com/track/0b5kh4PwRCoRtRRHIWOB5E,scholarly contemplative minimalist
Piano Ambient,AShamaluevMusic,Piano Ambient,2019-04-29,19heOn8N8zvVwm3Zy6dx5r,https://open.spotify.com/track/19heOn8N8zvVwm3Zy6dx5r,scholarly contemplative minimalist
Minimalist Piano,Rafael Krux,Cinematic Piano,2022-05-23,1OaUNR3MEKvV1wS7C5nmMO,https://open.spotify.com/track/1OaUNR3MEKvV1wS7C5nmMO,scholarly contemplative minimalist
Peaceful Ambient,Japanese Relax,Relaxing Japanese Background Music,2021-12-03,3rVzpSeFMY6TNkm71FYbXj,https://open.spotify.com/track/3rVzpSeFMY6TNkm71FYbXj,scholarly contemplative minimalist
Study Session,Ambient Palmer,"Light Music for Study - Concentration, Focus and School Stress Reduction",2017-12-05,11rJA8VyD2o0Uy4OVPPtLj,https://open.spotify.com/track/11rJA8VyD2o0Uy4OVPPtLj,scholarly contemplative minimalist
Intense Studying Background Music,Instrumental Music for Studying,"Intense Studying – Soothing Background Music with Sounds of Nature for Brain Power, Concentration, Reading and Learning",2019-08-06,6tjqZ418z98DqXuPnoDYo6,https://open.spotify.com/track/6tjqZ418z98DqXuPnoDYo6,scholarly contemplative minimalist
Ambient Music,Massage Music and Spa,Spa Music,2015-11-11,4y774A3reprSGhoXNAHuNz,https://open.spotify.com/track/4y774A3reprSGhoXNAHuNz,scholarly contemplative minimalist
Ambient #1,Paul Rose,Slideaway,2001,2oeqKcf4JLRF3U0ng47n0h,https://open.spotify.com/track/2oeqKcf4JLRF3U0ng47n0h,scholarly contemplative minimalist
Foggy Morning,Mari Sainio,Archipelago Stories,2022-05-13,4RXeGOg3x8clOjQftp6V0v,https://open.spotify.com/track/4RXeGOg3x8clOjQftp6V0v,scholarly contemplative minimalist
Gentle Focus Piano,Ambient Space,Focus Music Ambient Work,2021-05-11,6WuVuAqOMRQrmDSFk3st8Q,https://open.spotify.com/track/6WuVuAqOMRQrmDSFk3st8Q,scholarly contemplative minimalist
Stylish Ambience for Acoustic Shapes,Desayuno Jazz Lujo,Music for Chill Coffee Houses,2022-11-12,0owUSr692ueuhySFGHfWqr,https://open.spotify.com/track/0owUSr692ueuhySFGHfWqr,scholarly contemplative minimalist
Ambient Music For Relaxation,Jazz Sax Lounge Collection,"Bossa Nova Jazz: Instrumental Music, Home & Restaurant Playlist, Romantic Ambiance",2021-03-17,5KYFUyoI632UFGH18Zm4Ul,https://open.spotify.com/track/5KYFUyoI632UFGH18Zm4Ul,scholarly contemplative minimalist
Sleep Walking,Ambient Space,Focus Mode,2021-05-12,2MIxdcZlUxL3rpq1JED6LU,https://open.spotify.com/track/2MIxdcZlUxL3rpq1JED6LU,scholarly contemplative minimalist
Deep Focus Music,Ambient Space,Focus Mode,2021-05-12,14w1iAZezibMoXdn6tdNau,https://open.spotify.com/track/14w1iAZezibMoXdn6tdNau,scholarly contemplative minimalist
Ambient Music (Sleep Music),Mitchell Solaris,Mindful Meditation - Relaxing Music for Mindfulness Meditations,2014-07-10,4iYQbT9OALetC1yTUWTdUA,https://open.spotify.com/track/4iYQbT9OALetC1yTUWTdUA,scholarly contemplative minimalist
Ambient Prelude,Mathias Algotsson,Ambient Prelude,2021-04-29,04bQl7M6C9NYh8WFCeP2zp,https://open.spotify.com/track/04bQl7M6C9NYh8WFCeP2zp,scholarly contemplative minimalist
Morning Time,Ambient Space,Focus Mode,2021-05-12,3dgqDTLSKe86h8CJi9SGqT,https://open.spotify.com/track/3dgqDTLSKe86h8CJi9SGqT,scholarly contemplative minimalist
Contemplation,Ambient Jazz Collective,Relaxing Jazz Moods,2019-06-24,0SNBAnGWQGLSfBnYihm5m9,https://open.spotify.com/track/0SNBAnGWQGLSfBnYihm5m9,scholarly contemplative minimalist
Mood,Ambient Space,Focus Mode,2021-05-12,27SbfE0MANgYO8iZw8ZAfw,https://open.spotify.com/track/27SbfE0MANgYO8iZw8ZAfw,scholarly contemplative minimalist
Ambient Hotel,Sleep Music by Lullify,Dream Phase,2022-02-03,2MOBBd8ZiTwmx06m5xlua7,https://open.spotify.com/track/2MOBBd8ZiTwmx06m5xlua7,scholarly contemplative minimalist
Calm Work Instrumental,Peaceful Keys,Office Instrumentals,2021-05-13,3Coz004L1QxjDzgrODhNVn,https://open.spotify.com/track/3Coz004L1QxjDzgrODhNVn,scholarly contemplative minimalist
Nice Ambient Lounge,Jazz Instrumental Relax Center,"Jazz for Relax in Home Space – Cooking Relaxation, Dinner with Red Wine, Sentimental Moment in the Light of Night",2017-08-07,69TYtKWZsTazcHrHohNKda,https://open.spotify.com/track/69TYtKWZsTazcHrHohNKda,scholarly contemplative minimalist
Ambient Dreaming,Yoga,Classic Yoga,2015-11-22,60pMPhijb0zoV0NU3DZpmA,https://open.spotify.com/track/60pMPhijb0zoV0NU3DZpmA,scholarly contemplative minimalist
Slow Minimalist Emotional Cello,Rafael Krux,Slow Minimalist Emotional Cello,2022-12-06,7yPtCjujkr4SWuUVSJcBhb,https://open.spotify.com/track/7yPtCjujkr4SWuUVSJcBhb,scholarly contemplative minimalist
Ambient Atmosphere,Deep Sleep,Ambient Music for Relaxation and Deep Sleep,2020-02-12,6F2RjvoVQsW92hnBj1427w,https://open.spotify.com/track/6F2RjvoVQsW92hnBj1427w,scholarly contemplative minimalist
Ambience,Deep Sleep,Ambient Music for Relaxation and Deep Sleep,2020-02-12,3WYUR8A2qO2qFmfrUOKloa,https://open.spotify.com/track/3WYUR8A2qO2qFmfrUOKloa,scholarly contemplative minimalist
Ambiance of a Piano,Shannon Devos,"Indie Cinematic Soundtrack Music, Vol. 2",2015-10-29,30JSWea6FlwWumUShhYr2M,https://open.spotify.com/track/30JSWea6FlwWumUShhYr2M,scholarly contemplative minimalist
Spirit Ambient Music),Free Spirit,Massage Music: Buddhist Meditation and Transcendental Meditation Zone Japanese,2017-07-28,2HGE0l6Z9ixAbazmxKiBo0,https://open.spotify.com/track/2HGE0l6Z9ixAbazmxKiBo0,scholarly contemplative minimalist
Calm and inspirational,BlueTreeAudio,Corporate Ambient,2020-07-17,6FX4zESyCFw6dvJaydpW5Y,https://open.spotify.com/track/6FX4zESyCFw6dvJaydpW5Y,scholarly contemplative minimalist
Ambient,Calma - Natural Relaxing Soundscape,"Relaxing Ambient Music For Insomnia, Studying, Meditation & Chill 432Hz",2022-07-29,0uWgAhAuR9xXvjag8DDOcl,https://open.spotify.com/track/0uWgAhAuR9xXvjag8DDOcl,scholarly contemplative minimalist
Touch,Ambient Space,Atmospheric Piano,2021-05-06,6LhmbHkEJjyuudBgbTQjPY,https://open.spotify.com/track/6LhmbHkEJjyuudBgbTQjPY,scholarly contemplative minimalist
Instumental Music for Work,Work on Concentration,"Concentration Music for Work – Instrumental Background Music for Office, Home Study, Book Reading, Brain Stimulation",2019-09-30,5GUVYhSZmqAfLqAX1JV1YU,https://open.spotify.com/track/5GUVYhSZmqAfLqAX1JV1YU,scholarly contemplative minimalist
Minimal Prélude No. 8 in F-Sharp Minor,Jeroen van Veen,Jeroen van Veen: 24 Minimal Preludes,2016-07-01,662IAnSsGgpOkqGj3djOK5,https://open.spotify.com/track/662IAnSsGgpOkqGj3djOK5,scholarly contemplative minimalist
Technology Ambient Corporate,makesound music,Ambient Technological,2022-09-21,2J1eNsDb505rYvhPsycP0R,https://open.spotify.com/track/2J1eNsDb505rYvhPsycP0R,scholarly contemplative minimalist
Peaceful Ambient,makesound music,Chill Lounge Music,2022-10-15,6qYRHf21DUhUJJe0zSPLtO,https://open.spotify.com/track/6qYRHf21DUhUJJe0zSPLtO,scholarly contemplative minimalist
Restoration,Adrian Disch,Restoration (Piano Version),2020-10-30,0IX19Vs9bX006rTZuHvRFJ,https://open.spotify.com/track/0IX19Vs9bX006rTZuHvRFJ,scholarly contemplative minimalist
Ambient Tuesday,Peter Calandra,Ambient Tuesdays,2021-01-29,1UzP8QMJrbSKDWu2PBLBUm,https://open.spotify.com/track/1UzP8QMJrbSKDWu2PBLBUm,scholarly contemplative minimalist
Longing,Prashanth Srinivas,Ambient Introspection,2020-09-25,12t71Z16F2NccKfcF4XR53,https://open.spotify.com/track/12t71Z16F2NccKfcF4XR53,scholarly contemplative minimalist
Minimal Corporate Background,BearStockMusic,Energetic Music,2022-11-30,2sWMvTcix4mIbqLHKOcppa,https://open.spotify.com/track/2sWMvTcix4mIbqLHKOcppa,scholarly contemplative minimalist
Ambient Instrumental Song,Zen Zone Academy,50 Zen Amazing Songs – Find Your Balance Meditating with this Emotional Music...and Pray,2017-06-28,7DHJdlXsHQPiLc9patYbRM,https://open.spotify.com/track/7DHJdlXsHQPiLc9patYbRM,scholarly contemplative minimalist
Sleep Piano Ambience,Ambient Space,Atmospheric Piano,2021-05-06,55cp4rRDe08UlKvoyxpeU3,https://open.spotify.com/track/55cp4rRDe08UlKvoyxpeU3,scholarly contemplative minimalist
Meditation Piano,Ambient Space,Atmospheric Piano,2021-05-06,7hnFT7yizvCtQsqTUsYPR1,https://open.spotify.com/track/7hnFT7yizvCtQsqTUsYPR1,scholarly contemplative minimalist
Ambient Light,Music Beyond,Drama,2018-10-22,0leLhC9ESi61E7KTCXASTP,https://open.spotify.com/track/0leLhC9ESi61E7KTCXASTP,scholarly contemplative minimalist
Calming Piano,Ambient Space,Atmospheric Piano,2021-05-06,7244ioOvUNAIJY0InsWlmW,https://open.spotify.com/track/7244ioOvUNAIJY0InsWlmW,scholarly contemplative minimalist
Ambient Jazz Grooves,Instrumental,Morning Calming Jazz,2018-12-12,7b8yrlRE0Y9Q7z77QWVtqn,https://open.spotify.com/track/7b8yrlRE0Y9Q7z77QWVtqn,scholarly contemplative minimalist
Thoughtfulness,Peaceful Ambient,Calm Concentration,2022-10-30,1uyUc6YqrlX0ebMdelHXwy,https://open.spotify.com/track/1uyUc6YqrlX0ebMdelHXwy,scholarly contemplative minimalist
Recapture,Quiet Quest,"Ambient Music for Studying, Vol. 1",2022-11-11,0TWk6XmZa0sxxWSV6xUQ9W,https://open.spotify.com/track/0TWk6XmZa0sxxWSV6xUQ9W,scholarly contemplative minimalist
Mornings,Ambient Space,Atmospheric Piano,2021-05-06,6SNuag4dZssVicz5NSdTkc,https://open.spotify.com/track/6SNuag4dZssVicz5NSdTkc,scholarly contemplative minimalist
Natural Spa Ambient,Forest Hills Music Universe,"Calm Piano with Fall Woods (Relaxing Music & Nature Sounds, Healing Water, Birds Atmosphere, Thunderstorm and Wind, Rest Afternoon)",2017-09-13,6Zuv3d7Pky3Jv4arJDMYSf,https://open.spotify.com/track/6Zuv3d7Pky3Jv4arJDMYSf,scholarly contemplative minimalist
Keeping Time,Ambient Space,Focus Mode,2021-05-12,0iMQ4EnqxP6n7EKPa5MuIp,https://open.spotify.com/track/0iMQ4EnqxP6n7EKPa5MuIp,scholarly contemplative minimalist
Universal Time,Ambient Space,Focus Mode,2021-05-12,0tVYoOP88am316f4rFDV34,https://open.spotify.com/track/0tVYoOP88am316f4rFDV34,scholarly contemplative minimalist
Daydream,Ambient Space,Focus Mode,2021-05-12,4gL3Zhri9pWGZmfzVQga6s,https://open.spotify.com/track/4gL3Zhri9pWGZmfzVQga6s,scholarly contemplative minimalist
Ambient Meditation,Cosmo Reyes,"Relaxing Ambient Music for Study and Focus (study music, ambient music, brain power, brain food)",2017-02-03,6jWYGQieNZd32644cDPH6G,https://open.spotify.com/track/6jWYGQieNZd32644cDPH6G,scholarly contemplative minimalist
Visions,Ambient Space,Focus Mode,2021-05-12,2iXL4haZsV1hNUcsYKMj4x,https://open.spotify.com/track/2iXL4haZsV1hNUcsYKMj4x,scholarly contemplative minimalist
Concentration Piano,Peaceful Keys,Office Instrumentals,2021-05-13,0Uvwvvm77jYyO792epyPTt,https://open.spotify.com/track/0Uvwvvm77jYyO792epyPTt,scholarly contemplative minimalist
Corporate Ambient,BlueTreeAudio,Corporate Ambient,2020-07-17,2vJCQ0Xs3Rq2eiornyuZZ9,https://open.spotify.com/track/2vJCQ0Xs3Rq2eiornyuZZ9,scholarly contemplative minimalist
Relaxing Instrumental Music for Meditation Techniques,Indian Vibes Corp,Mindfulness Meditation Music,2015-05-27,6luk37hhINRTbY1CKAqKs4,https://open.spotify.com/track/6luk37hhINRTbY1CKAqKs4,scholarly contemplative minimalist
Deep Contemplation,Lullabies for Deep Meditation,"Meditation Ambient Music – Lullabies for Deep Meditation, Soft, Gentle, Healing, Only, Harmony of Senses",2016-12-02,2a9hJ87cLa4I4DakKig9vK,https://open.spotify.com/track/2a9hJ87cLa4I4DakKig9vK,scholarly contemplative minimalist
Emotional Intimate,Library Of The Human Soul,Dramatic (Intimate Edition),2016-01-10,6ObASmeUVEQ8TdT8l2RvZp,https://open.spotify.com/track/6ObASmeUVEQ8TdT8l2RvZp,scholarly contemplative minimalist
Wandering,Ambient Space,Atmospheric Piano,2021-05-06,2WorTxE2plv9rrB7I6LVxO,https://open.spotify.com/track/2WorTxE2plv9rrB7I6LVxO,scholarly contemplative minimalist
Dreamy Piano,Ambient Space,Atmospheric Piano,2021-05-06,3B2EBrfVrE6MHaugsEqHfJ,https://open.spotify.com/track/3B2EBrfVrE6MHaugsEqHfJ,scholarly contemplative minimalist
Remembrance,Quiet Quest,"Ambient Music for Studying, Vol. 1",2022-11-11,5sHKx93hHqcRPxZtmkv1FO,https://open.spotify.com/track/5sHKx93hHqcRPxZtmkv1FO,scholarly contemplative minimalist
Meditation Music (Progressive Ambient Soft Relaxing Song to Start to Meditate),The Relaxing Folk Lifestyle Band,"Academia de Música Estudio, Vol. 3 (Una Mezcla de Chill Out, Música Clásica, Electrónica, Latina y Jazz que Te Ayudará a Concentrarte y Estudiar)",2016-03-06,5cIY8kn2fWCBPcoqQAONlz,https://open.spotify.com/track/5cIY8kn2fWCBPcoqQAONlz,scholarly contemplative minimalist
Closer,Ambient Space,Atmospheric Piano,2021-05-06,0jPCuQu2Nr0ayII2w1aD8H,https://open.spotify.com/track/0jPCuQu2Nr0ayII2w1aD8H,scholarly contemplative minimalist
"Minimal Preludes, Book III: Prelude No. 31 in B-Flat Minor",Jeroen van Veen,Van Veen: Piano Music,2014-04-25,3Di4lXm5LaTG7VLoUuILtS,https://open.spotify.com/track/3Di4lXm5LaTG7VLoUuILtS,scholarly contemplative minimalist
Recreation Piano,Pure Work Music,Work Focus,2022-10-15,2PyPg95vPp2WkQUtehSEF3,https://open.spotify.com/track/2PyPg95vPp2WkQUtehSEF3,scholarly contemplative minimalist
Ambient Space Background,Ambient Space Background,Mountain Music - Nature Sounds and Relaxing Spiritual Music,2020-09-30,2IQeGiabYKhESIIHj4doTz,https://open.spotify.com/track/2IQeGiabYKhESIIHj4doTz,scholarly contemplative minimalist
Reflection,Ambient,Ambient Retreat,2015-12-27,7dNNWeeh0BrQqwqjLIADPL,https://open.spotify.com/track/7dNNWeeh0BrQqwqjLIADPL,scholarly contemplative minimalist
In the Atmosphere,Ambient Space,Focus Mode,2021-05-12,5kIPsqcN8iDywIrNxZpZeE,https://open.spotify.com/track/5kIPsqcN8iDywIrNxZpZeE,scholarly contemplative minimalist
Focus in Time,Ambient Space,Focus Mode,2021-05-12,4CRuGwoNYzZSGPfzXexGMB,https://open.spotify.com/track/4CRuGwoNYzZSGPfzXexGMB,scholarly contemplative minimalist
"Minimal Preludes, Book III: Prelude No. 29 in D-Flat Major",Jeroen van Veen,Van Veen: Piano Music,2014-04-25,7xTgADmMBQHqPnnyWY6nd7,https://open.spotify.com/track/7xTgADmMBQHqPnnyWY6nd7,scholarly contemplative minimalist
Stratosphere,Ambient Space,Focus Mode,2021-05-12,5wZcCDUKDYcLqClaJp8DU9,https://open.spotify.com/track/5wZcCDUKDYcLqClaJp8DU9,scholarly contemplative minimalist
Aprovechar,Musica Ambiental,Ambiente Tranquilo,2016-09-26,4QUm6XtauKq3e3wgk7cf0Q,https://open.spotify.com/track/4QUm6XtauKq3e3wgk7cf0Q,scholarly contemplative minimalist
Tomorrow,Ambient Space,Focus Mode,2021-05-12,5eDgZzZNYro6SqyFAI28SS,https://open.spotify.com/track/5eDgZzZNYro6SqyFAI28SS,scholarly contemplative minimalist
Autumn Study,Ambient Space,Focus Mode,2021-05-12,0u4EROTAE5Qkz3szPO5h60,https://open.spotify.com/track/0u4EROTAE5Qkz3szPO5h60,scholarly contemplative minimalist
Instrumental Atmosphere,Oriental Music Zone,Oriental Sleeping Tunes,2020-02-22,6XpioBHDtx815Vl7Y42EzU,https://open.spotify.com/track/6XpioBHDtx815Vl7Y42EzU,scholarly contemplative minimalist
Contemplation,Peaceful Ambient,Calm Concentration,2022-10-30,2P6OeyHtBJV7BI5WINVNob,https://open.spotify.com/track/2P6OeyHtBJV7BI5WINVNob,scholarly contemplative minimalist
Classic Ambience for Morning Inspiration,Relaxing Instrumental Jazz Cafe,Backdrop for Morning Sunrise - Big Band Ballad with Guitar,2022-02-25,5nG6L22Tt4PWmPhSxQE9QT,https://open.spotify.com/track/5nG6L22Tt4PWmPhSxQE9QT,scholarly contemplative minimalist
Delicate Ambient Music,Sauna Spa Paradise,"50 Meditation Spaces: Deep Sleep Sounds, Yoga & Spa Massage, Meditation Guru, Healing Music, Relaxing Blissful Time",2017-03-13,2AgzwywGZT8LOi7gFgEWEk,https://open.spotify.com/track/2AgzwywGZT8LOi7gFgEWEk,scholarly contemplative minimalist
Ambient Music,Chill Out Relax,"Healing Instrumental Music for Meditation, Relaxation, Health, Spa, Chakras, Spiritually & Anti-Stress",2015-11-06,5jiDLUiucJztEaOS9IYaWS,https://open.spotify.com/track/5jiDLUiucJztEaOS9IYaWS,scholarly contemplative minimalist
Minimalist Sad Piano and Cello,Rafael Krux,Minimalist Sad Piano and Cello,2022-08-02,3LeZVZ5w3Q21lu0wmMcHqu,https://open.spotify.com/track/3LeZVZ5w3Q21lu0wmMcHqu,scholarly contemplative minimalist
Gentle Atmospheric Piano,Ambient Space,Atmospheric Piano,2021-05-06,2hKY82CIN5i2QzfHTv1OZk,https://open.spotify.com/track/2hKY82CIN5i2QzfHTv1OZk,scholarly contemplative minimalist
Positive Ambient Corporate,makesound music,Happy Motivational,2022-10-23,5EWySq63cA3KN6bkFUkLJf,https://open.spotify.com/track/5EWySq63cA3KN6bkFUkLJf,scholarly contemplative minimalist
Landscape,Ambient Music Garden,Meditate Volume 1,2020-11-10,5fjFs86VoKoD5SAfz1TdrW,https://open.spotify.com/track/5fjFs86VoKoD5SAfz1TdrW,scholarly contemplative minimalist
Ambient Dreaming,"Positive Thinking: Music for Meditation, Yoga & Deep Sleep",Yoga Music for Positive Thinking,2015-11-04,4D2nzM0NnAvfQwsun22Yks,https://open.spotify.com/track/4D2nzM0NnAvfQwsun22Yks,scholarly contemplative minimalist
Harmony - Instrumental,Nice Background,Música Ambiental Vol. 5,1995-01-11,6tl5kPMn35wkR7lsRkZobo,https://open.spotify.com/track/6tl5kPMn35wkR7lsRkZobo,scholarly contemplative minimalist
Quiet Ambiance for Mellow Journeys,Café Vintage,Lovely Jazz Piano Duo - Ambiance for Pure Moments,2022-10-03,3aJ5pygApmxAYAatEiFf4e,https://open.spotify.com/track/3aJ5pygApmxAYAatEiFf4e,scholarly contemplative minimalist
Prelude,Focusal,"Meditation Zone, Vol. 6",2022-02-25,3rmweXkE7JMbFJkxGGIXv6,https://open.spotify.com/track/3rmweXkE7JMbFJkxGGIXv6,scholarly contemplative minimalist
Relaxing Ambient Music,Hypnosis Academy,Hypnotism Deep Sleep Tracks: Highly Relaxing Hypnotic Music,2021-06-22,7izgYpQbXYZGPzhGfggksP,https://open.spotify.com/track/7izgYpQbXYZGPzhGfggksP,scholarly contemplative minimalist
Heavenly Relaxing Inspiring Ambient,Quarto Secreto,"Quarto Secreto, Vol. 12",2022-05-13,0y3qgFGNb1c2mkdBQC1Rbc,https://open.spotify.com/track/0y3qgFGNb1c2mkdBQC1Rbc,scholarly contemplative minimalist
Ambient Dreaming,Relax Music for Positive Thinking,Relax Music for Positive Thinking,2015-10-14,2IxFgcdDMOkBYAl2E7Tt62,https://open.spotify.com/track/2IxFgcdDMOkBYAl2E7Tt62,scholarly contemplative minimalist
Going Home - Instrumental,Nice Background,Música Ambiental Vol. 5,1995-01-11,3HZpvpBoyKyCWlXYAVQEtN,https://open.spotify.com/track/3HZpvpBoyKyCWlXYAVQEtN,scholarly contemplative minimalist
Relaxing Instrumental Music,Meditation Relax Club,Ambient Music Therapy: Healing Music Sound Therapy for Relax and Chakra,2013-11-11,0RazevtT5Oa0PzqnD6hWqf,https://open.spotify.com/track/0RazevtT5Oa0PzqnD6hWqf,scholarly contemplative minimalist
Ambience,Denis Stelmakh,Ambience,2016-08-10,5YfgUWilUCyeanZsGMHHnT,https://open.spotify.com/track/5YfgUWilUCyeanZsGMHHnT,scholarly contemplative minimalist
Instrumental Music - Ambient Smooth Jazz,Instrument Jazz Music Ambient,Instrumentals Music - Chill Out Smooth Jazz Relaxation Spa Dinner Sexy Sensual,2018-12-13,382fCLD6E746HpI05HdkPj,https://open.spotify.com/track/382fCLD6E746HpI05HdkPj,scholarly contemplative minimalist
Instrument of Thought,Yoga Meditation Music Group,"An Introduction to Yoga, Vol. 3",2021-08-05,1ceUSQdxsnqHtTm9defyOm,https://open.spotify.com/track/1ceUSQdxsnqHtTm9defyOm,scholarly contemplative minimalist
Background for Reclining Times,Musique de Restaurant Chic,Cultivated Easy Listening Piano - Ambiance for Light Throwbacks,2022-09-03,6HgK5ih6uGAuwqmXciekb3,https://open.spotify.com/track/6HgK5ih6uGAuwqmXciekb3,scholarly contemplative minimalist
Ambient Meditaton,Bali Spa Project,60 Min Session Relaxing Massage: Peaceful Instrumental Zen Music,2021-12-02,5bmhBfWocgzLllMAMvdlf1,https://open.spotify.com/track/5bmhBfWocgzLllMAMvdlf1,scholarly contemplative minimalist
Atmospheric Backdrops for Reclining Times,Musique de Restaurant Chic,Cultivated Easy Listening Piano - Ambiance for Light Throwbacks,2022-09-03,5eH53GniV1fqpn6niioV3g,https://open.spotify.com/track/5eH53GniV1fqpn6niioV3g,scholarly contemplative minimalist
Splendid Space,Focusal,"Meditation Zone, Vol. 1",2021-10-29,5QCq7Zgtm17cH8lj5hO6De,https://open.spotify.com/track/5QCq7Zgtm17cH8lj5hO6De,scholarly contemplative minimalist
Ambient Spaces,Simon Darlow,Ambient Spaces: Relaxation Music,2011-02-23,1m1B1pmoW1bUvvp4ELYRbw,https://open.spotify.com/track/1m1B1pmoW1bUvvp4ELYRbw,scholarly contemplative minimalist
Corporate Ambient,Mapa,Ambient,2021-12-24,0qGBGPfaQvRrgyngjJsoVH,https://open.spotify.com/track/0qGBGPfaQvRrgyngjJsoVH,scholarly contemplative minimalist
Ambient Piano & Strings,Zakhar Valaha,Angels & Piano,2021-02-05,6v1FozSisnauIRRuUiAMZI,https://open.spotify.com/track/6v1FozSisnauIRRuUiAMZI,scholarly contemplative minimalist
AMBIENT PIANO AND STRINGS,Zakhar Valaha,AMBIENT PIANO AND STRINGS,2019-09-19,5BgEzeprSjcceV3LcE1PT2,https://open.spotify.com/track/5BgEzeprSjcceV3LcE1PT2,scholarly contemplative minimalist
Ambient Music Therapy,David Favorite,Music for Beginners of Meditation Techniques,2017-10-31,0j9PX97oq14rWkqyg7GNpA,https://open.spotify.com/track/0j9PX97oq14rWkqyg7GNpA,scholarly contemplative minimalist
Midnight,Ambient Space,Atmospheric Piano,2021-05-06,2XugFN8PaXh72DJgWE4qF6,https://open.spotify.com/track/2XugFN8PaXh72DJgWE4qF6,scholarly contemplative minimalist
Restore,Ambient Music Therapy,Relax . Chillout . Meditate . Heal . Restore .,2003-01-01,1cmAnwGGQwHSpvgYztNnyT,https://open.spotify.com/track/1cmAnwGGQwHSpvgYztNnyT,scholarly contemplative minimalist
Opulent Music for Vision,Relaxing Instrumental Jazz Cafe,Backdrop for Morning Sunrise - Big Band Ballad with Guitar,2022-02-25,46iqXOIP90mjwUuPjyWIvr,https://open.spotify.com/track/46iqXOIP90mjwUuPjyWIvr,scholarly contemplative minimalist
Ambient Sleep,Music For Absolute Sleep,Soft Pads for Sleep Relaxation,2014-12-31,0jmfdStev8gFAowQnsTQGI,https://open.spotify.com/track/0jmfdStev8gFAowQnsTQGI,scholarly contemplative minimalist
Lost,Ambient Space,Atmospheric Piano,2021-05-06,4FJJvun1ewPJRtzRgYOkEP,https://open.spotify.com/track/4FJJvun1ewPJRtzRgYOkEP,scholarly contemplative minimalist
Ambience,Zyntetix,Experimental 1-3,2013-09-04,4165mX7Rwum8y7YKlddY9e,https://open.spotify.com/track/4165mX7Rwum8y7YKlddY9e,scholarly contemplative minimalist
Thoughts,Ambient Space,Atmospheric Piano,2021-05-06,5HFzkLg7yhZVmyqqCNrWvs,https://open.spotify.com/track/5HFzkLg7yhZVmyqqCNrWvs,scholarly contemplative minimalist
Deep in Thought,Peaceful Ambient,Calm Concentration,2022-10-30,6nN5pXdusO791xHNbZqhzk,https://open.spotify.com/track/6nN5pXdusO791xHNbZqhzk,scholarly contemplative minimalist
Discerning,Peaceful Ambient,Calm Concentration,2022-10-30,3EdpyVVghRAb83nop29z1c,https://open.spotify.com/track/3EdpyVVghRAb83nop29z1c,scholarly contemplative minimalist
Summer Ambient Background,makesound music,Ambient Corporate,2022-10-17,7aHfEYBGEi7hr37dF93Pm6,https://open.spotify.com/track/7aHfEYBGEi7hr37dF93Pm6,scholarly contemplative minimalist
Reflection of the Past,Focusal,"Meditation Zone, Vol. 1",2021-10-29,06gVe61NuKqXHNYyKkab33,https://open.spotify.com/track/06gVe61NuKqXHNYyKkab33,scholarly contemplative minimalist
Ambient Music,Spa Massage Music Zone,Massage Background Music – Spa Relaxation with Nature Sounds for Wellness Center,2016-05-25,15BjaR12o4FGWyCKwg92eV,https://open.spotify.com/track/15BjaR12o4FGWyCKwg92eV,scholarly contemplative minimalist
Light Background Ambient,makesound music,Future Ambient Technological,2022-10-23,30cdtEvxiCIoHeiHs1bxLV,https://open.spotify.com/track/30cdtEvxiCIoHeiHs1bxLV,scholarly contemplative minimalist
