track_name,artist_name,album_name,release_date,track_id,spotify_url,mood_keywords
Scary Ambient Music,Elijah Ages,Horror Peaceful Halloween Party,2017-10-04,28HTOOtto8niTE5i5Pe6wo,https://open.spotify.com/track/28HTOOtto8niTE5i5Pe6wo,suspenseful ominous eerie
Rainy Ambience: Evil Lurks,Scary Halloween Night Ambient,Haunted Forest Ambience: Creepy Halloween Music full of Scary Sound Effects and Spooky Noises,2021-10-25,7q0I71nvMW93gmnB68oBLU,https://open.spotify.com/track/7q0I71nvMW93gmnB68oBLU,suspenseful ominous eerie
Ambient Creatures,Silent Orchestra,"Nosferatu, A Symphony of Horror",2009-10-15,7lTlrKHL4bbL7F4iy139ai,https://open.spotify.com/track/7lTlrKHL4bbL7F4iy139ai,suspenseful ominous eerie
Dark Ambient,Jonathan Mantras,Instrumental Songs for Sleep (Relaxation Music),2018-02-23,1BDXBtzvBze6r8nZn5uhN2,https://open.spotify.com/track/1BDXBtzvBze6r8nZn5uhN2,suspenseful ominous eerie
Creepy Ambient: Raven’s Hollow,Scary Halloween Night Ambient,Haunted Forest Ambience: Creepy Halloween Music full of Scary Sound Effects and Spooky Noises,2021-10-25,0pyArTypZCbNvXmZmN2PwE,https://open.spotify.com/track/0pyArTypZCbNvXmZmN2PwE,suspenseful ominous eerie
Scary Ambient Music,Jane Maitri,Scary Halloween Music,2017-10-06,0bA4Yw9F1qVTGBsTxsaME0,https://open.spotify.com/track/0bA4Yw9F1qVTGBsTxsaME0,suspenseful ominous eerie
Darkness Falls: Horror Ambient,Horror Music Collection,Haunted Forest Ambience: Creepy Halloween Music full of Scary Sound Effects and Spooky Noises,2021-10-25,59EcWQqZEFyAK68Mz4AQZF,https://open.spotify.com/track/59EcWQqZEFyAK68Mz4AQZF,suspenseful ominous eerie
"Ambience, Scary Sounds (Voices)",The Darker Star,"Dark Ambient: Dark Ambient Music, Atmosphere Music, Solitude and Melancholy",2012-09-03,3ORWtiRxiPB8C9FRvZpQiw,https://open.spotify.com/track/3ORWtiRxiPB8C9FRvZpQiw,suspenseful ominous eerie
Mystery Background,Petar Milinkovic,"Mystery Music, Set 13",2021-11-09,5RqBOeV9enFqfLwXUV0nIZ,https://open.spotify.com/track/5RqBOeV9enFqfLwXUV0nIZ,suspenseful ominous eerie
Ambience: Spooky Forest,Sound Collective,98 Scary Sounds,2011-08-23,48zBAS5eTHhbpbzhsysfrr,https://open.spotify.com/track/48zBAS5eTHhbpbzhsysfrr,suspenseful ominous eerie
Dark Forest Motion,Ambient Realms,"Massive Ambient Music, Vol.1",2015-03-16,3xSc6QM5pnd34AfZTKJnMx,https://open.spotify.com/track/3xSc6QM5pnd34AfZTKJnMx,suspenseful ominous eerie
Gloomy Reminiscences,Tavlı,Gloomy Reminiscences,2022-08-12,7gTxz8n5gn4RU9e5iDZOoN,https://open.spotify.com/track/7gTxz8n5gn4RU9e5iDZOoN,suspenseful ominous eerie
Anxious,Edward Eclipse,"Evil Background Songs - Spooky Scary Music, Dark Ambient Horror Story Background",2017-10-13,6HxFeZiCm8jwQg1r5o69gb,https://open.spotify.com/track/6HxFeZiCm8jwQg1r5o69gb,suspenseful ominous eerie
Ghost Forest,Ambient Realms,"Massive Ambient Music, Vol.3",2016-01-14,1KHME5RoijB0wgre1LJfpI,https://open.spotify.com/track/1KHME5RoijB0wgre1LJfpI,suspenseful ominous eerie
Haunted Crypt,Ambient Realms,"Massive Ambient Music, Vol.1",2015-03-16,6nlXozVgHrDOr25F4OwYJX,https://open.spotify.com/track/6nlXozVgHrDOr25F4OwYJX,suspenseful ominous eerie
Pulsating Ambience,Akira Yamaoka,SILENT HILL4 -THE ROOM- (Original Soundtrack),2004-06-17,3nMwS2w8qZ9ooB9HNNqWOZ,https://open.spotify.com/track/3nMwS2w8qZ9ooB9HNNqWOZ,suspenseful ominous eerie
Scary Sounds: Unearthly Howls,Scary Halloween Night Ambient,Haunted Forest Ambience: Creepy Halloween Music full of Scary Sound Effects and Spooky Noises,2021-10-25,7b52hn2KNIxpRfyCK67N3o,https://open.spotify.com/track/7b52hn2KNIxpRfyCK67N3o,suspenseful ominous eerie
Night Mist,Ambient Realms,"Massive Ambient Music, Vol. 2",2015-02-23,34VCGiNAXRZP4LCX1R5t0u,https://open.spotify.com/track/34VCGiNAXRZP4LCX1R5t0u,suspenseful ominous eerie
Evil Music,Sexy Erotic Halloween,"Evil Music - Mysterious, Macabre Ambient",2019-06-11,3YuQeMMdHaZeoJhJ2strRa,https://open.spotify.com/track/3YuQeMMdHaZeoJhJ2strRa,suspenseful ominous eerie
Ouverture,Dark Sanctuary,Exaudi Vocem Meam I,2008-06-09,4Sk5RrB6fSe9tzvWnlSkdB,https://open.spotify.com/track/4Sk5RrB6fSe9tzvWnlSkdB,suspenseful ominous eerie
Ambient Suspenseful Background (Original Motion Picture Soundtrack),Acoustic Instrumental Vibes,Ambient Suspenseful Background (Original Motion Picture Soundtrack),2022-10-18,1M6GOFvY9YviLMRlTUZm1V,https://open.spotify.com/track/1M6GOFvY9YviLMRlTUZm1V,suspenseful ominous eerie
Dark Ambient,Background Music Attention,"Gothic, Atmospheric, Dark Ambient",2020-01-13,7k4XRuYWSKR9aNVbV9dCh4,https://open.spotify.com/track/7k4XRuYWSKR9aNVbV9dCh4,suspenseful ominous eerie
Mysterious Swamp Lands,Ambient Realms,"Massive Ambient Music, Vol.3",2016-01-14,4kL7dtu4jDTsiG2WB5VaEg,https://open.spotify.com/track/4kL7dtu4jDTsiG2WB5VaEg,suspenseful ominous eerie
Creepy Ambiance 2,Rik Schaffer,Vampire: The Masquerade - Bloodlines (Original Soundtrack),2019-10-25,4j2nVMByR6yY7OhdJkrIQs,https://open.spotify.com/track/4j2nVMByR6yY7OhdJkrIQs,suspenseful ominous eerie
Gothic Style,Background Music Attention,"Gothic, Atmospheric, Dark Ambient",2020-01-13,7bdKDW2FlULw5lveXzESjp,https://open.spotify.com/track/7bdKDW2FlULw5lveXzESjp,suspenseful ominous eerie
October Atmosphere,Edward Eclipse,"Evil Background Songs - Spooky Scary Music, Dark Ambient Horror Story Background",2017-10-13,0QXUTBLWSRlwyankLlPi6v,https://open.spotify.com/track/0QXUTBLWSRlwyankLlPi6v,suspenseful ominous eerie
Dark Forest,Ambient Realms,"Massive Ambient Music, Vol.1",2015-03-16,5LYl1xi3941tugJr1GML1Y,https://open.spotify.com/track/5LYl1xi3941tugJr1GML1Y,suspenseful ominous eerie
Evil background Songs,Edward Eclipse,"Evil Background Songs - Spooky Scary Music, Dark Ambient Horror Story Background",2017-10-13,6jKhevpgl5oiS5shFgutO6,https://open.spotify.com/track/6jKhevpgl5oiS5shFgutO6,suspenseful ominous eerie
Scary Ambient Music,Halloween Music,Halloween Songs for Kids,2018-10-02,4ibLqd8ehG6R4d4DpiD040,https://open.spotify.com/track/4ibLqd8ehG6R4d4DpiD040,suspenseful ominous eerie
Creepy Violin,Tihomir Hristozov,Creepy Strings,2022-04-01,6qlxWYUdzPXT9gs7RWfZK3,https://open.spotify.com/track/6qlxWYUdzPXT9gs7RWfZK3,suspenseful ominous eerie
Silent Crisis,Gothic Storm,Enigma - Emotional Chamber Thrillers,2020-03-08,38rOOAguVZnQyIUeJDDHEd,https://open.spotify.com/track/38rOOAguVZnQyIUeJDDHEd,suspenseful ominous eerie
Horror Background Ambience,Luca Francini,Darkness,2024-02-13,5nsnpWOCNK2pXIMUCex3Rb,https://open.spotify.com/track/5nsnpWOCNK2pXIMUCex3Rb,suspenseful ominous eerie
Ambient Scare,Scary Sounds,A Creepy Atmosphere Is Here: Halloween 2020,2020-11-03,7uc3haZHq3oqcvBLokiLjL,https://open.spotify.com/track/7uc3haZHq3oqcvBLokiLjL,suspenseful ominous eerie
No Clues,Gothic Storm,Enigma - Emotional Chamber Thrillers,2020-03-08,1C4jZAC6Lt7ClSpboErGtJ,https://open.spotify.com/track/1C4jZAC6Lt7ClSpboErGtJ,suspenseful ominous eerie
Spooky Forest,Scary Halloween Night Ambient,"Dark Background Music for Scary Halloween Night: Creepy Sounds, Demonic Vibe, Spooky Forest, Haunted Soul",2021-10-13,3JLFgs1cia7EmvhP7YDaXv,https://open.spotify.com/track/3JLFgs1cia7EmvhP7YDaXv,suspenseful ominous eerie
The Crypt,Ambient Realms,"Massive Ambient Music, Vol. 2",2015-02-23,2fSDq6j41lgcJN3UDrr7Ki,https://open.spotify.com/track/2fSDq6j41lgcJN3UDrr7Ki,suspenseful ominous eerie
Thunderstorm in the Forest: Spooky Night,Horror Music Collection,Haunted Forest Ambience: Creepy Halloween Music full of Scary Sound Effects and Spooky Noises,2021-10-25,3ELqR51Fk9YdKUZlXiFP10,https://open.spotify.com/track/3ELqR51Fk9YdKUZlXiFP10,suspenseful ominous eerie
Ominous,Philip Ayers,Judgement Calling,2017-07-07,7AsN57t78mEhVrLymR5M4o,https://open.spotify.com/track/7AsN57t78mEhVrLymR5M4o,suspenseful ominous eerie
Lonesome Halls of Ruin,Dead Melodies,The Foundations of Ruin,2018-05-08,2Xqku7rH3e7fhBfDUsOTYz,https://open.spotify.com/track/2Xqku7rH3e7fhBfDUsOTYz,suspenseful ominous eerie
Dark Hollow Forest,Ambient Realms,"Massive Ambient Music, Vol. 5",2019-01-01,3L3YABCgCEXH6ZaPEBxQ6X,https://open.spotify.com/track/3L3YABCgCEXH6ZaPEBxQ6X,suspenseful ominous eerie
Ambient Instrumental Theme,Sexy Erotic Halloween,"Evil Music - Mysterious, Macabre Ambient",2019-06-11,3taOUSp6gNsGP4Y1VTjMzy,https://open.spotify.com/track/3taOUSp6gNsGP4Y1VTjMzy,suspenseful ominous eerie
Creepy Soundscapes,Background Music Attention,"Gothic, Atmospheric, Dark Ambient",2020-01-13,6h9yPo4uEVgMAJ8HASVFVI,https://open.spotify.com/track/6h9yPo4uEVgMAJ8HASVFVI,suspenseful ominous eerie
Dark Ambient Horror,Horror Music,Alien Abduction,2022-03-16,4hEhhIgE31SAhMvuN7cZyH,https://open.spotify.com/track/4hEhhIgE31SAhMvuN7cZyH,suspenseful ominous eerie
Scary Piano Atmosphere Drone,Bobby Cole,Your Deepest Nightmares: Scary Horror Music,2018-10-29,5KOwuaBryEiNnYQl2ze64d,https://open.spotify.com/track/5KOwuaBryEiNnYQl2ze64d,suspenseful ominous eerie
Ambient Background,AndrisMusic,Relaxation Albums,2021-02-24,48Ya0OxSFUsftxDh24Yg68,https://open.spotify.com/track/48Ya0OxSFUsftxDh24Yg68,suspenseful ominous eerie
Ambient Tension,David Johanns,Ambient Tension: Deep Relaxation,2015-01-03,2BQpSEzo6YMiDYzteel7jS,https://open.spotify.com/track/2BQpSEzo6YMiDYzteel7jS,suspenseful ominous eerie
Creepy Hospital Ambient Sounds,Haunting Ambience,Paranormal Ambience & Spooky Night Atmosphere,2025-09-12,5wCtTCBTVUPwJ0sjGIWCVK,https://open.spotify.com/track/5wCtTCBTVUPwJ0sjGIWCVK,suspenseful ominous eerie
Eldritch Prophecy (spooky ambience),Tabletop Rpg Music,Tabletop RPG Music: Volume 2,2021-01-04,3cprq30cfrZMcdSqGqUvYI,https://open.spotify.com/track/3cprq30cfrZMcdSqGqUvYI,suspenseful ominous eerie
Dark Gothic Ambient,Myers Music,Dark Gothic Ambient,2023-10-31,2ws6kNhcXQTuunftYY1ZI6,https://open.spotify.com/track/2ws6kNhcXQTuunftYY1ZI6,suspenseful ominous eerie
Eerie Background Music For Halloween,Halloween Music Masters,Halloween Music & Scary Sounds: Scary Music For Halloween Night and Haunted House Music,2018-08-20,5inOfsGXFAh9ASQogUDFn8,https://open.spotify.com/track/5inOfsGXFAh9ASQogUDFn8,suspenseful ominous eerie
Ambient Emotional Cinematic,Romansenykmusic,Soft Cinematic Soundtracks,2020-03-19,3iRW391RwTm8QN9jSqjwmQ,https://open.spotify.com/track/3iRW391RwTm8QN9jSqjwmQ,suspenseful ominous eerie
Haunted Dungeon,Ambient Realms,"Massive Ambient Music, Vol.1",2015-03-16,54ii7InC79rT0l5lo3bn8R,https://open.spotify.com/track/54ii7InC79rT0l5lo3bn8R,suspenseful ominous eerie
Bittersweet Epilogue,Gothic Storm,Enigma - Emotional Chamber Thrillers,2020-03-08,7AKOQaTbq8rL6qK7k5QBUV,https://open.spotify.com/track/7AKOQaTbq8rL6qK7k5QBUV,suspenseful ominous eerie
A Dark Discovery,Kevin Roy Kerrigan,Spooky & Scary,2019-05-30,2T1w8wKmmOlNWeqAAgEtKV,https://open.spotify.com/track/2T1w8wKmmOlNWeqAAgEtKV,suspenseful ominous eerie
"Enchanted Lands, Vol. I",The Guild of Ambience,"Enchanted Lands, Vol. I",2017-01-03,7y1Tcd50q87U8bIOA9Stda,https://open.spotify.com/track/7y1Tcd50q87U8bIOA9Stda,suspenseful ominous eerie
Spark,Gothic Storm,Enigma - Emotional Chamber Thrillers,2020-03-08,0GlnDuz2qbsjwitUp7UXrq,https://open.spotify.com/track/0GlnDuz2qbsjwitUp7UXrq,suspenseful ominous eerie
Exit,Adam S Hurst,Ruin,2008-01-01,6dZd6lT8OdEAZSjytQQ4pM,https://open.spotify.com/track/6dZd6lT8OdEAZSjytQQ4pM,suspenseful ominous eerie
Dragons Lair,Ambient Realms,"Massive Ambient Music, Vol.1",2015-03-16,5XFNMnXclIa7lpsEKZb9t8,https://open.spotify.com/track/5XFNMnXclIa7lpsEKZb9t8,suspenseful ominous eerie
Ghosts of the Past,Gothic Storm,Enigma - Emotional Chamber Thrillers,2020-03-08,6HFhYoZArqJmCrrU8pxXu4,https://open.spotify.com/track/6HFhYoZArqJmCrrU8pxXu4,suspenseful ominous eerie
Scary Forest,Lost & Sound,Mystical Forest at Night,2020-05-17,6LfNKPDADSRJQsyRJeeXjm,https://open.spotify.com/track/6LfNKPDADSRJQsyRJeeXjm,suspenseful ominous eerie
Scary Atmosphere,Background Music Attention,"Gothic, Atmospheric, Dark Ambient",2020-01-13,3jQZGOMBLkTYY7beFwubax,https://open.spotify.com/track/3jQZGOMBLkTYY7beFwubax,suspenseful ominous eerie
Instrumental - #1,Mount Eerie,Ocean Roar,2012-08-29,7123pW7arDQDF4NKPt6I5A,https://open.spotify.com/track/7123pW7arDQDF4NKPt6I5A,suspenseful ominous eerie
Eerie Ambient Sounds,Scary Sounds,Nightmarish Haunted Forest,2024-09-14,4dPqXddT7I8X4JtL1u1xZN,https://open.spotify.com/track/4dPqXddT7I8X4JtL1u1xZN,suspenseful ominous eerie
Haunting Halls,Ambient Realms,"Massive Ambient Music, Vol.1",2015-03-16,1bz5aPOiiOxUbi0tFIXOlg,https://open.spotify.com/track/1bz5aPOiiOxUbi0tFIXOlg,suspenseful ominous eerie
Haunting Drone Sounds / Eerie Atmospheres 28,Dr. Sound Effects,Ultimate Halloween Sound Effects Collection – 400 Spooky Scary Horror Sounds,2010-09-01,2I0w6sDHYiKknUV2Z1GZZx,https://open.spotify.com/track/2I0w6sDHYiKknUV2Z1GZZx,suspenseful ominous eerie
Mysterious Forest Sounds | Fantasy Nature Ambience,The Guild of Ambience,Mysterious Forest Sounds | Fantasy Nature Ambience,2021-06-23,6VbGT6OMjgyK75Vh6dKeOd,https://open.spotify.com/track/6VbGT6OMjgyK75Vh6dKeOd,suspenseful ominous eerie
Eerie Depths,Ampient,"Jealousy, Chapter One (Original Soundtrack)",2022-03-30,35PDUfFSswPXYeScU9ZZLo,https://open.spotify.com/track/35PDUfFSswPXYeScU9ZZLo,suspenseful ominous eerie
Dark Ambience: Horror BGM (Horror Sound Effect),Spooky Halloween Sounds,"Halloween Horror Sounds: Very Creepy & Scary Mood, Spooky Sound Effect 2022",2022-07-13,1dhgu2LO9NApXW4KXDnnvy,https://open.spotify.com/track/1dhgu2LO9NApXW4KXDnnvy,suspenseful ominous eerie
Haunting Drone Sounds / Eerie Atmospheres 17,Dr. Sound Effects,Ultimate Halloween Sound Effects Collection – 400 Spooky Scary Horror Sounds,2010-09-01,4vf7i1I1q2B6vEcnaTTIJ9,https://open.spotify.com/track/4vf7i1I1q2B6vEcnaTTIJ9,suspenseful ominous eerie
Haunting Drone Sounds / Eerie Atmospheres 25,Dr. Sound Effects,Ultimate Halloween Sound Effects Collection – 400 Spooky Scary Horror Sounds,2010-09-01,6M90N9BRdS1h9efiumLGlz,https://open.spotify.com/track/6M90N9BRdS1h9efiumLGlz,suspenseful ominous eerie
Dark Ambient Requiem,ocean fx with piano,Embracing Dark Ambient,2023-07-27,2UKfiutMLv7MbT7yY3XSB9,https://open.spotify.com/track/2UKfiutMLv7MbT7yY3XSB9,suspenseful ominous eerie
Atmospheric Background,Space Radiance,Ambient Space Music,2019-11-03,7yvgHgfDy9kp9aeon8SdsW,https://open.spotify.com/track/7yvgHgfDy9kp9aeon8SdsW,suspenseful ominous eerie
The Mystery of the Enchanted Garden,The Vault of Ambience,The Mystery of the Enchanted Garden,2023-02-08,3QEPGr6AmNXQGwGZNEINrE,https://open.spotify.com/track/3QEPGr6AmNXQGwGZNEINrE,suspenseful ominous eerie
Haunted Graveyard Ambience,Nature Sound Retreat,Halloween Ambiences,2023-10-01,32GrqYRJ0R0Sstzu6GZWNQ,https://open.spotify.com/track/32GrqYRJ0R0Sstzu6GZWNQ,suspenseful ominous eerie
Dark Occult Ambient,Myers Music,Dark Occult Ambient,2024-02-22,4NTZNQMznuyO0OAi8AWpVn,https://open.spotify.com/track/4NTZNQMznuyO0OAi8AWpVn,suspenseful ominous eerie
Horror Music: Vampire Hunters,Horror Music Collection,Haunted Forest Ambience: Creepy Halloween Music full of Scary Sound Effects and Spooky Noises,2021-10-25,4tHorG84ZjRIBL3hNWgc29,https://open.spotify.com/track/4tHorG84ZjRIBL3hNWgc29,suspenseful ominous eerie
Enchanted Forest,Ambient Realms,"Massive Ambient Music, Vol. 4",2016-08-18,4Sy1qiDuiDIiS46x8YrEAS,https://open.spotify.com/track/4Sy1qiDuiDIiS46x8YrEAS,suspenseful ominous eerie
Dwelling,Adam Hurst,Dwelling,2007-01-01,21ebEMDYnD4alRKhwTSx9P,https://open.spotify.com/track/21ebEMDYnD4alRKhwTSx9P,suspenseful ominous eerie
Dark Nordic Dramæ,Alien Orchestra,Dark Nordic Dramæ,2021-03-25,0dSZ2DtBAFuY6R1twXLfqY,https://open.spotify.com/track/0dSZ2DtBAFuY6R1twXLfqY,suspenseful ominous eerie
Dark Mystery,Eitan Epstein Music,"Cinematic Piano Suspense, Vol. 1",2022-07-11,5Kzhes8jZx3Z7N1rFvvb93,https://open.spotify.com/track/5Kzhes8jZx3Z7N1rFvvb93,suspenseful ominous eerie
Ambient Instrumental Theme,Ambient Sound Center,"Dramatic Ambient - Gothic Dark Fantasy Ambient, Sad & Somber Background",2019-06-11,6jX3ZxbLz7mHzY7GMVa6LG,https://open.spotify.com/track/6jX3ZxbLz7mHzY7GMVa6LG,suspenseful ominous eerie
Eerie / Horror Ambient Background Effect 1,HQ Sound FX,Eerie Ambience,2014-10-27,0PxkjHkcycTMEksKHGK2jA,https://open.spotify.com/track/0PxkjHkcycTMEksKHGK2jA,suspenseful ominous eerie
Paranormal Events,Ambience Mastery,Gothic Horror Ambience,2022-11-26,6txQvIunYXRKG5GVq7ekIt,https://open.spotify.com/track/6txQvIunYXRKG5GVq7ekIt,suspenseful ominous eerie
Unsettling Ambience,Solis Reverie,Shadows' at Dusk,2019-10-17,7C7cZTzRJaIjsastfGqR7H,https://open.spotify.com/track/7C7cZTzRJaIjsastfGqR7H,suspenseful ominous eerie
The Haunting,Ambient Realms,"Massive Ambient Music, Vol. 2",2015-02-23,5jcW2Cx6W9y3wDa8iGvg24,https://open.spotify.com/track/5jcW2Cx6W9y3wDa8iGvg24,suspenseful ominous eerie
Suspenseful Movie Soundscape 4 (E),Royalty Free Music & Sound Effect Factory,"#1 Ambient Soundscapes, Movie Soundtracks, & Sound Effects Vol. 2",2013-03-05,0E2Ym4qiRwTofSfXpQ4IQ6,https://open.spotify.com/track/0E2Ym4qiRwTofSfXpQ4IQ6,suspenseful ominous eerie
Horror Ambience Long Build Up,Bobby Cole,Chills and Thrills,2018-10-29,6ndP7Ya3Kb40QhZNSfisbp,https://open.spotify.com/track/6ndP7Ya3Kb40QhZNSfisbp,suspenseful ominous eerie
Suspenseful Investigation Chronicles,RealTunesStudio,Suspenseful Investigation Chronicles,2022-06-23,7hV9yhCIHgTjOH85uuAN5C,https://open.spotify.com/track/7hV9yhCIHgTjOH85uuAN5C,suspenseful ominous eerie
Atmospheres,Musica Cthulhiana,The Fourth,2003-10-23,1o8L68cIW8QlajKB4R2KgY,https://open.spotify.com/track/1o8L68cIW8QlajKB4R2KgY,suspenseful ominous eerie
Suspense (Music),Sound Collective,Mystery & Terror Sounds,2001-10-02,5usOEx3NzMNfjScHVWRV2m,https://open.spotify.com/track/5usOEx3NzMNfjScHVWRV2m,suspenseful ominous eerie
Druid Forest,Ambient Realms,"Massive Ambient Music, Vol.3",2016-01-14,0jDJix6qwCRyPLiybcCd8K,https://open.spotify.com/track/0jDJix6qwCRyPLiybcCd8K,suspenseful ominous eerie
Dark Ambiance (Dark Dungeon RPG),Dark RPG Music,Dungeons and Catacombs Dark Music,2018-03-19,3F6VcTZ41QLQj2rgJgtOD3,https://open.spotify.com/track/3F6VcTZ41QLQj2rgJgtOD3,suspenseful ominous eerie
Creepy Background,Drakula,Scary Background Music: Horror Monsters and Nice Sprites Howling Sounds,2019-09-09,53s9Q11JXIjN3Ima5xsj2q,https://open.spotify.com/track/53s9Q11JXIjN3Ima5xsj2q,suspenseful ominous eerie
Telling Horror Stories,Audrey Apocalypse,"Vintage Halloween Jazz: Creepy Ambience Oldies, 1930s Old Fashioned & Retro Creepy Ragtime Music",2019-08-29,6Ripo0Gr6Wqy2I4bWmQBRU,https://open.spotify.com/track/6Ripo0Gr6Wqy2I4bWmQBRU,suspenseful ominous eerie
Bridge of Despair,Ambient Realms,"Massive Ambient Music, Vol. 4",2016-08-18,3r1U04ORFZiBPt6mVfMXJW,https://open.spotify.com/track/3r1U04ORFZiBPt6mVfMXJW,suspenseful ominous eerie
Instrumental,Craft Spells,Nausea,2014-06-10,6yxPTZlVL7HGVN3HSHgLWr,https://open.spotify.com/track/6yxPTZlVL7HGVN3HSHgLWr,suspenseful ominous eerie
Secrets Of Suspense,Eitan Epstein Music,"Cinematic Piano Suspense, Vol. 1",2022-07-11,4oPHlzxlPduxyCM1LACOjg,https://open.spotify.com/track/4oPHlzxlPduxyCM1LACOjg,suspenseful ominous eerie
"Halloween Ambience: Wind, Thunder, Rain and Creepy Halloween Music",Nature Sound Retreat,Autumn Cozy,2020-10-16,5ezOGeTfNHLjIdnCJlp0a6,https://open.spotify.com/track/5ezOGeTfNHLjIdnCJlp0a6,suspenseful ominous eerie
Dark Halls,Ambient Realms,"Massive Ambient Music, Vol.1",2015-03-16,5036QG2w0Ew2AyEHNZmB8e,https://open.spotify.com/track/5036QG2w0Ew2AyEHNZmB8e,suspenseful ominous eerie
Cozy Tavern,The Vault of Ambience,Cozy Tavern,2022-10-01,1tn98JThfdbMhAFP5HHhxA,https://open.spotify.com/track/1tn98JThfdbMhAFP5HHhxA,suspenseful ominous eerie
Tension Suspense Mystery Ambient Atmosphere Crime Scene Theme 001,Background Music Soundtrack,Tension Building Ambient Atmosphere Crime Scene Music,2019-02-25,7nA8ahu59xNWhVmnPLLyUT,https://open.spotify.com/track/7nA8ahu59xNWhVmnPLLyUT,suspenseful ominous eerie
Abandoned Castle,Background Music Attention,"Gothic, Atmospheric, Dark Ambient",2020-01-13,02uHvYy2Ly0bsjUyfoVhtl,https://open.spotify.com/track/02uHvYy2Ly0bsjUyfoVhtl,suspenseful ominous eerie
Horror Stories,Instrumental Jazz Music Ambient,Vintage Halloween Jazz Party,2021-10-25,2B4pGedIrsH5A0dXGv1a1k,https://open.spotify.com/track/2B4pGedIrsH5A0dXGv1a1k,suspenseful ominous eerie
Dark Ambient RPG Session (Gloomy Music),Dark RPG Music,Dungeons and Catacombs Dark Music,2018-03-19,490TosaisomWMCbD38zaMU,https://open.spotify.com/track/490TosaisomWMCbD38zaMU,suspenseful ominous eerie
DND Horror Ambient Music,Dungeons & Dragons Ambience Zone,DND Horror Ambient Music,2025-09-10,22tRL9v68Iy3Wd7ST0V7BF,https://open.spotify.com/track/22tRL9v68Iy3Wd7ST0V7BF,suspenseful ominous eerie
Eerie,Shady Cicada,Eerie,2018-01-20,3N789vlmxsmBbc1lkC1Eni,https://open.spotify.com/track/3N789vlmxsmBbc1lkC1Eni,suspenseful ominous eerie
Haunting Pursuit,Avith Ortega,Impotence,2014-10-05,0gccFv7GoLN9PGTxCHXvBq,https://open.spotify.com/track/0gccFv7GoLN9PGTxCHXvBq,suspenseful ominous eerie
Suspenseful Mystery Investigation,RealTunesStudio,Suspenseful Mystery Investigation,2022-07-18,3X2B80dLkqXcyPjKHUvzrr,https://open.spotify.com/track/3X2B80dLkqXcyPjKHUvzrr,suspenseful ominous eerie
Suspense Background Music,Power Music Factory,Power Music Factory,2020-10-15,1Llg4JaMVMTt0XkSOdsgBp,https://open.spotify.com/track/1Llg4JaMVMTt0XkSOdsgBp,suspenseful ominous eerie
Dark Academia Piano for Halloween,Frozen Silence,Halloween Piano,2022-10-17,7fXaNjxLG9RIvdMU6O60EH,https://open.spotify.com/track/7fXaNjxLG9RIvdMU6O60EH,suspenseful ominous eerie
"Whispers in the Dark (atmosphere, suspense)",Tabletop Rpg Music,Tabletop RPG Music: Volume 13,2023-01-31,00Z70epWEmix8PZCEUCAos,https://open.spotify.com/track/00Z70epWEmix8PZCEUCAos,suspenseful ominous eerie
Heartbeat Horror Ambience,Bobby Cole,Chills and Thrills,2018-10-29,38AOGWmdMJdh6mt2QbvAMm,https://open.spotify.com/track/38AOGWmdMJdh6mt2QbvAMm,suspenseful ominous eerie
Snowfall (Intro),Kai Engel,Chapter One / Cold,2015-11-25,3eitlXttmatTW0znhjWaI8,https://open.spotify.com/track/3eitlXttmatTW0znhjWaI8,suspenseful ominous eerie
Pale Palace,Musica Cthulhiana,Fragment,2010-11-30,0jNBAzSBGe7MyS8vGPljtW,https://open.spotify.com/track/0jNBAzSBGe7MyS8vGPljtW,suspenseful ominous eerie
Dark Ambient,Sexy Erotic Halloween,"Evil Music - Mysterious, Macabre Ambient",2019-06-11,2npKrjtmVf7CXswpsyUs2J,https://open.spotify.com/track/2npKrjtmVf7CXswpsyUs2J,suspenseful ominous eerie
Deep Suspence,Background Music Attention,"Gothic, Atmospheric, Dark Ambient",2020-01-13,54mTvoP1xsKruVs3FiMsIW,https://open.spotify.com/track/54mTvoP1xsKruVs3FiMsIW,suspenseful ominous eerie
Eerie Interlude,Vraanxia,Sounds of the Underworld,2016-10-01,0erlsRLXO808EdLQuuIJCl,https://open.spotify.com/track/0erlsRLXO808EdLQuuIJCl,suspenseful ominous eerie
Dark Ethnic Suspense,Allen Grey,Suspense & Mystery,2022-05-27,5YzACHX3W0ochmQooMzyDr,https://open.spotify.com/track/5YzACHX3W0ochmQooMzyDr,suspenseful ominous eerie
Eerie Forest Path Ambience,Martia's Muses,Eerie Forest Path Ambience,2023-09-08,1cvfsRDPmBHhp9XsyeK7Jz,https://open.spotify.com/track/1cvfsRDPmBHhp9XsyeK7Jz,suspenseful ominous eerie
Strange Feeling,Background Music Attention,"Gothic, Atmospheric, Dark Ambient",2020-01-13,4bnorMnBboykWeuckpY1PQ,https://open.spotify.com/track/4bnorMnBboykWeuckpY1PQ,suspenseful ominous eerie
Despair,Waterflame,Spooky Ambience,2022-10-28,3sQRT1QDT7SOAyEQ6NIjs6,https://open.spotify.com/track/3sQRT1QDT7SOAyEQ6NIjs6,suspenseful ominous eerie
Creepy Attic Ambience,Haunting Ambience,Paranormal Ambience & Spooky Night Atmosphere,2025-09-12,2oRG4f4mHUWmAAU6Njo0pr,https://open.spotify.com/track/2oRG4f4mHUWmAAU6Njo0pr,suspenseful ominous eerie
Dreamy Ambient Music For Sleep,Ambient Music Therapy,Dreamy Ambient Music For Sleep,2009-01-01,1HfRKGvJlPPl6DZlUOxITg,https://open.spotify.com/track/1HfRKGvJlPPl6DZlUOxITg,suspenseful ominous eerie
"Omen (ambient, suspense, exploration)",Tabletop Rpg Music,Tabletop RPG Music: Volume 7,2022-01-01,4S76mwul16pEvLX9tTjiVN,https://open.spotify.com/track/4S76mwul16pEvLX9tTjiVN,suspenseful ominous eerie
Dark Celtic Forest Ambience,Nature Sound Retreat,Halloween Ambiences,2023-10-01,6mEZP5gFiFzbameVmUWuYJ,https://open.spotify.com/track/6mEZP5gFiFzbameVmUWuYJ,suspenseful ominous eerie
A House in Fog,Ambience Mastery,Gothic Horror Ambience,2022-11-26,6Me0CzynC1r9DweGvVnsIn,https://open.spotify.com/track/6Me0CzynC1r9DweGvVnsIn,suspenseful ominous eerie
Scary Creepy Ambient Horror,Imuno,Scary Creepy Ambient Horror,2024-05-17,2HF3LhDC6HCr8xO3wUTKGt,https://open.spotify.com/track/2HF3LhDC6HCr8xO3wUTKGt,suspenseful ominous eerie
Halloween Background Music Spooky Scary Party Mix Movie Instrumental Dark Ambient Creepy Tones,Inspirational Vibes,"Halloween Background Music Spooky Scary Party Mix Movie Instrumental Dark Haunted Beats Cinematic Horror Vibes | Creepy Ambience, Eerie Soundtrack, Haunted House Atmosphere, Scary Halloween Playlist",2025-10-11,13YVCdzx7uHL12oN5u3hIg,https://open.spotify.com/track/13YVCdzx7uHL12oN5u3hIg,suspenseful ominous eerie
Ambience Fantasy Music,Ambience Fantasy,Fantasy Lullaby Music: 22 Enchanted Majestic Orchestral Tracks,2022-07-08,4c6b7HslhwMZTOS2r7UY9c,https://open.spotify.com/track/4c6b7HslhwMZTOS2r7UY9c,suspenseful ominous eerie
Ambient Fantasy Music,Ambience Fantasy,Ambient Fantasy Music - Ambience Sound Machine,2022-07-12,4RC0807HkTl29Old0lnFyD,https://open.spotify.com/track/4RC0807HkTl29Old0lnFyD,suspenseful ominous eerie
Ambient Backgrounds,Space Radiance,Ambient Space Music,2019-11-03,3PHxwLGyQpYoG0dgevAeCI,https://open.spotify.com/track/3PHxwLGyQpYoG0dgevAeCI,suspenseful ominous eerie
Dark Cavern,Ambient Realms,"Massive Ambient Music, Vol.1",2015-03-16,5HMrYp3RF85U9PxqgGQWt9,https://open.spotify.com/track/5HMrYp3RF85U9PxqgGQWt9,suspenseful ominous eerie
Isolated Ambience,Drackfreeee,Melancholic Delusions: A Silent Hill 2 Inspired Album,2023-07-08,1k3GE9mKkPmyATleFNEfNL,https://open.spotify.com/track/1k3GE9mKkPmyATleFNEfNL,suspenseful ominous eerie
Halloween Background Music Spooky Scary Party Mix Movie Instrumental Dark Haunted Beats Horror Ambience,Inspirational Vibes,"Halloween Background Music Spooky Scary Party Mix Movie Instrumental Dark Haunted Beats Cinematic Horror Vibes | Creepy Ambience, Eerie Soundtrack, Haunted House Atmosphere, Scary Halloween Playlist",2025-10-11,4X5vE8d80ZsUfeIeNo83bT,https://open.spotify.com/track/4X5vE8d80ZsUfeIeNo83bT,suspenseful ominous eerie
"Ambience, Fantasy - Eerie Synth Drone, Horror Fantasy Ambiences",Sound Effects Library,Magical: Sound Effects,2012-05-15,79qE5kWoGxp0VRgMvknBD2,https://open.spotify.com/track/79qE5kWoGxp0VRgMvknBD2,suspenseful ominous eerie
Ambient Haunt,Ambient Realms,"Massive Ambient Music, Vol. 9",2021-07-30,3J89M0wkbMEtYdLTsO0xhD,https://open.spotify.com/track/3J89M0wkbMEtYdLTsO0xhD,suspenseful ominous eerie
Eerie / Horror Ambient Background Effect 7,HQ Sound FX,Eerie Ambience,2014-10-27,6ezsc2UbvqtsD0elgnXsnj,https://open.spotify.com/track/6ezsc2UbvqtsD0elgnXsnj,suspenseful ominous eerie
Approaching Danger,Background Music Attention,"Gothic, Atmospheric, Dark Ambient",2020-01-13,1D98KKJ0fri0YgpruDK3C9,https://open.spotify.com/track/1D98KKJ0fri0YgpruDK3C9,suspenseful ominous eerie
Mystery House,Ambient Realms,"Massive Horror Ambience, Vol. 3",2022-04-23,046HhppV6PVbWH1WGrdwmz,https://open.spotify.com/track/046HhppV6PVbWH1WGrdwmz,suspenseful ominous eerie
The Dead are Here,Ambience Mastery,Halloween Ambience (Scary Atmosphere),2022-10-28,01EuPbh8JVZ6OmUXSLBRYc,https://open.spotify.com/track/01EuPbh8JVZ6OmUXSLBRYc,suspenseful ominous eerie
Dark Magical Forest,Ambient Realms,"Massive Ambient Music, Vol. 8",2021-04-02,2lSFC0mxEe6bgDYXf2ajPR,https://open.spotify.com/track/2lSFC0mxEe6bgDYXf2ajPR,suspenseful ominous eerie
Haunted Chateau,Ambient Realms,"Massive Ambient Music, Vol. 8",2021-04-02,7CnRRD2C1TDC4cZaXFjBJG,https://open.spotify.com/track/7CnRRD2C1TDC4cZaXFjBJG,suspenseful ominous eerie
The Beauty of Darkness,Ambience Mastery,Gothic Horror Ambience,2022-11-26,5jK10YaysqrkboRFBE1FwM,https://open.spotify.com/track/5jK10YaysqrkboRFBE1FwM,suspenseful ominous eerie
Bloody Midnight,Background Music Attention,"Gothic, Atmospheric, Dark Ambient",2020-01-13,3DsSoY4kXheASGbnFHzbEO,https://open.spotify.com/track/3DsSoY4kXheASGbnFHzbEO,suspenseful ominous eerie
Dreamy Ambient Music,Sleeping Music,"Deep Sleep Music: Soothing Piano Music for Sleeping, Calm Music Sleep Aid, Ambient Relaxation Music and Relaxing Sleeping Music",2017-08-13,0g9SmtUThn071hLDHAOFka,https://open.spotify.com/track/0g9SmtUThn071hLDHAOFka,suspenseful ominous eerie
Mysterious Atmosphere,Sounds Effects Wav Files Studio,Mystery Music. Terrifying Sounds for Scary Atmospheres,2014-01-21,1gEMahUGQ5FvBnK9CLrFEm,https://open.spotify.com/track/1gEMahUGQ5FvBnK9CLrFEm,suspenseful ominous eerie
Creepy Night: Haunted Forest pt. 1,Halloween Effects Horror Library,"Creepy Halloween Atmospheres: Scary Horror Ambient for Spooky Night (Haunted Forest, Graveyard, Catacombs)",2021-10-14,10AUflQnj1LzeH9gQRvVJ2,https://open.spotify.com/track/10AUflQnj1LzeH9gQRvVJ2,suspenseful ominous eerie
"Otherworld (ambient, suspense, exploration)",Tabletop Rpg Music,Tabletop RPG Music: Volume 8,2022-02-26,1WTwsRYtfXBWy7LXrK64AX,https://open.spotify.com/track/1WTwsRYtfXBWy7LXrK64AX,suspenseful ominous eerie
Eerie Soundscapes,Fandubs Jose,Halloween Background Music,2024-10-24,0dYw54YPQRWscB6nnQUjQr,https://open.spotify.com/track/0dYw54YPQRWscB6nnQUjQr,suspenseful ominous eerie
Dark Ambience,Scary Halloween Night Ambient,Halloween Horror Night Sounds,2025-09-01,0QCS8MEN4exstzmZjACtdd,https://open.spotify.com/track/0QCS8MEN4exstzmZjACtdd,suspenseful ominous eerie
Eerie,Instrumental Trap Beats Gang,Haunted Trap House,2024-10-01,5lPJs1ToamkRseaCrAmEXe,https://open.spotify.com/track/5lPJs1ToamkRseaCrAmEXe,suspenseful ominous eerie
Halloween Background Music Spooky Scary Party Mix Movie Instrumental Creepy Ambient Horror Vibes,Inspirational Vibes,"Halloween Background Music Spooky Scary Party Mix Movie Instrumental Dark Haunted Beats Cinematic Horror Vibes | Creepy Ambience, Eerie Soundtrack, Haunted House Atmosphere, Scary Halloween Playlist",2025-10-11,79I1r22JiLMWNu0JuV2oy0,https://open.spotify.com/track/79I1r22JiLMWNu0JuV2oy0,suspenseful ominous eerie
"Ambience, Fantasy - Tonal Synth Ambience in Eb Minor, Music Fantasy Ambiences, Give You the Hollywood Edge",Sound Effects Library,Magical: Sound Effects,2012-05-15,5blgB3sBlYdCBf8hPdYlzH,https://open.spotify.com/track/5blgB3sBlYdCBf8hPdYlzH,suspenseful ominous eerie
Eerie / Horror Ambient Background Effect 8,HQ Sound FX,Eerie Ambience,2014-10-27,3Uh0yJ6sUgZpVxz2VwWIVO,https://open.spotify.com/track/3Uh0yJ6sUgZpVxz2VwWIVO,suspenseful ominous eerie
Dark Eerie Ambience,The Hollywood Edge Sound Effects Library,"Extreme Drones, Vol. 2",2015-05-05,0RixkZT7vA67779Tp2JNLp,https://open.spotify.com/track/0RixkZT7vA67779Tp2JNLp,suspenseful ominous eerie
Ambient Piano Suspense,cleanmindsounds,Ambient Piano Suspense,2022-10-29,0AbTgDHYXwiqIGewkY6Msh,https://open.spotify.com/track/0AbTgDHYXwiqIGewkY6Msh,suspenseful ominous eerie
Ghostly Presence,Ambience Mastery,Halloween Ambience (Scary Atmosphere),2022-10-28,4CGOv6xex27SumX8MYSvzp,https://open.spotify.com/track/4CGOv6xex27SumX8MYSvzp,suspenseful ominous eerie
Creepy Ambience,Ambient Nature,Creepy Ambience,2022-11-29,41Snl4kg5YwWbqQdX7l7J0,https://open.spotify.com/track/41Snl4kg5YwWbqQdX7l7J0,suspenseful ominous eerie
"Creepy, Dark, Scary Halloween Ambient",Creepy Razy,"Spooky Halloween Music: Creepy, Dark, Scary Halloween Ambient Music",2020-10-02,37yn6nSLPmkMGVLqOrlxwF,https://open.spotify.com/track/37yn6nSLPmkMGVLqOrlxwF,suspenseful ominous eerie
Factory of Fears,Background Music Attention,"Gothic, Atmospheric, Dark Ambient",2020-01-13,4SpZHkjRMRIPnbqu5Htyb6,https://open.spotify.com/track/4SpZHkjRMRIPnbqu5Htyb6,suspenseful ominous eerie
Piano Of Suspense,Eitan Epstein Music,"Cinematic Piano Suspense, Vol. 1",2022-07-11,4M4BNCgoycU09u5I3vjfBQ,https://open.spotify.com/track/4M4BNCgoycU09u5I3vjfBQ,suspenseful ominous eerie
A Horror Soundscape Ambient Pad,Bobby Cole,Monsters Live Inside Us,2018-10-29,1o5zCMRP2zFpl919gFQP5C,https://open.spotify.com/track/1o5zCMRP2zFpl919gFQP5C,suspenseful ominous eerie
Witches and Ghosts,Ambience Mastery,Halloween Ambience (Scary Atmosphere),2022-10-28,5wqDfebfCgII0FdyzUfIcP,https://open.spotify.com/track/5wqDfebfCgII0FdyzUfIcP,suspenseful ominous eerie
Eerie,Bob Bradley,Crime - Tense Moments,2013-01-17,3hpIOMNZMGcDDTk0POrLDc,https://open.spotify.com/track/3hpIOMNZMGcDDTk0POrLDc,suspenseful ominous eerie
Evil Laughs On Dark Ambient Music,Halloween Kids,Haunting Halloween Sounds and Music,2024-10-15,2htmlpXAitHFBE4obwvlX3,https://open.spotify.com/track/2htmlpXAitHFBE4obwvlX3,suspenseful ominous eerie
Haunted Forest Sounds,The Guild of Ambience,Haunted Forest Sounds,2018-11-01,1t9NbF4DmtCyVruktXFmOe,https://open.spotify.com/track/1t9NbF4DmtCyVruktXFmOe,suspenseful ominous eerie
Biosphäre,Musica Cthulhiana,Fragment,2010-11-30,507Hb2jwUaeQ4GxzP3lRvR,https://open.spotify.com/track/507Hb2jwUaeQ4GxzP3lRvR,suspenseful ominous eerie
Emotional Ambient,AShamaluevMusic,Emotional Ambient,2019-07-18,3jgl9nSnstp1bIsdpvd8AS,https://open.spotify.com/track/3jgl9nSnstp1bIsdpvd8AS,suspenseful ominous eerie
Beautiful Ambient Cinematic Emotional,Romansenykmusic,Soft Cinematic Soundtracks,2020-03-19,0fA7ULakndESrgGw7QYHY4,https://open.spotify.com/track/0fA7ULakndESrgGw7QYHY4,suspenseful ominous eerie
Haunted Library Ambience,Martia's Muses,Haunted Library Ambience,2023-10-03,7IowdxOkJGnHm4isQBkdU6,https://open.spotify.com/track/7IowdxOkJGnHm4isQBkdU6,suspenseful ominous eerie
Haunted Forest,Michael Ghelfi,"RPG / D&D Ambiences and Atmospheres, Vol. 1, Pt. 2",2021-06-19,7wqmFGpJViPouqWpyZWehn,https://open.spotify.com/track/7wqmFGpJViPouqWpyZWehn,suspenseful ominous eerie
They Are Everywhere - Instrumental,Alejandro Amenábar,The Others - Original Motion Picture Soundtrack,2001-07-04,3i1xaeFKfpgeCZvOgjRzfr,https://open.spotify.com/track/3i1xaeFKfpgeCZvOgjRzfr,suspenseful ominous eerie
Suspense,Gold-Tiger,Suspense,2018-07-26,2EMiM7E0SYg9DUUJcVZqGZ,https://open.spotify.com/track/2EMiM7E0SYg9DUUJcVZqGZ,suspenseful ominous eerie
Haunting Secrets,Ambience Mastery,All Hallows' Eve (Scary Ambience),2022-10-19,7fuoDJpsLXoGL8QwkKAuPj,https://open.spotify.com/track/7fuoDJpsLXoGL8QwkKAuPj,suspenseful ominous eerie
Halloween Rain Ambience,Creepy Razy,"Spooky Halloween Music: Creepy, Dark, Scary Halloween Ambient Music",2020-10-02,6xwCpMw84ZXSlx64PuMvIf,https://open.spotify.com/track/6xwCpMw84ZXSlx64PuMvIf,suspenseful ominous eerie
Dangerous Mists,Background Music Attention,"Gothic, Atmospheric, Dark Ambient",2020-01-13,5wXHe51bKZzPZGeDt9Zooj,https://open.spotify.com/track/5wXHe51bKZzPZGeDt9Zooj,suspenseful ominous eerie
Mysterious Places,Ambience Mastery,Foggy Day Ambience,2022-04-08,75qwCFgdkGa4R1CkHUegp6,https://open.spotify.com/track/75qwCFgdkGa4R1CkHUegp6,suspenseful ominous eerie
Suspense Dark Background,cleanmindsounds,Suspense Dark Background,2022-11-30,6kxPsHzBUQ5e2ApZiwHSMH,https://open.spotify.com/track/6kxPsHzBUQ5e2ApZiwHSMH,suspenseful ominous eerie
Dark Ambience,Dark Ambience,Dark Ambience,2016-03-31,2QoTrnSDvCwOeBRjW6KEHQ,https://open.spotify.com/track/2QoTrnSDvCwOeBRjW6KEHQ,suspenseful ominous eerie
Abandoned Warehouse,Ambient Realms,"Massive Horror Ambience, Vol. 3",2022-04-23,6M2TPYFxxqhwLAiDCHYBuB,https://open.spotify.com/track/6M2TPYFxxqhwLAiDCHYBuB,suspenseful ominous eerie
Hypnotic Ambient Music,Mystic Background Music Masters,"111 Hypnotic Music for Lucid Dreams: Mindfulness & Self Hypnosis, REM Sleep Music Dream Cycle, Hypnotherapy, Pure Meditation Music Sessions",2016-09-19,2TsR7cJqul3ezT4cOgqfQD,https://open.spotify.com/track/2TsR7cJqul3ezT4cOgqfQD,suspenseful ominous eerie
Eerie Instrumental,Creepy Carnival Songs,Haunted Harmonies 2024,2024-10-12,22XnOAx6tZuIPFgCY6VPyg,https://open.spotify.com/track/22XnOAx6tZuIPFgCY6VPyg,suspenseful ominous eerie
Footsteps in the Night,Ambience Mastery,Gothic Horror Ambience,2022-11-26,6Qr2ZmI7cjwrdi3nWk0b8D,https://open.spotify.com/track/6Qr2ZmI7cjwrdi3nWk0b8D,suspenseful ominous eerie
Ghosts Somewhere,Ambience Mastery,Gothic Horror Ambience,2022-11-26,3DSYb0nr9EUlvTspLAGp9U,https://open.spotify.com/track/3DSYb0nr9EUlvTspLAGp9U,suspenseful ominous eerie
Occult Ritual Music,Background Music Attention,"Gothic, Atmospheric, Dark Ambient",2020-01-13,1xVcM9JIIx5Hyv5PzW0ZGN,https://open.spotify.com/track/1xVcM9JIIx5Hyv5PzW0ZGN,suspenseful ominous eerie
The Mysterious Rabbit Hole,Ambience Mastery,Alice in Wonderland Ambience (Original Music),2022-12-09,2fiFHOoHkVGHUoaMdJPKDE,https://open.spotify.com/track/2fiFHOoHkVGHUoaMdJPKDE,suspenseful ominous eerie
An Ominous Light,Shadow's Symphony,Beneath the Dark,2013-12-06,7jaViddyD1x8FMwkqUNJ5H,https://open.spotify.com/track/7jaViddyD1x8FMwkqUNJ5H,suspenseful ominous eerie
Vampiric Fantasy,Background Music Attention,"Gothic, Atmospheric, Dark Ambient",2020-01-13,0SRaeoYOXpd5cIpAkvTACa,https://open.spotify.com/track/0SRaeoYOXpd5cIpAkvTACa,suspenseful ominous eerie
Ambience - Spooky Forest,The Scary Pumpkins,Sounds from the Crypt,2003-08-05,3HDko0CUTH9Ub0awkooBSw,https://open.spotify.com/track/3HDko0CUTH9Ub0awkooBSw,suspenseful ominous eerie
Ambient Soundscapes for Serenity,Instrumental,"Relaxation Music for Bedtime, Stress Relief, Relaxing, Pregnant Women",2024-10-16,0zhaIitvcGu66m0TCmwvrj,https://open.spotify.com/track/0zhaIitvcGu66m0TCmwvrj,suspenseful ominous eerie
Eerie & Creepy Wind Blowing,Sound Ideas,Weather,2014-02-15,5LFGBO9WPZUp8WhkLGkCET,https://open.spotify.com/track/5LFGBO9WPZUp8WhkLGkCET,suspenseful ominous eerie
Haunting Atmosphere,Halloween Music,Some Halloween Music,2022-10-30,1gaTy8LQZMQ996zn5vLM2q,https://open.spotify.com/track/1gaTy8LQZMQ996zn5vLM2q,suspenseful ominous eerie
Fog of Nightmares,Ambient Realms,"Massive Horror Ambience, Vol. 3",2022-04-23,5ACFGHzDJKVVDVYTyGbSVf,https://open.spotify.com/track/5ACFGHzDJKVVDVYTyGbSVf,suspenseful ominous eerie
Suspense Atmosphere Background,cleanmindsounds,Suspense Atmosphere Background,2022-06-28,6lSTy2bUJaPN4YD4o4VKNi,https://open.spotify.com/track/6lSTy2bUJaPN4YD4o4VKNi,suspenseful ominous eerie
Dramatic Ambient Piano,cleanmindsounds,Dramatic Ambient Piano,2023-02-28,0MsqXbvUW0XXoUuIkwVSlS,https://open.spotify.com/track/0MsqXbvUW0XXoUuIkwVSlS,suspenseful ominous eerie
The Beauty of Horror,Ambience Mastery,Halloween Ambience (Scary Atmosphere),2022-10-28,5OSSN3ZbeHfRpqhY1GZVeI,https://open.spotify.com/track/5OSSN3ZbeHfRpqhY1GZVeI,suspenseful ominous eerie
Magical Night of Hauntings,Ambience Mastery,Halloween Ambience (Scary Atmosphere),2022-10-28,4Qx664kqVTpcblyeytxz6J,https://open.spotify.com/track/4Qx664kqVTpcblyeytxz6J,suspenseful ominous eerie
Inside the Vampire Crypt,Ambience Mastery,Halloween Ambience (Scary Atmosphere),2022-10-28,6VjSf9gpj1rv9TKYuqIG9x,https://open.spotify.com/track/6VjSf9gpj1rv9TKYuqIG9x,suspenseful ominous eerie
Dark Shadows,Background Music Attention,"Gothic, Atmospheric, Dark Ambient",2020-01-13,1ZLxQ1bNvAEBMY20pr7Hxx,https://open.spotify.com/track/1ZLxQ1bNvAEBMY20pr7Hxx,suspenseful ominous eerie
Dark Beast Ambience,Haunting Ambience,Paranormal Ambience & Spooky Night Atmosphere,2025-09-12,2LSCmvIRvSx1G6Z0lbIM5m,https://open.spotify.com/track/2LSCmvIRvSx1G6Z0lbIM5m,suspenseful ominous eerie
Horror Atmosphere Deep Strings - Suspense - Sound Effect to Be Frightend,Todster,"Horror Sounds - Scary Sound Effects to Get the Creeps, Shiver, Frighten, Fear and Halloween Sounds",2016-09-30,2NUvLczcI2wwNx9AOaQY0H,https://open.spotify.com/track/2NUvLczcI2wwNx9AOaQY0H,suspenseful ominous eerie
Observing Ghosts,Ambience Mastery,Gothic Horror Ambience,2022-11-26,6f9bipiUmTeh6DtOAx08NY,https://open.spotify.com/track/6f9bipiUmTeh6DtOAx08NY,suspenseful ominous eerie
Ambient Chamber,Ambient Realms,"Massive Ambient Music, Vol. 6",2020-03-17,5tX2yEhUZ11jtK7X0qm8CP,https://open.spotify.com/track/5tX2yEhUZ11jtK7X0qm8CP,suspenseful ominous eerie
Haunt,Ken Elkinson,"Ambient Holidays, Vol. 3 (Halloween Ambient)",2013-08-06,20SOnEiy78NJ0s7QnreM4t,https://open.spotify.com/track/20SOnEiy78NJ0s7QnreM4t,suspenseful ominous eerie
Eerie Surroundings,Halloween Sounds,300 Halloween Sound Effects,2012-05-30,0VeGNIo9SzF5ZKo7o5p6Fs,https://open.spotify.com/track/0VeGNIo9SzF5ZKo7o5p6Fs,suspenseful ominous eerie
Spine-Chilling Ambient Sounds,Creepy SFX,Creepy Asylum Ambient,2024-09-13,52vsPWSp4wiYSLkvCiLp2r,https://open.spotify.com/track/52vsPWSp4wiYSLkvCiLp2r,suspenseful ominous eerie
Ghostly Night Forest,Ambient Realms,"Massive Ambient Music, Vol. 4",2016-08-18,0JUbEGOHQ5cz2oGP4ff6es,https://open.spotify.com/track/0JUbEGOHQ5cz2oGP4ff6es,suspenseful ominous eerie
Mood to Explore Ominous Places,Study Music Project,Studying in a Spooky Library,2023-10-16,1zATLJYtUbF3r87RLPejEG,https://open.spotify.com/track/1zATLJYtUbF3r87RLPejEG,suspenseful ominous eerie
Eerie Music,Horror Nightmare,"Eerie Music - Creepy Nightmare Sound Effects, Howling Wolves, Chains, Whispers & Groans",2017-10-13,3oCEygft1pPk9jFKzIQ0fE,https://open.spotify.com/track/3oCEygft1pPk9jFKzIQ0fE,suspenseful ominous eerie
Moody Halloween Melody,Instrumental Jazz Music Ambient,Vintage Halloween Jazz Party,2021-10-25,0JG1m4c9zq85Gtj2QIZzy4,https://open.spotify.com/track/0JG1m4c9zq85Gtj2QIZzy4,suspenseful ominous eerie
Creepy Viola,Tihomir Hristozov,Creepy Strings,2022-04-01,2vnYYbyXd48QuL1xBYvgbx,https://open.spotify.com/track/2vnYYbyXd48QuL1xBYvgbx,suspenseful ominous eerie
Dark Ambient,Aquatix,Dark Ambient,2022-11-18,2DdoX0FzwBe26yarvew3gc,https://open.spotify.com/track/2DdoX0FzwBe26yarvew3gc,suspenseful ominous eerie
"39° 20,0'N 002° 44,8'E",Musica Cthulhiana,The Fourth,2003-10-23,5JfY5jru8De6DMriV2Neyf,https://open.spotify.com/track/5JfY5jru8De6DMriV2Neyf,suspenseful ominous eerie
Dark Ambient,Ambient Space Background,Dark Ambient 2019 - 3 Hours of Deep Space Relaxation,2019-06-29,3jaaHy1d1o8Ajmn05LogsY,https://open.spotify.com/track/3jaaHy1d1o8Ajmn05LogsY,suspenseful ominous eerie
Dramatic Ambient,Ambient Sound Center,"Dramatic Ambient - Gothic Dark Fantasy Ambient, Sad & Somber Background",2019-06-11,75OxPGrERexNVSqos3hoN5,https://open.spotify.com/track/75OxPGrERexNVSqos3hoN5,suspenseful ominous eerie
"Ambience, Fantasy - Eerie Synth Swarm, High Pitched Shimmering, Horror Fantasy Ambiences, Greatest Sound Effects",Sound Effects Library,Magical: Sound Effects,2012-05-15,13kqaOEMPT0olZBiWL49hq,https://open.spotify.com/track/13kqaOEMPT0olZBiWL49hq,suspenseful ominous eerie
Dark Ambient Music,Alan Samhita,D&D Ambient Music,2022-03-12,1aJmMl0vtRSQPilQvQdpLC,https://open.spotify.com/track/1aJmMl0vtRSQPilQvQdpLC,suspenseful ominous eerie
Atmospheric Noir Film,Jazzhop Full Study,"Jazz Noir: Mystery Detective Dark Night Ambience, LoFi Cafè Project",2022-04-26,4ng0UGGkc0yYeZ13hVUhgH,https://open.spotify.com/track/4ng0UGGkc0yYeZ13hVUhgH,suspenseful ominous eerie
Dark Ambience,Hover,Haunted World,2000-01-01,4Mz2ixqSrkssMHKqkTR7uk,https://open.spotify.com/track/4Mz2ixqSrkssMHKqkTR7uk,suspenseful ominous eerie
A Gothic Haunted House,Ambience Mastery,Halloween Ambience (Scary Atmosphere),2022-10-28,1ie2sCYglWzshugx9Orsn9,https://open.spotify.com/track/1ie2sCYglWzshugx9Orsn9,suspenseful ominous eerie
Dark Ambient,It Lives Down Below,"Scary Clown Music: Suspense Horror Sounds, Night at the Carnival with Carillon Creepy Songs",2019-09-04,4kkhY7zxh3N4khYmpM3Iaf,https://open.spotify.com/track/4kkhY7zxh3N4khYmpM3Iaf,suspenseful ominous eerie
Black Forest,Background Music Attention,"Gothic, Atmospheric, Dark Ambient",2020-01-13,6cqalbFTGpPbYkZuLjaLcw,https://open.spotify.com/track/6cqalbFTGpPbYkZuLjaLcw,suspenseful ominous eerie
Forest is Dark,Scary Halloween Night Ambient,"Dark Background Music for Scary Halloween Night: Creepy Sounds, Demonic Vibe, Spooky Forest, Haunted Soul",2021-10-13,5CNMip2enn6dFziF3GMiMP,https://open.spotify.com/track/5CNMip2enn6dFziF3GMiMP,suspenseful ominous eerie
Quiet,Ambient Realms,"Massive Ambient Music, Vol. 2",2015-02-23,7drdFSpqLtX7don9tLIlfj,https://open.spotify.com/track/7drdFSpqLtX7don9tLIlfj,suspenseful ominous eerie
Eerie Ghost Wail Ambience,Halloween Sound Machine,The Haunted Butcher’s House SFX,2025-10-24,18te1voiyWDTjS29Rqnsmh,https://open.spotify.com/track/18te1voiyWDTjS29Rqnsmh,suspenseful ominous eerie
"Ambience, Fantasy Dream Atmosphere, Pleasant Feeling, Electronic, Fantasy Ambiences",Sound Effects Library,Magical: Sound Effects,2012-05-15,3JAX0KzzyOoVmxr7XybZWO,https://open.spotify.com/track/3JAX0KzzyOoVmxr7XybZWO,suspenseful ominous eerie
Dark Forest,Brian Estes,Mysterious Places,2021-09-03,3W0DPjOaPPT5AjfzS5nbQq,https://open.spotify.com/track/3W0DPjOaPPT5AjfzS5nbQq,suspenseful ominous eerie
Eerie Halloween Background Sound Effect Ambience,Halloween Sounds,300 Halloween Sound Effects,2012-05-30,7arFTeJU9Y9mwiaCJVjvhQ,https://open.spotify.com/track/7arFTeJU9Y9mwiaCJVjvhQ,suspenseful ominous eerie
Shrooms of Doom,Ambient Realms,"Massive Ambient Music, Vol. 6",2020-03-17,6GRuWAcbM4DTonbDIIhEn7,https://open.spotify.com/track/6GRuWAcbM4DTonbDIIhEn7,suspenseful ominous eerie
Inspirational Piano Ambient,AShamaluevMusic,Inspirational Piano Ambient,2019-06-20,2R1LD6Yd6Cra8qC7fAqD0U,https://open.spotify.com/track/2R1LD6Yd6Cra8qC7fAqD0U,suspenseful ominous eerie
Mysterious Background Music,Power Music Factory,Power Music Factory,2020-10-15,1nf0Nzz894Hk9ODiCiU5qT,https://open.spotify.com/track/1nf0Nzz894Hk9ODiCiU5qT,suspenseful ominous eerie
Haunted Abandoned Circus - Ghost Carnival Ambience,Nature Sound Retreat,Halloween Ambiences,2023-10-01,6WjzfuZQAHP83zgsTcciHE,https://open.spotify.com/track/6WjzfuZQAHP83zgsTcciHE,suspenseful ominous eerie
Hospital,Waterflame,Spooky Ambience,2022-10-28,4WUoCN5wDVbneAtD4Eqdz8,https://open.spotify.com/track/4WUoCN5wDVbneAtD4Eqdz8,suspenseful ominous eerie
Creepy Ambient Music Mix,Creepy Razy,"Spooky Halloween Music: Creepy, Dark, Scary Halloween Ambient Music",2020-10-02,784p8NPOI0dygmSVA7FKIn,https://open.spotify.com/track/784p8NPOI0dygmSVA7FKIn,suspenseful ominous eerie
Ambient Suspense Cinematic,cleanmindsounds,Ambient Suspense Cinematic,2022-08-30,5mrCzophlhYmi9bpfcUx01,https://open.spotify.com/track/5mrCzophlhYmi9bpfcUx01,suspenseful ominous eerie
Haunting Winds,Ambient Realms,"Massive Ambient Music, Vol. 4",2016-08-18,5VFwgtAvvTbMhnUas1HN3I,https://open.spotify.com/track/5VFwgtAvvTbMhnUas1HN3I,suspenseful ominous eerie
Scary Ambient Music,Elizabeth Mor,Scary Night,2017-11-02,4OZURclkTch3NL5Jr7OcLJ,https://open.spotify.com/track/4OZURclkTch3NL5Jr7OcLJ,suspenseful ominous eerie
Dark Twisting Halls,Ambient Realms,"Massive Horror Ambience, Vol. 1",2018-10-11,3HCZIgz1Mr2y0xGHjtfVJz,https://open.spotify.com/track/3HCZIgz1Mr2y0xGHjtfVJz,suspenseful ominous eerie
Sombre Moments,Ambience Mastery,Foggy Day Ambience,2022-04-08,4mJPwhISoeYRsvCBe2Brp8,https://open.spotify.com/track/4mJPwhISoeYRsvCBe2Brp8,suspenseful ominous eerie
Epic Darkness,Ambient Realms,"Massive Horror Ambience Music, Vol. 2",2020-10-13,2QbEuOzOpNNQr1eVCekhOk,https://open.spotify.com/track/2QbEuOzOpNNQr1eVCekhOk,suspenseful ominous eerie
ambient dark music,Halloween Sounds Collective,* HALLOWEEN MUSIC *,2023-02-06,7kgObsw0jcdm2lbHg9qaFy,https://open.spotify.com/track/7kgObsw0jcdm2lbHg9qaFy,suspenseful ominous eerie
Mystic Spells,Background Music Attention,"Gothic, Atmospheric, Dark Ambient",2020-01-13,3unyJV4nx6tGXjqURLRIBM,https://open.spotify.com/track/3unyJV4nx6tGXjqURLRIBM,suspenseful ominous eerie
Ambient Sounds - Original Mix,Cryptex,Isolated Incidents,2014-11-15,4tGqQUemrFAKZ6Ao11Sfl5,https://open.spotify.com/track/4tGqQUemrFAKZ6Ao11Sfl5,suspenseful ominous eerie
Quiet Time,David Fesliyan,Ambient Chill,2020-08-28,1i81TRIZ6XIkETdDqqr8cE,https://open.spotify.com/track/1i81TRIZ6XIkETdDqqr8cE,suspenseful ominous eerie
Creepy Sounds and Effects on Dark Ambient Music (Scary Ambiance),Halloween Kids,Haunting Halloween Sounds and Music,2024-10-15,2IKmUT9VR0jjZ8mBoNWnDj,https://open.spotify.com/track/2IKmUT9VR0jjZ8mBoNWnDj,suspenseful ominous eerie
Scary Atmosphere,Wesley Plass,Electronica Drama,2011-10-07,0lWeJ0twrfK0sBfVU6sO7p,https://open.spotify.com/track/0lWeJ0twrfK0sBfVU6sO7p,suspenseful ominous eerie
Horror Movie Ambient,Creepy Background Noise,Terrifying Sounds For Halloween,2024-10-19,6bjqjPHqOhxSesbHu64KFm,https://open.spotify.com/track/6bjqjPHqOhxSesbHu64KFm,suspenseful ominous eerie
Scary Nature,Scary Halloween Night Ambient,"Dark Background Music for Scary Halloween Night: Creepy Sounds, Demonic Vibe, Spooky Forest, Haunted Soul",2021-10-13,6WelUHSHQrTQPNdU3L4nwZ,https://open.spotify.com/track/6WelUHSHQrTQPNdU3L4nwZ,suspenseful ominous eerie
An Epic Empty City,Ambience Mastery,Post Apocalyptic City Ambience,2023-01-01,5GEMaPBGWYVbSkjZlcvugd,https://open.spotify.com/track/5GEMaPBGWYVbSkjZlcvugd,suspenseful ominous eerie
Halloween Background Music Spooky Scary Party Mix Movie Instrumental Haunting Ambient Chill,Inspirational Vibes,"Halloween Background Music Spooky Scary Party Mix Movie Instrumental Dark Haunted Beats Cinematic Horror Vibes | Creepy Ambience, Eerie Soundtrack, Haunted House Atmosphere, Scary Halloween Playlist",2025-10-11,3Y3cYMdjGYOdjDGB5UFZGu,https://open.spotify.com/track/3Y3cYMdjGYOdjDGB5UFZGu,suspenseful ominous eerie
Cavern of Doom,Ambient Realms,"Massive Ambient Music, Vol. 5",2019-01-01,2Mf0u2S8Hlm4AvQzzbwdXx,https://open.spotify.com/track/2Mf0u2S8Hlm4AvQzzbwdXx,suspenseful ominous eerie
Dark Castle,Ambient Realms,"Massive Ambient Music, Vol.3",2016-01-14,092bnHjnpOAMFcowHZuAe7,https://open.spotify.com/track/092bnHjnpOAMFcowHZuAe7,suspenseful ominous eerie
Graveyard,Ken Elkinson,"Ambient Holidays, Vol. 3 (Halloween Ambient)",2013-08-06,74XAV02Dy4dVVK1XVTfqxN,https://open.spotify.com/track/74XAV02Dy4dVVK1XVTfqxN,suspenseful ominous eerie
Spooky Instrumental Background Music,Halloween Party Album Singers,"Eerie Halloween Music: Spooky Instrumental Background Music for Halloween Parties, Dreadful Freights, Ominous Ambient Dark Music",2020-10-26,1nkvBdCduZIINzfDpBWgD3,https://open.spotify.com/track/1nkvBdCduZIINzfDpBWgD3,suspenseful ominous eerie
"A Dark Presence, Horror Ambient Sounds",Frank & Stein,"Halloween Town - Scary Ambient Music and Sound Effects, Creepy Pasta and Horror Story Background",2016-10-17,5KWKAIGeDTe6sn3mn9Lf69,https://open.spotify.com/track/5KWKAIGeDTe6sn3mn9Lf69,suspenseful ominous eerie
Dark Descent Dark Ambient Horror Soundtrack - Sinister Music for Creating Suspense,DJ RIHAYEM,Dark Ambient Horror Music - Haunting Soundscapes for Fearful Edits,2024-09-11,5TgUZkIAZZul2EkqTyHQ6b,https://open.spotify.com/track/5TgUZkIAZZul2EkqTyHQ6b,suspenseful ominous eerie
"Ambience, Fantasy Dream Atmosphere, Emptiness, Electronic, Fantasy Ambiences",Sound Effects Library,Magical: Sound Effects,2012-05-15,5eO4UqB2fhvWaAN7VayNVW,https://open.spotify.com/track/5eO4UqB2fhvWaAN7VayNVW,suspenseful ominous eerie
Gothic Ambient with Thunder (Ambient Music),The Darker Star,"Dark Ambient: Dark Ambient Music, Atmosphere Music, Solitude and Melancholy",2012-09-03,4d3ikQvSAqri4WpO3qmykG,https://open.spotify.com/track/4d3ikQvSAqri4WpO3qmykG,suspenseful ominous eerie
Dark Senses,Ambient Realms,"Massive Horror Ambience, Vol. 1",2018-10-11,3Qx6h2iteJYOLlpwIa8ssz,https://open.spotify.com/track/3Qx6h2iteJYOLlpwIa8ssz,suspenseful ominous eerie
"Ambience, Fantasy Dream Atmosphere, Nightmare, Electronic, Fantasy Ambiences",Sound Effects Library,Magical: Sound Effects,2012-05-15,7HVKk92BN64Cx5SUgNaJRW,https://open.spotify.com/track/7HVKk92BN64Cx5SUgNaJRW,suspenseful ominous eerie
dark industrial music,Halloween Sounds Collective,Scary Graveyard Sounds,2023-02-07,72AioIPlPRJQP7GfHhiDbg,https://open.spotify.com/track/72AioIPlPRJQP7GfHhiDbg,suspenseful ominous eerie
Eerie Graveyard Atmosphere,This is Halloween,Halloween Background Music,2025-09-26,6cZ9iAI5b5rHHDlAJAJRd0,https://open.spotify.com/track/6cZ9iAI5b5rHHDlAJAJRd0,suspenseful ominous eerie
Spooky Night,Ambient Realms,"Massive Ambient Music, Vol.3",2016-01-14,4TzgwjSIWrfZzlJpsxpNvT,https://open.spotify.com/track/4TzgwjSIWrfZzlJpsxpNvT,suspenseful ominous eerie
"Ambience, Fantasy Dream Atmosphere, Hallucination, Strange Voices, Electronic, Fantasy Ambiences, Sfx",Sound Effects Library,Magical: Sound Effects,2012-05-15,2cu3S9PUuis54tEZIVQ6ce,https://open.spotify.com/track/2cu3S9PUuis54tEZIVQ6ce,suspenseful ominous eerie
Empty,Gothic Storm,Minimal Melancholy,2019-11-18,1tMmXQJuB1f4rgwbmuUWSW,https://open.spotify.com/track/1tMmXQJuB1f4rgwbmuUWSW,suspenseful ominous eerie
Ambient Awakening,Office Instrumental Music,Well-being,2024-08-13,5ZgSoZzqckPAMSvXRYIxOT,https://open.spotify.com/track/5ZgSoZzqckPAMSvXRYIxOT,suspenseful ominous eerie
Horror Atmosphere,Scary Noises,Eerie Halloween Soundscapes,2025-09-01,01B1GBCQmIzRxJVwkC4XFu,https://open.spotify.com/track/01B1GBCQmIzRxJVwkC4XFu,suspenseful ominous eerie
Terrible Night,Scary Halloween Night Ambient,"Dark Background Music for Scary Halloween Night: Creepy Sounds, Demonic Vibe, Spooky Forest, Haunted Soul",2021-10-13,68f5NewwvO2YdzKwChZeVA,https://open.spotify.com/track/68f5NewwvO2YdzKwChZeVA,suspenseful ominous eerie
Dark Ambience,shin shin,Dark Ambient,2024-04-03,64IfORbHf7YGxhPoXc1wMF,https://open.spotify.com/track/64IfORbHf7YGxhPoXc1wMF,suspenseful ominous eerie
Haunted Echoes - Ambient Thunderstorms,Thunderstorms,Whispering Winds,2023-05-03,27EhchezfQJn99SYJCySqn,https://open.spotify.com/track/27EhchezfQJn99SYJCySqn,suspenseful ominous eerie
Dark Lands,Ambient Realms,"Massive Ambient Music, Vol.1",2015-03-16,7MeFkL7PDRv8WD04qYPIu0,https://open.spotify.com/track/7MeFkL7PDRv8WD04qYPIu0,suspenseful ominous eerie
Cozy Library,Michael Ghelfi,"RPG / D&D Ambiences and Atmospheres, Vol. 1, Pt. 1",2021-06-19,46Gwly8lQ5x7mv4qcPPQ7C,https://open.spotify.com/track/46Gwly8lQ5x7mv4qcPPQ7C,suspenseful ominous eerie
Halloween Background Music Spooky Scary Party Mix Movie Instrumental Creepy Sound Design Atmosphere,Inspirational Vibes,"Halloween Background Music Spooky Scary Party Mix Movie Instrumental Dark Haunted Beats Cinematic Horror Vibes | Creepy Ambience, Eerie Soundtrack, Haunted House Atmosphere, Scary Halloween Playlist",2025-10-11,4obINtXMY9gbSPM9htO7n8,https://open.spotify.com/track/4obINtXMY9gbSPM9htO7n8,suspenseful ominous eerie
Strange Dream,Ambient Realms,"Massive Horror Ambience, Vol. 1",2018-10-11,2p15YCvz2PYrdwr93tYxuO,https://open.spotify.com/track/2p15YCvz2PYrdwr93tYxuO,suspenseful ominous eerie
Ascension,Ambient Realms,"Massive Horror Ambience, Vol. 1",2018-10-11,3r1xwBDqKzzbY6THg7Y6IK,https://open.spotify.com/track/3r1xwBDqKzzbY6THg7Y6IK,suspenseful ominous eerie
Suspense Dark Ambient,RealTunesStudio,Suspense Dark Ambient,2023-05-17,4blynhqo790cv9fyqr5zkR,https://open.spotify.com/track/4blynhqo790cv9fyqr5zkR,suspenseful ominous eerie
Ominous Ambient Background Music II,Blackmid,Ominous Ambient Background Music,2024-09-23,3J5rkq06wxzlrHZGzgfUEN,https://open.spotify.com/track/3J5rkq06wxzlrHZGzgfUEN,suspenseful ominous eerie
Nothing Beyond,Background Music Attention,"Gothic, Atmospheric, Dark Ambient",2020-01-13,3DtXovhbnVbSsfYldqwz1A,https://open.spotify.com/track/3DtXovhbnVbSsfYldqwz1A,suspenseful ominous eerie
Creepy Tune,The Darker Star,"Dark Ambient Music - Nature Sounds, Creepy Soundscapes with Rain Background Sound",2015-10-22,31GfxDnMEnUWeXsn8xsI7p,https://open.spotify.com/track/31GfxDnMEnUWeXsn8xsI7p,suspenseful ominous eerie
Eerie Soundscape Music Bed Sfx,Royalty Free Music,"Horror Soundscapes, Halloween Haunted House Ambience, Scary Sound Effects",2010-09-21,2c6n3mzEtK4y7mpgmBgJ4H,https://open.spotify.com/track/2c6n3mzEtK4y7mpgmBgJ4H,suspenseful ominous eerie
Darkened,Edward Eclipse,"Evil Background Songs - Spooky Scary Music, Dark Ambient Horror Story Background",2017-10-13,0aE6UQFgEh7MRnUSFqEAsO,https://open.spotify.com/track/0aE6UQFgEh7MRnUSFqEAsO,suspenseful ominous eerie
Ambiance Mystère,Raf21,Huit Femmes (Original Theater Soundtrack),2020-02-25,5v2mPBha4iqP4E2yOThcWw,https://open.spotify.com/track/5v2mPBha4iqP4E2yOThcWw,suspenseful ominous eerie
Nostramo Haunted,Officio Audiorum,Ambiences of the Far Future: Season II,2019-06-24,5OJ6gKyCQNrI5LwYDS4zyj,https://open.spotify.com/track/5OJ6gKyCQNrI5LwYDS4zyj,suspenseful ominous eerie
Mansion Hallways at Night,Ambience Mastery,Gothic Horror Ambience,2022-11-26,6o43rMtf062cHATHC05ZrW,https://open.spotify.com/track/6o43rMtf062cHATHC05ZrW,suspenseful ominous eerie
Witchcraft Grimoire,Ambience Mastery,Gothic Horror Ambience,2022-11-26,4Iy2Z8EV8mEs2SYyBbxAtt,https://open.spotify.com/track/4Iy2Z8EV8mEs2SYyBbxAtt,suspenseful ominous eerie
"Creepy, Quiet Castle - Loop",Sword Coast Soundscapes,"The Adventurer, Vol. 1",2020-08-09,3Ujs7Eo5pVCHVBEyqLpgeI,https://open.spotify.com/track/3Ujs7Eo5pVCHVBEyqLpgeI,suspenseful ominous eerie
Noisy Fireplace,Jerry Goldsmith,The Haunting (Original Motion Picture Soundtrack / Deluxe Edition),1999,5S1NS38G2m4ltQoYgr1lAa,https://open.spotify.com/track/5S1NS38G2m4ltQoYgr1lAa,suspenseful ominous eerie
"Haunting Soundscapes for Relaxation, Pt. 30",Relaxing Music,Relaxing Ambient Music,2022-10-13,1qkcY7TZyPScOcdAlUly8e,https://open.spotify.com/track/1qkcY7TZyPScOcdAlUly8e,suspenseful ominous eerie
Suspense Instrumental Dramatic,SONG TRILHAS,Suspense Instrumental Dramatic,2022-05-15,4C5iPmSBFdRNuTMlFO9TgW,https://open.spotify.com/track/4C5iPmSBFdRNuTMlFO9TgW,suspenseful ominous eerie
Inspirational Cinematic Ambient,AShamaluevMusic,Inspirational Cinematic Ambient,2018-07-16,0o07y13oIyB17Ipdp6KTVs,https://open.spotify.com/track/0o07y13oIyB17Ipdp6KTVs,suspenseful ominous eerie
Grace (Ambient Background Music),Fearless Motivation Instrumentals,Grace (Ambient Background Music),2018-10-25,6gQoGhv1FkAISvtpJfshDz,https://open.spotify.com/track/6gQoGhv1FkAISvtpJfshDz,suspenseful ominous eerie
Jack the Ripper - Dark Gothic Ambient Music & Rain Sounds,Nature Sound Retreat,Halloween Ambiences,2023-10-01,1lbzImhV5nyy35Dr7aba9I,https://open.spotify.com/track/1lbzImhV5nyy35Dr7aba9I,suspenseful ominous eerie
Halloween Background Music Spooky Scary Party Mix Movie Instrumental Scary Ambient Soundtrack,Inspirational Vibes,"Halloween Background Music Spooky Scary Party Mix Movie Instrumental Dark Haunted Beats Cinematic Horror Vibes | Creepy Ambience, Eerie Soundtrack, Haunted House Atmosphere, Scary Halloween Playlist",2025-10-11,3kaPh2zHyWVHTjaOphSkLS,https://open.spotify.com/track/3kaPh2zHyWVHTjaOphSkLS,suspenseful ominous eerie
Dark Ambient New Age,Soundscapes,Soundscapes – Ambient Sounds Relaxation Music,2015-01-13,6nVQaq1wGd0wu45w5RAr8G,https://open.spotify.com/track/6nVQaq1wGd0wu45w5RAr8G,suspenseful ominous eerie
Suspense Ambient Cinematic Dark,cleanmindsounds,Suspense Ambient Cinematic Dark,2022-08-02,6uYSPabf2486yjWMEnx2Pc,https://open.spotify.com/track/6uYSPabf2486yjWMEnx2Pc,suspenseful ominous eerie
Dark Ambient,Halloween Masters,"Halloween Sounds: Free Halloween Music, Ambient Background Music with Suspense",2016-10-17,6Fz47suoNEsrKUcbjcVNXg,https://open.spotify.com/track/6Fz47suoNEsrKUcbjcVNXg,suspenseful ominous eerie
Dark Ambient,The Darker Star,"Dark Ambient Music - Nature Sounds, Creepy Soundscapes with Rain Background Sound",2015-10-22,1lnxNl3POaE5vCHMactzg7,https://open.spotify.com/track/1lnxNl3POaE5vCHMactzg7,suspenseful ominous eerie
Evil Awakens Dark Ambient Horror Soundtrack - Dramatic Music for Creating Intense Content,DJ RIHAYEM,Dark Ambient Horror Music - Haunting Soundscapes for Fearful Edits,2024-09-11,1M0IFTwCQCRS318qn9feMC,https://open.spotify.com/track/1M0IFTwCQCRS318qn9feMC,suspenseful ominous eerie
The Witching Hour,Ambience Mastery,Halloween Ambience (Scary Atmosphere),2022-10-28,2v2TSoC8T3xRjwY6YbMgvW,https://open.spotify.com/track/2v2TSoC8T3xRjwY6YbMgvW,suspenseful ominous eerie
scary orchestral music,Halloween Sounds Collective,Scary Graveyard Sounds,2023-02-07,4YVGE1b0erDOa1bO64OavT,https://open.spotify.com/track/4YVGE1b0erDOa1bO64OavT,suspenseful ominous eerie
Ambient Piano Deep Sleep,Piano Peace,"Instrumental Piano For Studying Music, Music For Reading, Focus and Concentration",2020-11-27,0WEgM06tOIqGLnkCUPTQRw,https://open.spotify.com/track/0WEgM06tOIqGLnkCUPTQRw,suspenseful ominous eerie
Ambient Chimes,Drackfreeee,Melancholic Delusions: A Silent Hill 2 Inspired Album,2023-07-08,1veupIf797U0W8bfIuMYx4,https://open.spotify.com/track/1veupIf797U0W8bfIuMYx4,suspenseful ominous eerie
Aliens,Ambient Realms,"Massive Ambient SciFi Music, Vol. 1",2016-11-03,036AovYAZ5n1rmKEDTd5qN,https://open.spotify.com/track/036AovYAZ5n1rmKEDTd5qN,suspenseful ominous eerie
The Shadows of the Enchanted Realm,The Vault of Ambience,The Shadows of the Enchanted Realm,2023-03-26,1PPetJT7DEfaUoxN3ioGHB,https://open.spotify.com/track/1PPetJT7DEfaUoxN3ioGHB,suspenseful ominous eerie
Ambient Lurker,Ambient Realms,"Massive Horror Ambience, Vol. 3",2022-04-23,5ye5XYSt3scwdQcvBgoBae,https://open.spotify.com/track/5ye5XYSt3scwdQcvBgoBae,suspenseful ominous eerie
Dark Ambience,Horror Nightmare,Dark Ambience - 2 Hours Music for Dark Thoughts,2019-06-11,4QP7oatMwSNq1YF0R00dxK,https://open.spotify.com/track/4QP7oatMwSNq1YF0R00dxK,suspenseful ominous eerie
Gothic Atmosphere,Creepy Razy,"Spooky Halloween Music: Creepy, Dark, Scary Halloween Ambient Music",2020-10-02,1RXMr2lwarFIsUMIB2uqx8,https://open.spotify.com/track/1RXMr2lwarFIsUMIB2uqx8,suspenseful ominous eerie
Scary Ambience,Creepy Razy,"Spooky Halloween Music: Creepy, Dark, Scary Halloween Ambient Music",2020-10-02,7JWtz57HT33cCziA4wFpXh,https://open.spotify.com/track/7JWtz57HT33cCziA4wFpXh,suspenseful ominous eerie
Ambient Cinematic Suspense,cleanmindsounds,Ambient Cinematic Suspense,2022-11-30,56dZYoeou8fgCZM1LhOcnP,https://open.spotify.com/track/56dZYoeou8fgCZM1LhOcnP,suspenseful ominous eerie
Dark Drone,Horror Music,Dark Ambience,2022-04-29,7I5pOk5CQKkLXj7rJkOGtD,https://open.spotify.com/track/7I5pOk5CQKkLXj7rJkOGtD,suspenseful ominous eerie
Gruesome Unearthly,Spooky Music,Atmospheric Spooky Music,2024-12-09,4WunWEJbL7ne7wGDn5oLHG,https://open.spotify.com/track/4WunWEJbL7ne7wGDn5oLHG,suspenseful ominous eerie
Gothic Buildings,Ambience Mastery,Foggy Day Ambience,2022-04-08,004VJHVy37dzUfzMt4WXUX,https://open.spotify.com/track/004VJHVy37dzUfzMt4WXUX,suspenseful ominous eerie
Deep Exploration,Dark Ambient Creator,"Dark Ambient Drones for Relaxing, Dreaming, Chilling and Tripping, Vol. 1",2015-08-31,0ORfEwTrMHJpAv25nYJxoi,https://open.spotify.com/track/0ORfEwTrMHJpAv25nYJxoi,suspenseful ominous eerie
Fantasy Instrumental Music,Relax Viking Music,Fantasy Instrumental Music,2021-09-10,7e5Ngko4OnxJETl0kjHiRC,https://open.spotify.com/track/7e5Ngko4OnxJETl0kjHiRC,suspenseful ominous eerie
Mystere,Ophelia's Dream,Scary Classical Masterpieces,2009-04-01,55BKuBiV3JHkEguVEh9oNP,https://open.spotify.com/track/55BKuBiV3JHkEguVEh9oNP,suspenseful ominous eerie
Mysterious Space Cinematic,cleanmindsounds,Mysterious Space Cinematic,2022-12-30,382CTQh4WWPmVTBPjkoi61,https://open.spotify.com/track/382CTQh4WWPmVTBPjkoi61,suspenseful ominous eerie
Dark Thriller Background,cleanmindsounds,Dark Thriller Background,2022-06-28,7kX49EASRABZARnY51TxgM,https://open.spotify.com/track/7kX49EASRABZARnY51TxgM,suspenseful ominous eerie
Scary Background Atmosphere of Despair,Halloween All-Stars,Paranormal FX & Creepy Haunted Ambience 2025,2025-10-10,6AeWyrGw6rZ37tZFvbfY1e,https://open.spotify.com/track/6AeWyrGw6rZ37tZFvbfY1e,suspenseful ominous eerie
The Emperor's Light,Officio Audiorum,Ambiences of the Far Future: Season I,2019-06-17,3Mk5nTE0oAaGxndVny9j6y,https://open.spotify.com/track/3Mk5nTE0oAaGxndVny9j6y,suspenseful ominous eerie
Dark Atmospheres,Scary Halloween Music,Halloween Themed Music: Spooky Halloween Songs to Play at Your Costume Party,2022-10-11,6x3731EiSOX3RL8jQf2iks,https://open.spotify.com/track/6x3731EiSOX3RL8jQf2iks,suspenseful ominous eerie
Mysterious Ambient,Drackfreeee,Halo of the Sun: A Silent Hill 3 Inspired Album,2023-09-15,0znhfhKtRfFXgDE2koX5CY,https://open.spotify.com/track/0znhfhKtRfFXgDE2koX5CY,suspenseful ominous eerie
"Ambience, Fantasy Evolving Environment, Ambience, Fantasy Ambiences",Sound Effects Library,Magical: Sound Effects,2012-05-15,5rhn2h9Q9XGEgjWR7nIAkO,https://open.spotify.com/track/5rhn2h9Q9XGEgjWR7nIAkO,suspenseful ominous eerie
Study Room (Library),Sword Coast Soundscapes,"Villages & Towns, Vol.1",2020-08-13,1NbhJUEboM95fbMzZ9XqbT,https://open.spotify.com/track/1NbhJUEboM95fbMzZ9XqbT,suspenseful ominous eerie
Castle of Ghost,Scary Halloween Night Ambient,"Dark Background Music for Scary Halloween Night: Creepy Sounds, Demonic Vibe, Spooky Forest, Haunted Soul",2021-10-13,26shfsvmt3xwmGWxzbHTAI,https://open.spotify.com/track/26shfsvmt3xwmGWxzbHTAI,suspenseful ominous eerie
Somber,Ambient Realms,"Massive Horror Ambience, Vol. 1",2018-10-11,0nxNs2cXI7R7WJ2TSahT23,https://open.spotify.com/track/0nxNs2cXI7R7WJ2TSahT23,suspenseful ominous eerie
Dark Ambient Music,Horror Nightmare,Friday 13th - Horror Music and Satanic Sounds 4 Scary Friday the 13th,2014-04-12,1o43Fk3qw5BkYfZacffOGb,https://open.spotify.com/track/1o43Fk3qw5BkYfZacffOGb,suspenseful ominous eerie
Mysterious Ambient Cinematic,cleanmindsounds,Mysterious Ambient Cinematic,2022-09-30,07ClLalCUUWPsTsG0sjUwu,https://open.spotify.com/track/07ClLalCUUWPsTsG0sjUwu,suspenseful ominous eerie
Hunter,Ambient Realms,"Massive Horror Ambience, Vol. 1",2018-10-11,1bWsZmo2nry9MSNFHYIdT9,https://open.spotify.com/track/1bWsZmo2nry9MSNFHYIdT9,suspenseful ominous eerie
Mysteries,Brian Estes,Mysteries,2020-04-10,34oBxNHYN9FdjAP59cLcY8,https://open.spotify.com/track/34oBxNHYN9FdjAP59cLcY8,suspenseful ominous eerie
Dark Epic Music,Sexy Erotic Halloween,"Evil Music - Mysterious, Macabre Ambient",2019-06-11,29hKzXAQhkxftVbw2yCUsf,https://open.spotify.com/track/29hKzXAQhkxftVbw2yCUsf,suspenseful ominous eerie
Lost Forest,Ambient Realms,"Massive Horror Ambience, Vol. 1",2018-10-11,6CbGJGpmvaxZ1VidVMCiqp,https://open.spotify.com/track/6CbGJGpmvaxZ1VidVMCiqp,suspenseful ominous eerie
Memories from the Vengeful Spirit,Officio Audiorum,Ambiences of the Far Future: Season II,2019-06-24,3gd447U76H4KEFC20yKhj9,https://open.spotify.com/track/3gd447U76H4KEFC20yKhj9,suspenseful ominous eerie
Creepy Mysterious Background Ambiance,TunePocket Music Library,Creepy Halloween,2022-10-01,2euZtFHm1ut6RnLnMUUj79,https://open.spotify.com/track/2euZtFHm1ut6RnLnMUUj79,suspenseful ominous eerie
Haunted Forest,The Darker Star,"Dark Ambient Music - Nature Sounds, Creepy Soundscapes with Rain Background Sound",2015-10-22,3M8A8iVGmKPApEErnE8ZGf,https://open.spotify.com/track/3M8A8iVGmKPApEErnE8ZGf,suspenseful ominous eerie
"Ambience, Fantasy - Dramatic Shimmering Synth Ambience Fantasy Ambiences",Sound Effects Library,Magical: Sound Effects,2012-05-15,1uUKw1KYoZN2e4z4owZ4Eo,https://open.spotify.com/track/1uUKw1KYoZN2e4z4owZ4Eo,suspenseful ominous eerie
Hallucinations of Horror,Ambient Realms,"Massive Horror Ambience, Vol. 1",2018-10-11,47oM8QBN5QnntmGKqvxLid,https://open.spotify.com/track/47oM8QBN5QnntmGKqvxLid,suspenseful ominous eerie
Mysterious Land,Electric Dreams,Halloween Ambience,2014-09-24,54dRBswKtaPRnaP1Ig2a9i,https://open.spotify.com/track/54dRBswKtaPRnaP1Ig2a9i,suspenseful ominous eerie
Dark Garden,Edward Eclipse,"Evil Background Songs - Spooky Scary Music, Dark Ambient Horror Story Background",2017-10-13,1gVZVPory00QOfasdg4Bat,https://open.spotify.com/track/1gVZVPory00QOfasdg4Bat,suspenseful ominous eerie
orchestral dark music,Halloween Sounds Collective,Scary Graveyard Sounds,2023-02-07,3C0xxyoCOK9NdDPa2WDJcz,https://open.spotify.com/track/3C0xxyoCOK9NdDPa2WDJcz,suspenseful ominous eerie
Hollow Forest,Ambient Realms,"Massive Ambient Music, Vol. 5",2019-01-01,3RiDHE1LxdJc6Ma7W20ouF,https://open.spotify.com/track/3RiDHE1LxdJc6Ma7W20ouF,suspenseful ominous eerie
Dark Crystal,Ambient Realms,"Massive Ambient SciFi Music, Vol. Two",2018-02-05,7dwpzdrusuIKHhn7QbRxnJ,https://open.spotify.com/track/7dwpzdrusuIKHhn7QbRxnJ,suspenseful ominous eerie
Frightening Time,Scary Halloween Night Ambient,"Dark Background Music for Scary Halloween Night: Creepy Sounds, Demonic Vibe, Spooky Forest, Haunted Soul",2021-10-13,2IxQ2EQMWcuJatXtcldJEk,https://open.spotify.com/track/2IxQ2EQMWcuJatXtcldJEk,suspenseful ominous eerie
Cold Chill,Ambient Realms,"Massive Horror Ambience, Vol. 1",2018-10-11,4JhXxnSFYQ9KmRtKHVIqT8,https://open.spotify.com/track/4JhXxnSFYQ9KmRtKHVIqT8,suspenseful ominous eerie
Halloween Background Music Spooky Scary Party Mix Movie Instrumental Terrifying Ambience Soundtrack,Inspirational Vibes,"Halloween Background Music Spooky Scary Party Mix Movie Instrumental Dark Haunted Beats Cinematic Horror Vibes | Creepy Ambience, Eerie Soundtrack, Haunted House Atmosphere, Scary Halloween Playlist",2025-10-11,6Bczc0vSebGVOpPeLMaiXt,https://open.spotify.com/track/6Bczc0vSebGVOpPeLMaiXt,suspenseful ominous eerie
Ambient Mysteries,Mark Kilian,"Science and Research, Vol. 2",2010-06-30,7J1JrSqW5cYmMys3wPoCW0,https://open.spotify.com/track/7J1JrSqW5cYmMys3wPoCW0,suspenseful ominous eerie
Instrumental Music for Reading Comics,Ambience Fantasy,Instrumental Music for Reading Comics,2022-09-01,5sRJrZTz0sG300DbLTZUZh,https://open.spotify.com/track/5sRJrZTz0sG300DbLTZUZh,suspenseful ominous eerie
Dark Ambient,Robbins Island Music Group,"Ambient Mood Music: Ambient Instrumental Music for Deep Sleep, Stress Relief, Bedtime Music, Meditation & Spa Treatments",2014-06-04,7F5K9zhilOy0jNEhPEHEJt,https://open.spotify.com/track/7F5K9zhilOy0jNEhPEHEJt,suspenseful ominous eerie
terrifying killer instrumental,Halloween Sounds Collective,Scary Graveyard Sounds,2023-02-07,0YFen2dgMmG2Jjee60Xgyn,https://open.spotify.com/track/0YFen2dgMmG2Jjee60Xgyn,suspenseful ominous eerie
Dark Ambient Playlist,Theodor Time,"Dark Ambient Playlist: Relaxing Drone Music, Electronic Synth Music for Study, Concentration, Focus",2019-11-30,0CFxP8KedOWqypwpDzqL5n,https://open.spotify.com/track/0CFxP8KedOWqypwpDzqL5n,suspenseful ominous eerie
Haunting Drone Sounds / Eerie Atmospheres 1,Dr. Sound Effects,Ultimate Halloween Sound Effects Collection – 400 Spooky Scary Horror Sounds,2010-09-01,34ddz8XkqpLWvaME1to0FD,https://open.spotify.com/track/34ddz8XkqpLWvaME1to0FD,suspenseful ominous eerie
A Gothic Castle and Rain,Ambience Mastery,A Dark Library (Gothic Horror Ambience),2022-12-05,6mOi4PlZHhsdtQH7yNBDwp,https://open.spotify.com/track/6mOi4PlZHhsdtQH7yNBDwp,suspenseful ominous eerie
Gothic Ambient with Thunder Sound (Horror Music),Halloween Tribe,The Great Terror - Halloween Music and Frightening Sounds: Zombie Effects,2014-10-20,2wHLrbCzwDLET6qRYtnNd6,https://open.spotify.com/track/2wHLrbCzwDLET6qRYtnNd6,suspenseful ominous eerie
Dark Instrumental Halloween Tracks,Horror Lofi,Halloween Music 2025,2025-10-31,3BVeo4RugzIkHXemefg061,https://open.spotify.com/track/3BVeo4RugzIkHXemefg061,suspenseful ominous eerie
"Ambience, Fantasy - Synth Drone in C Major, Music Fantasy Ambiences",Sound Effects Library,Magical: Sound Effects,2012-05-15,4bmZIST0ko8rr1VXgjJdKe,https://open.spotify.com/track/4bmZIST0ko8rr1VXgjJdKe,suspenseful ominous eerie
Suspense Mystical Tension Music,DepasRec,Suspense Mystical Tension Music,2018-09-13,0bBy9IhY7wuy5rXmLXAo1L,https://open.spotify.com/track/0bBy9IhY7wuy5rXmLXAo1L,suspenseful ominous eerie
Paranormal Act,Background Music Attention,"Gothic, Atmospheric, Dark Ambient",2020-01-13,0wCFLHbkiuyWyCzzPDQdNA,https://open.spotify.com/track/0wCFLHbkiuyWyCzzPDQdNA,suspenseful ominous eerie
Suspense Documentary Mystical,cleanmindsounds,Suspense Documentary Mystical,2022-08-30,46RwWabif6X4T57nOcRd7D,https://open.spotify.com/track/46RwWabif6X4T57nOcRd7D,suspenseful ominous eerie
Terrifying Cauldron,Spooky Music,Atmospheric Spooky Music,2024-12-09,5xuYrF43iP8MCmGNdNQ45f,https://open.spotify.com/track/5xuYrF43iP8MCmGNdNQ45f,suspenseful ominous eerie
Mansion of Secrets,Waterflame,Spooky Ambience,2022-10-28,7lmhGeebi9NHy3RyhO714k,https://open.spotify.com/track/7lmhGeebi9NHy3RyhO714k,suspenseful ominous eerie
An Dark Landscape,Ambience Mastery,Foggy Day Ambience,2022-04-08,39KHslJdJuYqVLUysERdHd,https://open.spotify.com/track/39KHslJdJuYqVLUysERdHd,suspenseful ominous eerie
Ambience: Haunted House,Sound Collective,98 Scary Sounds,2011-08-23,48iBa7nlR88eoGHsJPrXth,https://open.spotify.com/track/48iBa7nlR88eoGHsJPrXth,suspenseful ominous eerie
Death Chamber,Ambient Realms,"Massive Horror Ambience, Vol. 1",2018-10-11,5ijTWHqHVVqQjIkwweeR8y,https://open.spotify.com/track/5ijTWHqHVVqQjIkwweeR8y,suspenseful ominous eerie
Memories of the Damned,Officio Audiorum,Ambiences of the Far Future: Season IV,2019-11-09,06OA8O9agkmyDX7ObsTvLV,https://open.spotify.com/track/06OA8O9agkmyDX7ObsTvLV,suspenseful ominous eerie
Dark Passage,Ambient Realms,"Massive Ambient Music, Vol. 4",2016-08-18,3DRN4xTMPxuuEb7Lr4Oaku,https://open.spotify.com/track/3DRN4xTMPxuuEb7Lr4Oaku,suspenseful ominous eerie
Dark Ambient,Alys Coliere,Spooky Night Melodies,2018-10-03,6lYBxgag5HOUIqimm1OJ7t,https://open.spotify.com/track/6lYBxgag5HOUIqimm1OJ7t,suspenseful ominous eerie
Suspense Ambient,cleanmindsounds,Suspense Ambient,2022-01-06,61v99JceWqpkbfAlKBKf3T,https://open.spotify.com/track/61v99JceWqpkbfAlKBKf3T,suspenseful ominous eerie
Eerie Suspenseful Music,Halloween Sound Effects Machine,105 Halloween Sound Effects,2012-10-09,4o6LmGbczyeKQE8X6V0UjV,https://open.spotify.com/track/4o6LmGbczyeKQE8X6V0UjV,suspenseful ominous eerie
Infernal Sounds,Halloween Party Album Singers,"Eerie Halloween Music: Spooky Instrumental Background Music for Halloween Parties, Dreadful Freights, Ominous Ambient Dark Music",2020-10-26,7HO2tjEjHAzqNpkRP1fp5M,https://open.spotify.com/track/7HO2tjEjHAzqNpkRP1fp5M,suspenseful ominous eerie
Terror,Ambient Realms,"Massive Horror Ambience, Vol. 1",2018-10-11,2g2bc2tAP3JZBZw6eQjmh5,https://open.spotify.com/track/2g2bc2tAP3JZBZw6eQjmh5,suspenseful ominous eerie
Dark Forest Ambience,Spooky Halloween Sound Effects,Haunted House Echoes,2024-09-21,1ZV5H3V65txZcEemgIOn8I,https://open.spotify.com/track/1ZV5H3V65txZcEemgIOn8I,suspenseful ominous eerie
Lost in a Daydream,Ambient Realms,"Massive Horror Ambience, Vol. 1",2018-10-11,0sLPoFbPt7WXRBvAHQlajV,https://open.spotify.com/track/0sLPoFbPt7WXRBvAHQlajV,suspenseful ominous eerie
Hypnosis,Ambient Realms,"Massive Horror Ambience, Vol. 1",2018-10-11,6Qs4FJImi13M0HY5s34aEp,https://open.spotify.com/track/6Qs4FJImi13M0HY5s34aEp,suspenseful ominous eerie
Dark Emotional Soundscape,Allen Grey,Soundscape Collection,2020-12-09,3OLVpNUec4g85oYL0hQugo,https://open.spotify.com/track/3OLVpNUec4g85oYL0hQugo,suspenseful ominous eerie
Eerie Music,Sound Collective,Sounds of Horror,2006-09-13,4lvWdZyJT43opGFDtnGuOb,https://open.spotify.com/track/4lvWdZyJT43opGFDtnGuOb,suspenseful ominous eerie
Ghost Wind,Ambient Realms,"Massive Horror Ambience, Vol. 1",2018-10-11,5iduFb7Q6ETVV3WdDOwN9J,https://open.spotify.com/track/5iduFb7Q6ETVV3WdDOwN9J,suspenseful ominous eerie
Cryptic Ambiance,Profane Grace,Cast in the Mold of the Ancient,2006-11-13,7EczKyiR6Z6m9bqbuwcQ4z,https://open.spotify.com/track/7EczKyiR6Z6m9bqbuwcQ4z,suspenseful ominous eerie
Haunted Library Background Sounds,The Darker Star,Happy Halloween,2025-10-31,59AM3o3s4uaUnoARS2HBk0,https://open.spotify.com/track/59AM3o3s4uaUnoARS2HBk0,suspenseful ominous eerie
scary industrial music,Halloween Sounds Collective,Scary Graveyard Sounds,2023-02-07,0H64O5ANU8e78nr9Wh3tE8,https://open.spotify.com/track/0H64O5ANU8e78nr9Wh3tE8,suspenseful ominous eerie
Demonic Sounds from Hell,Haunting Ambience,Paranormal Ambience & Spooky Night Atmosphere,2025-09-12,51J2XfjRo1pcdMtLtkTuqN,https://open.spotify.com/track/51J2XfjRo1pcdMtLtkTuqN,suspenseful ominous eerie
Howling Wind: Haunted Forest pt. 5,Halloween Effects Horror Library,"Creepy Halloween Atmospheres: Scary Horror Ambient for Spooky Night (Haunted Forest, Graveyard, Catacombs)",2021-10-14,355C8xiNQQBcO6fZVo3aCt,https://open.spotify.com/track/355C8xiNQQBcO6fZVo3aCt,suspenseful ominous eerie
Scary Suspense Atmosphere Piano Song,Imuno,Spooky Piano,2021-09-29,1lbfPQh1Lcv7j7u8cod16e,https://open.spotify.com/track/1lbfPQh1Lcv7j7u8cod16e,suspenseful ominous eerie
The Stalker,Ambient Realms,"Massive Horror Ambience, Vol. 3",2022-04-23,75sxngGD8gJ1Ftn10vXycc,https://open.spotify.com/track/75sxngGD8gJ1Ftn10vXycc,suspenseful ominous eerie
Sparkling Ambient,Library Of The Human Soul,Christmas (Ambient Edition),2016-01-10,6hERuOFT9LH87JrX4fSaYL,https://open.spotify.com/track/6hERuOFT9LH87JrX4fSaYL,suspenseful ominous eerie
Dark Inns,Ambience Fantasy,RPG Bard Music - Rainy Fantasy Game Tavern OST,2019-06-25,6dSvC7fPSYBe07SP8cu0zw,https://open.spotify.com/track/6dSvC7fPSYBe07SP8cu0zw,suspenseful ominous eerie
Horror Background Music,Creepy Razy,"Spooky Halloween Music: Creepy, Dark, Scary Halloween Ambient Music",2020-10-02,3BbyV4Rt2EnjI3Ok9HPexR,https://open.spotify.com/track/3BbyV4Rt2EnjI3Ok9HPexR,suspenseful ominous eerie
Epic Dramatic Evil Music,Sexy Erotic Halloween,"Evil Music - Mysterious, Macabre Ambient",2019-06-11,4RZP0ZkwDCS0gmbQSrCmC6,https://open.spotify.com/track/4RZP0ZkwDCS0gmbQSrCmC6,suspenseful ominous eerie
Extra Terrestrial,Dynamic Music,Eerie Analogue Tension,2017-02-23,6YSHUw1Uv9iRNx1PEqlHhS,https://open.spotify.com/track/6YSHUw1Uv9iRNx1PEqlHhS,suspenseful ominous eerie
Inspiring Music,Ambience Fantasy,Instrumental Music for Reading Comics,2022-09-01,6Cbh4nIe0K9x9EIJSPkieZ,https://open.spotify.com/track/6Cbh4nIe0K9x9EIJSPkieZ,suspenseful ominous eerie
Crawling Insects,The Darker Star,"Dark Ambient Music - Nature Sounds, Creepy Soundscapes with Rain Background Sound",2015-10-22,0Lp2Z9lYZnnk56QztYfDzo,https://open.spotify.com/track/0Lp2Z9lYZnnk56QztYfDzo,suspenseful ominous eerie
Scary Ambiance,Blood Red Studio,"Sound Effects for Halloween Party: Chanting Church Creepy Choirs, High Tension Ambience",2019-09-09,1Sj4eXz6g6IFy4jGDQPHkZ,https://open.spotify.com/track/1Sj4eXz6g6IFy4jGDQPHkZ,suspenseful ominous eerie
Dark Chamber,Ambient Realms,"Massive Ambient Music, Vol. 8",2021-04-02,1Iskpms1aLIPnGdaA3XJHV,https://open.spotify.com/track/1Iskpms1aLIPnGdaA3XJHV,suspenseful ominous eerie
Music for Reading,Ambience Fantasy,Instrumental Music for Reading Comics,2022-09-01,1BFJCa7Txm7XaBOyW4Uaio,https://open.spotify.com/track/1BFJCa7Txm7XaBOyW4Uaio,suspenseful ominous eerie
Sad and Dramatic Music,Inside Your Soul,"Sad and Dramatic Music: Dark Ambient Collection, Synth Relaxation",2019-11-30,02SYCJRLrMB42KVhbGP56m,https://open.spotify.com/track/02SYCJRLrMB42KVhbGP56m,suspenseful ominous eerie
"Ambience, Fantasy - Mysterious Space Drone with High Pitched Shimmering, Sci Fi, Synth Fantasy Ambiences, Authentic Sound Effects",Sound Effects Library,Magical: Sound Effects,2012-05-15,3o3L2fEYxpgW3IcQoCHMOG,https://open.spotify.com/track/3o3L2fEYxpgW3IcQoCHMOG,suspenseful ominous eerie
Ambient Instrumental,Jazz Guitar Music Zone,"Jazz Music Relaxation – Easy Listening Smooth Jazz, After Work Relax, Ambient Instrumental Soft Jazz, Cool Modern Jazz",2017-04-04,5IVs7bFrvGa6lAdNlzbdcn,https://open.spotify.com/track/5IVs7bFrvGa6lAdNlzbdcn,suspenseful ominous eerie
Ambience: Horrible Nightmare,Sound Collective,98 Scary Sounds,2011-08-23,7Hva5nWur43X6unQkkPkvp,https://open.spotify.com/track/7Hva5nWur43X6unQkkPkvp,suspenseful ominous eerie
Creeping Crypts,Ambient Realms,"Massive Ambient Music, Vol. 8",2021-04-02,3IjjB2ruk3dP8BkMHzgH8J,https://open.spotify.com/track/3IjjB2ruk3dP8BkMHzgH8J,suspenseful ominous eerie
Suspense Music,Grim Reaper Players,98 Haunted Sounds - Halloween Horror,2008-04-08,3UTZKJsgJOXrdORznpwPlX,https://open.spotify.com/track/3UTZKJsgJOXrdORznpwPlX,suspenseful ominous eerie
In The Library,Ambience Fantasy,Instrumental Music for Reading Comics,2022-09-01,2S2l1KzILc3zRz6rZDMAPn,https://open.spotify.com/track/2S2l1KzILc3zRz6rZDMAPn,suspenseful ominous eerie
Halloween Ambient,Halloween Music,Halloween Chillout Music 2019,2019-10-29,2lAj03lhygKBtQyTi7rU6m,https://open.spotify.com/track/2lAj03lhygKBtQyTi7rU6m,suspenseful ominous eerie
"Ambience, Fantasy - Shimmering Synth Ambience in Eb Major, Music Fantasy Ambiences",Sound Effects Library,Magical: Sound Effects,2012-05-15,3zZVB89O0NdLRoXXdBt6LC,https://open.spotify.com/track/3zZVB89O0NdLRoXXdBt6LC,suspenseful ominous eerie
Helix Bell,Christophe Gorman,It's Closure We Crave,2012-05-04,10x31ul8TCwTP1cRcJ29iO,https://open.spotify.com/track/10x31ul8TCwTP1cRcJ29iO,suspenseful ominous eerie
Hollowed Crypt,Ambient Realms,"Massive Ambient Music, Vol. 4",2016-08-18,3wJnURLvSnzDsPPh8FNY5U,https://open.spotify.com/track/3wJnURLvSnzDsPPh8FNY5U,suspenseful ominous eerie
Halloween Background Music Spooky Scary Party Mix Movie Instrumental Creepy Atmosphere and Fear,Inspirational Vibes,"Halloween Background Music Spooky Scary Party Mix Movie Instrumental Dark Haunted Beats Cinematic Horror Vibes | Creepy Ambience, Eerie Soundtrack, Haunted House Atmosphere, Scary Halloween Playlist",2025-10-11,4nZY4jgPoTBvBu83oQdEBo,https://open.spotify.com/track/4nZY4jgPoTBvBu83oQdEBo,suspenseful ominous eerie
Orchestra Drama,Ambient Realms,"Massive Ambient Music, Vol. 2",2015-02-23,2UL3vdKVxSGOL03BAmNuWx,https://open.spotify.com/track/2UL3vdKVxSGOL03BAmNuWx,suspenseful ominous eerie
Dark Ambient Music,Halloween Tribe,Scary Monsters and Spooky Sounds - Horror Music and Creepy Effects for Your Halloween Party,2014-10-20,4d4nfr9DsvfDllly9Hzezv,https://open.spotify.com/track/4d4nfr9DsvfDllly9Hzezv,suspenseful ominous eerie
Lost Time,Ambient Realms,"Massive Horror Ambience, Vol. 1",2018-10-11,7Jv51zecCYl6qvgj2T5STY,https://open.spotify.com/track/7Jv51zecCYl6qvgj2T5STY,suspenseful ominous eerie
Dark Shadows,The Darker Star,"Dark Ambient: Dark Ambient Music, Atmosphere Music, Solitude and Melancholy",2012-09-03,0a4GDP8QtCHD3zP9FmtddS,https://open.spotify.com/track/0a4GDP8QtCHD3zP9FmtddS,suspenseful ominous eerie
Creepy Ambience,Spooky Halloween Music,Horror Ambience For Halloween,2024-10-06,7iXijrbYnwbJnyvatKJswL,https://open.spotify.com/track/7iXijrbYnwbJnyvatKJswL,suspenseful ominous eerie
"Ambience, Fantasy - Maelstrom, Heavy String Layers, Medium, Horror Fantasy Ambiences",Sound Effects Library,Magical: Sound Effects,2012-05-15,6jCMKoO29B8dKDFPWHo2xc,https://open.spotify.com/track/6jCMKoO29B8dKDFPWHo2xc,suspenseful ominous eerie
Dream Atmosphere Fantasy Ambience for Emptiness,Digiffects Sound Effects Library,Fantasy Sound Effects,2016-02-27,760WFJYMcnIpDZtGJ6sAxU,https://open.spotify.com/track/760WFJYMcnIpDZtGJ6sAxU,suspenseful ominous eerie
darkening sky,Edward Eclipse,"Evil Background Songs - Spooky Scary Music, Dark Ambient Horror Story Background",2017-10-13,4UKENHcxfWJ6MMd4bW4BBI,https://open.spotify.com/track/4UKENHcxfWJ6MMd4bW4BBI,suspenseful ominous eerie
Sleep Deeply,Edward Eclipse,"Evil Background Songs - Spooky Scary Music, Dark Ambient Horror Story Background",2017-10-13,2HGTsmTSjA1Cb1przTLMgl,https://open.spotify.com/track/2HGTsmTSjA1Cb1przTLMgl,suspenseful ominous eerie
Enchanted Spell,Spooky Music,Atmospheric Spooky Music,2024-12-09,1FDcH1QgfGwR6zL3qqajaa,https://open.spotify.com/track/1FDcH1QgfGwR6zL3qqajaa,suspenseful ominous eerie
Dark Fairy Tales,Ambience Mastery,Witch Magic Ambience,2022-12-09,4QYg1zyCpzMIhExLVxSTsb,https://open.spotify.com/track/4QYg1zyCpzMIhExLVxSTsb,suspenseful ominous eerie
"Ambience, Fantasy Dream Atmosphere, Uncertainty, Electronic, Fantasy Ambiences, Sound FX",Sound Effects Library,Magical: Sound Effects,2012-05-15,7pP9T0UDS8si36NjULNvrI,https://open.spotify.com/track/7pP9T0UDS8si36NjULNvrI,suspenseful ominous eerie
SciFi,Ambient Realms,"Massive Ambient SciFi Music, Vol. 1",2016-11-03,39YHy3iVPtM6hTxMu5NYKf,https://open.spotify.com/track/39YHy3iVPtM6hTxMu5NYKf,suspenseful ominous eerie
Whispers of the Witch,Officio Audiorum,Ambiences of the Far Future: Season V,2020-03-12,3BgbCGaq4X9O2KjoQQnDLw,https://open.spotify.com/track/3BgbCGaq4X9O2KjoQQnDLw,suspenseful ominous eerie
Halloween Mix,Creepy Razy,"Spooky Halloween Music: Creepy, Dark, Scary Halloween Ambient Music",2020-10-02,1LDq6S37gNRtYd6hGEllJr,https://open.spotify.com/track/1LDq6S37gNRtYd6hGEllJr,suspenseful ominous eerie
Atmosphere Soundscapes (Calming Piano Music),Sirens of Dreams,Royalty Free Music Movies & Videos Backgrounds,2012-07-23,7HOw4MtX1WxHcfG0a86r85,https://open.spotify.com/track/7HOw4MtX1WxHcfG0a86r85,suspenseful ominous eerie
Night Fog,Ambient Realms,"Massive Horror Ambience, Vol. 1",2018-10-11,1FyE0sV7hYnkURezMnaTHW,https://open.spotify.com/track/1FyE0sV7hYnkURezMnaTHW,suspenseful ominous eerie
Creep,Ghosts Behind,Halloween Ambience,2021-10-18,7gLUXU2SABHeQZe2uO2O12,https://open.spotify.com/track/7gLUXU2SABHeQZe2uO2O12,suspenseful ominous eerie
Eerie Soundscape Music Bed SFX,Scary Horror Soundscape Factory,"Horror Soundscapes, Haunted House Sound Effects",2011-04-21,5Ry8NpvnXgKLDEuHCDO8o7,https://open.spotify.com/track/5Ry8NpvnXgKLDEuHCDO8o7,suspenseful ominous eerie
Ominous Spirits,Hidden Gateways,Celestial Realms (Ambient),2022-12-16,1SJFM09GDVH6lLeMB5zTnQ,https://open.spotify.com/track/1SJFM09GDVH6lLeMB5zTnQ,suspenseful ominous eerie
"Eerie, Heavy Forest Background",Nature Sounds,180 Nature Sounds,2012-04-10,43u7051B40VDOZ4mj3TYNe,https://open.spotify.com/track/43u7051B40VDOZ4mj3TYNe,suspenseful ominous eerie
Dark Ambient Music,DJ Haunted,Halloween 2013 - Scary Background Music (Dark Soundtrack for Halloween Events and Scary Videos),2013-10-09,2NHBkB25F25z2J9zsnZmIX,https://open.spotify.com/track/2NHBkB25F25z2J9zsnZmIX,suspenseful ominous eerie
Suspense Cinematic Ambient,cleanmindsounds,Suspense Cinematic Ambient,2022-06-28,6Wz8vZoA0bMDHYgWPT95Ko,https://open.spotify.com/track/6Wz8vZoA0bMDHYgWPT95Ko,suspenseful ominous eerie
Suspense Ethnic,cleanmindsounds,Suspense Ethnic,2022-08-30,1jvYhy2Tto3Mq0jLgG3ErV,https://open.spotify.com/track/1jvYhy2Tto3Mq0jLgG3ErV,suspenseful ominous eerie
Restless Atmospheres,Edward Eclipse,"Evil Background Songs - Spooky Scary Music, Dark Ambient Horror Story Background",2017-10-13,1FklVYVqsAr9zwoUwr55Jm,https://open.spotify.com/track/1FklVYVqsAr9zwoUwr55Jm,suspenseful ominous eerie
Ghost Trails,Ambient Realms,"Massive Horror Ambience, Vol. 1",2018-10-11,2gaOhbzxGhFkBDgDRg7GdO,https://open.spotify.com/track/2gaOhbzxGhFkBDgDRg7GdO,suspenseful ominous eerie
Dread in the Dark Dark Ambient Horror Music - Haunting Soundscapes for Fearful Edits,DJ RIHAYEM,Dark Ambient Horror Music - Haunting Soundscapes for Fearful Edits,2024-09-11,4E4PFhWjw4FW61VdYvXodH,https://open.spotify.com/track/4E4PFhWjw4FW61VdYvXodH,suspenseful ominous eerie
"Ambience, Fantasy - Mysterious Space Drone with High Pitched Shimmering, Sci Fi, Synth Fantasy Ambiences",Sound Effects Library,Magical: Sound Effects,2012-05-15,1nEVx2jF2aCl9hokij9tnL,https://open.spotify.com/track/1nEVx2jF2aCl9hokij9tnL,suspenseful ominous eerie
Dark Places,Dark Ambient Creator,"Dark Ambient Drones for Relaxing, Dreaming, Chilling and Tripping, Vol. 1",2015-08-31,5vEWUXOzegtWUP0cBZxC9S,https://open.spotify.com/track/5vEWUXOzegtWUP0cBZxC9S,suspenseful ominous eerie
Evil Lurks,Terrifying Ambient Sounds,Terrifying Ambient Sounds,2024-10-12,7IuGI75LLI6iVsA0Lb9By1,https://open.spotify.com/track/7IuGI75LLI6iVsA0Lb9By1,suspenseful ominous eerie
Haunted Environments,Halloween FX Productions,Haunter Forest Ambient,2024-09-16,2h5yvyyAk1XratnzAPwzOP,https://open.spotify.com/track/2h5yvyyAk1XratnzAPwzOP,suspenseful ominous eerie
Dark Cinematic Background,cleanmindsounds,Dark Cinematic Background,2022-08-02,26SJX86tuZ6nAPjVW3B3VR,https://open.spotify.com/track/26SJX86tuZ6nAPjVW3B3VR,suspenseful ominous eerie
haunting melodies of dark shadows,Dark Ambiental Orchestra,haunting melodies of dark shadows,2023-05-05,1sDHfTWYEFLs9ZURC5rXP0,https://open.spotify.com/track/1sDHfTWYEFLs9ZURC5rXP0,suspenseful ominous eerie
Gruesome Footsteps Ambience,Scary Sounds,Haunted Paranormal Ambience of Torture,2025-10-24,00PXDcw2DYWrHuYYcjIf14,https://open.spotify.com/track/00PXDcw2DYWrHuYYcjIf14,suspenseful ominous eerie
Snowprint,Waterflame,Spooky Ambience,2022-10-28,5lXzWmRfbLQBmcQtwxNyGo,https://open.spotify.com/track/5lXzWmRfbLQBmcQtwxNyGo,suspenseful ominous eerie
Ambient Sounds,Jim Sieber,Best Background Music,2015-05-20,4MuEX4JAdPSbsY8K8DMAAg,https://open.spotify.com/track/4MuEX4JAdPSbsY8K8DMAAg,suspenseful ominous eerie
Horror Rain Ambience,dark grach,Horror Rain Ambience,2023-11-23,0QdQvz8Cz9t2LexUQe2W8J,https://open.spotify.com/track/0QdQvz8Cz9t2LexUQe2W8J,suspenseful ominous eerie
Circus by Night,Edward Eclipse,"Evil Background Songs - Spooky Scary Music, Dark Ambient Horror Story Background",2017-10-13,66lKdlSY0Ap76U5lvxrygJ,https://open.spotify.com/track/66lKdlSY0Ap76U5lvxrygJ,suspenseful ominous eerie
"Dark Room, Pt. 2",Dark Ambient Orchestra,"Dark Ambient, Vol. 1",2014-05-10,3WPbNstUKfcdsOHD1SMLo6,https://open.spotify.com/track/3WPbNstUKfcdsOHD1SMLo6,suspenseful ominous eerie
Crystal Cave,Ambient Realms,"Massive Ambient Music, Vol. 6",2020-03-17,4MwaifLY588oVG6ZkyoBQA,https://open.spotify.com/track/4MwaifLY588oVG6ZkyoBQA,suspenseful ominous eerie
Ambient - Instrumental Music,Meditation Relax Club,Slow Calming Music for Your Peace – Relaxing Sounds Background Music for Yoga,2017-09-28,7Ieu8yPmLyrMqpd1X3iuUm,https://open.spotify.com/track/7Ieu8yPmLyrMqpd1X3iuUm,suspenseful ominous eerie
Ambient Cinematic Atmosphere,cleanmindsounds,Ambient Cinematic Atmosphere,2022-11-30,6ucIacBrD3SiOr2pedEq0L,https://open.spotify.com/track/6ucIacBrD3SiOr2pedEq0L,suspenseful ominous eerie
Shades of Night,Ambient Realms,"Massive Horror Ambience, Vol. 1",2018-10-11,6dh1N9To0CPhNiZW5p89w5,https://open.spotify.com/track/6dh1N9To0CPhNiZW5p89w5,suspenseful ominous eerie
Somber Mood,Ambient Realms,"Massive Horror Ambience, Vol. 1",2018-10-11,1GFCC95QVXa80SGT5sulz3,https://open.spotify.com/track/1GFCC95QVXa80SGT5sulz3,suspenseful ominous eerie
Dark Ambient Resonance,ocean fx with piano,Embracing Dark Ambient,2023-07-27,5QmmK4HdY6XjDtw0JtMrho,https://open.spotify.com/track/5QmmK4HdY6XjDtw0JtMrho,suspenseful ominous eerie
Eerie Attic Atmosphere,Scary Sounds,Creepy Background Sound Effects,2025-09-26,3Ej6j4YDVVez5VsuufTbqF,https://open.spotify.com/track/3Ej6j4YDVVez5VsuufTbqF,suspenseful ominous eerie
Eerie Graveyard at Midnight,Solfeggio Healing Frequencies Relaxing Ambience,Spooky Halloween Dark Ambience Scary Horror Music,2024-08-16,2bqHfRxfkzLGtLKdDv1cX2,https://open.spotify.com/track/2bqHfRxfkzLGtLKdDv1cX2,suspenseful ominous eerie
Full Moon,Ambient Realms,"Massive Horror Ambience, Vol. 1",2018-10-11,29vpBJermmh0iPGrOuLfPX,https://open.spotify.com/track/29vpBJermmh0iPGrOuLfPX,suspenseful ominous eerie
Mystical Forest Ambience,Nature Sounds,180 Nature Sounds,2012-04-10,3mSLgh0wnz2uqjJieJisBM,https://open.spotify.com/track/3mSLgh0wnz2uqjJieJisBM,suspenseful ominous eerie
Dark Jungle,Ambient Realms,"Massive Horror Ambience, Vol. 1",2018-10-11,13Szgt90lIul0h5UH1M02o,https://open.spotify.com/track/13Szgt90lIul0h5UH1M02o,suspenseful ominous eerie
Whispers: Spooky Graveyard pt. 2,Halloween Effects Horror Library,"Creepy Halloween Atmospheres: Scary Horror Ambient for Spooky Night (Haunted Forest, Graveyard, Catacombs)",2021-10-14,5bxAnZkutWOgNWpDej5clk,https://open.spotify.com/track/5bxAnZkutWOgNWpDej5clk,suspenseful ominous eerie
Scanner,Ambient Realms,"Massive Ambient SciFi Music, Vol. Two",2018-02-05,6VrsFpL3a3SyOLS2EzZXGg,https://open.spotify.com/track/6VrsFpL3a3SyOLS2EzZXGg,suspenseful ominous eerie
Ominous Darkness,Ambient Realms,"Massive Ambient Music, Vol. 4",2016-08-18,5xCTS9BNEVLDWXgiswhaPu,https://open.spotify.com/track/5xCTS9BNEVLDWXgiswhaPu,suspenseful ominous eerie
Halloween Effects: Dark Scary Forest,Scary Halloween Night Ambient,"Halloween Effects Horror: Old Stairs, Sound of Monsters, Scary Steps, Dark Castle Theme, Old Swing, Church Bells, Swamp, Horror Music Collection, Halloween Theme Songs 2021",2021-09-28,6Y3pokVo40R6xHJHUI8fEo,https://open.spotify.com/track/6Y3pokVo40R6xHJHUI8fEo,suspenseful ominous eerie
Scary Ambience for Haunted Houses,This is Halloween,Halloween Background Music,2025-09-26,212Oijv3su4qwPP6KYYwYK,https://open.spotify.com/track/212Oijv3su4qwPP6KYYwYK,suspenseful ominous eerie
2 Am,Ambient Realms,"Massive Horror Ambience, Vol. 1",2018-10-11,4etNo5ZJ0DuwSunXGcIApO,https://open.spotify.com/track/4etNo5ZJ0DuwSunXGcIApO,suspenseful ominous eerie
The Dark Swamp,Ambient Realms,"Massive Ambient Music, Vol. 6",2020-03-17,52KYUAnvrf9utiRGR4dzJh,https://open.spotify.com/track/52KYUAnvrf9utiRGR4dzJh,suspenseful ominous eerie
Shadows of Space,Ambient Realms,"Massive Ambient SciFi Music, Vol. 1",2016-11-03,1bxBH77Cod6wVxeJ431X8p,https://open.spotify.com/track/1bxBH77Cod6wVxeJ431X8p,suspenseful ominous eerie
Mystic Cavern,Ambient Realms,"Massive Ambient Music, Vol.3",2016-01-14,5ddpX1N8A0xNkYYhu0PrqX,https://open.spotify.com/track/5ddpX1N8A0xNkYYhu0PrqX,suspenseful ominous eerie
Scary Horror Creepy Ambience Sound Effects,Power Ambient Music Therapy,50 Various Sound Effects & Meditation Ambiences,2016,2Co6yAROMVHpuSC8FwqWJn,https://open.spotify.com/track/2Co6yAROMVHpuSC8FwqWJn,suspenseful ominous eerie
The Haunted Crypt of the Vampire Queen,Ambience Mastery,A Haunted and Magical World (Dark Fairytale Music),2023-03-13,7uOLoYxTMDrieLJEQhJTHi,https://open.spotify.com/track/7uOLoYxTMDrieLJEQhJTHi,suspenseful ominous eerie
Dark Beautiful Ambience,Infinity Realm,Cyberscapes 1-10 (Cyberpunk Ambient),2022-10-10,1kn2ARGkRo4gFWbvBBwWGY,https://open.spotify.com/track/1kn2ARGkRo4gFWbvBBwWGY,suspenseful ominous eerie
Mystery Suspense Dark,cleanmindsounds,Mystery Suspense Dark,2022-01-24,5fTcMOmdscGujOsUGTuHjw,https://open.spotify.com/track/5fTcMOmdscGujOsUGTuHjw,suspenseful ominous eerie
Dark Swamp,Ambient Realms,"Massive Ambient Music, Vol. 8",2021-04-02,77vC9BkPET5B8tc4SfASxU,https://open.spotify.com/track/77vC9BkPET5B8tc4SfASxU,suspenseful ominous eerie
Darkness,Sexy Erotic Halloween,"Evil Music - Mysterious, Macabre Ambient",2019-06-11,2Sr9nIyKh9hk1d2bwQPaM5,https://open.spotify.com/track/2Sr9nIyKh9hk1d2bwQPaM5,suspenseful ominous eerie
Fear,Ambient Realms,"Massive Horror Ambience, Vol. 1",2018-10-11,7xFdmSGvGLEduq8K20IDnF,https://open.spotify.com/track/7xFdmSGvGLEduq8K20IDnF,suspenseful ominous eerie
"Eerie Noises, Horror FX & Spooky Ambience",Haunted House Background Noise,Halloween Atmosphere & Creepy Horror FX,2025-09-01,7ImOqgABLDigYRoSGbMcQq,https://open.spotify.com/track/7ImOqgABLDigYRoSGbMcQq,suspenseful ominous eerie
Dark Forest Nightmare Soundscape,Solfeggio Healing Frequencies Relaxing Ambience,Spooky Halloween Dark Ambience Scary Horror Music,2024-08-16,75wN2eJzC8ZEubwcVNe1dH,https://open.spotify.com/track/75wN2eJzC8ZEubwcVNe1dH,suspenseful ominous eerie
Sanctuary,Ambient Realms,"Massive Ambient Music, Vol. 10",2021-12-04,5O5bDyw2CSL6fr8ERXxWBE,https://open.spotify.com/track/5O5bDyw2CSL6fr8ERXxWBE,suspenseful ominous eerie
Macabre,Sexy Erotic Halloween,"Evil Music - Mysterious, Macabre Ambient",2019-06-11,4hkW8GT5uhg1954NtnXEoy,https://open.spotify.com/track/4hkW8GT5uhg1954NtnXEoy,suspenseful ominous eerie
Ambient Piano Soundscape,Allen Grey,Soundscape Collection,2020-12-09,7BbHs9LSiiODXcnQLVKZJ2,https://open.spotify.com/track/7BbHs9LSiiODXcnQLVKZJ2,suspenseful ominous eerie
The Haunting Hallows,Ambient Realms,"Massive Ambient Music, Vol. 14",2025-03-22,4M3dfnsR18zsnTGvAXzvng,https://open.spotify.com/track/4M3dfnsR18zsnTGvAXzvng,suspenseful ominous eerie
Ominous Clouds,Network Music Ensemble,Creepy Music for Halloween: 25 Scary Tunes for Haunted Houses and Spooky Parties,2011-03-24,10yXhcSto7XgJXkbVS9yca,https://open.spotify.com/track/10yXhcSto7XgJXkbVS9yca,suspenseful ominous eerie
Dark Industrial Cinematic,cleanmindsounds,Dark Industrial Cinematic,2022-10-29,2V7jzdnkNgHae8RZsDTTWX,https://open.spotify.com/track/2V7jzdnkNgHae8RZsDTTWX,suspenseful ominous eerie
Comedic Suspense,Chris Wormer,"Comedic Suspense, Vol 1",2016-11-17,0AgTxDAEVCZO6PRUw59vhS,https://open.spotify.com/track/0AgTxDAEVCZO6PRUw59vhS,suspenseful ominous eerie
Forbidden Forest,Ambient Realms,"Massive Ambient Music, Vol. 12",2023-04-07,0hvW6V0bnfUV94uFPS9oHI,https://open.spotify.com/track/0hvW6V0bnfUV94uFPS9oHI,suspenseful ominous eerie
Dark Ambience,Spooky Creepy Sound Effects,Terrifying Sound Effects For Halloween,2024-09-30,06VHyKe3AFhOOTn5nyXHtc,https://open.spotify.com/track/06VHyKe3AFhOOTn5nyXHtc,suspenseful ominous eerie
"Scary Atmosphere, Deep Sounds and Water Sounds - The Fog to Be Scared",Todster,"Scary Music - Spooky Music to Scare, Fear, Halloween Music, Horror Songs",2018-08-17,1vvIA6JeSrT8wUA0iPgqQl,https://open.spotify.com/track/1vvIA6JeSrT8wUA0iPgqQl,suspenseful ominous eerie
Scary Forest,Serge Quadrado,Dark Forest,2019-06-13,2Ezak9JlqRyPV08myn8ZBF,https://open.spotify.com/track/2Ezak9JlqRyPV08myn8ZBF,suspenseful ominous eerie
Mysteries of the Dark Enchanted Forest,Ambience Mastery,A Haunted and Magical World (Dark Fairytale Music),2023-03-13,0jq4P4uv9l7zGMRAcpNhUv,https://open.spotify.com/track/0jq4P4uv9l7zGMRAcpNhUv,suspenseful ominous eerie
Electro Ambient Instrumentals,Spiritual Meditation Vibes,"Healing Miracle Music & Angelic Meditation - Relaxation Music for Positive Energy, Chakra Balance, Pain Relief, Reiki",2017-09-27,5pTF6v4AnkhgywcS5mH9tC,https://open.spotify.com/track/5pTF6v4AnkhgywcS5mH9tC,suspenseful ominous eerie
Positive Energy,Ambience Fantasy,Instrumental Music for Reading Comics,2022-09-01,6VhTg5ETa5wUbX4QKAkOQa,https://open.spotify.com/track/6VhTg5ETa5wUbX4QKAkOQa,suspenseful ominous eerie
Haunting Whispers in Endless Night,Ambience Mastery,Macabre Nightmares Unraveled (Horror Music),2023-04-15,3roovN2mRzB8a9sESmMr0w,https://open.spotify.com/track/3roovN2mRzB8a9sESmMr0w,suspenseful ominous eerie
Ambient Dreams,The Deep Sleep Scientists,Dreamtime,2020-10-22,18GilYoGfF9LUeDruW1f83,https://open.spotify.com/track/18GilYoGfF9LUeDruW1f83,suspenseful ominous eerie
Horror Background Ambiene,Halloween All-Stars,Horror Ambient Sounds,2024-09-14,0sIO4cTFamKZFLPCP06RnJ,https://open.spotify.com/track/0sIO4cTFamKZFLPCP06RnJ,suspenseful ominous eerie
Rainy Day (Reading Music),Ambience Fantasy,Instrumental Music for Reading Comics,2022-09-01,0kmvW5pmRjgSpPM5jP4S37,https://open.spotify.com/track/0kmvW5pmRjgSpPM5jP4S37,suspenseful ominous eerie
Voices in the Dark Soundscape,Allen Grey,Soundscape Collection,2020-12-09,2AZsOOx72AZNDWiFjfIzfs,https://open.spotify.com/track/2AZsOOx72AZNDWiFjfIzfs,suspenseful ominous eerie
Eerie Soundscape,I Love Halloween,50 Tracks of Quality Halloween Sound Effects & Music,2012-10-24,6xKK7hA5zX5tO128JnAwJb,https://open.spotify.com/track/6xKK7hA5zX5tO128JnAwJb,suspenseful ominous eerie
Haunted Graveyard Atmosphere,Haunted House Background Noise,Creepy Haunted Background Ambience,2025-10-13,40rJakEp61JS0vFoOmFTeQ,https://open.spotify.com/track/40rJakEp61JS0vFoOmFTeQ,suspenseful ominous eerie
Dread Marshes,Ambient Realms,"Massive Ambient Music, Vol. 5",2019-01-01,3DFuL38U7QGLkpUbtzDC2j,https://open.spotify.com/track/3DFuL38U7QGLkpUbtzDC2j,suspenseful ominous eerie
Another Journey,Background Music Attention,"Gothic, Atmospheric, Dark Ambient",2020-01-13,37B8YVd949jsvT7gQj0IaQ,https://open.spotify.com/track/37B8YVd949jsvT7gQj0IaQ,suspenseful ominous eerie
LM-117,Marcus Fjellström,Library Music 1,2011-04-25,3YUkgH2DNdVfoHF3GGFL8G,https://open.spotify.com/track/3YUkgH2DNdVfoHF3GGFL8G,suspenseful ominous eerie
Cathedral Ambient,Chillout Experience Music Academy,Dark Calmness: Creepy Ambient Piano Music,2022-05-05,04N6YixTaPzUXHf4DKdLxp,https://open.spotify.com/track/04N6YixTaPzUXHf4DKdLxp,suspenseful ominous eerie
Suspense Music,Sound Collective,Sounds of Horror,2006-09-13,0KRX7QL8zKsbGEcoPi8W9Z,https://open.spotify.com/track/0KRX7QL8zKsbGEcoPi8W9Z,suspenseful ominous eerie
Ominous Ambience,Surreal Realm,Singles,2016-04-22,53NOVf4l6jJf7RmZB04dg5,https://open.spotify.com/track/53NOVf4l6jJf7RmZB04dg5,suspenseful ominous eerie
Scarey Atmospheres Chapter 1,David Fesliyan,Hide,2021-02-12,6LB9X1GkICKPmWBMIoEg6Y,https://open.spotify.com/track/6LB9X1GkICKPmWBMIoEg6Y,suspenseful ominous eerie
Where Is It?,Ambient Realms,"Massive Horror Ambience, Vol. 1",2018-10-11,3Klozg7JjlokS9Qd4tQmAl,https://open.spotify.com/track/3Klozg7JjlokS9Qd4tQmAl,suspenseful ominous eerie
Haunting ambient (DnD music),Dungeons & Dragons Ambience Zone,Forest encounter (DnD music),2025-07-21,34Y1CGDHZSfmTv60wCxVTg,https://open.spotify.com/track/34Y1CGDHZSfmTv60wCxVTg,suspenseful ominous eerie
Suspense Electronic Cinematic,cleanmindsounds,Suspense Electronic Cinematic,2022-01-24,4wbCDQVyq379YwvQrPzWdB,https://open.spotify.com/track/4wbCDQVyq379YwvQrPzWdB,suspenseful ominous eerie
Dark Soundscape,Allen Grey,Soundscape Collection,2020-12-09,3FPU0x4pqatUwieHPTB9bY,https://open.spotify.com/track/3FPU0x4pqatUwieHPTB9bY,suspenseful ominous eerie
"Halloween Spooky Ambience, Pt. I",Ambient Senses,Halloween Spooky Ambience (Gapless play),2022-10-26,4KKN1MEhtCzRLB41XOgCCN,https://open.spotify.com/track/4KKN1MEhtCzRLB41XOgCCN,suspenseful ominous eerie
An Eerie Secret Passage,Halloween Scene,Sounds of Horror & Suspense,2023-10-06,7trJnW773Iipfz3bzG6k6X,https://open.spotify.com/track/7trJnW773Iipfz3bzG6k6X,suspenseful ominous eerie
Eerie Drone Space Ambience Slow Shifting Hollow Synth,Sound Ideas,Space Drones Sound Effects,2018-03-27,7LMnar0spKGayUiUiRg7Kl,https://open.spotify.com/track/7LMnar0spKGayUiUiRg7Kl,suspenseful ominous eerie
Eerie Figure,Auditive Escape,The Conundrum,2014-01-05,6Hin2oXokHsvwSAP3x5IsM,https://open.spotify.com/track/6Hin2oXokHsvwSAP3x5IsM,suspenseful ominous eerie
Dark Halls Two,Ambient Realms,"Massive Ambient Music, Vol. 6",2020-03-17,3qlvrTlX8BdAkBM9ItFQOt,https://open.spotify.com/track/3qlvrTlX8BdAkBM9ItFQOt,suspenseful ominous eerie
Quiescent Ambience,Survival Spheres,Selection 1 (Save Room Ambience),2020-10-24,1JRj5jEPFBtTdTfnSNZ0S6,https://open.spotify.com/track/1JRj5jEPFBtTdTfnSNZ0S6,suspenseful ominous eerie
Dark Elf Chantress,Ambient Realms,"Massive Ambient Music, Vol.1",2015-03-16,7gCp3536xoiMFCkCeCwdCH,https://open.spotify.com/track/7gCp3536xoiMFCkCeCwdCH,suspenseful ominous eerie
Mystifying,Sounds M,Mystifying,2021-12-07,33KwQCZVjHMAzRDICUNTHt,https://open.spotify.com/track/33KwQCZVjHMAzRDICUNTHt,suspenseful ominous eerie
Specter Dark,Spooky Music,Atmospheric Spooky Music,2024-12-09,6dIWphVS0H6GKrbrM6V1SY,https://open.spotify.com/track/6dIWphVS0H6GKrbrM6V1SY,suspenseful ominous eerie
Next Victim,Ambient Realms,"Massive Horror Ambience, Vol. 1",2018-10-11,4fHhPqptYDo0NcOyG3TjKs,https://open.spotify.com/track/4fHhPqptYDo0NcOyG3TjKs,suspenseful ominous eerie
Atmospheric Horror Piano,Dreamnote Music,Atmospheric Horror Themes,2024-09-22,50IO0pHyhizRrZdBtoQS7b,https://open.spotify.com/track/50IO0pHyhizRrZdBtoQS7b,suspenseful ominous eerie
Flight Afraid,Spooky Music,Atmospheric Spooky Music,2024-12-09,5holjtkFLCRQpxgqvTzSDO,https://open.spotify.com/track/5holjtkFLCRQpxgqvTzSDO,suspenseful ominous eerie
Eerie Presence,Epic Fantasy Adventurers,Gruesome Discovery: Gothic Dark Ambient for Horror & Dark Fantasy RPG Sessions,2022-02-02,4PItQCeFsVMIqDSULIewEQ,https://open.spotify.com/track/4PItQCeFsVMIqDSULIewEQ,suspenseful ominous eerie
Night Calling,Ambient Realms,"Massive Horror Ambience Music, Vol. 2",2020-10-13,2cFUvoIddXY4BsM5GBrJ8b,https://open.spotify.com/track/2cFUvoIddXY4BsM5GBrJ8b,suspenseful ominous eerie
Night Rain Stalker,Ambient Realms,"Massive Horror Ambience, Vol. 1",2018-10-11,2dnOeWO02NzCmFa38Qnvez,https://open.spotify.com/track/2dnOeWO02NzCmFa38Qnvez,suspenseful ominous eerie
Mystery Cinematic Suspense,cleanmindsounds,Mystery Cinematic Suspense,2022-06-28,5mnK1MW7GT0wGlw1OBBHjC,https://open.spotify.com/track/5mnK1MW7GT0wGlw1OBBHjC,suspenseful ominous eerie
"A Dark Presence, Horror Ambient Sounds",Halloween Masters,"Halloween Sounds: Free Halloween Music, Ambient Background Music with Suspense",2016-10-17,2O8ZIs4iisakIev78SCW2B,https://open.spotify.com/track/2O8ZIs4iisakIev78SCW2B,suspenseful ominous eerie
Night Horror,Ambient Realms,"Massive Horror Ambience, Vol. 1",2018-10-11,2GaTWUZ6W0rQt1LDZlEbwG,https://open.spotify.com/track/2GaTWUZ6W0rQt1LDZlEbwG,suspenseful ominous eerie
Solitude (Dark Ambient Sounds with Binaural Waves),The Darker Star,"Dark Ambient: Dark Ambient Music, Atmosphere Music, Solitude and Melancholy",2012-09-03,2R6nlLsS57CVK04egQwI0l,https://open.spotify.com/track/2R6nlLsS57CVK04egQwI0l,suspenseful ominous eerie
Suspense Scenes,Sexy Erotic Halloween,"Evil Music - Mysterious, Macabre Ambient",2019-06-11,3n0Q4j8BCl47CKveTPUnDw,https://open.spotify.com/track/3n0Q4j8BCl47CKveTPUnDw,suspenseful ominous eerie
Ambient Ethnic Cinematic,cleanmindsounds,Ambient Ethnic Cinematic,2022-11-30,2kQygUJZmhZUgMzKnfmeXF,https://open.spotify.com/track/2kQygUJZmhZUgMzKnfmeXF,suspenseful ominous eerie
Dark Palace,Ambient Realms,"Massive Ambient SciFi Music, Vol. 1",2016-11-03,11Z8zYNx3dFyhCzE1gQHWh,https://open.spotify.com/track/11Z8zYNx3dFyhCzE1gQHWh,suspenseful ominous eerie
Haunted Clock Tower,Ambient Realms,"Massive Ambient Music, Vol. 5",2019-01-01,2u5rRcp53oRQRYM9UuRjKx,https://open.spotify.com/track/2u5rRcp53oRQRYM9UuRjKx,suspenseful ominous eerie
"Dark Room, Pt. 1",Dark Ambient Orchestra,"Dark Ambient, Vol. 1",2014-05-10,6pTG7HTcRfppBHzNiBDSU1,https://open.spotify.com/track/6pTG7HTcRfppBHzNiBDSU1,suspenseful ominous eerie
The Power of Nature,The Darker Star,"Dark Ambient: Dark Ambient Music, Atmosphere Music, Solitude and Melancholy",2012-09-03,0PucxtMPRSKbW7pV14NIzd,https://open.spotify.com/track/0PucxtMPRSKbW7pV14NIzd,suspenseful ominous eerie
Etherial Moonrise,Ambience Fantasy,Ambient Fantasy Soundscapes - Cosmic Music for Lucid Dreaming and Shifting,2024-01-10,4uuTWG9LD2rTMJcS61s83S,https://open.spotify.com/track/4uuTWG9LD2rTMJcS61s83S,suspenseful ominous eerie
Suspense Piano Cinematic,cleanmindsounds,Suspense Piano Cinematic,2022-03-03,7fPc9k6e8yRIt9YUFNDaVu,https://open.spotify.com/track/7fPc9k6e8yRIt9YUFNDaVu,suspenseful ominous eerie
Night Fears,Ambient Realms,"Massive Horror Ambience, Vol. 1",2018-10-11,5G7kEgIBUThuBVVXYMPjTX,https://open.spotify.com/track/5G7kEgIBUThuBVVXYMPjTX,suspenseful ominous eerie
Swirling Evil Ambience Sound Effect,Halloween Sounds,240 Halloween Sounds,2007-07-19,1XlyQUqjKdxxwHMHVUmVzc,https://open.spotify.com/track/1XlyQUqjKdxxwHMHVUmVzc,suspenseful ominous eerie
Chemical Plant,Ambient Realms,"Massive Horror Ambience, Vol. 1",2018-10-11,424N85cqTEjDezCjKLGMIP,https://open.spotify.com/track/424N85cqTEjDezCjKLGMIP,suspenseful ominous eerie
Dark Passages,Brian Estes,The Enigma,2022-09-09,1ikVe50qeyOCzj1GKY45jt,https://open.spotify.com/track/1ikVe50qeyOCzj1GKY45jt,suspenseful ominous eerie
Charm,Ambient Realms,"Massive Ambient Music, Vol.1",2015-03-16,1xUc1FM2ak86XG6Rtsfee1,https://open.spotify.com/track/1xUc1FM2ak86XG6Rtsfee1,suspenseful ominous eerie
Ambient Sad Piano,Eitan Epstein Music,Sad Emotions,2022-06-13,0MgHAx2VLwMrlI9M4V3ZSg,https://open.spotify.com/track/0MgHAx2VLwMrlI9M4V3ZSg,suspenseful ominous eerie
Forbidden Place,Ambient Realms,"Massive Horror Ambience, Vol. 3",2022-04-23,3S3gNf5zpueQZtCDtJehGX,https://open.spotify.com/track/3S3gNf5zpueQZtCDtJehGX,suspenseful ominous eerie
Noctural Ambience,Yves Relos,200 Strange Sound Effects,2011-07-29,7FeXDcOeJsPuyxeusM8unM,https://open.spotify.com/track/7FeXDcOeJsPuyxeusM8unM,suspenseful ominous eerie
Dark Mana,Ambient Realms,"Massive Horror Ambience, Vol. 3",2022-04-23,0bDXQZsrFz7ffVPOifUyty,https://open.spotify.com/track/0bDXQZsrFz7ffVPOifUyty,suspenseful ominous eerie
Suspense Cinematic Background,cleanmindsounds,Suspense Cinematic Background,2022-03-03,5YwzXnMplLnqPrtGrwpO99,https://open.spotify.com/track/5YwzXnMplLnqPrtGrwpO99,suspenseful ominous eerie
Read a Book,Ambience Fantasy,Instrumental Music for Reading Comics,2022-09-01,6MxEpP9HEsXdjA14zsBzzq,https://open.spotify.com/track/6MxEpP9HEsXdjA14zsBzzq,suspenseful ominous eerie
The Witching Hour,Ambient Realms,"Massive Ambient Music, Vol.3",2016-01-14,7fNHdpV4F5KEfwbo06058A,https://open.spotify.com/track/7fNHdpV4F5KEfwbo06058A,suspenseful ominous eerie
Chamber of Darkness,Ambient Realms,"Massive Ambient Music, Vol. 11",2022-09-01,6wRNsTObAPrgMJe67TIbAh,https://open.spotify.com/track/6wRNsTObAPrgMJe67TIbAh,suspenseful ominous eerie
"Ambience, Fantasy - Underwater Synth Ambience, Mysterious, Horror Fantasy Ambiences",Sound Effects Library,Magical: Sound Effects,2012-05-15,1pTVXPI78tDg2Ie3JS8q5R,https://open.spotify.com/track/1pTVXPI78tDg2Ie3JS8q5R,suspenseful ominous eerie
Gothic Emotional Suspense Riser,Allen Grey,Suspense & Mystery,2022-05-27,16bX8qnqkNganDWAYtI04a,https://open.spotify.com/track/16bX8qnqkNganDWAYtI04a,suspenseful ominous eerie
Scary,Parry Music,"Drama Moods, Vol. 6",2019-01-20,155pzFpvkXVib1VzztiV4r,https://open.spotify.com/track/155pzFpvkXVib1VzztiV4r,suspenseful ominous eerie
Creepy Piano Music – Dark Reading Background,Etrusco Music,Music for Reading Horror – Dark and Creepy Atmosphere,2025-10-25,2vWKV8WRvVvSNyocqStlJl,https://open.spotify.com/track/2vWKV8WRvVvSNyocqStlJl,suspenseful ominous eerie
Night Stalker,Ambient Realms,"Massive Horror Ambience, Vol. 1",2018-10-11,2YgRaJGa2EFkYOjYMAD3rS,https://open.spotify.com/track/2YgRaJGa2EFkYOjYMAD3rS,suspenseful ominous eerie
Dark Horror Ambience,Haunted House Background Noise,Halloween Atmosphere & Creepy Horror FX,2025-09-01,58nzvEt1vjqT6k8RkmCZNH,https://open.spotify.com/track/58nzvEt1vjqT6k8RkmCZNH,suspenseful ominous eerie
Rotting Cellar,Ambient Realms,"Massive Horror Ambience Music, Vol. 2",2020-10-13,6KZJxhxIzCwPezvjKCU9cv,https://open.spotify.com/track/6KZJxhxIzCwPezvjKCU9cv,suspenseful ominous eerie
Horror Movies Night,Sexy Erotic Halloween,"Evil Music - Mysterious, Macabre Ambient",2019-06-11,7GJinmq7a8T5cwDjdVdfr3,https://open.spotify.com/track/7GJinmq7a8T5cwDjdVdfr3,suspenseful ominous eerie
"Ambience, Fantasy - Synth Drone Featuring Voices in F# Major, Music Fantasy Ambiences",Sound Effects Library,Magical: Sound Effects,2012-05-15,15ovXy4LxQRLeRlHzTMUDR,https://open.spotify.com/track/15ovXy4LxQRLeRlHzTMUDR,suspenseful ominous eerie
Eerie Wind Tone Loop Atmosphere with Voices,Sound Effects Library,212 Halloween Sounds,2014-05-31,1NF1l1M0SklDbrkcGWigTV,https://open.spotify.com/track/1NF1l1M0SklDbrkcGWigTV,suspenseful ominous eerie
Fear Factor,Ambient Realms,"Massive Horror Ambience, Vol. 1",2018-10-11,1sMk2kYr8ylFdh3ic6sX0j,https://open.spotify.com/track/1sMk2kYr8ylFdh3ic6sX0j,suspenseful ominous eerie
Dark Bloodlines,Spooky Halloween Sounds,The Dark Court: Gothic Organ and Cello Music for Vampire Themed Halloween Night,2021-09-20,2lAI7lpLGIUGsqyogFPdnO,https://open.spotify.com/track/2lAI7lpLGIUGsqyogFPdnO,suspenseful ominous eerie
Electronic Dark Ambient,Eduard Perelyhin,Electronic Dark Ambient,2021-08-30,7h6KZqfNVzJgCXCZlswXhE,https://open.spotify.com/track/7h6KZqfNVzJgCXCZlswXhE,suspenseful ominous eerie
Haunted (Ambient),Bill McCarthy,"Epic Soundtracks, Vol. 3",2017-02-24,6tT1nTax1NUOhWZv0Ho7ib,https://open.spotify.com/track/6tT1nTax1NUOhWZv0Ho7ib,suspenseful ominous eerie
The Abandoned Mansion of Ghostly Secrets,Ambience Mastery,A Haunted and Magical World (Dark Fairytale Music),2023-03-13,6JZ0DGMtbm873eT0Td1mK6,https://open.spotify.com/track/6JZ0DGMtbm873eT0Td1mK6,suspenseful ominous eerie
Mystical Darkness,Ambient Realms,"Massive Horror Ambience, Vol. 3",2022-04-23,23hcNSDfW8l4N9x9G68l5a,https://open.spotify.com/track/23hcNSDfW8l4N9x9G68l5a,suspenseful ominous eerie
Organ and Choirs. Grim Atmosphere,Sounds Effects Wav Files Studio,Mystery Music. Terrifying Sounds for Scary Atmospheres,2014-01-21,2MQplKdlljaUMdwLP6oREX,https://open.spotify.com/track/2MQplKdlljaUMdwLP6oREX,suspenseful ominous eerie
Fearful Nightmares Dark Ambient Horror Theme - Perfect for Creating Suspenseful Edits,DJ RIHAYEM,Dark Ambient Horror Music - Haunting Soundscapes for Fearful Edits,2024-09-11,0JVBe99l1BHcYg4dSdAKoS,https://open.spotify.com/track/0JVBe99l1BHcYg4dSdAKoS,suspenseful ominous eerie
Shimmer in the Dark,Ambient Realms,"Massive Horror Ambience, Vol. 1",2018-10-11,2MgWi6lPvKd5MP8HohjxMi,https://open.spotify.com/track/2MgWi6lPvKd5MP8HohjxMi,suspenseful ominous eerie
Piano Dreams,Dark Ambient Creator,"Dark Ambient Drones for Relaxing, Dreaming, Chilling and Tripping, Vol. 1",2015-08-31,5g1MRVVIN7TM94jEjWsly3,https://open.spotify.com/track/5g1MRVVIN7TM94jEjWsly3,suspenseful ominous eerie
Dark Ambience 2,Hover,Haunted World,2000-01-01,2ROVkff3n2M4T2wvzUaKbj,https://open.spotify.com/track/2ROVkff3n2M4T2wvzUaKbj,suspenseful ominous eerie
Cinematic Night Ambience,Jazz Prohibition,"Noir Film Music: Detective Background Songs, Cinematic Vintage Jazzy Film Noir Moods",2023-02-24,1eheNSi0mHmxitZGNY93Mw,https://open.spotify.com/track/1eheNSi0mHmxitZGNY93Mw,suspenseful ominous eerie
Ambient Documentary Dramatic,cleanmindsounds,Ambient Documentary Dramatic,2023-02-28,164fUHVLbmBbl1Dm5L8nrW,https://open.spotify.com/track/164fUHVLbmBbl1Dm5L8nrW,suspenseful ominous eerie
Dark Alley,Ambient Realms,"Massive Ambient Music, Vol. 5",2019-01-01,2jVLutphssVm8sRnBHcUna,https://open.spotify.com/track/2jVLutphssVm8sRnBHcUna,suspenseful ominous eerie
Magic Ingredients,Spooky Music,Atmospheric Spooky Music,2024-12-09,4DJCTdLsvrwrjyPbrrkaOy,https://open.spotify.com/track/4DJCTdLsvrwrjyPbrrkaOy,suspenseful ominous eerie
Eerie Halloween,It's Instrumental,Spooky Halloween Music (Scary Instrumental Volume 1),2024-10-09,1PZ9RnkVel2NBiFgZtCmdO,https://open.spotify.com/track/1PZ9RnkVel2NBiFgZtCmdO,suspenseful ominous eerie
Ambient Documentary Piano Instrumental,BlueWhaleMusic,Documentary Piano,2022-01-31,2lncLUplL1t2Kh3brUoaeK,https://open.spotify.com/track/2lncLUplL1t2Kh3brUoaeK,suspenseful ominous eerie
Mansions of Madness,Ambient Realms,"Massive Horror Ambience, Vol. 1",2018-10-11,1AXWkU6J5T4qVXr5m6hrDK,https://open.spotify.com/track/1AXWkU6J5T4qVXr5m6hrDK,suspenseful ominous eerie
Flowing Blood,Edward Eclipse,"Evil Background Songs - Spooky Scary Music, Dark Ambient Horror Story Background",2017-10-13,5mxKqjhHx1kcz2Rm35xGYX,https://open.spotify.com/track/5mxKqjhHx1kcz2Rm35xGYX,suspenseful ominous eerie
Darkness Demonic,Spooky Music,Atmospheric Spooky Music,2024-12-09,2LEqqLpu7ylLfSlcEWx13k,https://open.spotify.com/track/2LEqqLpu7ylLfSlcEWx13k,suspenseful ominous eerie
Magical Cavern,Ambient Realms,"Massive Ambient Music, Vol. 11",2022-09-01,545qpN9wiGbg7s2JAAIuwj,https://open.spotify.com/track/545qpN9wiGbg7s2JAAIuwj,suspenseful ominous eerie
Cinematic Halloween Horror Instrumental Background Music Spooky Scary Party Mix Haunted Mansion Ambience,Inspirational Vibes,Cinematic Halloween Horror Instrumental Background Music Spooky Scary Party Mix Dark Haunted Beats Eerie Soundtrack Haunted House Playlist (Original Horror Soundtrack),2025-10-26,5zRfYvfAObhLJ5lHhPkVLo,https://open.spotify.com/track/5zRfYvfAObhLJ5lHhPkVLo,suspenseful ominous eerie
Eerie Whispering in the Dark,Terrifying Ambient Sounds,Terrifying Ambient Sounds Vol2,2024-10-31,6k4si0sqkH70i3IX6GOJSq,https://open.spotify.com/track/6k4si0sqkH70i3IX6GOJSq,suspenseful ominous eerie
Spooky,Instrumental Jazz Music Ambient,Ambient Jazz - Background Music for Relaxing and Chilling Out,2017-07-12,6EH2GQLv0b7NwAVAEC8hAC,https://open.spotify.com/track/6EH2GQLv0b7NwAVAEC8hAC,suspenseful ominous eerie
Dark Corner,Ambient Realms,"Massive Horror Ambience, Vol. 3",2022-04-23,6SJYTQ5tjd9xbdLWBUubem,https://open.spotify.com/track/6SJYTQ5tjd9xbdLWBUubem,suspenseful ominous eerie
Electronic Piano Ambience,Study Music Research,Upbeat Piano For Studying,2022-05-26,0VvckGnB7EZlFWvKLQVt4k,https://open.spotify.com/track/0VvckGnB7EZlFWvKLQVt4k,suspenseful ominous eerie
Mystic Chamber,Ambient Realms,"Massive Ambient Music, Vol.1",2015-03-16,44PIIBHomZNAPVPBZnUqvd,https://open.spotify.com/track/44PIIBHomZNAPVPBZnUqvd,suspenseful ominous eerie
Smoldering Sanctum,Prelude To A Nightmare,Carpe Noctem (Remastered 2021),2021-09-18,6htSLLTXg3pjXu8cyoodLq,https://open.spotify.com/track/6htSLLTXg3pjXu8cyoodLq,suspenseful ominous eerie
Nightmares,Sexy Erotic Halloween,"Evil Music - Mysterious, Macabre Ambient",2019-06-11,1MlvoktlzaeEzIeOpMqCbn,https://open.spotify.com/track/1MlvoktlzaeEzIeOpMqCbn,suspenseful ominous eerie
Dark Wilderness,Ambient Realms,"Massive Ambient Music, Vol. 10",2021-12-04,3KfAfoxB2bbWcddKqTRWbd,https://open.spotify.com/track/3KfAfoxB2bbWcddKqTRWbd,suspenseful ominous eerie
Creepy Basement Ambience,Spooky Halloween Sound Effects,Ghosts And Demons,2024-09-15,1XuJDts8CYLBN6bVVTadZZ,https://open.spotify.com/track/1XuJDts8CYLBN6bVVTadZZ,suspenseful ominous eerie
Dark Lounge,Ambient Chill Out Lounge,"Various Ambient: Chill Out Music, Background Beats",2019-07-01,1KTgNqmLY3ZM9vxNKVGzRL,https://open.spotify.com/track/1KTgNqmLY3ZM9vxNKVGzRL,suspenseful ominous eerie
Scarey Atmospheres Chapter 2,David Fesliyan,Hide,2021-02-12,2Cb7zRkRkx7Fzr4NQE9wFQ,https://open.spotify.com/track/2Cb7zRkRkx7Fzr4NQE9wFQ,suspenseful ominous eerie
Approaching the End,Ceiri Torjussen,Dark Atmospheric Tension,2019-04-16,0Fx0anXLSeFVAuTCJ7AD73,https://open.spotify.com/track/0Fx0anXLSeFVAuTCJ7AD73,suspenseful ominous eerie
Prey,Horror Music,Dark Ambience,2022-04-29,22uyLOuggBp3Z8y3aMlG5G,https://open.spotify.com/track/22uyLOuggBp3Z8y3aMlG5G,suspenseful ominous eerie
Scarey Atmospheres Chapter 3,David Fesliyan,Hide,2021-02-12,3H9xGKIvzvcE2cs3ZLka7y,https://open.spotify.com/track/3H9xGKIvzvcE2cs3ZLka7y,suspenseful ominous eerie
A Forgotten Manor House,Ambience Mastery,Gothic Vibes (Electronic Instrumentals),2022-01-15,6sKDQjlxEXsfwD0I419vBf,https://open.spotify.com/track/6sKDQjlxEXsfwD0I419vBf,suspenseful ominous eerie
Soothing Ambience,Doug Kilgore,Essential Ambience,2015-07-25,24PLemoZrQjDbt2124ck62,https://open.spotify.com/track/24PLemoZrQjDbt2124ck62,suspenseful ominous eerie
Forest of the Ents,Ambient Realms,"Massive Ambient Music, Vol. 4",2016-08-18,3H4FtbXFgWl7CgqlN7aI91,https://open.spotify.com/track/3H4FtbXFgWl7CgqlN7aI91,suspenseful ominous eerie
Ambience of the Dead,Halloween Sounds of Fear,Halloween Sound Effects,2014-10-27,6470jxhiGNV7Nqwt6DcFta,https://open.spotify.com/track/6470jxhiGNV7Nqwt6DcFta,suspenseful ominous eerie
Membrain,Immediate,Ritual,2018-07-09,0NLjchRwN001jgCxbsvUSX,https://open.spotify.com/track/0NLjchRwN001jgCxbsvUSX,suspenseful ominous eerie
Ambient Futuristic Science Fiction Alien Planet Atmosphere Sirius,Background Music Soundtrack,Ambient Soundscape - Alien Planet Theme,2020-12-18,5G00OOaZXoZP7GWA6OuytA,https://open.spotify.com/track/5G00OOaZXoZP7GWA6OuytA,suspenseful ominous eerie
Ambient Relaxation,Instrumental Sleeping Music,Quietly,2022-11-25,13jm9pze7Jrvoq5fvE0Oy5,https://open.spotify.com/track/13jm9pze7Jrvoq5fvE0Oy5,suspenseful ominous eerie
Dark Atmosphere,BGM Teacher,Horror Soundtrack for Media #1,2018-08-03,4HPCHdVofG1jUh7MUp3klS,https://open.spotify.com/track/4HPCHdVofG1jUh7MUp3klS,suspenseful ominous eerie
Forest of Darkness,Horror Music Collection,"Night in Haunted Forest: Creepy Halloween Music, Dark Ambient Horror Sound Effects",2021-09-28,2XcyBifYxxjJjbyOhTwqJd,https://open.spotify.com/track/2XcyBifYxxjJjbyOhTwqJd,suspenseful ominous eerie
Evil Laughter in the Shadows,Terrifying Ambient Sounds,Terrifying Ambient Sounds Vol2,2024-10-31,2BFWUbJ5HyyMDUDeQu8jRQ,https://open.spotify.com/track/2BFWUbJ5HyyMDUDeQu8jRQ,suspenseful ominous eerie
Atmosphere of Horror,Halloween Effects Horror Library,"Demonic Wolves Sounds: Halloween Scary Ambient Music, Haunted Forest by Night, Attack of the Werewolf",2021-10-14,3X9tOvyG7rLVHElTJ1vyz2,https://open.spotify.com/track/3X9tOvyG7rLVHElTJ1vyz2,suspenseful ominous eerie
Eerie Wind Tone Loop Atmosphere with Voices,Halloween and Sound Effects,This Is Halloween,2012-09-15,7mYECZF5iwGqsiC7wGPbgk,https://open.spotify.com/track/7mYECZF5iwGqsiC7wGPbgk,suspenseful ominous eerie
Scary Times,Instrumental Core,Night At The Library,2020-06-29,7dIVMu7QVeP8ca0bckihsA,https://open.spotify.com/track/7dIVMu7QVeP8ca0bckihsA,suspenseful ominous eerie
Omen,Horror Music,Dark Ambience,2022-04-29,3f9JNa3snDL7s5GXA6C4rL,https://open.spotify.com/track/3f9JNa3snDL7s5GXA6C4rL,suspenseful ominous eerie
The Only Witness,Ceiri Torjussen,Dark Atmospheric Tension,2019-04-16,2vzKz8yTdfX7NjN6i1sGNm,https://open.spotify.com/track/2vzKz8yTdfX7NjN6i1sGNm,suspenseful ominous eerie
Drama Ambient Piano,cleanmindsounds,Drama Ambient Piano,2022-10-29,0DQBq7b8kDHF0O3EPLxPcb,https://open.spotify.com/track/0DQBq7b8kDHF0O3EPLxPcb,suspenseful ominous eerie
Ancient Curse,Ambient Realms,"Massive Horror Ambience, Vol. 3",2022-04-23,3i6AzVGUdd85B5he08lBVx,https://open.spotify.com/track/3i6AzVGUdd85B5he08lBVx,suspenseful ominous eerie
Feaster's Lair,Sean Secca,GRIME Ambiances (Original Game Soundtrack),2021-09-28,5GkOsAEf1wxcfZqdylTEes,https://open.spotify.com/track/5GkOsAEf1wxcfZqdylTEes,suspenseful ominous eerie
Ambient Strings – Mystical and Ethereal October Background,Etrusco Music,Mystical October – Ethereal Ambient Soundscapes,2025-10-12,2bbd8faGDG2BhbkP0pdeKE,https://open.spotify.com/track/2bbd8faGDG2BhbkP0pdeKE,suspenseful ominous eerie
Forest at Midnight,The Darker Star,"Dark Ambient Music - Nature Sounds, Creepy Soundscapes with Rain Background Sound",2015-10-22,3MGBOBUs0I57DsnPppHriq,https://open.spotify.com/track/3MGBOBUs0I57DsnPppHriq,suspenseful ominous eerie
Prophecy,Dark Fantasy Studio,Paranormal evening,2022-10-31,0r1zR5QRIOSg6hCvORZAbA,https://open.spotify.com/track/0r1zR5QRIOSg6hCvORZAbA,suspenseful ominous eerie
Mystic Halls,Ambient Realms,"Massive Ambient Music, Vol. 4",2016-08-18,1GvqaP0Dm8dUYGxQCdW2bY,https://open.spotify.com/track/1GvqaP0Dm8dUYGxQCdW2bY,suspenseful ominous eerie
Melodies of Horror,Scary Halloween Music,Abandoned Church: Halloween Organ Music with Rain and Thunderstorm,2021-10-14,62HHywCfkH15cXvcsrLK4b,https://open.spotify.com/track/62HHywCfkH15cXvcsrLK4b,suspenseful ominous eerie
Atmosphères,György Ligeti,Scary Classical Music,2020-10-30,4UUHagqKb7NRJTDH2Bo5H1,https://open.spotify.com/track/4UUHagqKb7NRJTDH2Bo5H1,suspenseful ominous eerie
Terror from the Underworld - Horror Movie Music,The Darker Star,"Dark Ambient Music - Nature Sounds, Creepy Soundscapes with Rain Background Sound",2015-10-22,5OL0ZIyP7sKR0Se9MARJCD,https://open.spotify.com/track/5OL0ZIyP7sKR0Se9MARJCD,suspenseful ominous eerie
Grim Requiem Dark Ambient Horror Sound - Haunting Music for Dark Content Creation,DJ RIHAYEM,Dark Ambient Horror Music - Haunting Soundscapes for Fearful Edits,2024-09-11,27FBGyn7if3XXicGtLQy8V,https://open.spotify.com/track/27FBGyn7if3XXicGtLQy8V,suspenseful ominous eerie
Scary Ambient Music,Halloween Kids,Spooky Music for Halloween,2017-10-31,4uEbMxYvk2n0RcMZaPzeK8,https://open.spotify.com/track/4uEbMxYvk2n0RcMZaPzeK8,suspenseful ominous eerie
Horrifying Experience,Scary Halloween Night Ambient,"Haunted Toy Store: Creepy Old Piano, Scary Music Box, Nightmarish Toymaker, Spooky Halloween Ambience",2023-08-21,3XvEcZPkZUuyUqUB0z4yJw,https://open.spotify.com/track/3XvEcZPkZUuyUqUB0z4yJw,suspenseful ominous eerie
Cinematic Suspense Background,cleanmindsounds,Cinematic Suspense Background,2022-06-28,4gkLK3UDolKmzLCTFrHJxi,https://open.spotify.com/track/4gkLK3UDolKmzLCTFrHJxi,suspenseful ominous eerie
Dark Ambient Music,Halloween All-Stars,"Halloween Party Music - Halloween Music for Kids, Scary Sound Effects, Scary Music, Creepy Sounds",2017-10-13,2Oeqz6MXknZNzDkALnbXu2,https://open.spotify.com/track/2Oeqz6MXknZNzDkALnbXu2,suspenseful ominous eerie
Erie Crypt,Ambient Realms,"Massive Ambient Music, Vol.3",2016-01-14,3RNzldOX8fg4DY9o80LJy9,https://open.spotify.com/track/3RNzldOX8fg4DY9o80LJy9,suspenseful ominous eerie
Darkness,Ambient Realms,"Massive Horror Ambience, Vol. 1",2018-10-11,0upYB5tcVhimAT4uWJDNGM,https://open.spotify.com/track/0upYB5tcVhimAT4uWJDNGM,suspenseful ominous eerie
Stalker,Ambient Realms,"Massive Horror Ambience, Vol. 1",2018-10-11,0bKDz3zAM4OlJQfqdBmfpJ,https://open.spotify.com/track/0bKDz3zAM4OlJQfqdBmfpJ,suspenseful ominous eerie
Mystical Whispers of the Universe,Ambience Fantasy,Ambient Fantasy Soundscapes - Cosmic Music for Lucid Dreaming and Shifting,2024-01-10,3CyWeVVM1BbGLlKNrADEUC,https://open.spotify.com/track/3CyWeVVM1BbGLlKNrADEUC,suspenseful ominous eerie
Thrilling Ambient Sounds,Scary Halloween Noise,Terror Background Ambience,2024-09-14,1NcIp2m3htCCtFfrLMsxPj,https://open.spotify.com/track/1NcIp2m3htCCtFfrLMsxPj,suspenseful ominous eerie
"Ambience, Fantasy - Underwater Synth Ambience, Mysterious, Horror Fantasy Ambiences, Sound FX",Sound Effects Library,Magical: Sound Effects,2012-05-15,2IsjTSFWBNcJVI019ZzZYS,https://open.spotify.com/track/2IsjTSFWBNcJVI019ZzZYS,suspenseful ominous eerie
The Haunted Keep,Ambient Realms,"Massive Ambient Music, Vol. 4",2016-08-18,6Kv9FVJgcz6UUoUia4Hsqt,https://open.spotify.com/track/6Kv9FVJgcz6UUoUia4Hsqt,suspenseful ominous eerie
Witchcraft Mysteries,Ambience Mastery,Witch Magic Ambience,2022-12-09,7GslaK57hYbvjV6Uo8lKcQ,https://open.spotify.com/track/7GslaK57hYbvjV6Uo8lKcQ,suspenseful ominous eerie
The Depths,Brian Estes,The Depths,2020-11-22,3p8SSpNWT68gVkj19kVtyA,https://open.spotify.com/track/3p8SSpNWT68gVkj19kVtyA,suspenseful ominous eerie
"Mysterious, Mystical Music, Instrumental, Pt. 1",Farino,"Meditative, Spherical Music, Harmony of the Spheres for Meditation or Relaxation (Mysterious, Mystical Music, Instrumental)",2015-01-27,2NvVQONLamXpzXAAPoOLdj,https://open.spotify.com/track/2NvVQONLamXpzXAAPoOLdj,suspenseful ominous eerie
Approaching Danger,The Darker Star,"Dark Ambient Music - Nature Sounds, Creepy Soundscapes with Rain Background Sound",2015-10-22,4iAH1jKvNSpwTpIC4MpdOW,https://open.spotify.com/track/4iAH1jKvNSpwTpIC4MpdOW,suspenseful ominous eerie
Invocation,Ambient Realms,"Massive Ambient Music, Vol.1",2015-03-16,5qMfaEZuDNifaLfiRjXyIF,https://open.spotify.com/track/5qMfaEZuDNifaLfiRjXyIF,suspenseful ominous eerie
"Ambience, Fantasy - Synth Drone Featuring Voices in Atonal, Music Fantasy Ambiences, Blockbuster Sound Effects",Sound Effects Library,Magical: Sound Effects,2012-05-15,2IdM6G8eljajmz8kdhJtS6,https://open.spotify.com/track/2IdM6G8eljajmz8kdhJtS6,suspenseful ominous eerie
Haunted Subway,Ambient Realms,"Massive Horror Ambience, Vol. 1",2018-10-11,0zm5GiXmcoqEk7zpuKvUEW,https://open.spotify.com/track/0zm5GiXmcoqEk7zpuKvUEW,suspenseful ominous eerie
Date Night,Sexy Erotic Halloween,"Evil Music - Mysterious, Macabre Ambient",2019-06-11,429KrTPT9W8o61JENb7rHM,https://open.spotify.com/track/429KrTPT9W8o61JENb7rHM,suspenseful ominous eerie
"Ambience, Fantasy - Tonal Synth Ambience in a Minor, Music Fantasy Ambiences",Sound Effects Library,Magical: Sound Effects,2012-05-15,3mxPh0qryPRh9TCxqyYPDW,https://open.spotify.com/track/3mxPh0qryPRh9TCxqyYPDW,suspenseful ominous eerie
Screams from Beyond the Grave,Terrifying Ambient Sounds,Terrifying Ambient Sounds Vol2,2024-10-31,6vXoqbZYcSQO5mV6bedlwS,https://open.spotify.com/track/6vXoqbZYcSQO5mV6bedlwS,suspenseful ominous eerie
Dark Ambient,BrightNotesSounds,Ambient Stories,2023-11-11,33j0s11vZrcwuznBT6ZS5W,https://open.spotify.com/track/33j0s11vZrcwuznBT6ZS5W,suspenseful ominous eerie
Horror Ambience - Virtual Soundscape,Soundscapes Fabrizio,Horror Ambience - Virtual Soundscape,2024-05-25,2BrLk0UX3KYMRLR7NUVGBR,https://open.spotify.com/track/2BrLk0UX3KYMRLR7NUVGBR,suspenseful ominous eerie
Horror Film Background Ambience 1,Soundsmack,Horror Film Sound Effects and Atmospheres,2014-08-16,0AXDJSen90YKWQNAdc3EQB,https://open.spotify.com/track/0AXDJSen90YKWQNAdc3EQB,suspenseful ominous eerie
Epic Dramatic Background,cleanmindsounds,Epic Dramatic Background,2022-10-29,2y7E32nQiHnF6QU1FyzB3l,https://open.spotify.com/track/2y7E32nQiHnF6QU1FyzB3l,suspenseful ominous eerie
Suspenseful Accordian,Om-Official,"Halloween, Those Five Tracks",2021-10-03,4OQjCV3dFuHRlipenfOz9T,https://open.spotify.com/track/4OQjCV3dFuHRlipenfOz9T,suspenseful ominous eerie
Creepy Undertones,Terrifying Ambient Sounds,Terrifying Ambient Sounds,2024-10-12,2dRAkVLjrYm6GDs0SlS5Ne,https://open.spotify.com/track/2dRAkVLjrYm6GDs0SlS5Ne,suspenseful ominous eerie
Scary Creepy Horror Piano Background,Sound Gallery by Dmitry Taras,Scary Creepy Horror Piano Background,2022-03-14,2QM4rVW4sykmSNwV8FekwJ,https://open.spotify.com/track/2QM4rVW4sykmSNwV8FekwJ,suspenseful ominous eerie
Dark Church Ambience,Dark Authority,Dark Church Ambience: Music Materials for Silent Worship,2019-11-14,2f7fSmllYk31S9eVCFjiKu,https://open.spotify.com/track/2f7fSmllYk31S9eVCFjiKu,suspenseful ominous eerie
Spooky Attic Ambience,Menacing Noises,Horror Movie Ambient Noises,2024-10-13,5Ezl52Jg6ptdTqdUQoX8Ub,https://open.spotify.com/track/5Ezl52Jg6ptdTqdUQoX8Ub,suspenseful ominous eerie
Industrial Experiments,Blank Library,Industrial Ambience and Horror,2023-03-29,08S4iM9i8Gg7h0jC1lAbvo,https://open.spotify.com/track/08S4iM9i8Gg7h0jC1lAbvo,suspenseful ominous eerie
Prowler,Ambient Realms,"Massive Horror Ambience, Vol. 3",2022-04-23,0XK4Ee54umfw8s57hsqXIW,https://open.spotify.com/track/0XK4Ee54umfw8s57hsqXIW,suspenseful ominous eerie
Soulful Music That Will Survive,Scary Halloween Night Ambient,"Scary Night with Mysterious Fog & Sounds (Halloween 2017, Spooky & Terrifying Atmosphere, Music with Creepy Sounds, Real Nightmare)",2017-09-28,3jQL4DBsovmfdKLG68h9Dc,https://open.spotify.com/track/3jQL4DBsovmfdKLG68h9Dc,suspenseful ominous eerie
The Mystic Crypt,Ambient Realms,"Massive Ambient Music, Vol. 6",2020-03-17,4BbIp1E19EhDTKv1PldNbc,https://open.spotify.com/track/4BbIp1E19EhDTKv1PldNbc,suspenseful ominous eerie
Puzzles (Background Music),Fearless Motivation Instrumentals,Puzzles (Background Music),2020-01-22,0bmUNJQSAeL7w82DsgKgJ1,https://open.spotify.com/track/0bmUNJQSAeL7w82DsgKgJ1,suspenseful ominous eerie
Passage 1,Theme,Passages,2017-10-06,39LaFe4xmIjZbno6k09R69,https://open.spotify.com/track/39LaFe4xmIjZbno6k09R69,suspenseful ominous eerie
Eerie Wind,Audio Environments & Co.,Greatest Sound Effects,2007-09-25,69JATo2bnMAMCtPt5EnEGW,https://open.spotify.com/track/69JATo2bnMAMCtPt5EnEGW,suspenseful ominous eerie
Creepy,Drone Attacks,Drones and Beds,2015-05-29,39I4np3WahZXmUDUIfSlOB,https://open.spotify.com/track/39I4np3WahZXmUDUIfSlOB,suspenseful ominous eerie
Forest Night,Ambient Realms,"Massive Ambient Music, Vol. 4",2016-08-18,1TaTZWRHLIHt59Axa2JGd9,https://open.spotify.com/track/1TaTZWRHLIHt59Axa2JGd9,suspenseful ominous eerie
"Ambience, Fantasy - Space Ambience, Layered Metallic Tones, Sci Fi Fantasy Ambiences, Dr. Sound Effects",Sound Effects Library,Magical: Sound Effects,2012-05-15,5LXul82rmldiaKhxzqOWdq,https://open.spotify.com/track/5LXul82rmldiaKhxzqOWdq,suspenseful ominous eerie
Eerie Silence in the Manor House,Ambience Mastery,A Haunted and Magical World (Dark Fairytale Music),2023-03-13,0114F9ukDa2e7U1Se5Aq7W,https://open.spotify.com/track/0114F9ukDa2e7U1Se5Aq7W,suspenseful ominous eerie
Horror Ambient,Eduard Perelyhin,Horror Ambient,2022-04-25,6uzxE1CQnN8ZU5vmGczZw6,https://open.spotify.com/track/6uzxE1CQnN8ZU5vmGczZw6,suspenseful ominous eerie
Ominous Wind,Terrifying Ambient Sounds,Terrifying Ambient Sounds Vol2,2024-10-31,2CfZ3bNlGeQAGkTAlRRJXk,https://open.spotify.com/track/2CfZ3bNlGeQAGkTAlRRJXk,suspenseful ominous eerie
Ominous Ambient Cinematic Music,Film Studio Music,Cinematic Ambient Background Music For Films Movies & Other Productions,2023-07-06,4AS7nV4PyetNVaBSkwJb6k,https://open.spotify.com/track/4AS7nV4PyetNVaBSkwJb6k,suspenseful ominous eerie
Halloween Cemetery Ambience,Terrifying Ambient Sounds,Terrifying Ambient Sounds Vol2,2024-10-31,1ust1RhlN7PJClcisvZuzo,https://open.spotify.com/track/1ust1RhlN7PJClcisvZuzo,suspenseful ominous eerie
Cinematic Atmosphere,Stephen Daniel Lemaire,Scandinavian Noir - Soundtrack Music for Nordic Crime Drama and Fiction,2014-04-01,1sHgNOKsE48hHIMlrLF2rn,https://open.spotify.com/track/1sHgNOKsE48hHIMlrLF2rn,suspenseful ominous eerie
Suspenseful Steps,Eitan Epstein Music,"Cinematic Piano Suspense, Vol. 1",2022-07-11,4KI6T0e8AHSTjava6D32Ex,https://open.spotify.com/track/4KI6T0e8AHSTjava6D32Ex,suspenseful ominous eerie
Fantastic Ambience for Refreshing Positivity,Reading Background Music Playlist,Scenic Soundscape Symphony,2023-10-26,4mjSRnRGiixoh2WZvHqO2n,https://open.spotify.com/track/4mjSRnRGiixoh2WZvHqO2n,suspenseful ominous eerie
Scary Beat,Alan Fillip,Dramatic Dronescapes,2016-10-15,0A7mjmV8RHSGJvOqNceUfc,https://open.spotify.com/track/0A7mjmV8RHSGJvOqNceUfc,suspenseful ominous eerie
Gothic Chapel,Horror Music Orchestra,"Gothic Halloween Music: Creepy Cathedral Ambience, Tense Medieval Songs with Gregorian Choir & Haunted Ghost Howling",2019-08-23,3y2wGTwn2O4frMtkGQoC4r,https://open.spotify.com/track/3y2wGTwn2O4frMtkGQoC4r,suspenseful ominous eerie
Halloween Ambience,Scary Music Orchestra,"Horror Show: High Tension Halloween Ambience, Chilling Music for Scaring",2019-09-04,2PJBmG1hkBheMwuOgZPFJZ,https://open.spotify.com/track/2PJBmG1hkBheMwuOgZPFJZ,suspenseful ominous eerie
Atmosphere - Sad Piano Music,Naoya Sakamata,Atmosphere (Sad Piano Music),2016-09-19,62Idx8sGwEOtvzt8lfswN0,https://open.spotify.com/track/62Idx8sGwEOtvzt8lfswN0,suspenseful ominous eerie
Dreamy Ambient,Binaural Beats,Turn Your Dreams and Wisdom into Reality,2019-11-09,1jxPAn64WkQ0JsdRbTbb9r,https://open.spotify.com/track/1jxPAn64WkQ0JsdRbTbb9r,suspenseful ominous eerie
Sneaky Background Music,Background Music for Videos,Background Music for Videos,2021-07-30,3eVRMY9tP71qMicMJsEEQ3,https://open.spotify.com/track/3eVRMY9tP71qMicMJsEEQ3,suspenseful ominous eerie
"Vampire Vault, Pt. 1",Ambient Realms,"Massive Ambient Music, Vol. 2",2015-02-23,675zVHD5R64cnmxCEyVxg8,https://open.spotify.com/track/675zVHD5R64cnmxCEyVxg8,suspenseful ominous eerie
The Explorer,Horror Soundscapes,Cosmic Voyage,2022-09-02,0eAXssL69n2n2EyycMbsau,https://open.spotify.com/track/0eAXssL69n2n2EyycMbsau,suspenseful ominous eerie
Chains of the Damned Rattling,Terrifying Ambient Sounds,Terrifying Ambient Sounds Vol2,2024-10-31,2UkX0t4FW07GlonRqTTtAb,https://open.spotify.com/track/2UkX0t4FW07GlonRqTTtAb,suspenseful ominous eerie
Menacing Zombie Background,Haunting Ambience,Paranormal Voices & Creepy Haunted FX,2025-10-13,37854ZWBEKH2RoeWQ3lpbE,https://open.spotify.com/track/37854ZWBEKH2RoeWQ3lpbE,suspenseful ominous eerie
Dream Atmosphere Fantasy Ambience for Pleasant Feeling,Digiffects Sound Effects Library,Fantasy Sound Effects,2016-02-27,3LCGk8BfXf3WC0Sukc0dpn,https://open.spotify.com/track/3LCGk8BfXf3WC0Sukc0dpn,suspenseful ominous eerie
"Ambience, Fantasy - Descending Noise Gliss, Heavy Synth Layers Fantasy Ambiences, FX",Sound Effects Library,Magical: Sound Effects,2012-05-15,33W6gfPa5DloKJljjthdIX,https://open.spotify.com/track/33W6gfPa5DloKJljjthdIX,suspenseful ominous eerie
Ambient Technology Electronic,cleanmindsounds,Ambient Technology Electronic,2022-06-28,4NH4ykCwzD1evZmWyiPQiN,https://open.spotify.com/track/4NH4ykCwzD1evZmWyiPQiN,suspenseful ominous eerie
Calm Ambient,AndrisMusic,Relaxation Albums,2021-02-24,0oSt1oqymE4bGXSlKAoaAK,https://open.spotify.com/track/0oSt1oqymE4bGXSlKAoaAK,suspenseful ominous eerie
Eerie Wind Tone Loop Atmosphere,Halloween and Sound Effects,This Is Halloween,2012-09-15,7begqmyNIzhxL7iUTz8l4o,https://open.spotify.com/track/7begqmyNIzhxL7iUTz8l4o,suspenseful ominous eerie
Inspirational Ambient,AShamaluevMusic,Inspirational Ambient,2019-09-30,34JnRqjUHjo1EPWWObtPz9,https://open.spotify.com/track/34JnRqjUHjo1EPWWObtPz9,suspenseful ominous eerie
Dripping Blood in the Silence,Terrifying Ambient Sounds,Terrifying Ambient Sounds Vol2,2024-10-31,0ig6CrdPzUNpAe55NYGBp6,https://open.spotify.com/track/0ig6CrdPzUNpAe55NYGBp6,suspenseful ominous eerie
Soothing Ambience,Spiritloom,Chilled Illusion Dreamscape,2016-12-29,5VHbfEny06WWDQz8kuLYQG,https://open.spotify.com/track/5VHbfEny06WWDQz8kuLYQG,suspenseful ominous eerie
The Slasher,Ambient Realms,"Massive Horror Ambience, Vol. 3",2022-04-23,5CDE5NnQ7o6nzjWSH61O7l,https://open.spotify.com/track/5CDE5NnQ7o6nzjWSH61O7l,suspenseful ominous eerie
Haunting Cello Music – Horror Reading Background,Etrusco Music,Music for Reading Horror – Dark and Creepy Atmosphere,2025-10-25,4QXuX7wzdKji8fTsfyaiud,https://open.spotify.com/track/4QXuX7wzdKji8fTsfyaiud,suspenseful ominous eerie
Mysterious Layered Halloween Ambience,Halloween and Sound Effects,This Is Halloween,2012-09-15,3eaypuAOcNOUngvqQqJo7g,https://open.spotify.com/track/3eaypuAOcNOUngvqQqJo7g,suspenseful ominous eerie
Organ and Choirs. Dismal Environment,Sounds Effects Wav Files Studio,Mystery Music. Terrifying Sounds for Scary Atmospheres,2014-01-21,1wD9fLNgFxNNVcXxmWsZ85,https://open.spotify.com/track/1wD9fLNgFxNNVcXxmWsZ85,suspenseful ominous eerie
Eerie Heartbeat Loop Atmosphere,Halloween and Sound Effects,This Is Halloween,2012-09-15,1ChrLBwjv417O2USxiiyQZ,https://open.spotify.com/track/1ChrLBwjv417O2USxiiyQZ,suspenseful ominous eerie
Ambient Tech Warm,AndrisMusic,Relaxation Albums,2021-02-24,591J7jQ8TfTSOrA4djIeDr,https://open.spotify.com/track/591J7jQ8TfTSOrA4djIeDr,suspenseful ominous eerie
Decadent Ambient,Wasted Cathedral,Retreat Into Fantasy Soundtracks,2022-10-21,1ygtIXtbIBIWchwCMQCHYV,https://open.spotify.com/track/1ygtIXtbIBIWchwCMQCHYV,suspenseful ominous eerie
A Mysterious Painting,Ambience Mastery,A Victorian Atmosphere (Piano Instrumentals),2022-01-16,17PSupgpy4vskiQKlyZjD1,https://open.spotify.com/track/17PSupgpy4vskiQKlyZjD1,suspenseful ominous eerie
Fireside Memories,Calming Music for Anxiety,Relaxing Family Christmas Music,2024-12-19,1N234EKOymRqMZwpQummpa,https://open.spotify.com/track/1N234EKOymRqMZwpQummpa,suspenseful ominous eerie
Eerie Halloween Atmosphere,Scary Halloween Night Ambient,Halloween Horror Sound Effects,2024-09-20,0CSV3ubdP3kTLk4w12l3Jf,https://open.spotify.com/track/0CSV3ubdP3kTLk4w12l3Jf,suspenseful ominous eerie
The Travelling Circus,Jon R. Mohr,Imagination's Precipice,2020-12-18,0yfSEjTtzKTIvpBScfQcUj,https://open.spotify.com/track/0yfSEjTtzKTIvpBScfQcUj,suspenseful ominous eerie
Midnight in Reykjavik,Gothic Storm,Epic Emotional Ambience,2015-01-16,7ArpKdgSJbnfHCq8ijcOEC,https://open.spotify.com/track/7ArpKdgSJbnfHCq8ijcOEC,suspenseful ominous eerie
Gothic Orchestral Music – Dark Horror Reading Background,Etrusco Music,Music for Reading Horror – Dark and Creepy Atmosphere,2025-10-25,52AukXChOdoJ2nLVbVL5Mb,https://open.spotify.com/track/52AukXChOdoJ2nLVbVL5Mb,suspenseful ominous eerie
Eerie Banshee Growl in Castle Loop,Haunting Ambience,Creepy Halloween Sound Effects 2025,2025-10-27,6OJNgK3DzUAKftYM8xUF7S,https://open.spotify.com/track/6OJNgK3DzUAKftYM8xUF7S,suspenseful ominous eerie
Mysterious Atmosphere,Halloween Sounds House,House of Horrors. Background Music for the Halloween Night,2013-10-16,1i4xSVUOuVDp50j8abGAXm,https://open.spotify.com/track/1i4xSVUOuVDp50j8abGAXm,suspenseful ominous eerie
Horror Ambient2,Y8MD,"ホラー, Vol. 90 -Instrumental BGM- by Audiostock",2024-07-22,1T6r56x3vU03pZvIAIE5Zb,https://open.spotify.com/track/1T6r56x3vU03pZvIAIE5Zb,suspenseful ominous eerie
Spooky Instrumental Music,Halloween Monsters,"Halloween Songs: Scary Ambience, Horror Music, Spooky Sound Effects from the Graveyard",2020-10-26,51XeSGgCxpGj4o64ndXYsY,https://open.spotify.com/track/51XeSGgCxpGj4o64ndXYsY,suspenseful ominous eerie
Relaxing Ambient,AndrisMusic,Relaxation Albums,2021-02-24,06kYfM6F9rQGZwuwNCBelY,https://open.spotify.com/track/06kYfM6F9rQGZwuwNCBelY,suspenseful ominous eerie
Terrific Ambiance for New Moods,Upbeat Instrumental Music,Jazz Piano Duo - Ambiance for Fresh Days,2022-09-01,5DLOHNzJhKTe03xDdW3n7s,https://open.spotify.com/track/5DLOHNzJhKTe03xDdW3n7s,suspenseful ominous eerie
Consulting a Grimoire,Ambience Mastery,A Dark Library (Gothic Horror Ambience),2022-12-05,6Dnemfcm5KqQS2QDnRmJPw,https://open.spotify.com/track/6Dnemfcm5KqQS2QDnRmJPw,suspenseful ominous eerie
Horrifying Flashback Background Ambience,Soundsmack,Horror Film Sound Effects and Atmospheres,2014-08-16,4dn8pOK79l7aw8Y4WSw5mH,https://open.spotify.com/track/4dn8pOK79l7aw8Y4WSw5mH,suspenseful ominous eerie
Dead Silence - Instrumental,Anirban Chakrabarti,Dead Silence (Instrumental),2022-05-19,7mpC9DxJ5JBk4NWi8OQig0,https://open.spotify.com/track/7mpC9DxJ5JBk4NWi8OQig0,suspenseful ominous eerie
Horror Ambient Soundscape – Music for Endless Backrooms,Etrusco Music,Music for Backrooms – Liminal Drones and Darkness,2025-10-25,4m74yWf6mjUCx5WfNDTp8e,https://open.spotify.com/track/4m74yWf6mjUCx5WfNDTp8e,suspenseful ominous eerie
Haunted Hamlet,Ambient Realms,"Massive Ambient Music, Vol. 9",2021-07-30,3mJ3Eda45WgiPGLoprltpB,https://open.spotify.com/track/3mJ3Eda45WgiPGLoprltpB,suspenseful ominous eerie
A Tense Situation - Epic Cinematic Style Instrumental,Ambience Mastery,In Search of Adventure (Epic Cinematic Style Instrumentals),2021-07-15,6JxVJK8LYJpZ7zTc4iZAc8,https://open.spotify.com/track/6JxVJK8LYJpZ7zTc4iZAc8,suspenseful ominous eerie
Haunting Fantasy Violin Ambience,Murmur Haven,Dark Violin Fantasy Ambience – Music for Writing and Reading,2025-09-10,1BhaL3GrKtg4xKRiwBJg7J,https://open.spotify.com/track/1BhaL3GrKtg4xKRiwBJg7J,suspenseful ominous eerie
Vampire Vault Motion,Ambient Realms,"Massive Ambient Music, Vol. 2",2015-02-23,2t2bNcug81Da4I4V8ghemU,https://open.spotify.com/track/2t2bNcug81Da4I4V8ghemU,suspenseful ominous eerie
Oscuro,David Miralles,Dark Music,2022-09-26,6Mk7XhP5yL5LxtUymsmobx,https://open.spotify.com/track/6Mk7XhP5yL5LxtUymsmobx,suspenseful ominous eerie
Dark Forest,Byeong Woo Lee,Odd Strumming Of The Universe,2017-12-01,47y8p69x8I3qF7x4cxYWZM,https://open.spotify.com/track/47y8p69x8I3qF7x4cxYWZM,suspenseful ominous eerie
Dark Atmospheric – Liminal Horror Background,Etrusco Music,Music for Backrooms – Liminal Drones and Darkness,2025-10-25,6d4ktp0LshrK7xPEeKKiEU,https://open.spotify.com/track/6d4ktp0LshrK7xPEeKKiEU,suspenseful ominous eerie
Cemetery Ambience,Yves Relos,200 Strange Sound Effects,2011-07-29,1nxWgqooJVxgpOHmMkd74e,https://open.spotify.com/track/1nxWgqooJVxgpOHmMkd74e,suspenseful ominous eerie
A Ghost Story,Relaxation Zone,"Gothic Ambient Sounds: Instrumental Relaxation, Background Music for Fantasy & Dreams",2019-12-02,4cImzminsLf8v9kwBFBN4d,https://open.spotify.com/track/4cImzminsLf8v9kwBFBN4d,suspenseful ominous eerie
Eerie Background with Creaking and Water Dripping,Halloween and Sound Effects,This Is Halloween,2012-09-15,6v0vHxOR4itOwJFINuU5li,https://open.spotify.com/track/6v0vHxOR4itOwJFINuU5li,suspenseful ominous eerie
Eerie Forest Ambience,Creepy Sound Effects,Creepy Clown Sound Effects Vol 1.,2024-10-28,54Gi8jHG3hBOd7XwSSnllS,https://open.spotify.com/track/54Gi8jHG3hBOd7XwSSnllS,suspenseful ominous eerie
Instrumental Thriller and Mystery,SONG TRILHAS,Instrumental Thriller and Mystery,2022-05-13,7f7kF9ZV7zcK6wJ9oDocb7,https://open.spotify.com/track/7f7kF9ZV7zcK6wJ9oDocb7,suspenseful ominous eerie
Just An Urban Legend,Ambience Mastery,A Dark Library (Gothic Horror Ambience),2022-12-05,6wYN26XrC04SWTmi1ptnKz,https://open.spotify.com/track/6wYN26XrC04SWTmi1ptnKz,suspenseful ominous eerie
Terrifying Haunted House Atmosphere,Scary Halloween Night Ambient,Haunted House Sounds For Halloween,2024-10-07,0FYIr69SxHCXshICflTzOV,https://open.spotify.com/track/0FYIr69SxHCXshICflTzOV,suspenseful ominous eerie
Simplistic Ambiance for Motivation,Reading Room,Reading Books Music,2022-10-07,44NMN4JA1ht16srWzNz9yu,https://open.spotify.com/track/44NMN4JA1ht16srWzNz9yu,suspenseful ominous eerie
Dedication Suite Two,Edward Shearmur,Dedication,2007-09-11,1v7Q5YPss4omDxG0qBLwQ1,https://open.spotify.com/track/1v7Q5YPss4omDxG0qBLwQ1,suspenseful ominous eerie
Dark Piano Mystery,George Hollingdrake,Emotional Cinematic Piano,2020-06-01,5uFxHKPJFjWQp6v1BqnhNn,https://open.spotify.com/track/5uFxHKPJFjWQp6v1BqnhNn,suspenseful ominous eerie
Ambience of The Ruined Town,Immersive Scenes,Ambience of The Ruined Town,2023-08-20,41J1OqtYlgqhXqGyQeFoJI,https://open.spotify.com/track/41J1OqtYlgqhXqGyQeFoJI,suspenseful ominous eerie
Soothing Ambient Music,Amelia System,Relaxing 80s Synth - Cyberpunk Vibes Night City,2020-10-09,0OwWUr0y1p6ODPbtj1B6pQ,https://open.spotify.com/track/0OwWUr0y1p6ODPbtj1B6pQ,suspenseful ominous eerie
Detective Caution,David Fesliyan,Hide,2021-02-12,4k9Y7aj4o0gCNSldlOERi6,https://open.spotify.com/track/4k9Y7aj4o0gCNSldlOERi6,suspenseful ominous eerie
Eerie Wind Tone Loop Atmosphere,Sound Effects Library,212 Halloween Sounds,2014-05-31,1XrFTReBwBSaRxMfg9t5VS,https://open.spotify.com/track/1XrFTReBwBSaRxMfg9t5VS,suspenseful ominous eerie
Eerie Beast Rattle in Attic Ambience,Creepy Horror Sounds,Masks of the Damned Haunting Ambience,2025-10-31,7v89DVCUGTjC9QSWIJpRqz,https://open.spotify.com/track/7v89DVCUGTjC9QSWIJpRqz,suspenseful ominous eerie
Eerie Underwater Atmosphere with Hollow Bangs and Cries,Halloween and Sound Effects,This Is Halloween,2012-09-15,2LrUWudyCQsLBvsehZH3HK,https://open.spotify.com/track/2LrUWudyCQsLBvsehZH3HK,suspenseful ominous eerie
The Graveyard,Terrifying Ambient Sounds,Terrifying Ambient Sounds Vol2,2024-10-31,7gO8fs2X2o1GvEfCdKuHnD,https://open.spotify.com/track/7gO8fs2X2o1GvEfCdKuHnD,suspenseful ominous eerie
Immersion,Alex S.Tsigkourakos,Ambivalence,2020-02-03,3V73OO2JTOI0YN9iNBT0HP,https://open.spotify.com/track/3V73OO2JTOI0YN9iNBT0HP,suspenseful ominous eerie
Soft Minimal Ambient,AndrisMusic,Relaxation Albums,2021-02-24,0o6WwbIiMCxXi9rJDFXCPU,https://open.spotify.com/track/0o6WwbIiMCxXi9rJDFXCPU,suspenseful ominous eerie
Tiniebla,David Miralles,Dark Music,2022-09-26,2qPc2hHwILZH1UpxYZjrP7,https://open.spotify.com/track/2qPc2hHwILZH1UpxYZjrP7,suspenseful ominous eerie
Dark Ambient Music 2021 & Dark Electronic Music 2021,Sunset Chill Out Music Zone,Dark Ambient Music 2021 & Dark Electronic Music 2021,2021-08-20,3oBHchxgFvLz0dKim49K1L,https://open.spotify.com/track/3oBHchxgFvLz0dKim49K1L,suspenseful ominous eerie
Desolate Underground City Ambience,The Hollywood Edge Sound Effects Library,"Extreme Drones, Vol. 1",2015-05-05,2nZYZ6opkIqX8Px61DwnSm,https://open.spotify.com/track/2nZYZ6opkIqX8Px61DwnSm,suspenseful ominous eerie
Sinister Sounds from the Dining Room,Ambience Mastery,One Night in a Haunted House,2023-07-30,7L9EpiODvxVXrvld4K0uS4,https://open.spotify.com/track/7L9EpiODvxVXrvld4K0uS4,suspenseful ominous eerie
Dream Atmosphere Fantasy Ambience for Hallucination with Voices,Digiffects Sound Effects Library,Fantasy Sound Effects,2016-02-27,61EFGzyEdO9Egl6hXH83DO,https://open.spotify.com/track/61EFGzyEdO9Egl6hXH83DO,suspenseful ominous eerie
Dark Ambient Sounds From Hell - Version I,Tymur Khakimov,Dark Ambient Sounds From Hell,2023-01-23,2yVT5RZnN74i6mO8CvQT6a,https://open.spotify.com/track/2yVT5RZnN74i6mO8CvQT6a,suspenseful ominous eerie
Dark Ambient Ritual Music 30 Minutes,Eastern Science,Dark Ambient Ritual Music 30 Minutes,2021-08-22,6RoWNOmkmUEtdZDX20dnGi,https://open.spotify.com/track/6RoWNOmkmUEtdZDX20dnGi,suspenseful ominous eerie
A Fairy's Whispers in the Night,Ambience Mastery,A Haunted and Magical World (Dark Fairytale Music),2023-03-13,0shXbxVwEP61csQg02qG8A,https://open.spotify.com/track/0shXbxVwEP61csQg02qG8A,suspenseful ominous eerie
A Sorrowful Ghost Bride,Ambience Mastery,A Dark Library (Gothic Horror Ambience),2022-12-05,7oSowgkU5SuwBNHMEM1ucC,https://open.spotify.com/track/7oSowgkU5SuwBNHMEM1ucC,suspenseful ominous eerie
Halloween Magic,Ambience Mastery,All Hallows' Eve (Scary Ambience),2022-10-19,4khtYJZ22oDbXX9DMuabbU,https://open.spotify.com/track/4khtYJZ22oDbXX9DMuabbU,suspenseful ominous eerie
The Apocryph,Andre Walter,"Dark Listening, Vol.1 + 2",2015-01-16,7mLXX6aJURqhAkyLEXgCwl,https://open.spotify.com/track/7mLXX6aJURqhAkyLEXgCwl,suspenseful ominous eerie
Horror Film Background Ambience 2,Soundsmack,Horror Film Sound Effects and Atmospheres,2014-08-16,0na7x7Qt33nDtsOJ56n9tV,https://open.spotify.com/track/0na7x7Qt33nDtsOJ56n9tV,suspenseful ominous eerie
The Ominous Presence in the Manor,Ambience Mastery,Ghosts of the Forgotten Manor,2023-03-05,4sRJbEmUCexY9nZxoiYdpH,https://open.spotify.com/track/4sRJbEmUCexY9nZxoiYdpH,suspenseful ominous eerie
Dark Ambient Moods,room tour,Dark Ambient Moods,2023-09-08,3Kr7XtO44jKjgNrFba7APo,https://open.spotify.com/track/3Kr7XtO44jKjgNrFba7APo,suspenseful ominous eerie
Descent into Madness Dark Ambient Horror - Creepy Music for Psychological Thrillers,DJ RIHAYEM,Descent into Madness Dark Ambient Horror - Creepy Music for Psychological Thrillers,2024-09-11,2NXx9GAud1pTUluKTWIkrT,https://open.spotify.com/track/2NXx9GAud1pTUluKTWIkrT,suspenseful ominous eerie
Vault,Jay Varton,Nothing But Air,2012-06-29,20XNlEml6JXYevGVIZD67k,https://open.spotify.com/track/20XNlEml6JXYevGVIZD67k,suspenseful ominous eerie
Dark Ambient,Dark Sci-Fi Space,"Space Ambient Harmonics: Starship Sleeping Music, Relaxing Ambience",2021-04-12,5rsnE4OLFEDBNaz4atznPp,https://open.spotify.com/track/5rsnE4OLFEDBNaz4atznPp,suspenseful ominous eerie
Soft Horror Piano Drone,Bobby Cole,Your Deepest Nightmares: Scary Horror Music,2018-10-29,5OTwJpyKCfrqPmFCksGLyU,https://open.spotify.com/track/5OTwJpyKCfrqPmFCksGLyU,suspenseful ominous eerie
Thunderstorm: Horror Background Music,Horror Music Collection,Halloween Horror Night and Scary House Hidden in the Woods (Dark Background Music),2021-09-20,2j8pYR0fQ5qqem9wZZvq2F,https://open.spotify.com/track/2j8pYR0fQ5qqem9wZZvq2F,suspenseful ominous eerie
Heartbeat of Terror,Terrifying Ambient Sounds,Terrifying Ambient Sounds Vol2,2024-10-31,5ndO4MiGewXtpAJSkfywDz,https://open.spotify.com/track/5ndO4MiGewXtpAJSkfywDz,suspenseful ominous eerie
Spooky Atmosphere,Scary Halloween Night Ambient,This is Halloween: Creepy Melodies for Spooky Atmosphere and Haunted Stories,2023-08-16,75rCxpfozPZhSkFV5gehww,https://open.spotify.com/track/75rCxpfozPZhSkFV5gehww,suspenseful ominous eerie
Suspense Ambient,Eduard Perelyhin,Suspense Ambient,2022-03-13,1ykJOXoYeyonXvs7Tj9Sgr,https://open.spotify.com/track/1ykJOXoYeyonXvs7Tj9Sgr,suspenseful ominous eerie
Horror Ambience,Scary Halloween Night Ambient,Haunted House Sounds For Halloween,2024-10-07,4uf1BOpxT1P9PawFsVMdpm,https://open.spotify.com/track/4uf1BOpxT1P9PawFsVMdpm,suspenseful ominous eerie
Dream Inside a Dream,Gothic Storm,Epic Emotional Ambience,2015-01-16,5jggjHucJuqexLawTrP3ap,https://open.spotify.com/track/5jggjHucJuqexLawTrP3ap,suspenseful ominous eerie
Souls in Echoing Halls,Ambience Mastery,Macabre Nightmares Unraveled (Horror Music),2023-04-15,1JfumHmew0HGwVOJNiPgYR,https://open.spotify.com/track/1JfumHmew0HGwVOJNiPgYR,suspenseful ominous eerie
Inspiring Instrumental Ambience for Writers,Mental Detox Series,"Music for Writing Essays: Inspiring Instrumental Ambience for Writers, Poets, Artists & Schoolwork",2022-02-21,227gXAyCLs2A9FhIqP2yr6,https://open.spotify.com/track/227gXAyCLs2A9FhIqP2yr6,suspenseful ominous eerie
Detective - Ambient,The Library Of The Human Soul,Crime,2018-08-30,3i7GuUiNEEPMGZPFFDTMIY,https://open.spotify.com/track/3i7GuUiNEEPMGZPFFDTMIY,suspenseful ominous eerie
Nocturnal Melodies,Ambient Dreamscapes,Night Ambience,2024-05-18,680HhO2wOgHYwDycobIYtX,https://open.spotify.com/track/680HhO2wOgHYwDycobIYtX,suspenseful ominous eerie
suspense piano,KK,suspense piano,2015-01-29,0SHmK5pUIIfOwptHBk4UUJ,https://open.spotify.com/track/0SHmK5pUIIfOwptHBk4UUJ,suspenseful ominous eerie
Sinister and Vibrant Atmosphere,Sounds Effects Wav Files Studio,Mystery Music. Terrifying Sounds for Scary Atmospheres,2014-01-21,2ipICOtz8E7u1InIW1l709,https://open.spotify.com/track/2ipICOtz8E7u1InIW1l709,suspenseful ominous eerie
Eerie Ambiance,Spooky Halloween Sounds,Monsters' Halloween: Nightmares & The Witching Hour,2024-09-17,2AMmsDwtbskUbCEKFy2VtN,https://open.spotify.com/track/2AMmsDwtbskUbCEKFy2VtN,suspenseful ominous eerie
Dark Ambient (Shadow Self),Dark Ambient Archive,"Dark Ambient, Vol. 1: The Forgotten Realms",2024-11-15,6373jVY8lJLTuhfx7ldaT4,https://open.spotify.com/track/6373jVY8lJLTuhfx7ldaT4,suspenseful ominous eerie
Evil Atmosphere,Dreamspace Music,Evil Atmosphere,2023-01-23,7gJYcvgn52AU7m9uuf4fPU,https://open.spotify.com/track/7gJYcvgn52AU7m9uuf4fPU,suspenseful ominous eerie
Inspiring Motivate Ambient,AndrisMusic,Technology,2021-02-28,3Z8ZgdMTratjoLkqFHeoPD,https://open.spotify.com/track/3Z8ZgdMTratjoLkqFHeoPD,suspenseful ominous eerie
Close Encounters,Cameron McBride,Dark Ambient: Ominous Sinister Soundscapes,2016-05-05,5dp7TvaNKHWdTEL8VCPqEi,https://open.spotify.com/track/5dp7TvaNKHWdTEL8VCPqEi,suspenseful ominous eerie
Eerie Drone Loop Drone Atmosphere,Halloween and Sound Effects,This Is Halloween,2012-09-15,2QwGgJjWPmXm2WBErldOOt,https://open.spotify.com/track/2QwGgJjWPmXm2WBErldOOt,suspenseful ominous eerie
Nightfall Nostalgia,Ambient Dreamscapes,Night Ambience,2024-05-18,5IWbQ7ckSKkLEQ46IK9vda,https://open.spotify.com/track/5IWbQ7ckSKkLEQ46IK9vda,suspenseful ominous eerie
Cafe Ambient Jazz,Explosion of Jazz Ensemble,"Vintage Swing Jazz (Top 30 Instrumental Lounge, Retro Buddha Jazzy Vibes Bar del Mar)",2018-03-09,7J2cs79N0D51gAbitoqMTO,https://open.spotify.com/track/7J2cs79N0D51gAbitoqMTO,suspenseful ominous eerie
Ambient Electronic Chillout Atmosphere,Massacaresound,Ambient Electronic Chillout Atmosphere,2022-04-12,75K6epmXNjhOOWRwQMXfvG,https://open.spotify.com/track/75K6epmXNjhOOWRwQMXfvG,suspenseful ominous eerie
The Witch's Cottage in the Misty Woods,Ambience Mastery,A Haunted and Magical World (Dark Fairytale Music),2023-03-13,0vCmZqDe3jG9c7HzypXwiv,https://open.spotify.com/track/0vCmZqDe3jG9c7HzypXwiv,suspenseful ominous eerie
"A Dark Presence, Horror Ambient Sounds",Halloween Party,"Halloweenfest - Spöklika Ljudeffekter , Skrämmande Ljud, ylar, Skrik",2016-10-17,2C7hUmda0ZtwoNlRhGR9Om,https://open.spotify.com/track/2C7hUmda0ZtwoNlRhGR9Om,suspenseful ominous eerie
Piano Overlord,Dark Domains,Piano Overlord,2023-03-21,58s3V7eohtGl7HFy4AXK2R,https://open.spotify.com/track/58s3V7eohtGl7HFy4AXK2R,suspenseful ominous eerie
Horror Night,Studiolance,ホラー Vol.7 -Instrumental BGM- by Audiostock,2021-03-17,2kfgQeYV1KtOoi1D8kouR1,https://open.spotify.com/track/2kfgQeYV1KtOoi1D8kouR1,suspenseful ominous eerie
Gore & Bloody Sounds and Effects On Dark Ambient Music,Monster's Halloween Party,"Halloween Sounds, Effects and Ambiances",2024-10-18,13ZEhL0BphcPpaPsapQJrI,https://open.spotify.com/track/13ZEhL0BphcPpaPsapQJrI,suspenseful ominous eerie
Suspenseful Epic Theme,AXS Music,Epic Themes,2018-01-22,5z9ndKwVHEguCLPGfGmLsr,https://open.spotify.com/track/5z9ndKwVHEguCLPGfGmLsr,suspenseful ominous eerie
Documentary Dark Background,e-soundtrax,Gravity,2022-03-10,5Rtd04Airx57gUdkwDlOgW,https://open.spotify.com/track/5Rtd04Airx57gUdkwDlOgW,suspenseful ominous eerie
