track_name,artist_name,album_name,release_date,track_id,spotify_url,mood_keywords
Bittersweet Symphony,Modern Meditations,Modern Meditations: The Modern Classics,2009-11-17,5iIaXfAUSTBetm0iRKNk9l,https://open.spotify.com/track/5iIaXfAUSTBetm0iRKNk9l,introspective bittersweet yearning
Bittersweet Departure,carrottier,Departure,2021-12-12,0beZKtQW0hIItsd1uBqXNK,https://open.spotify.com/track/0beZKtQW0hIItsd1uBqXNK,introspective bittersweet yearning
Bittersweet Night Arr. For Cello And Felt Piano,Limelight Glow,Evening Cello Preludes,2023-02-02,621loBrjZetVrbBTgD1Fq5,https://open.spotify.com/track/621loBrjZetVrbBTgD1Fq5,introspective bittersweet yearning
Bittersweet Night,Beyond Stillness,Bittersweet Night,2023-01-29,4eZPnO73GWdY8NJuJvmOTG,https://open.spotify.com/track/4eZPnO73GWdY8NJuJvmOTG,introspective bittersweet yearning
Bittersweet Symphony (Instrumental),The Aranbee Pop Symphony Orchestra,Bittersweet Symphony (Instrumental),1997-01-01,4fTuB40HoVwYaKWQRyP9RQ,https://open.spotify.com/track/4fTuB40HoVwYaKWQRyP9RQ,introspective bittersweet yearning
a bittersweet afternoon,Kjell Sønksen,a bittersweet afternoon,2024-09-25,0TasGN3BtfVu94VXKmGmU0,https://open.spotify.com/track/0TasGN3BtfVu94VXKmGmU0,introspective bittersweet yearning
Bittersweet Moments,skyswimming,Bittersweet Moments,2023-01-13,6W8RzJJWPExPADFu65cGx4,https://open.spotify.com/track/6W8RzJJWPExPADFu65cGx4,introspective bittersweet yearning
Bittersweet Feelings,menolamp,Bittersweet Feelings,2019-05-20,5J4rNnPyYpeQpnGU423CkO,https://open.spotify.com/track/5J4rNnPyYpeQpnGU423CkO,introspective bittersweet yearning
Bittersweet Night Arr. For Violin And Felt Piano,Harmony Night,Evening Violin Preludes,2023-02-03,5E5wrRPhQG3DP1E7s2VDZi,https://open.spotify.com/track/5E5wrRPhQG3DP1E7s2VDZi,introspective bittersweet yearning
Bittersweetness,Limelight Glow,Presence,2020-06-25,1AwIr8PQHe2NTTZCuPZKAB,https://open.spotify.com/track/1AwIr8PQHe2NTTZCuPZKAB,introspective bittersweet yearning
Bittersweet Night - Violin Version,Beyond Stillness,Bittersweet Night,2023-01-29,0ax43QfgH1l3GyGH8kZ0j0,https://open.spotify.com/track/0ax43QfgH1l3GyGH8kZ0j0,introspective bittersweet yearning
Bittersweet,Jack Haigh,Bittersweet,2024-11-22,5H8vWHr2WXUPBJPvzzdoGI,https://open.spotify.com/track/5H8vWHr2WXUPBJPvzzdoGI,introspective bittersweet yearning
bittersweet,insomnic sounds,hues,2023-12-31,6fmI7QG9th5YmxywQG0JSA,https://open.spotify.com/track/6fmI7QG9th5YmxywQG0JSA,introspective bittersweet yearning
Ambient Introspection Leading to Inner Peace,Ricky Trye,"Ambient Piano Meditations: Calm Music for Introspection, Rest and Relaxation",2021-01-21,1atX1iRvRhevSiuUUDnze2,https://open.spotify.com/track/1atX1iRvRhevSiuUUDnze2,introspective bittersweet yearning
Introspection - Edit,Laraaji,Introspection (Edit),2017-07-19,4SqfCU4jNDOqP8qKcSpMU9,https://open.spotify.com/track/4SqfCU4jNDOqP8qKcSpMU9,introspective bittersweet yearning
Bittersweet Faith,Bitter:Sweet,The Mating Game,2006-04-04,3mjQWntZaTIysjKdQZWlgG,https://open.spotify.com/track/3mjQWntZaTIysjKdQZWlgG,introspective bittersweet yearning
December Nostalgic,Rasmus H Thomsen,December Nostalgic,2023-11-03,3aOhimAl0HU8yQPWp094PS,https://open.spotify.com/track/3aOhimAl0HU8yQPWp094PS,introspective bittersweet yearning
Introspection,Ron Well,Introspection,2023-01-19,2cZJIUh0N1GkzZr3YjL5zN,https://open.spotify.com/track/2cZJIUh0N1GkzZr3YjL5zN,introspective bittersweet yearning
Intro,Mk.gee,A Museum Of Contradiction,2020-05-22,6J1JidsS8EP1JLSKueyVCl,https://open.spotify.com/track/6J1JidsS8EP1JLSKueyVCl,introspective bittersweet yearning
Intuition,Restaurant Lounge Background Music,Cozy Jazz Cafe - Relaxing Soft Jazz Music,2023-02-11,4zpMbwO16Pmt7uCVaZKZti,https://open.spotify.com/track/4zpMbwO16Pmt7uCVaZKZti,introspective bittersweet yearning
Bittersweet Reverie,Bahrambient,Delicate Harmonies,2024-08-05,4l9MNZfiy3e2GQlRgiGrFf,https://open.spotify.com/track/4l9MNZfiy3e2GQlRgiGrFf,introspective bittersweet yearning
Bittersweet - Instrumental,Within The Ruins,Trilogy (Instrumental versions of Elite - Phenomena - Halfway Human),2018-11-16,3o0FowidvgwdYX0rR1FKlr,https://open.spotify.com/track/3o0FowidvgwdYX0rR1FKlr,introspective bittersweet yearning
Bittersweet Memories,Piano Dreamers,Feels like Fall,2015-09-25,0VQlcULxjWX0PPUa2r6Hos,https://open.spotify.com/track/0VQlcULxjWX0PPUa2r6Hos,introspective bittersweet yearning
Bittersweet Melody,Beyond Stillness,Dreaming Again,2022-04-20,58g3uTCnf219cL1x3hCp0b,https://open.spotify.com/track/58g3uTCnf219cL1x3hCp0b,introspective bittersweet yearning
Bitter-Sweet,Annie Berenson,Bitter-Sweet,2023-03-24,6wod1iwOSi0SVaeJXGeH15,https://open.spotify.com/track/6wod1iwOSi0SVaeJXGeH15,introspective bittersweet yearning
"Ambient Slumber Serenade, Pt. 25",Sleep Fruits Music,"Sleep Fruits Session, Vol. 7",2023-09-09,5IJ9C153GGfkFhhQMHeLN6,https://open.spotify.com/track/5IJ9C153GGfkFhhQMHeLN6,introspective bittersweet yearning
Bittersuite - Instrumental,Alhanii,HIT ME HARD AND SOFT (INSTRUMENTAL),2024-07-05,32BKXTDSoSKk238O6ICpKw,https://open.spotify.com/track/32BKXTDSoSKk238O6ICpKw,introspective bittersweet yearning
Bitter Sweet Symphony - chilled lofi instrumental,The Remix Station,Bitter Sweet Symphony - chilled lofi instrumental,2023-02-14,5t1fp6quDLR2adlfk5bExv,https://open.spotify.com/track/5t1fp6quDLR2adlfk5bExv,introspective bittersweet yearning
Bittersweet,Charlie Haden,Nightfall - The Cal Arts Sessions,2004,1MfuFELMpJFb2TmO3fsdFT,https://open.spotify.com/track/1MfuFELMpJFb2TmO3fsdFT,introspective bittersweet yearning
Emotional Ambient Piano,OlexandrMusic,Emotional Ambient Piano,2022-07-08,1F7dGf03Hpf7qkfjQINjSS,https://open.spotify.com/track/1F7dGf03Hpf7qkfjQINjSS,introspective bittersweet yearning
Bittersweet (Singing Bowls Soundscape),Sleep Terrarium,Bittersweet,2023-02-02,0hrUflmVqmGowG4bGrBYbK,https://open.spotify.com/track/0hrUflmVqmGowG4bGrBYbK,introspective bittersweet yearning
Retrospective - Ambient Version,Dreamoon,Dreamy Vibes Vol. 1,2023-02-24,5Oa1hkHUzulxCXaKdnO3Cq,https://open.spotify.com/track/5Oa1hkHUzulxCXaKdnO3Cq,introspective bittersweet yearning
Ambient Glow,Intrinsic Flow,Echoes of Silence,2024-03-11,7B6QWM3K9Mmwy0hbwKqiZn,https://open.spotify.com/track/7B6QWM3K9Mmwy0hbwKqiZn,introspective bittersweet yearning
Introspection,Estas Tonne,"Anthology, Vol. I & Vol. II (Live)",2021-06-18,5IZvAmEfPNaVOTkubNVr84,https://open.spotify.com/track/5IZvAmEfPNaVOTkubNVr84,introspective bittersweet yearning
Bittersweet,Jazz Holdouts,Summer Nights,2018-08-27,52kvoC0pxADsYU66bTl1mH,https://open.spotify.com/track/52kvoC0pxADsYU66bTl1mH,introspective bittersweet yearning
Bitterness,Hannes Kretzer,Petrichor,2014-02-04,6GZT9Xdu87JuPL39qZUNlT,https://open.spotify.com/track/6GZT9Xdu87JuPL39qZUNlT,introspective bittersweet yearning
Interlude 1 - Instrumental,Rivers & Robots,"Rivers & Robots Presents: Still, Vol. 1 (Instrumental)",2017-01-13,0S1ybXAXeiV3HpiS3DbSWU,https://open.spotify.com/track/0S1ybXAXeiV3HpiS3DbSWU,introspective bittersweet yearning
Bittersweet Symphony - Piano Version,Andrea Carri,Bittersweet Symphony (Piano Version),2020-05-15,1AT6bseSRXejL933wrAVnT,https://open.spotify.com/track/1AT6bseSRXejL933wrAVnT,introspective bittersweet yearning
Astral Reverie,Intrinsic Flow,Echoes of Silence,2024-03-11,2HwoIWDMVzZjLw9kJuMXUB,https://open.spotify.com/track/2HwoIWDMVzZjLw9kJuMXUB,introspective bittersweet yearning
Bitter Endings (Rain),The Soul of Wind,Gentle Autumn Rain,2024-10-02,1LNk23OkBvZPpxFeEuYMSc,https://open.spotify.com/track/1LNk23OkBvZPpxFeEuYMSc,introspective bittersweet yearning
Introspective,Quiet Quest,Ambient Study Music,2023-08-13,4LA7drvhn21ciWBYP1kPKC,https://open.spotify.com/track/4LA7drvhn21ciWBYP1kPKC,introspective bittersweet yearning
Intro Ambient Calming (Remastered),OK Beats,Intro Ambient Calming (Remastered),2024-04-10,6d4WQAFa1w57cw7xFZKHjz,https://open.spotify.com/track/6d4WQAFa1w57cw7xFZKHjz,introspective bittersweet yearning
Bittersweet,Spective,Bittersweet,2023-03-22,1JEvzN0WJg8YKVtNIa5vrv,https://open.spotify.com/track/1JEvzN0WJg8YKVtNIa5vrv,introspective bittersweet yearning
Introspective,Peaceful Violin,"Beautiful Violin & Ocean Waves, Instrumental Piano",2022-02-03,3XaepDF58dbArJKV2VGa7Y,https://open.spotify.com/track/3XaepDF58dbArJKV2VGa7Y,introspective bittersweet yearning
bittersweet memories,moonspire,bittersweet memories,2025-01-24,2NDQiYU4eQzU4vsooFl4EQ,https://open.spotify.com/track/2NDQiYU4eQzU4vsooFl4EQ,introspective bittersweet yearning
Bittersweet,Vincent Boot,Bittersweet,2019-11-01,373m3XkzfuBUR9YlpKpogb,https://open.spotify.com/track/373m3XkzfuBUR9YlpKpogb,introspective bittersweet yearning
Bittersweet,Audiomachine,La Belle Époque,2018-05-11,5fsEAi7rYs9hS92iuJlPGw,https://open.spotify.com/track/5fsEAi7rYs9hS92iuJlPGw,introspective bittersweet yearning
"Ambient Slumber Tracks, Pt. 15",Sleep Fruits Music,"Sleep Fruits Session, Vol. 7",2023-09-09,7fV4LPdUhYEcS3Sta2ac85,https://open.spotify.com/track/7fV4LPdUhYEcS3Sta2ac85,introspective bittersweet yearning
Bitter Sweet - Instrumental,Hustler Mind Music,Bitter Sweet (Instrumental),2025-03-01,4fdUDMWZqmXL8pCZ2lp2cE,https://open.spotify.com/track/4fdUDMWZqmXL8pCZ2lp2cE,introspective bittersweet yearning
"Bitter Sweet Symphony - Instrumental, Violin",ViOLiNiA Zhanna Stelmakh,"Bitter Sweet Symphony (Instrumental, Violin)",2024-09-20,3WfQ2e0BZykhcwB596MgJG,https://open.spotify.com/track/3WfQ2e0BZykhcwB596MgJG,introspective bittersweet yearning
Bittersweet,Kassidy Adams,In 10 Years,2024-02-29,5pmxn5EnMne9oBVaAvt25p,https://open.spotify.com/track/5pmxn5EnMne9oBVaAvt25p,introspective bittersweet yearning
Bittersweet,Jim Brickman,Destiny,1999,1tW4wxQI43bf5xosBTBZeK,https://open.spotify.com/track/1tW4wxQI43bf5xosBTBZeK,introspective bittersweet yearning
Introspection,Vicenzo Piano,Only Memories Remain,2024-07-19,2gYQ5OiRG9yIwGwOxZyyYh,https://open.spotify.com/track/2gYQ5OiRG9yIwGwOxZyyYh,introspective bittersweet yearning
Bitter Sweet Symphony (String Quartet),Stringspace,Can't Help Falling In Love: Strings for Lovers,2020-03-03,6qRrony05wXVj6qsG0IhIL,https://open.spotify.com/track/6qRrony05wXVj6qsG0IhIL,introspective bittersweet yearning
Introspection,Le Promeneur,Errance,2024-09-25,0SqWdyi5pstTCWCvbEOFmj,https://open.spotify.com/track/0SqWdyi5pstTCWCvbEOFmj,introspective bittersweet yearning
Bitterness And Secrecy,Dimension 32,Desolation,2024-04-29,74pslBpD8o0flXxiBVVbHF,https://open.spotify.com/track/74pslBpD8o0flXxiBVVbHF,introspective bittersweet yearning
Bittersweet Nightmares,ThunderKathryn,Wolf Song: The Soundtrack,2020-06-02,6WAJcyoZspnXPQqWG7bYE4,https://open.spotify.com/track/6WAJcyoZspnXPQqWG7bYE4,introspective bittersweet yearning
Introspection,One Decade,Introspection,2018-08-10,00UoA1HzNLg99txTVvVyen,https://open.spotify.com/track/00UoA1HzNLg99txTVvVyen,introspective bittersweet yearning
Introspective,Laugabeats,Introspective,2023-03-24,66ndiBDpIkAFXuuddhBYIh,https://open.spotify.com/track/66ndiBDpIkAFXuuddhBYIh,introspective bittersweet yearning
Reflections,Intrinsic Flow,Echoes of Silence,2024-03-11,2j3WvrnzMKyj6UBkOofuge,https://open.spotify.com/track/2j3WvrnzMKyj6UBkOofuge,introspective bittersweet yearning
Bittersweet Longing,Transient Epiphany,Instrumentality Project,2023-11-11,1UUyiddK7vVrmfYyD6CGcB,https://open.spotify.com/track/1UUyiddK7vVrmfYyD6CGcB,introspective bittersweet yearning
Bittersweet,Glaciaere,Two Months of Moments,2022-06-01,2Cm4Z22g8pOtqpH6FpqzA2,https://open.spotify.com/track/2Cm4Z22g8pOtqpH6FpqzA2,introspective bittersweet yearning
Sweet Dreaming Ambient,Sleep Fruits Music,Calm Sleep Music Collection,2023-08-11,1SeICYuxurlsHoeq2kwpUt,https://open.spotify.com/track/1SeICYuxurlsHoeq2kwpUt,introspective bittersweet yearning
Introspection,Soothe My Soul,Introspection,2024-05-15,4ElMnakrBImtuLAYs32hQg,https://open.spotify.com/track/4ElMnakrBImtuLAYs32hQg,introspective bittersweet yearning
Grey Sky and Bittersweet,Ann Sweeten,Grey Sky And Bittersweet,2007-01-01,4st5D21iypusP0UMLyYH3l,https://open.spotify.com/track/4st5D21iypusP0UMLyYH3l,introspective bittersweet yearning
Memories - Ambient Piano Instrumental,Cozy Koala,Memories - Ambient Piano Instrumental,2022-09-30,7wI5U0nKjIk5FIeyf2Q3Y2,https://open.spotify.com/track/7wI5U0nKjIk5FIeyf2Q3Y2,introspective bittersweet yearning
Bittersweet Victory,SPORTSGIRL,Open Tournament 27XX,2021-09-29,6K7wGIjM2MfEpcNH4iLGKO,https://open.spotify.com/track/6K7wGIjM2MfEpcNH4iLGKO,introspective bittersweet yearning
Bittersweet Goodbye,Fleur de Wolfe,Bittersweet Goodbye,2024-05-26,31F0EDD17s6t2Yu1p3PgS9,https://open.spotify.com/track/31F0EDD17s6t2Yu1p3PgS9,introspective bittersweet yearning
Introspect,Joe Bongiorno,Somewhere Within - Solo Piano,2007-07-16,1hLPWOkehw3e2GtqKShTeG,https://open.spotify.com/track/1hLPWOkehw3e2GtqKShTeG,introspective bittersweet yearning
Intrigue - Ambient Version,Lemonbird,Intrigue (Ambient Version),2024-11-29,2XPYgmiowtLCFJ7iRC5ddm,https://open.spotify.com/track/2XPYgmiowtLCFJ7iRC5ddm,introspective bittersweet yearning
The Bittersweet,Kristin Amarie,Valentine Hill,2024-02-09,7FFKfJegkGegyMM00BslxY,https://open.spotify.com/track/7FFKfJegkGegyMM00BslxY,introspective bittersweet yearning
Bitter,Martin Czerny,Sad Cello & Piano VIII,2020-12-04,5whT6bUW0rOvXnRlYpsbHx,https://open.spotify.com/track/5whT6bUW0rOvXnRlYpsbHx,introspective bittersweet yearning
Ambient Emotional Cinematic,Romansenykmusic,Soft Cinematic Soundtracks,2020-03-19,3iRW391RwTm8QN9jSqjwmQ,https://open.spotify.com/track/3iRW391RwTm8QN9jSqjwmQ,introspective bittersweet yearning
Bittersweet,Govi,Touch of Light,2008-09-16,40oYxSoR7APbdwYsquMq6X,https://open.spotify.com/track/40oYxSoR7APbdwYsquMq6X,introspective bittersweet yearning
Ambient Emotional Piano,DS Productions,Ambient Emotional Piano,2021-01-02,053kba2hsZW5OuCxSpP3XI,https://open.spotify.com/track/053kba2hsZW5OuCxSpP3XI,introspective bittersweet yearning
"Serene Whispers Gentle Serenades, Pt. 14",Sleep Fruits Music,"Sleep Fruits Session, Vol. 6",2023-08-29,5viEKwxsf8Bp1lvdybYWRx,https://open.spotify.com/track/5viEKwxsf8Bp1lvdybYWRx,introspective bittersweet yearning
Looking Back,Ann Sweeten,Grey Sky And Bittersweet,2007-01-01,0A01PKpdkmjzZ0cKcjL7KP,https://open.spotify.com/track/0A01PKpdkmjzZ0cKcjL7KP,introspective bittersweet yearning
"Peaceful Slumber Echoes, Pt. 26",Sleep Fruits Music,"Sleep Fruits Session, Vol. 7",2023-09-09,7CD5OE96oACteYHvglQDJk,https://open.spotify.com/track/7CD5OE96oACteYHvglQDJk,introspective bittersweet yearning
retrospection,"oh, the joy.","serenity, vol. ii (sleep)",2023-05-01,0Bny87YD2sE5i2EpOG1XDk,https://open.spotify.com/track/0Bny87YD2sE5i2EpOG1XDk,introspective bittersweet yearning
the bitterest tears shed over graves are for words left unsaid and deeds left undone,bluera,the bitterest tears shed over graves are for words left unsaid and deeds left undone,2024-07-08,6vTPu0ZhQnTkIvRfwtWmWo,https://open.spotify.com/track/6vTPu0ZhQnTkIvRfwtWmWo,introspective bittersweet yearning
Bittersweet,Mathew Joseph,Bittersweet,2018-12-09,0c0hTYvh1ib5yoYElBRD40,https://open.spotify.com/track/0c0hTYvh1ib5yoYElBRD40,introspective bittersweet yearning
Introspection,Ivy Ravenwood,Instrumental Harp Originals for Relaxing,2020-02-27,1WPupEboTnMQUODWBazvwl,https://open.spotify.com/track/1WPupEboTnMQUODWBazvwl,introspective bittersweet yearning
Bittersweet,Shoshana Michel,Reflection,2019-01-25,3VVSjZpic69gaxtIu03bcc,https://open.spotify.com/track/3VVSjZpic69gaxtIu03bcc,introspective bittersweet yearning
Bitter Tears,Sound Ripples,Foggy Dreams,2023-01-03,446ZxDdn2GTAeD6jxtxYMy,https://open.spotify.com/track/446ZxDdn2GTAeD6jxtxYMy,introspective bittersweet yearning
Bittersweet,Jane Leslie,Southampton Sunset,2008-12-11,1FXnisQTxJSrACkP7evwgb,https://open.spotify.com/track/1FXnisQTxJSrACkP7evwgb,introspective bittersweet yearning
Bittersweet Bossa,Walt Ruggieri,Smooth Jazzy Impressions I,2021-12-23,2Afh4NKhVuah6DrwqhgJNs,https://open.spotify.com/track/2Afh4NKhVuah6DrwqhgJNs,introspective bittersweet yearning
Bitter - Sweet,Alan Lennon,Bitter - Sweet,2019-09-03,7jbpBLIEHqBcfFBvVNeUUj,https://open.spotify.com/track/7jbpBLIEHqBcfFBvVNeUUj,introspective bittersweet yearning
Bittersweet,Medieval Lofi,"Medieval Lofi, Vol. 10",2023-03-26,1AFjJg8kCojhrs93Zw5LY4,https://open.spotify.com/track/1AFjJg8kCojhrs93Zw5LY4,introspective bittersweet yearning
Bittersweet (Part 1 - Alap),Stevin McNamara,Shanti Guitar,2010,126f9xu6JKjedVjNf2loZT,https://open.spotify.com/track/126f9xu6JKjedVjNf2loZT,introspective bittersweet yearning
Bittersweet Skyline,American Legion,Legacy Rising,2021-10-01,243golVgqAo8sINyg5cp8e,https://open.spotify.com/track/243golVgqAo8sINyg5cp8e,introspective bittersweet yearning
Bittersweet,Kevin Kern,In My Life,1999-08-24,6XYK67eHl2ROc6E0Ns2xGI,https://open.spotify.com/track/6XYK67eHl2ROc6E0Ns2xGI,introspective bittersweet yearning
Bittersweet,VIK,Phases,2018-05-11,25SGDPOpkJmyqhXjUe1KnK,https://open.spotify.com/track/25SGDPOpkJmyqhXjUe1KnK,introspective bittersweet yearning
Introspection,Spa,"Relaxing Music with Thunderstorms for Spa Music, Massage Therapy, Yoga Music, Sleeping Music, Meditation Music, Studying Music and the Best Guitar Music for Sleeping and Nature Sounds Music for Spa",2017-03-28,0Dkfelm9RGpXDtEqxCaS4D,https://open.spotify.com/track/0Dkfelm9RGpXDtEqxCaS4D,introspective bittersweet yearning
Regretful Melody,Selena Moreau,Bitter Sweet,2024-11-08,21bqhIL7pHvrRXgHEFtgKr,https://open.spotify.com/track/21bqhIL7pHvrRXgHEFtgKr,introspective bittersweet yearning
Introspection,Steven C,"The Ultimate Zen, Meditation & Spa Music",2020-03-05,4PqmySEyGYdgP0Vl3FmSFn,https://open.spotify.com/track/4PqmySEyGYdgP0Vl3FmSFn,introspective bittersweet yearning
The Lowest,Martin Gauffin,Bittersweet World,2012-01-01,4rbLMRJWF0BqFmrqWkfZe4,https://open.spotify.com/track/4rbLMRJWF0BqFmrqWkfZe4,introspective bittersweet yearning
Introduction,Ann Annie,The Wind,2024-06-07,0jDXbIYbeoeFv6JQNptwtD,https://open.spotify.com/track/0jDXbIYbeoeFv6JQNptwtD,introspective bittersweet yearning
Ambient Dreamscapes,Stardust Moon,Ambient Dreamscapes,2024-06-05,77RpcUSQQwgnpuRyc9qV0B,https://open.spotify.com/track/77RpcUSQQwgnpuRyc9qV0B,introspective bittersweet yearning
Reoccurrence - Instrumental,James Walker,Great Deceiver (Instrumentals),2022-06-17,7M4B1ArS9TycVFTMoYMtO8,https://open.spotify.com/track/7M4B1ArS9TycVFTMoYMtO8,introspective bittersweet yearning
"Whispering Nightfall Sleepy Tunes, Pt. 9",Sleep Fruits Music,"Sleep Fruits Session, Vol. 6",2023-08-29,1zSD8bCABe8v5GDWoxmh5e,https://open.spotify.com/track/1zSD8bCABe8v5GDWoxmh5e,introspective bittersweet yearning
Bittersweet Melody - Instrumental,The Heart of David,"A Weekly Journey of Love, Vol. 384 (Instrumental)",2007-05-11,4mmTvQM2xtQnoyHfHnEIG5,https://open.spotify.com/track/4mmTvQM2xtQnoyHfHnEIG5,introspective bittersweet yearning
bittersuite - instrumental,no/vox,bittersuite (instrumental),2024-05-01,2RjnNLYzBndrhnFC6cmKER,https://open.spotify.com/track/2RjnNLYzBndrhnFC6cmKER,introspective bittersweet yearning
Bittersweet,Ryan Judd,Sleep Soundly: Guitar Music for Insomnia,2014-03-31,5nt9RYmwclx0B5UoK91vjS,https://open.spotify.com/track/5nt9RYmwclx0B5UoK91vjS,introspective bittersweet yearning
Bitter Sweet Symphony,The O'Neill Brothers Group,Classic 80s: Instrumental Cello Songs,2013-05-03,1GYf4oh0A50xKWQMfml4Q6,https://open.spotify.com/track/1GYf4oh0A50xKWQMfml4Q6,introspective bittersweet yearning
Bitter Sweet Symphony,Instrumental Love Songs,Instrumental Love Songs - Gabriel's Oboe - Love Songs,2011-05-13,4agKndc3ZPttxrStMAEk4G,https://open.spotify.com/track/4agKndc3ZPttxrStMAEk4G,introspective bittersweet yearning
Bittersweet,Ros Stephen,Neo,2023-04-28,2tfz70EbvNAVmMzBabdlJ9,https://open.spotify.com/track/2tfz70EbvNAVmMzBabdlJ9,introspective bittersweet yearning
Bittersweet,Doug Hammer,Solace,2007-10-24,75FSFeReiPB91DV8w1XziX,https://open.spotify.com/track/75FSFeReiPB91DV8w1XziX,introspective bittersweet yearning
Bitterroot Valley Suite I: Water,Jim White,Swallowtail,2024-05-10,6nFT4GpvQcj1fIdEQcyj9t,https://open.spotify.com/track/6nFT4GpvQcj1fIdEQcyj9t,introspective bittersweet yearning
Introspection (Solo Rework),Richard LaBrooy,Introspection (Solo Rework),2019-05-31,55pyHLsxKonDCpT4lpgVBd,https://open.spotify.com/track/55pyHLsxKonDCpT4lpgVBd,introspective bittersweet yearning
Bittersweet,narwhal,Bittersweet,2024-05-08,2UC7lpxBXgpdi2rUBQazZv,https://open.spotify.com/track/2UC7lpxBXgpdi2rUBQazZv,introspective bittersweet yearning
Bittersweet,EllaHarp,Screaming Into The Void,2021-09-17,3Vq43zm8EhMfAvk4DzuTy6,https://open.spotify.com/track/3Vq43zm8EhMfAvk4DzuTy6,introspective bittersweet yearning
Wheel Of Emotion,Raphael Ibanez de Garayo,Bittersweet Introspection,2015-07-09,6rUFNVl6pZiYoQGci2bKyF,https://open.spotify.com/track/6rUFNVl6pZiYoQGci2bKyF,introspective bittersweet yearning
Bittersweet,Nick Box,Surprised By Oxford (Original Score),2024-10-25,1oLs0yANpAzkkhH1fR82Zy,https://open.spotify.com/track/1oLs0yANpAzkkhH1fR82Zy,introspective bittersweet yearning
Bitter Coffee,Jazz Instrumental Relax Center,"Morning Parisian Cafe: French Jazz for Better Mood, Positive Energy, Happy Day (French Accordion, Violin, Gypsy Guitar)",2021-06-09,5fqxVi1bnJSiKSHgih8vRb,https://open.spotify.com/track/5fqxVi1bnJSiKSHgih8vRb,introspective bittersweet yearning
nights with a bitter taste,like gentle rain,nights with a bitter taste,2024-10-18,5Uo3AiDrxqwRUi1ISofpWl,https://open.spotify.com/track/5Uo3AiDrxqwRUi1ISofpWl,introspective bittersweet yearning
Bittersweet - Temple One Remix,Driftmoon,Bittersweet,2014-03-10,3kTVusd9BQ30XS4It8Sd3K,https://open.spotify.com/track/3kTVusd9BQ30XS4It8Sd3K,introspective bittersweet yearning
Bittersweet,AK,Bittersweet,2025-01-24,6Dg6831lL2fMVd21yBZVr4,https://open.spotify.com/track/6Dg6831lL2fMVd21yBZVr4,introspective bittersweet yearning
Bitter Sweet Symphony,Piano Dreamland,Top 500: Rolling Stone (351-400),2021-10-29,7bfTbqfPloV9RWSyIJr1RC,https://open.spotify.com/track/7bfTbqfPloV9RWSyIJr1RC,introspective bittersweet yearning
Bittersweet Guilt - Instrumental,Kadinja,Ascendancy (Instrumental),2017-02-02,6BxLxfC1IXjTGzbkEi6U3i,https://open.spotify.com/track/6BxLxfC1IXjTGzbkEi6U3i,introspective bittersweet yearning
Bitter Sweet Symphony (Instrumental),Inertia,Oldies but Goodies (Deluxe Edition),2020-07-10,71yJ3dIgULH0h6dh7P3cvL,https://open.spotify.com/track/71yJ3dIgULH0h6dh7P3cvL,introspective bittersweet yearning
Contemporary Ambience for Daydreaming Moments,Instrumental Lobby Music,Summer Grooves,2023-07-19,2eIH8dXcJWaYwMXMlxtXuP,https://open.spotify.com/track/2eIH8dXcJWaYwMXMlxtXuP,introspective bittersweet yearning
Bitter Sweet Symphony - Instrumental,Daniele Montarulo,Bitter Sweet Symphony (Instrumental),2022-02-18,2KmKMl5wsKlF518tuhXJ67,https://open.spotify.com/track/2KmKMl5wsKlF518tuhXJ67,introspective bittersweet yearning
Bitter - Instrumental,Atmosphere,Southsiders (Instrumental Version),2014-05-05,3ZKmBNNHUahlPEX73FT9U6,https://open.spotify.com/track/3ZKmBNNHUahlPEX73FT9U6,introspective bittersweet yearning
Bittersweet,Mannheim Steamroller,Romantic Melodies,2002,0VqnJ7gG4Ax9hS85Cm35T0,https://open.spotify.com/track/0VqnJ7gG4Ax9hS85Cm35T0,introspective bittersweet yearning
Bitterroot Valley Suite II: Tree,Jim White,Swallowtail,2024-05-10,1jbetJmsFqFcAAQrjUbpYo,https://open.spotify.com/track/1jbetJmsFqFcAAQrjUbpYo,introspective bittersweet yearning
Bittersweet Aftertaste,Silent Sweeper,Bittersweet Aftertaste,2025-09-26,3BjNBwYgHwYs76YV1hkVtI,https://open.spotify.com/track/3BjNBwYgHwYs76YV1hkVtI,introspective bittersweet yearning
Bittersweet Symphony,Sandstorm,Hotel Chill Ibiza (Lounging Luscious Ibiza Grooves),2018-04-06,4DcsC6lpmUJBFoX5mhQdUH,https://open.spotify.com/track/4DcsC6lpmUJBFoX5mhQdUH,introspective bittersweet yearning
Bittersweet Symphony (Instrumental Edit) [Cardio + Running Workout Mix],Workout Music,Cardio + Running Instrumental Workout,2018-10-05,1wz6VLwOGUEwM1aYKn6oH9,https://open.spotify.com/track/1wz6VLwOGUEwM1aYKn6oH9,introspective bittersweet yearning
Bitter Sweet,Jochen Schlierkamp,"Relaxing Piano Music - Gemafreie Klaviermusik Vol. 4 - Musik für Entspannung, Stressabbau und Trauerbewältigung",2018-09-16,1oAiqpbCzWrPflsEVg0c4t,https://open.spotify.com/track/1oAiqpbCzWrPflsEVg0c4t,introspective bittersweet yearning
Bittersweet,MythrodakOST,Gladiator Pit (Original Score),2022-12-17,1inAwHwTgFmJ2Dm1YZ1U2g,https://open.spotify.com/track/1inAwHwTgFmJ2Dm1YZ1U2g,introspective bittersweet yearning
Bitter Sweet Symphony (The Verve),Instrumental Music Songs,Movie Songs - Instrumental Music,2010-10-26,7i6TVuPico1OZc9fhL0ypr,https://open.spotify.com/track/7i6TVuPico1OZc9fhL0ypr,introspective bittersweet yearning
Bittersweet,Spyro Gyra,Carnaval,1980-01-01,7IGrMDnnAsRb444h1LIgnc,https://open.spotify.com/track/7IGrMDnnAsRb444h1LIgnc,introspective bittersweet yearning
Intro,Ryan Farish,Bloom,2010-03-10,1G17y59hfCvVwuXF70VXaZ,https://open.spotify.com/track/1G17y59hfCvVwuXF70VXaZ,introspective bittersweet yearning
Bittersweet Dee and Bee,The Gee J,The Cold Hymns (Original TDX Soundtrack),2024-12-25,0KU0D62t4LDgiJ8kInx3p4,https://open.spotify.com/track/0KU0D62t4LDgiJ8kInx3p4,introspective bittersweet yearning
Being Bad,Bitter:Sweet,The Break Up,2010-12-28,0bO4IYc9nqw3Ao4wuPuEJO,https://open.spotify.com/track/0bO4IYc9nqw3Ao4wuPuEJO,introspective bittersweet yearning
Nostalgic Recollections,Calm Music,1 Ambient Night: Honey Drift Atlas,2025-05-09,13KpgUk3FrpiIHg1mlefve,https://open.spotify.com/track/13KpgUk3FrpiIHg1mlefve,introspective bittersweet yearning
Bitter Aftertaste,Coffeehouse Instrumental Beats,Coffeehouse Instrumental Beats,2021-10-23,6Uo6zW1CCdYsB2LM0gt8vh,https://open.spotify.com/track/6Uo6zW1CCdYsB2LM0gt8vh,introspective bittersweet yearning
Bitter Sweet,Interstellar,Pleiades,2017-07-24,0P784hpreKR2qTFPAppua1,https://open.spotify.com/track/0P784hpreKR2qTFPAppua1,introspective bittersweet yearning
Bittersweet Nostalgia,driftive dreams,"MALLSOFT VAPORWAVE, Vol. 02",2025-09-05,2eZniIjaO15d32oUCcUHFB,https://open.spotify.com/track/2eZniIjaO15d32oUCcUHFB,introspective bittersweet yearning
Bittersweet - TV Size Instrumental,Nakanojojo,First Season,2018-07-14,0BpJzGchp0J51C1qqPhhDQ,https://open.spotify.com/track/0BpJzGchp0J51C1qqPhhDQ,introspective bittersweet yearning
Bittersweet,4Cellist,Bittersweet,2016-11-01,5qwXeMwr3epANzrdS2jt1l,https://open.spotify.com/track/5qwXeMwr3epANzrdS2jt1l,introspective bittersweet yearning
Bittersweet Cappuccino,Piano Jazz Background Music Masters,November Jazz Playlist: Café Background Music for Cozy Autumn Mornings,2021-11-18,66i4jJRLQkSiKqhM6mrMPa,https://open.spotify.com/track/66i4jJRLQkSiKqhM6mrMPa,introspective bittersweet yearning
Bittersweet,Rose McDowall,FAR FROM THE APPLE TREE: Original Music Soundtrack from the film by Grant McPhee,2019-11-08,6J1dGPkMYxQqTbpT7wm1gV,https://open.spotify.com/track/6J1dGPkMYxQqTbpT7wm1gV,introspective bittersweet yearning
Bitter Heart - Instrumental Version,Memi,Bitter Heart,2018-11-23,1bX4jqJplSGsKA3scSrXhP,https://open.spotify.com/track/1bX4jqJplSGsKA3scSrXhP,introspective bittersweet yearning
Bitterroot Valley Suite III: Wind,Jim White,Swallowtail,2024-05-10,1aWgoKast5KKqIufTz8VrO,https://open.spotify.com/track/1aWgoKast5KKqIufTz8VrO,introspective bittersweet yearning
Bittersweet Thoughts,Christophe Gorman,Young Voices,2011-11-18,00nOdJucLIuT2quSzhs6PE,https://open.spotify.com/track/00nOdJucLIuT2quSzhs6PE,introspective bittersweet yearning
bittersweet,eevee,bittersweet,2024-10-25,72hXYyIO5qk6x1MoF2r2Lq,https://open.spotify.com/track/72hXYyIO5qk6x1MoF2r2Lq,introspective bittersweet yearning
Ambition's Ambient Airwaves,Teres,Music to Enhance Focus and Productivity at Work,2023-09-21,1nyWHH4Crbz5nSLwyjcO3M,https://open.spotify.com/track/1nyWHH4Crbz5nSLwyjcO3M,introspective bittersweet yearning
bittersweet victory music,feasley,Going Under OST,2020-12-29,5S5u1QE58GjH1qMXL4poMk,https://open.spotify.com/track/5S5u1QE58GjH1qMXL4poMk,introspective bittersweet yearning
Bittersweet,7&Nine,Bittersweet,2023-06-09,3EhJ34gT55Xi8kKJH8WEdx,https://open.spotify.com/track/3EhJ34gT55Xi8kKJH8WEdx,introspective bittersweet yearning
Bitterness,Helios Jazz Club,Jazzy Cafe,2023-03-28,4diCYw9Mc7s1Kgc5yeHRrf,https://open.spotify.com/track/4diCYw9Mc7s1Kgc5yeHRrf,introspective bittersweet yearning
Bitter Sip,Periwinkle,Bitter Sip,2023-01-03,4GwIQCkUuTPvUOluJzMAHx,https://open.spotify.com/track/4GwIQCkUuTPvUOluJzMAHx,introspective bittersweet yearning
Bittersweet Epilogue,Eric Chevalier,Meditative Piano,2019-09-24,4Ctn0IaKAjVRg5RFaTgIS5,https://open.spotify.com/track/4Ctn0IaKAjVRg5RFaTgIS5,introspective bittersweet yearning
bittersweet - Instrumental,Fallen Roses,Sobrepensando,2022-10-14,0uDTJGZQ9sn3F5UoCuYUD7,https://open.spotify.com/track/0uDTJGZQ9sn3F5UoCuYUD7,introspective bittersweet yearning
Bittersweet,Frozen Silence,Bittersweet,2023-11-17,2n49SIoeNiSIuCufOuYsle,https://open.spotify.com/track/2n49SIoeNiSIuCufOuYsle,introspective bittersweet yearning
Bittersweet,Lucente Skye,Discovering Peace,2024-08-09,0AAIuvp9bM4ub7c2mMbmwD,https://open.spotify.com/track/0AAIuvp9bM4ub7c2mMbmwD,introspective bittersweet yearning
Bittersweet Memory,Edvard Kravchuk,Bittersweet Memory,2023-06-16,3j8Yy9zgwkDz5mTzONpidj,https://open.spotify.com/track/3j8Yy9zgwkDz5mTzONpidj,introspective bittersweet yearning
Soft Sweetness,Instrumental Jazz Music Ambient,Restaurant Melodies: Slow Piano Bar,2019-04-18,2RuLUZ48aKoGtMaZF2w6jT,https://open.spotify.com/track/2RuLUZ48aKoGtMaZF2w6jT,introspective bittersweet yearning
Bittersweet Sonata,Lofi Classical Lab,City Focus Nights,2025-11-03,6uyjN70OCbawMjDhjmkOpx,https://open.spotify.com/track/6uyjN70OCbawMjDhjmkOpx,introspective bittersweet yearning
Bittersweet,Chasing Reverbs,Bittersweet,2024-06-07,0CFqsRKdIPH2pwoFYJ74Xf,https://open.spotify.com/track/0CFqsRKdIPH2pwoFYJ74Xf,introspective bittersweet yearning
BitterSweet - Original Instrumental,ClayDough,Key Player,2025-11-03,0S8nXxh9aYLg8pMUOgR5Z9,https://open.spotify.com/track/0S8nXxh9aYLg8pMUOgR5Z9,introspective bittersweet yearning
Bittersweet Symphony,Natalie Vedeneeva,Bittersweet Symphony,2024-03-29,0OLUdkezvRPc6MB1bKe0Fe,https://open.spotify.com/track/0OLUdkezvRPc6MB1bKe0Fe,introspective bittersweet yearning
Bittersweet Song,Classical Study Music,"Classical Study Music, Vol. 2",2013-06-06,1ELcDtvrN8akwXv4zmF9hq,https://open.spotify.com/track/1ELcDtvrN8akwXv4zmF9hq,introspective bittersweet yearning
Bittersweet Symphony,Raphael Blake,Melancholy Piano Songs,2020-09-03,6gOP1iD4EvUT0t9rEqkJDA,https://open.spotify.com/track/6gOP1iD4EvUT0t9rEqkJDA,introspective bittersweet yearning
Bitter Hypnotic,Ancient Astronauts,Into Bass and Time,2016,4krNR14yD68ol4Cvj5Mwgq,https://open.spotify.com/track/4krNR14yD68ol4Cvj5Mwgq,introspective bittersweet yearning
Bittersweet Reel,Chris Thile,Instrumental Bluegrass - Mandolin,2012-09-04,62Za0CpmWi3nw8DlSbA1rU,https://open.spotify.com/track/62Za0CpmWi3nw8DlSbA1rU,introspective bittersweet yearning
Bitter Sweet Goodbye,Linnea Blomquist,Forever,2023-09-22,3CIc2mkpQepTepZbngpm3a,https://open.spotify.com/track/3CIc2mkpQepTepZbngpm3a,introspective bittersweet yearning
Bittersweet Words,Grahm Nesbitt,Garden Story (Original Soundtrack),2021-08-13,12NzOoWvPc0FGyKNc38EgE,https://open.spotify.com/track/12NzOoWvPc0FGyKNc38EgE,introspective bittersweet yearning
Bitter Coffee,Bonjour French Jazz,Morning Paris Cafe,2024-08-08,6ogdtL1RKtpzzsyKcNbHq1,https://open.spotify.com/track/6ogdtL1RKtpzzsyKcNbHq1,introspective bittersweet yearning
Remember Me,Sid Acharya,It's a Bittersweet Life (Original Short Film Soundtrack),2019-12-06,40NaOh0Btb4RmH9Ip6NhH7,https://open.spotify.com/track/40NaOh0Btb4RmH9Ip6NhH7,introspective bittersweet yearning
Bittersweet Poem,Piano Melancolía,"Piano Dreamland – Romantic Melodies for Relaxation, Deep Sleep, Spa, Stress Relief, Wellness, Meditation, Yoga and Health",2013-09-02,5Kj0cLne4MeH3L1TrllR3y,https://open.spotify.com/track/5Kj0cLne4MeH3L1TrllR3y,introspective bittersweet yearning
Bitter Sweet - Instrumental,Sopor Aeternus & The Ensemble Of Shadows,Sanatorium Altrosa,2008-10-31,1YVSPS5rzNBiOHZk0ztM7W,https://open.spotify.com/track/1YVSPS5rzNBiOHZk0ztM7W,introspective bittersweet yearning
Bittersweet,Programination,Bittersweet,2014,3lLT1m0IVoK2qs6TgpcC0C,https://open.spotify.com/track/3lLT1m0IVoK2qs6TgpcC0C,introspective bittersweet yearning
Bittersweet,Ian Wong,Bittersweet,2022-08-26,23LG8u3vtr3AhxGhOM3ukW,https://open.spotify.com/track/23LG8u3vtr3AhxGhOM3ukW,introspective bittersweet yearning
Bittersweet Expectations,drm.cst,Bittersweet Expectations,2024-11-29,4XngdWi29msy43AR0ck41W,https://open.spotify.com/track/4XngdWi29msy43AR0ck41W,introspective bittersweet yearning
Heaven,Bitter:Sweet,The Mating Game,2006-04-04,3qh5EkwzNmzAxtJqp4MPlt,https://open.spotify.com/track/3qh5EkwzNmzAxtJqp4MPlt,introspective bittersweet yearning
Floating (Emotional Piano Instrumental),Moesync,Melting (Emotional Piano Instrumentals),2024-10-06,0Msr3sh0kAPxGpaujmatZj,https://open.spotify.com/track/0Msr3sh0kAPxGpaujmatZj,introspective bittersweet yearning
Bittersweet Immersion - Radio Edit,Melotonix,Lost In You,2024-12-24,6EZ2ePaSdewgAlGWHaJI2a,https://open.spotify.com/track/6EZ2ePaSdewgAlGWHaJI2a,introspective bittersweet yearning
Introspection,Mythos,Mythos,1998-02-08,5VieCvY4S3xVrhZ1f3UmTB,https://open.spotify.com/track/5VieCvY4S3xVrhZ1f3UmTB,introspective bittersweet yearning
Our Memories (Bittersweet Version),Jordy Chandra,Our Memories,2022-09-14,31DWeIUJ35SKZ7TSTXK105,https://open.spotify.com/track/31DWeIUJ35SKZ7TSTXK105,introspective bittersweet yearning
Bittersweet,CrusaderBeach,Piano Perspectives,2022-08-19,5uUSiQgDi31Nl2eBEvi1J4,https://open.spotify.com/track/5uUSiQgDi31Nl2eBEvi1J4,introspective bittersweet yearning
Bitter Sweet Symphony (Piano),Wandinho Nonato,Bitter Sweet Symphony (Piano),2024-08-07,7cBmUksYA7VCG8ho6ZFILJ,https://open.spotify.com/track/7cBmUksYA7VCG8ho6ZFILJ,introspective bittersweet yearning
In Bittersweet Winter,Laurence Juber,Winter Guitar,1999-11-12,6fMIqpBllFm1rWakZAJtdk,https://open.spotify.com/track/6fMIqpBllFm1rWakZAJtdk,introspective bittersweet yearning
Drama,Bitter:Sweet,Drama,2008-03-06,4Q6SdlS8K4yij6XEwjtS7g,https://open.spotify.com/track/4Q6SdlS8K4yij6XEwjtS7g,introspective bittersweet yearning
BITTERSUITE - Piano Version,Peaceful Noise,HIT ME HARD AND SOFT (Piano Instrumental),2024-05-23,0KttGjeVEZC0bOZtN7KIGl,https://open.spotify.com/track/0KttGjeVEZC0bOZtN7KIGl,introspective bittersweet yearning
Bittersweet Memories,Shwamp,Fluide,2022-03-04,04hSNdh4cuzaPgDNsNprFv,https://open.spotify.com/track/04hSNdh4cuzaPgDNsNprFv,introspective bittersweet yearning
A Moment,Bitter:Sweet,Drama,2008-03-06,1jcuqaGLEJ9RmpSKwLWQll,https://open.spotify.com/track/1jcuqaGLEJ9RmpSKwLWQll,introspective bittersweet yearning
Bitter Tears,Tido Kang,Flying Petals,2019-11-14,6olzOa9HHJokhS24Y8xYrb,https://open.spotify.com/track/6olzOa9HHJokhS24Y8xYrb,introspective bittersweet yearning
Stay,Bitter:Sweet,Baby Is Back (Deluxe Version),2025-08-27,7FCytMpBXIUXuR7yWbnWOh,https://open.spotify.com/track/7FCytMpBXIUXuR7yWbnWOh,introspective bittersweet yearning
bittersweet,Helios Relaxing Space,solitude,2023-05-24,5egosex7IBx9WNwjfLynN9,https://open.spotify.com/track/5egosex7IBx9WNwjfLynN9,introspective bittersweet yearning
Introspective,Violins,"Relaxing String Quartet for Sleep, Insomnia, Meditation, Study",2021-12-16,56R6WDlmcbHQiWPOybZVqj,https://open.spotify.com/track/56R6WDlmcbHQiWPOybZVqj,introspective bittersweet yearning
Looking Back,Jasmine Jazz,The Bittersweet Countdown,2021-06-26,4gUFwUOREwSr74SoGhqMau,https://open.spotify.com/track/4gUFwUOREwSr74SoGhqMau,introspective bittersweet yearning
Bittersweet Farewell,Scott McClelland,Bittersweet Farewell,2019-01-18,5rKMQoY5Omwj4Ow0JtDArC,https://open.spotify.com/track/5rKMQoY5Omwj4Ow0JtDArC,introspective bittersweet yearning
Bittersweet,TAKESY,Bittersweet,2024-04-01,3mDzHmTTLnV1Ygu4tesWkX,https://open.spotify.com/track/3mDzHmTTLnV1Ygu4tesWkX,introspective bittersweet yearning
December 24 - Frost's Bitter Grip,Lawrence English,The Peregrine,2015-03-30,5eKxwHyZzqiTvTqyJMleC0,https://open.spotify.com/track/5eKxwHyZzqiTvTqyJMleC0,introspective bittersweet yearning
bittersweet,Cozy Nordic,raining in stockholm,2023-04-16,53xZx2UyQIM6DDfvbMiHyw,https://open.spotify.com/track/53xZx2UyQIM6DDfvbMiHyw,introspective bittersweet yearning
Bittersweet Symphony Piano Arrangement,Joshua Piper,Bittersweet Symphony Piano Arrangement,2020-08-10,1eA9aSlHOD82kci3wKdXF1,https://open.spotify.com/track/1eA9aSlHOD82kci3wKdXF1,introspective bittersweet yearning
Ambient Waves for Dreaming,Sleep Fruits Music,Calm Sleep Music Collection,2023-08-11,4dtkIWEmM9p5ehB3kSqJqC,https://open.spotify.com/track/4dtkIWEmM9p5ehB3kSqJqC,introspective bittersweet yearning
Bitter Sweet,Coffee Shop Vibes,Pour Over Dreams and City Streets,2025-08-15,08SJppNKkB1oCHY4wD1xTz,https://open.spotify.com/track/08SJppNKkB1oCHY4wD1xTz,introspective bittersweet yearning
bittersweet,aimless,bittersweet,2017-08-04,54461L5JXqrxsvCoI9HrVC,https://open.spotify.com/track/54461L5JXqrxsvCoI9HrVC,introspective bittersweet yearning
Entrance,Ambient Avenue,"Ambient Avenue, Vol. 2",2021-05-14,2LYjdlaHVN8yvvtkBFageP,https://open.spotify.com/track/2LYjdlaHVN8yvvtkBFageP,introspective bittersweet yearning
Introspection,Peaceful Piano Keys,Piano Peace,2022-05-30,38E4WCni3ZORpMJWPdHDtA,https://open.spotify.com/track/38E4WCni3ZORpMJWPdHDtA,introspective bittersweet yearning
Romantic Piano Ambient,Soft Jazz Mood,"Fancy Night Bar: Background Jazz Music, Soft Instrumental Jazz, Bar Lounge Jazz",2022-03-17,0EejJzM6XV81kMAB2CThwe,https://open.spotify.com/track/0EejJzM6XV81kMAB2CThwe,introspective bittersweet yearning
Bitter Sweet Symphony,Diamond String Orchestra,90s Indie Classics,2020-04-17,389FNCKAFMTNeYKUeMkzaz,https://open.spotify.com/track/389FNCKAFMTNeYKUeMkzaz,introspective bittersweet yearning
Bitter Tea,Duan Ling Tian,Living A Life In Moments,2022-04-15,1A4aK03iD1ZrlrVuBN1xqv,https://open.spotify.com/track/1A4aK03iD1ZrlrVuBN1xqv,introspective bittersweet yearning
Bittersweet,Noise Next Door,Bittersweet,2025-09-19,7G0UcgvQk7lKt13OkLQSby,https://open.spotify.com/track/7G0UcgvQk7lKt13OkLQSby,introspective bittersweet yearning
Ambient Landscapes - Extended Version,Setl,Ambient Landscapes Extended,2023-05-07,47NoGYcMBGrGB74QGEEYiE,https://open.spotify.com/track/47NoGYcMBGrGB74QGEEYiE,introspective bittersweet yearning
"Musical Ambient Melodies for Peaceful Thoughts, Pt. 28",Quiet Meditation Music,Sweet Redemption,2022-07-22,4CudKJMbw24Qh5LuwNtRvG,https://open.spotify.com/track/4CudKJMbw24Qh5LuwNtRvG,introspective bittersweet yearning
Intro,Alex Lustig,Fate,2022-10-07,3W5vbBJc9ZIouJaatZxLdU,https://open.spotify.com/track/3W5vbBJc9ZIouJaatZxLdU,introspective bittersweet yearning
Bitter with the Sweet - Instrumental,Piano Dreamers,Piano Dreamers Perform Carole King (Instrumental),2025-04-11,1U5fPuSmlhE1fNqVhS7bAQ,https://open.spotify.com/track/1U5fPuSmlhE1fNqVhS7bAQ,introspective bittersweet yearning
bittersweet,IKSRE,bittersweet,2024-06-14,0xgvj46Ww85vk2cM4D3Bii,https://open.spotify.com/track/0xgvj46Ww85vk2cM4D3Bii,introspective bittersweet yearning
Bittersweet Goodbye,Jean-Philippe Ichard,Emotion - Heartwarming Orchestra,2019-06-23,2UX5Tw6Pfg0w92HZ2dG0pt,https://open.spotify.com/track/2UX5Tw6Pfg0w92HZ2dG0pt,introspective bittersweet yearning
Introspect - Instrumental,Johari,Yūrei (Instrumental),2022-03-23,4iBjYSykzCxjj4FidrgKkI,https://open.spotify.com/track/4iBjYSykzCxjj4FidrgKkI,introspective bittersweet yearning
Bittersweet Memories,Hyggelig,Melancholy Echoes,2024-06-05,0miDklveYDoWcPlzN0PxQE,https://open.spotify.com/track/0miDklveYDoWcPlzN0PxQE,introspective bittersweet yearning
Bittersweet Freedom,Epifania,Sojourn,2024-02-19,5avfb3XB882PBRcPFR1e6K,https://open.spotify.com/track/5avfb3XB882PBRcPFR1e6K,introspective bittersweet yearning
Ambient Awakening,Office Instrumental Music,Well-being,2024-08-13,5ZgSoZzqckPAMSvXRYIxOT,https://open.spotify.com/track/5ZgSoZzqckPAMSvXRYIxOT,introspective bittersweet yearning
Introspection,Niclas Lundqvist,Explorations,2023-11-10,25N1WHqbdRxoeMf6PdD6nc,https://open.spotify.com/track/25N1WHqbdRxoeMf6PdD6nc,introspective bittersweet yearning
Bitter Acceptance,Packtion,Rotten Apples (Original Animation Soundtrack),2021-07-19,21Xx5AYjQPjStXaoLnEnBj,https://open.spotify.com/track/21Xx5AYjQPjStXaoLnEnBj,introspective bittersweet yearning
Background Ambient Sleep Music,Sleeping Music Experience,Relaxing Deep Sleep: Peaceful Nature Music to Help Me Fall Asleep,2023-01-26,4ARsDnTys0TSB5kI5HJdyC,https://open.spotify.com/track/4ARsDnTys0TSB5kI5HJdyC,introspective bittersweet yearning
Introspection of an Introvert,Marc Rizzo,Colossal Myopia,2005-08-02,7uc3tUBS4PMWifZt9xBajC,https://open.spotify.com/track/7uc3tUBS4PMWifZt9xBajC,introspective bittersweet yearning
Bitter Sweet Symphony - Relaxation,Calmara Garden,Bitter Sweet Symphony (Relaxation),2025-08-08,7DKIqGEQzHlWNiPFnPmvVw,https://open.spotify.com/track/7DKIqGEQzHlWNiPFnPmvVw,introspective bittersweet yearning
Soft Ambient Chill - Instrumental Chill,Gaming Music,Chill Music For Gaming Background BGM (Chill Gaming Music BGM),2022-11-18,0WpXbWMKwccAYNGxYH2JSz,https://open.spotify.com/track/0WpXbWMKwccAYNGxYH2JSz,introspective bittersweet yearning
Beautiful Ambient Cinematic Emotional,Romansenykmusic,Soft Cinematic Soundtracks,2020-03-19,0fA7ULakndESrgGw7QYHY4,https://open.spotify.com/track/0fA7ULakndESrgGw7QYHY4,introspective bittersweet yearning
Bittersweet Symphony - Lofi Cover,Lofi Beats,Smooth Chill Out and Lounge Sounds,2023-03-23,1mZTDbULkdzAjoJZiJynR5,https://open.spotify.com/track/1mZTDbULkdzAjoJZiJynR5,introspective bittersweet yearning
Introspection,Phaeleh,Soma,2021-10-22,32186gtuop11hFbUa3PRxM,https://open.spotify.com/track/32186gtuop11hFbUa3PRxM,introspective bittersweet yearning
Reflection,Intrusion,The Seduction of Silence,2010-11-22,6v0kHTMbjh3z5V9CjzgU7U,https://open.spotify.com/track/6v0kHTMbjh3z5V9CjzgU7U,introspective bittersweet yearning
Intro,Phelian,Luna,2017-06-04,0X7UgbuGbTyqP57olanOee,https://open.spotify.com/track/0X7UgbuGbTyqP57olanOee,introspective bittersweet yearning
Bittersweet Dub,Masatomo Yoshizawa,Guitar Blend,2021-12-22,1LqaiP5Uy4MOpFkvEc9fI6,https://open.spotify.com/track/1LqaiP5Uy4MOpFkvEc9fI6,introspective bittersweet yearning
A Bittersweet Evening,NyKuo,Fairytale Nightfall,2024-12-02,7gOrlqjYOSguXp3Mo8BgW4,https://open.spotify.com/track/7gOrlqjYOSguXp3Mo8BgW4,introspective bittersweet yearning
BitterSweet,ParadiseLost,BitterSweet,2017-01-27,1GMZrV7CagrOyrx38cjFq1,https://open.spotify.com/track/1GMZrV7CagrOyrx38cjFq1,introspective bittersweet yearning
Jazz Tune Bitter-Sweet,Jazz Food,Burger Bar Background America Jazz,2020-07-25,7Jjua2pKqAv2ee11Vp26J7,https://open.spotify.com/track/7Jjua2pKqAv2ee11Vp26J7,introspective bittersweet yearning
Bittersweet,Bahwee,Flavors 2,2012-05-28,0BJpZSxCJQ079QIartmw1G,https://open.spotify.com/track/0BJpZSxCJQ079QIartmw1G,introspective bittersweet yearning
Bittersweet,Punch Deck,Bittersweet,2021-10-06,7rw6jk9eqwYOsHLu30AP3F,https://open.spotify.com/track/7rw6jk9eqwYOsHLu30AP3F,introspective bittersweet yearning
Ambient Guitar Sleep Music,Deep Sleep Music Collective,"Sweet Dreams: Sleep Soundly, Peacefully and All Night Long",2023-01-06,12prYVHnSnWywoGpIffLyJ,https://open.spotify.com/track/12prYVHnSnWywoGpIffLyJ,introspective bittersweet yearning
Bitter Sweet Symphony (2 Violins & Guitar),Stringspace,Kissing You: The 90s String Collection,2022-10-20,0Kag6XLOMhOfMaViXEsONO,https://open.spotify.com/track/0Kag6XLOMhOfMaViXEsONO,introspective bittersweet yearning
Introspective,Afternoon In Stereo,Introspective,2023-01-06,7mrKIMzzQs7bBZhK9pWh55,https://open.spotify.com/track/7mrKIMzzQs7bBZhK9pWh55,introspective bittersweet yearning
Sweetness,Ambient,Ambient Dreamscapes,2022-03-05,7dAk9fg0l3ypIJMX6LaeGx,https://open.spotify.com/track/7dAk9fg0l3ypIJMX6LaeGx,introspective bittersweet yearning
Bittersweet Devotion,LARAK,Bittersweet Devotion,2025-09-28,7nlyW2F9oLAdeDcqOf1Fl2,https://open.spotify.com/track/7nlyW2F9oLAdeDcqOf1Fl2,introspective bittersweet yearning
Bittersweet,Shuko,Bittersweet,2023-03-17,1fEnIPNVElrv4yYviTjwJa,https://open.spotify.com/track/1fEnIPNVElrv4yYviTjwJa,introspective bittersweet yearning
Introspection 2 - fluit en piano,Rogier Van Otterloo,Dolce Vita,2014,2286foj75hy31H75c2CMbR,https://open.spotify.com/track/2286foj75hy31H75c2CMbR,introspective bittersweet yearning
Photograph - Ambient Piano Instrumental,Cozy Koala,Photograph - Ambient Piano Instrumental,2022-09-23,3R8BhP8zHh6zqmbSOADf7G,https://open.spotify.com/track/3R8BhP8zHh6zqmbSOADf7G,introspective bittersweet yearning
Ambient Music Sleep Aid,Sweet Dreams Universe,"Deep Sleep Music: Relaxing Piano and Rain Sounds Sleep Aid, Calm Music For Sleep and Sleeping Music For Sleeping",2019-06-10,2Sgf4mZtg8VfpQkuC0xLfS,https://open.spotify.com/track/2Sgf4mZtg8VfpQkuC0xLfS,introspective bittersweet yearning
Bittersweet,Fanizza,Bittersweet,2020-02-14,5jmxDKvknLj0aDW1zBUJr6,https://open.spotify.com/track/5jmxDKvknLj0aDW1zBUJr6,introspective bittersweet yearning
Bitter Harvest,Novemthree,Storms of Memory,2021-11-26,6xGwHkbMGxhpnAcczPXOrm,https://open.spotify.com/track/6xGwHkbMGxhpnAcczPXOrm,introspective bittersweet yearning
Inspirational,Jazz Instrumental Relax Center,Restaurant Melodies: Slow Piano Bar,2019-04-18,3NFh8QCKyrQlnrcf20yd4j,https://open.spotify.com/track/3NFh8QCKyrQlnrcf20yd4j,introspective bittersweet yearning
Bittersweet,The Music Bakery,"Acoustic Ambient, Set 6",2021-09-09,4lgjMidl3vRRY6QWok70yW,https://open.spotify.com/track/4lgjMidl3vRRY6QWok70yW,introspective bittersweet yearning
Bitter Yam,Instrumental Resonance,"Instrumental African, Vol. 1 (Southern Lights)",2025-09-22,0RQzJq8e1YAsmxKhXAvA97,https://open.spotify.com/track/0RQzJq8e1YAsmxKhXAvA97,introspective bittersweet yearning
Bittersweet Flight,Survival Spheres,Selection 8 (Save Room Ambience),2024-02-03,2ZEodrzvQRXk0lH4TlfUU6,https://open.spotify.com/track/2ZEodrzvQRXk0lH4TlfUU6,introspective bittersweet yearning
Sweet Bitterness,Restaurant Background Music Academy,"Dinner Songs: Restaurant Music, Enjoy Dining with Instrumental Jazz Music, Dinner Jazz Background",2023-05-04,7ML52UJeOt7kzfQIU1QRWU,https://open.spotify.com/track/7ML52UJeOt7kzfQIU1QRWU,introspective bittersweet yearning
Introspection,Emotive Grey,Grey Unknown - EP,2021-04-30,2p4PtLOcOdSC7RNuvUYm2R,https://open.spotify.com/track/2p4PtLOcOdSC7RNuvUYm2R,introspective bittersweet yearning
Introspeccion (Instrumental),Elevate,Dharma (Instrumental),2019-01-25,788MjBtpqJlPnKeAeVRpNJ,https://open.spotify.com/track/788MjBtpqJlPnKeAeVRpNJ,introspective bittersweet yearning
Introspection,Peace Music,Introspection,2023-10-06,0LFh0oXr1N9EIOZkrR8YQ6,https://open.spotify.com/track/0LFh0oXr1N9EIOZkrR8YQ6,introspective bittersweet yearning
Bittersweet Poem - Revisited,Piano Melancolía,Bittersweet Poem (Revisited),2022-09-16,06ApQr61U1s0I2TD7Fm8Ng,https://open.spotify.com/track/06ApQr61U1s0I2TD7Fm8Ng,introspective bittersweet yearning
Bittersweet,Korey Wade,This Was a Good Year,2023-12-22,3ge3oT3xd3uiT4W8iTQvoN,https://open.spotify.com/track/3ge3oT3xd3uiT4W8iTQvoN,introspective bittersweet yearning
Bitter Sweet,Mondo Loops,Bitter Sweet,2024-04-12,4z6wUTPg5jyXj6FEmgakHM,https://open.spotify.com/track/4z6wUTPg5jyXj6FEmgakHM,introspective bittersweet yearning
Ambient Music For Sleeping,Sleeping Music Experience,Relaxing Deep Sleep: Peaceful Nature Music to Help Me Fall Asleep,2023-01-26,70ksn4s9P4gq64bo2WZUSM,https://open.spotify.com/track/70ksn4s9P4gq64bo2WZUSM,introspective bittersweet yearning
Introspection - Calm's Outerspect Mix,Jazzanova,Remixed,2003-05-05,5SzIQrYEW48uZfoXdCatDg,https://open.spotify.com/track/5SzIQrYEW48uZfoXdCatDg,introspective bittersweet yearning
Introspecs,Gregg Karukas,Sound Of Emotion,1996-01-01,4LqqZZKnKU9rns5NYaWCV3,https://open.spotify.com/track/4LqqZZKnKU9rns5NYaWCV3,introspective bittersweet yearning
Introspection Section,Tommy Guerrero,Loose Grooves & Bastard Blues,1998,1a3YcI7W9tqdghq4V1ITde,https://open.spotify.com/track/1a3YcI7W9tqdghq4V1ITde,introspective bittersweet yearning
Piano Ambient Sleep,Piano Melody Zone,Dream Whispers: Piano Music for Work,2025-06-27,5pie8cIFYm8jeR9UPwsi1c,https://open.spotify.com/track/5pie8cIFYm8jeR9UPwsi1c,introspective bittersweet yearning
Introspection,Norman Dück,A Fleeting Memory,2023-11-10,4bWiwkS0zRWrvzcF8Alwn3,https://open.spotify.com/track/4bWiwkS0zRWrvzcF8Alwn3,introspective bittersweet yearning
Vintage Music for Daydreaming Moments,Instrumental Lobby Music,Summer Rhythms,2023-07-13,24mqdtRwVHzE6ijd8dwhek,https://open.spotify.com/track/24mqdtRwVHzE6ijd8dwhek,introspective bittersweet yearning
Inspiring Ambient,Dmitriy Sevostyanov,Inspiring Piano,2022-08-17,4q1GqVtnIngCMG149zduup,https://open.spotify.com/track/4q1GqVtnIngCMG149zduup,introspective bittersweet yearning
Perpetual,Snowfall Dreamscapes,Sad Ambient 2023,2023-11-03,1BVE8CXk8BkNFnSqDEZgs9,https://open.spotify.com/track/1BVE8CXk8BkNFnSqDEZgs9,introspective bittersweet yearning
Bittersweet Symphony - Acoustic,AG,Bittersweet Symphony,2022-02-18,3qSFRs0d6zYaDUVCJKtYE0,https://open.spotify.com/track/3qSFRs0d6zYaDUVCJKtYE0,introspective bittersweet yearning
Introspective Travels,Hiemal,Introspective Travels,2019-05-18,1ZiHWEV5v6XWd8sNZIDZUd,https://open.spotify.com/track/1ZiHWEV5v6XWd8sNZIDZUd,introspective bittersweet yearning
Bittersweet Ending,Tawbe,Recollection,2020-11-06,14q0puVijJiXvIzmffh61e,https://open.spotify.com/track/14q0puVijJiXvIzmffh61e,introspective bittersweet yearning
Interlude (Nostalgia),Illuminine,#2,2017-03-17,2tS6ivTLT2cTFdqfCgCfvc,https://open.spotify.com/track/2tS6ivTLT2cTFdqfCgCfvc,introspective bittersweet yearning
Introspect,Peaceful Pianos,Peaceful Piano,2008-01-05,4pHczqd3z6XrFphFiRJOmN,https://open.spotify.com/track/4pHczqd3z6XrFphFiRJOmN,introspective bittersweet yearning
Bitterness - Extended Instrumental,Pablo Moriego,ADRO Heroes,2018-07-17,1zklZkL7NcrJt3PTWDjePt,https://open.spotify.com/track/1zklZkL7NcrJt3PTWDjePt,introspective bittersweet yearning
Sweet Atmosphere,Instrumental Jazz Music Ambient,"Jazz in the Background - Soft Relaxing Collection for Cafe, Restaurant, Museum, Waiting Room & Hotel Lobby",2018-05-23,545DTZDdAQDIwxEOorSsG4,https://open.spotify.com/track/545DTZDdAQDIwxEOorSsG4,introspective bittersweet yearning
Introspection,White Sounds,High Andes Wind: Focus And Introspection,2023-01-23,1sU2UQypYXP4F0ZDhsBrHQ,https://open.spotify.com/track/1sU2UQypYXP4F0ZDhsBrHQ,introspective bittersweet yearning
Bittersweet,Knasibas,CRY,2018-04-13,1tKEFkyHGnca6RqWfEJcQj,https://open.spotify.com/track/1tKEFkyHGnca6RqWfEJcQj,introspective bittersweet yearning
Bittersweet,Dpsht,Painted Skies,2023-01-06,6QpCprfkDICS3zcONi1NFD,https://open.spotify.com/track/6QpCprfkDICS3zcONi1NFD,introspective bittersweet yearning
Inspirational Cinematic Ambient,AShamaluevMusic,Inspirational Cinematic Ambient,2018-07-16,0o07y13oIyB17Ipdp6KTVs,https://open.spotify.com/track/0o07y13oIyB17Ipdp6KTVs,introspective bittersweet yearning
Kelebek,Bittersweet,"Morning Starter, Vol. 1 (Ambient & Chill out Music)",2015-03-10,6pm0PHcbKjpBbDE3fm90JJ,https://open.spotify.com/track/6pm0PHcbKjpBbDE3fm90JJ,introspective bittersweet yearning
Nostalgic,InternalEye,Waves Of Time,2022-03-28,3OOEvW3aYXXeUxE1YvATor,https://open.spotify.com/track/3OOEvW3aYXXeUxE1YvATor,introspective bittersweet yearning
Ambient Dream Healing Frequencies,Sleep Fruits Music,Calm Sleep Music Collection,2023-08-11,17Xx5FpiY0PKFpiYUvqVVw,https://open.spotify.com/track/17Xx5FpiY0PKFpiYUvqVVw,introspective bittersweet yearning
Bitter Sweet,Charlie Haden,American Dreams,2002-01-01,425RsHCSM94iEYLavQiQyt,https://open.spotify.com/track/425RsHCSM94iEYLavQiQyt,introspective bittersweet yearning
Introspection,Astral Wonder,Introspection,2023-01-27,3fXYIxI6vlozGWuXaGITUZ,https://open.spotify.com/track/3fXYIxI6vlozGWuXaGITUZ,introspective bittersweet yearning
Introspective,Aiguille,Nuit bleue,2024-10-18,4rfZnRadlWtWBjAMp0PugO,https://open.spotify.com/track/4rfZnRadlWtWBjAMp0PugO,introspective bittersweet yearning
Bittersuite,Rob Arthur,Piano Scape,2015,0xM8lvBjwnLcqajLkrOlLs,https://open.spotify.com/track/0xM8lvBjwnLcqajLkrOlLs,introspective bittersweet yearning
Intonation Interlude,Relaxing BGM Project,Relaxing Effect BGM ~Change in Motion~,2019-09-05,7GZygYH7cMZrr8cBU0BP4M,https://open.spotify.com/track/7GZygYH7cMZrr8cBU0BP4M,introspective bittersweet yearning
Intro,Sons of Serendip,Life + Love,2017-07-14,56nhiYdAumv8c4mwqu8ZVJ,https://open.spotify.com/track/56nhiYdAumv8c4mwqu8ZVJ,introspective bittersweet yearning
Bittersweet,Vangelis Papageorgiou,Stream Of Thought (ROBA Series),2014-03-24,3mtvGx5YYNZXDdqFDSkXXP,https://open.spotify.com/track/3mtvGx5YYNZXDdqFDSkXXP,introspective bittersweet yearning
Insight (Introspection),Biosphere: Nature Sounds & Music,Infinity,2006-08-29,6h0Qziyf8RUTK9qAMSBS8o,https://open.spotify.com/track/6h0Qziyf8RUTK9qAMSBS8o,introspective bittersweet yearning
Exotic Theme • Bittersweet Aftertaste Phase 1,Robin Couwenberg,Whipped and Steamy • Cosplay Café (Original Soundtrack),2019-03-12,3hW9JfSrsSyWE4ZYnYptiE,https://open.spotify.com/track/3hW9JfSrsSyWE4ZYnYptiE,introspective bittersweet yearning
Bitter Sweet Symphony,Bobby Morganstein,The Complete Grand Entrance Volume 2 Instrumental,2011-10-27,5RAwSty4LRxjy3ZEEHlKBV,https://open.spotify.com/track/5RAwSty4LRxjy3ZEEHlKBV,introspective bittersweet yearning
All Night,Bittersweet Symphonies,Romantic Cello and Relaxing Violin Music,2016-11-30,4Oa7duRPDic4vnwHuzDSMo,https://open.spotify.com/track/4Oa7duRPDic4vnwHuzDSMo,introspective bittersweet yearning
Exotic Theme • Bittersweet Aftertaste Phase 2,Robin Couwenberg,Whipped and Steamy • Cosplay Café (Original Soundtrack),2019-03-12,1HtIs0v3wfNFHF8KW9dpfq,https://open.spotify.com/track/1HtIs0v3wfNFHF8KW9dpfq,introspective bittersweet yearning
Instrumental Atmosphere,Sleep Rain Memories,Deep Sleep Soothing Loopable Rain Sounds for a Perfect Sleep,2022-03-12,0zISyAdLrFI81PtixmCVW2,https://open.spotify.com/track/0zISyAdLrFI81PtixmCVW2,introspective bittersweet yearning
Bitter Sweet Symphony (Instrumental Track With Background Vocals)[Karaoke in the style of The Verve],Easy Karaoke Players,"Easy Instrumental Hits, Vol. 57 (Karaoke Tracks)",2009-08-13,4Zp2APD7Jx8VORFiAxaAp8,https://open.spotify.com/track/4Zp2APD7Jx8VORFiAxaAp8,introspective bittersweet yearning
Intro,Miles Kredich,Songs for Waiting,2020-02-25,3qbXUPs5rzQNhSFfM6sDcr,https://open.spotify.com/track/3qbXUPs5rzQNhSFfM6sDcr,introspective bittersweet yearning
Bittersweet,Earl Johnson,Love & Loss (Solo Piano),2025-02-14,7JozCfiBKmlut7YV1jszPH,https://open.spotify.com/track/7JozCfiBKmlut7YV1jszPH,introspective bittersweet yearning
bitter sweet symphony - instrumental,no/vox,bitter sweet symphony (instrumental),2024-12-02,5Q8lSRkl2gfet6VilufJLq,https://open.spotify.com/track/5Q8lSRkl2gfet6VilufJLq,introspective bittersweet yearning
Hammock Sunset - 432Hz,Calm Music,10 PM Dreams: Little Echo,2025-07-16,41tVy3K05ZT9tM8Tif6aJf,https://open.spotify.com/track/41tVy3K05ZT9tM8Tif6aJf,introspective bittersweet yearning
Introspection,Avyo,Introspection,2021-11-05,146Om2FJqXArzGSOdJhjLf,https://open.spotify.com/track/146Om2FJqXArzGSOdJhjLf,introspective bittersweet yearning
Bitter Sweet,bp Musik,Endless Night,2025-07-08,0TrI7YcrcomGBMdNSPRGnp,https://open.spotify.com/track/0TrI7YcrcomGBMdNSPRGnp,introspective bittersweet yearning
Bittersweet,The Aloof,Sinking,1996-05-27,49S3FwY6s6XJF1iHgX2aWU,https://open.spotify.com/track/49S3FwY6s6XJF1iHgX2aWU,introspective bittersweet yearning
Dreamy Ambient Music,Sleeping Music,"Deep Sleep Music: Soothing Piano Music for Sleeping, Calm Music Sleep Aid, Ambient Relaxation Music and Relaxing Sleeping Music",2017-08-13,0g9SmtUThn071hLDHAOFka,https://open.spotify.com/track/0g9SmtUThn071hLDHAOFka,introspective bittersweet yearning
Taurus (Instrumental),River Tiber,Dreaming Eyes (Instrumentals),2023-12-28,2YqJxKyeO7hFHjYgz7J5lN,https://open.spotify.com/track/2YqJxKyeO7hFHjYgz7J5lN,introspective bittersweet yearning
Ambient Music,Japanese Sweet Dreams Zone,"Meditation: Voice of Flute – Less Stress, More Wisdom, Transformation & Happiness, More Mindful Life, Soul Serenity",2017-06-30,4P9TYY0A6menHsIsjU7uE7,https://open.spotify.com/track/4P9TYY0A6menHsIsjU7uE7,introspective bittersweet yearning
Air,Thijs van Leer,Introspection,2015-04-14,4NoQEllswkjDiNVH7g31W6,https://open.spotify.com/track/4NoQEllswkjDiNVH7g31W6,introspective bittersweet yearning
Ceremony,Sleep Fruits Music,Meditation Sleep Music: Relaxing Frequencies,2023-09-23,6nSHzWNFCjXKrfCG6MxxOe,https://open.spotify.com/track/6nSHzWNFCjXKrfCG6MxxOe,introspective bittersweet yearning
Introspective,Incidental Music,"Tv Series Music, Vol. 4",2019-05-03,0dE6re0HcKrPqUM1DmOX0R,https://open.spotify.com/track/0dE6re0HcKrPqUM1DmOX0R,introspective bittersweet yearning
Bitter with the Sweet,Instrumental Funk,Funk Morning Session,2022-03-28,4opjkGFsGEWtn5rcnqEhAZ,https://open.spotify.com/track/4opjkGFsGEWtn5rcnqEhAZ,introspective bittersweet yearning
Ambient Inspiration,DensoMusic,Ambient Soft Corporate Collection,2022-04-25,6d4Q9xiU7MsPzrFJiXBaBR,https://open.spotify.com/track/6d4Q9xiU7MsPzrFJiXBaBR,introspective bittersweet yearning
Reflections,Jaron Takach,Bittersweet Melodies,2022-07-22,7IWJipEUcXAJThB1PU2ygq,https://open.spotify.com/track/7IWJipEUcXAJThB1PU2ygq,introspective bittersweet yearning
Heaven,Bittersweet Symphonies,Romantic Cello and Relaxing Violin Music,2016-11-30,1RhgPIbH0FWA4j0W3p6Siz,https://open.spotify.com/track/1RhgPIbH0FWA4j0W3p6Siz,introspective bittersweet yearning
Bittersweet - Alternate VIP Mix,Super Sapien,"VIP Mixes, Vol. 1",2018-12-08,4MkfVAhEufiYA04evLNaJR,https://open.spotify.com/track/4MkfVAhEufiYA04evLNaJR,introspective bittersweet yearning
A Bittersweet Moment,Death Hags,Big Grey Sun #1,2020-01-31,5qoYosaLdAV9EhYGyTtxCn,https://open.spotify.com/track/5qoYosaLdAV9EhYGyTtxCn,introspective bittersweet yearning
Inspiration Ambient,Alan Al,Instrumental,2017-01-07,1us4L9XcHORhuYGJ5BYV1N,https://open.spotify.com/track/1us4L9XcHORhuYGJ5BYV1N,introspective bittersweet yearning
Introspection of an Inquisitive Soul,Krystian Lamb,Introspection,2024-01-18,4WoHpXLuWJhnrKN1NtL3iJ,https://open.spotify.com/track/4WoHpXLuWJhnrKN1NtL3iJ,introspective bittersweet yearning
Nostalgic Smile,Ambient BGM channel,Autumn Leaves,2020-10-09,71VGBJxGlXkkHZi8JeFYH2,https://open.spotify.com/track/71VGBJxGlXkkHZi8JeFYH2,introspective bittersweet yearning
Introspective,Innerhythm,Introspective,2024-02-16,6M4lXcLU0UYTpHzkMNOdSc,https://open.spotify.com/track/6M4lXcLU0UYTpHzkMNOdSc,introspective bittersweet yearning
Reflections in the Windows,Music That Will Make You Cry,Introspective Emotional Thoughtful,2015-09-25,5wkBk3XZmovajDxmejAdjh,https://open.spotify.com/track/5wkBk3XZmovajDxmejAdjh,introspective bittersweet yearning
Bittersweet,Louis Landon,Solo Piano for Peace,2009-04-14,5AZ75yyFjtA2hTeSFH7frg,https://open.spotify.com/track/5AZ75yyFjtA2hTeSFH7frg,introspective bittersweet yearning
Insights Just Trying to See,White Noise for Baby,Affectionate Amble,2024-03-11,2KHEW1BvVpxwygAZimol9l,https://open.spotify.com/track/2KHEW1BvVpxwygAZimol9l,introspective bittersweet yearning
A REM Revelation,Calm Music,10 PM Dreams: Little Echo,2025-07-16,0fEIWrYc2pZneexYlVP39L,https://open.spotify.com/track/0fEIWrYc2pZneexYlVP39L,introspective bittersweet yearning
Intention,Sleep Fruits Music,Meditation Sleep Music: Relaxing Frequencies,2023-09-23,3aoLgym4A8zTpoXmEvzlLB,https://open.spotify.com/track/3aoLgym4A8zTpoXmEvzlLB,introspective bittersweet yearning
Nostalgic Autumn Jazz,Coffee Lounge Collection,November Jazz Playlist: Café Background Music for Cozy Autumn Mornings,2021-11-18,1F2Ee5B9PynDRANBfotoh8,https://open.spotify.com/track/1F2Ee5B9PynDRANBfotoh8,introspective bittersweet yearning
Reflection,Sleep Fruits Music,Meditation Sleep Music: Relaxing Frequencies,2023-09-23,0RJIi22iqweJMv2e246zM6,https://open.spotify.com/track/0RJIi22iqweJMv2e246zM6,introspective bittersweet yearning
Bitter Coffee,Lxpse,Bitter Coffee,2024-01-12,6RXRMGoqURVf7pqvTdmb0m,https://open.spotify.com/track/6RXRMGoqURVf7pqvTdmb0m,introspective bittersweet yearning
Ksawery,Soothing Dreamscapes,Ksawery,2024-08-23,3IGbN9XPsj9Mu2msNhOe9k,https://open.spotify.com/track/3IGbN9XPsj9Mu2msNhOe9k,introspective bittersweet yearning
Embrace,Calm Music,1 Ambient Night: Honey Drift Atlas,2025-05-09,495lg7Q0JYvFKYO2gfY0Hc,https://open.spotify.com/track/495lg7Q0JYvFKYO2gfY0Hc,introspective bittersweet yearning
Bittersweet Cerebration,Chill Music By Dan,Bittersweet Cerebration,2022-08-04,2KcKKbiScCyayFirPxooX8,https://open.spotify.com/track/2KcKKbiScCyayFirPxooX8,introspective bittersweet yearning
Bittersweet,Smooth Jazz All Stars,Smooth Jazz Tribute to Fantasia,2014-04-29,5bemLk2Q4c1sWWshCTo0Lp,https://open.spotify.com/track/5bemLk2Q4c1sWWshCTo0Lp,introspective bittersweet yearning
Bitter Sweet,Ceceonthetrack,Bitter Sweet,2022-12-09,6nmNfKmjVXPotX4B6nuRZC,https://open.spotify.com/track/6nmNfKmjVXPotX4B6nuRZC,introspective bittersweet yearning
Bitter,pxzvc,A Fragrance of a Bitter Taste,2019-03-22,1lbCkJlNwS17b2cp6EPciw,https://open.spotify.com/track/1lbCkJlNwS17b2cp6EPciw,introspective bittersweet yearning
BITTERSWEET,Switzon The Great,BITTERSWEET,2024-12-07,7tfW9Ouxw8GdJENuXNm7Vv,https://open.spotify.com/track/7tfW9Ouxw8GdJENuXNm7Vv,introspective bittersweet yearning
Bitter End,Brian Crain,Piano Works,2010-12-06,0iuhIgP5ol6Y6kBl225ADB,https://open.spotify.com/track/0iuhIgP5ol6Y6kBl225ADB,introspective bittersweet yearning
Bittersweet,Thames Quartet,Bittersweet,2023-10-22,27LKyHpqQ8yeM23VgulJyU,https://open.spotify.com/track/27LKyHpqQ8yeM23VgulJyU,introspective bittersweet yearning
Bittersweet Moments,Alan Hong,Melancholy Memories,2024-08-30,5yVkWbSH30CZhg9EjO2LE1,https://open.spotify.com/track/5yVkWbSH30CZhg9EjO2LE1,introspective bittersweet yearning
The Bitter and Astringent Tastes,Jalu Kaba X,Multiverse of the Sounds: Air,2021-06-15,7ypFgBIpNgdr0SEZdySWRu,https://open.spotify.com/track/7ypFgBIpNgdr0SEZdySWRu,introspective bittersweet yearning
Bittersweet,Pulse of the Ancients,Echoes in the Sea,2024-12-13,14vaTbP7UqAnt7HKZ9quZR,https://open.spotify.com/track/14vaTbP7UqAnt7HKZ9quZR,introspective bittersweet yearning
Crescent Sakura,Calm Music,1 Ambient Night: Honey Drift Atlas,2025-05-09,0rnGbrEjta8LNQKRWfD8OM,https://open.spotify.com/track/0rnGbrEjta8LNQKRWfD8OM,introspective bittersweet yearning
bittersweet interlude,soro,bittersweet interlude,2025-09-29,5tGPRfCoj5K4yrmqjbOtDj,https://open.spotify.com/track/5tGPRfCoj5K4yrmqjbOtDj,introspective bittersweet yearning
Ambient Dreaming,Relaxing Muzic,From Above,2024-08-04,5qZBuT5t8ClESqj3xQNtc3,https://open.spotify.com/track/5qZBuT5t8ClESqj3xQNtc3,introspective bittersweet yearning
Sweet Disposition - Instrumental,L'Orchestra Numerique,Songs for Joshua,2013-07-10,3Qr4GXDt9u71oc7TsRHcu5,https://open.spotify.com/track/3Qr4GXDt9u71oc7TsRHcu5,introspective bittersweet yearning
Bittersweet - Instrumental,CHOI TAE JOON,So I Married The Anti-fan (Original Television Soundtrack) Pt. 2,2021-05-14,597VkmW4LHoVjaezJ2hsft,https://open.spotify.com/track/597VkmW4LHoVjaezJ2hsft,introspective bittersweet yearning
Introspection,Weatherson,Precarious,2022-03-09,07o4P5GCHsdvYsMYYuELmR,https://open.spotify.com/track/07o4P5GCHsdvYsMYYuELmR,introspective bittersweet yearning
Bitter Lake,Fox Amoore,The Dreamcatcher,2017-07-10,1kgykFAA2pMrIQZcM5Zths,https://open.spotify.com/track/1kgykFAA2pMrIQZcM5Zths,introspective bittersweet yearning
Interlude,Howard Hello,EP,2007-06-19,3m8LcbowrhDHomS4LBP5Oe,https://open.spotify.com/track/3m8LcbowrhDHomS4LBP5Oe,introspective bittersweet yearning
Bittersweet,Chad Crouch,Piano IV - Cinematic,2018-02-23,1WjTqij055Khom4amW5uTX,https://open.spotify.com/track/1WjTqij055Khom4amW5uTX,introspective bittersweet yearning
Bittersweet Interlude,Georges Delerue,Interlude (Original Soundtrack Recording),1968-08-19,6UBlzissSQSTtIbgIdoKEa,https://open.spotify.com/track/6UBlzissSQSTtIbgIdoKEa,introspective bittersweet yearning
Introspection,Sapphire Skies,Nostalgia,2021-01-23,0grG6Z3HJbrQsNU2N7Wq1i,https://open.spotify.com/track/0grG6Z3HJbrQsNU2N7Wq1i,introspective bittersweet yearning
Introspection,Haquin,Introspection,2021-11-22,73dAt5Mu39EnwgUT8JU3Ef,https://open.spotify.com/track/73dAt5Mu39EnwgUT8JU3Ef,introspective bittersweet yearning
Bittersweet,Shawn Williams,8BEATS,2023-03-02,3xjk3x0uD4izIp5whXY28v,https://open.spotify.com/track/3xjk3x0uD4izIp5whXY28v,introspective bittersweet yearning
Introspection,Justin Moses,Beyond Measure: The EP,2015-09-18,3OJWkGToh2bPKNlBW2y7ik,https://open.spotify.com/track/3OJWkGToh2bPKNlBW2y7ik,introspective bittersweet yearning
Introspection,Toshinori Kondo,Blow the Earth (India),2019-04-02,0qWddsDGEI1FRvM0ZV0mJz,https://open.spotify.com/track/0qWddsDGEI1FRvM0ZV0mJz,introspective bittersweet yearning
Bittersweet: Music for Yoga and Meditation,Savasana Yoga Music,Savasana Yoga Music: Healing Instrumentals & Singing Bowls for Meditation & Relaxation,2012-10-16,19yHisbDTka2YycLpFilpE,https://open.spotify.com/track/19yHisbDTka2YycLpFilpE,introspective bittersweet yearning
A Modern Introspection,Matthew Mayer,Beautiful You,2018-08-31,0486zzTSJbumiFj2Cn6K8O,https://open.spotify.com/track/0486zzTSJbumiFj2Cn6K8O,introspective bittersweet yearning
Bitter Sweet Synchrony,Rytmdesign,Bitter Sweet Synchrony,2021-11-03,6HUEOfDna4xWTEQ1TsX64z,https://open.spotify.com/track/6HUEOfDna4xWTEQ1TsX64z,introspective bittersweet yearning
Free,Instrumental Sleeping Music,Ambient Nap Music,2022-11-05,4oWZ87BtPIjqpXdzHVF9HK,https://open.spotify.com/track/4oWZ87BtPIjqpXdzHVF9HK,introspective bittersweet yearning
Bittersweet Symphony,George Lynch,Orchestral Mayhem,2010-02-01,60URSxSDTDLAhtTRA28ZfL,https://open.spotify.com/track/60URSxSDTDLAhtTRA28ZfL,introspective bittersweet yearning
retrospective - Instrumental,naotyu-,Tokyo Retro (Deluxe Edition),2020-11-06,35M2WqdW20GJQpRX7MhtuH,https://open.spotify.com/track/35M2WqdW20GJQpRX7MhtuH,introspective bittersweet yearning
Introspection Light,Piano for Studying,Mellow Café Grand Piano Album,2020-07-23,18yH3Pp1nycMlD4y7QAssp,https://open.spotify.com/track/18yH3Pp1nycMlD4y7QAssp,introspective bittersweet yearning
Introspection,Haengelik Deville,Introspection,2020-11-18,1W98c90eXRv1PtixuFzVqR,https://open.spotify.com/track/1W98c90eXRv1PtixuFzVqR,introspective bittersweet yearning
Introspective,Jimpster,Domestic Science,2002-07-01,5aVrYhyKBmrZgH7iicctfw,https://open.spotify.com/track/5aVrYhyKBmrZgH7iicctfw,introspective bittersweet yearning
Piano Reflective Meditative Peace,Sleep Fruits,Piano Serenity: Meditation Echoes,2024-05-31,1pUVyor2eueG15M3vGuOTQ,https://open.spotify.com/track/1pUVyor2eueG15M3vGuOTQ,introspective bittersweet yearning
bittersweet,Hiroyuki Kondo,bittersweet,2020-07-24,3WsbP0pU1LpBGaBgbzRS2V,https://open.spotify.com/track/3WsbP0pU1LpBGaBgbzRS2V,introspective bittersweet yearning
Bitter Sweet,DJ Drez,Jahta Beat A Path To Light,2010-01-12,6wsQ3qztK18IHGoMi26LkD,https://open.spotify.com/track/6wsQ3qztK18IHGoMi26LkD,introspective bittersweet yearning
Bittersweet,Djsneverendingstory,"Leftovers, Pt. I",2022-01-14,3pmSKuL0nglpUHERMhFhdl,https://open.spotify.com/track/3pmSKuL0nglpUHERMhFhdl,introspective bittersweet yearning
Introspection 4,Rogier Van Otterloo,Dolce Vita,2014,4hiIUSD93ocYOE6t3Pv77k,https://open.spotify.com/track/4hiIUSD93ocYOE6t3Pv77k,introspective bittersweet yearning
Nocturnal,Jaron Takach,Bittersweet Melodies,2022-07-22,0KgdtTMtbtUN76C2kxexa6,https://open.spotify.com/track/0KgdtTMtbtUN76C2kxexa6,introspective bittersweet yearning
Introspective Frequencies,Fred Westra,Earth Frequency Chapter 2,2023-01-13,5YdfogR2pBuccUnIffTbmg,https://open.spotify.com/track/5YdfogR2pBuccUnIffTbmg,introspective bittersweet yearning
Bittersweet Goodbye,Kathryn Kaye,There Was a Time,2016-01-29,77yJUPbYv661JBoB58EFcc,https://open.spotify.com/track/77yJUPbYv661JBoB58EFcc,introspective bittersweet yearning
Bittersweet,Gonza,Beats For Days - Vol. 3,2018-03-02,6zjg1GXm6PIDyaftK1L0Bh,https://open.spotify.com/track/6zjg1GXm6PIDyaftK1L0Bh,introspective bittersweet yearning
Bittersweet Victory,Xtortion Audio,Dramatic Protocol,2015-03-24,7GO4DRTvMmhmgErrVlq9uZ,https://open.spotify.com/track/7GO4DRTvMmhmgErrVlq9uZ,introspective bittersweet yearning
Bitter Sweet Symphony - chilled lofi instrumental,The Rolling Beats,Classic Rock but LoFi 🎸,2025-03-21,1gc04M31n1vCuZvPLreQea,https://open.spotify.com/track/1gc04M31n1vCuZvPLreQea,introspective bittersweet yearning
Entrancing Melody,Leah Burton,Inner Sanctum,2022-05-27,0ndayEvYiagFuPI7AbKt83,https://open.spotify.com/track/0ndayEvYiagFuPI7AbKt83,introspective bittersweet yearning
Sweet Delusion - Instrumental,Piano Dreamers,Top 20 Hits January 2025 (Instrumental),2025-02-07,10d2woNFuDPTaidtItEylM,https://open.spotify.com/track/10d2woNFuDPTaidtItEylM,introspective bittersweet yearning
Sleep Sense Waves,Calm Music,1 Ambient Night: Honey Drift Atlas,2025-05-09,56mveROxHZgoPQK4Y1Ltc5,https://open.spotify.com/track/56mveROxHZgoPQK4Y1Ltc5,introspective bittersweet yearning
Into a Portal,Sad Music,Piano & Sentimental Moments,2023-05-07,0CB607UzrxLbJinvgHOIkb,https://open.spotify.com/track/0CB607UzrxLbJinvgHOIkb,introspective bittersweet yearning
Ambient Piano Deep Sleep,Piano Peace,"Instrumental Piano For Studying Music, Music For Reading, Focus and Concentration",2020-11-27,0WEgM06tOIqGLnkCUPTQRw,https://open.spotify.com/track/0WEgM06tOIqGLnkCUPTQRw,introspective bittersweet yearning
Forever in Love,Bittersweet Symphonies,Romantic Cello and Relaxing Violin Music,2016-11-30,3LZpWiMw8hqncJXLkwmd5r,https://open.spotify.com/track/3LZpWiMw8hqncJXLkwmd5r,introspective bittersweet yearning
Ambient Dreaming,Stress Relief,Stress Relief Playlist,2015-10-21,3VEAlw6IZmObGEOZTbNSlJ,https://open.spotify.com/track/3VEAlw6IZmObGEOZTbNSlJ,introspective bittersweet yearning
Tears Between The Clouds,Calm Music,10 PM Dreams: Little Echo,2025-07-16,7sbog9GmwDe7nkCygyiCwj,https://open.spotify.com/track/7sbog9GmwDe7nkCygyiCwj,introspective bittersweet yearning
The Butterfly Arrival,Windsor Airlift,The Meadow,2012-01-20,1HhT924MnbpKYyJQg5t8j7,https://open.spotify.com/track/1HhT924MnbpKYyJQg5t8j7,introspective bittersweet yearning
Intro,Twan AM,Ambient Club,2019-05-20,7oQgiMjNantzI2JbnirmR0,https://open.spotify.com/track/7oQgiMjNantzI2JbnirmR0,introspective bittersweet yearning
Into your eyes,Warm Light,Find Happiness,2023-01-30,6IlpBMXSn36OwprddhPIcG,https://open.spotify.com/track/6IlpBMXSn36OwprddhPIcG,introspective bittersweet yearning
Intro,Burrito Eats,Reconnection,2023-05-26,3g4HMJ6Tq78EnQ1vuVopKH,https://open.spotify.com/track/3g4HMJ6Tq78EnQ1vuVopKH,introspective bittersweet yearning
Introspection,Ocean Sounds,50 Ambient Ocean Sounds: Coastal Sunsets,2024-04-29,1BCfLPGJW0hSEjo1qjJWAJ,https://open.spotify.com/track/1BCfLPGJW0hSEjo1qjJWAJ,introspective bittersweet yearning
Bittersweet,Stefan,Chasing Dreams,2018-10-05,4hGpRyLtp9lc0rjL37GtNQ,https://open.spotify.com/track/4hGpRyLtp9lc0rjL37GtNQ,introspective bittersweet yearning
Inspirational Thoughts,Waiting Room Background Music Ensemble,"Calm Waiting Room: Background Jazz, Smooth Instrumental Music, Reduce Stress & Relaxation, Uplifting Elevator Music",2017-01-26,5uaZcPZCuRQx9VHBokw5em,https://open.spotify.com/track/5uaZcPZCuRQx9VHBokw5em,introspective bittersweet yearning
Hold Up,Bittersweet Symphonies,Romantic Cello and Relaxing Violin Music,2016-11-30,0yvp49o1JbYMRAcHD0cecC,https://open.spotify.com/track/0yvp49o1JbYMRAcHD0cecC,introspective bittersweet yearning
Sweet Yearning,John Astin,Remembrance,2003-04-14,2BpBJggODnaIFL4VRpawII,https://open.spotify.com/track/2BpBJggODnaIFL4VRpawII,introspective bittersweet yearning
Ambient Flashy,Sensual Jazz Instrumentals,Sensual Jazz Instrumental Mix,2025-02-03,3Anxh2c8dHSp5fxiA4DTnt,https://open.spotify.com/track/3Anxh2c8dHSp5fxiA4DTnt,introspective bittersweet yearning
Introspection,GLVM,Introspection,2021-12-24,6l9uRlTiDiMWBFVl79DCB0,https://open.spotify.com/track/6l9uRlTiDiMWBFVl79DCB0,introspective bittersweet yearning
Ambient Atmospheres,Guitar Instrumentals,Guitar Music Ambience,2023-05-05,6S8RhtmVZhROeO1tZvQx8T,https://open.spotify.com/track/6S8RhtmVZhROeO1tZvQx8T,introspective bittersweet yearning
Ambiences From Afar,Sad Music,Piano & Sentimental Moments,2023-05-07,0q8qGdccAxjyNpt03z4oD5,https://open.spotify.com/track/0q8qGdccAxjyNpt03z4oD5,introspective bittersweet yearning
Reflection II - Unreleased Extended Mix,Intrusion,Intrusion / Reflection,2008-07-09,2YHAzXi3sOQ8ydlVhutKhX,https://open.spotify.com/track/2YHAzXi3sOQ8ydlVhutKhX,introspective bittersweet yearning
Introspection - Instrumental,Cassetter,Robot Era (Deluxe Edition),2021-07-15,51q5IpXOVWUXBAMiF3rIdk,https://open.spotify.com/track/51q5IpXOVWUXBAMiF3rIdk,introspective bittersweet yearning
Expecting the Unexpected,Sebastian Pecznik,BitterSweet,2023-08-04,24EntePlxRltezRfeeleqv,https://open.spotify.com/track/24EntePlxRltezRfeeleqv,introspective bittersweet yearning
Introspection,Adam Salkeld,Deep Cinematic,2018-08-22,43vYsVxepdWknkSSvuUPrO,https://open.spotify.com/track/43vYsVxepdWknkSSvuUPrO,introspective bittersweet yearning
Breathless,Bittersweet Symphonies,Romantic Cello and Relaxing Violin Music,2016-11-30,28V2rLrEz0csYOUXKS3NkT,https://open.spotify.com/track/28V2rLrEz0csYOUXKS3NkT,introspective bittersweet yearning
Jazzy Reflections,Instrumental Jazz Music Ambient,50 Cafe Jazz Tunes for a Cozy Autumn Breakfast,2024-07-25,71YwHcU0wKVdsimXCYNFpx,https://open.spotify.com/track/71YwHcU0wKVdsimXCYNFpx,introspective bittersweet yearning
Bitter / Sweet Cantarella (Retouched),Phyrnna,Bitter / Sweet Cantarella,2016-04-30,50WkWnLYJFdMQvvYmj9P72,https://open.spotify.com/track/50WkWnLYJFdMQvvYmj9P72,introspective bittersweet yearning
introspection,pakkokon,夢で,2022-11-17,7E5UEuNhQRpLD2Q6beFm40,https://open.spotify.com/track/7E5UEuNhQRpLD2Q6beFm40,introspective bittersweet yearning
Thoughtful Introspection,David Kates,"Spa and Spirit: Music for Deep Thought, Focus and Relaxation",2019-08-12,2HIS0Sx5IJaIO725nMOM2z,https://open.spotify.com/track/2HIS0Sx5IJaIO725nMOM2z,introspective bittersweet yearning
Streams Of Dreaming,Calm Music,1 Ambient Night: Honey Drift Atlas,2025-05-09,2UkvtoOEBWgzZMdoHUhXpR,https://open.spotify.com/track/2UkvtoOEBWgzZMdoHUhXpR,introspective bittersweet yearning
Love Letter,Bittersweet Symphonies,Romantic Cello and Relaxing Violin Music,2016-11-30,2xmBu6qgy5JsEXKEP72u1E,https://open.spotify.com/track/2xmBu6qgy5JsEXKEP72u1E,introspective bittersweet yearning
Beautiful Background Inspiring,BlueTreeAudio,Corporate Ambient,2020-07-17,51acvRcQwhU5xilT8oVRTK,https://open.spotify.com/track/51acvRcQwhU5xilT8oVRTK,introspective bittersweet yearning
Traveling The Sky,Calm Music,1 Ambient Night: Honey Drift Atlas,2025-05-09,4PACNpAB2yisvrD6j9MjJh,https://open.spotify.com/track/4PACNpAB2yisvrD6j9MjJh,introspective bittersweet yearning
Startrail Nights,Calm Music,1 Ambient Night: Honey Drift Atlas,2025-05-09,0rswpSRnFDC0NNNQT64oue,https://open.spotify.com/track/0rswpSRnFDC0NNNQT64oue,introspective bittersweet yearning
Scintillating Daydreaming Moments,Instrumental Lobby Music,Summer Rhythms,2023-07-13,5YKenASeXBxbsBGwag56qK,https://open.spotify.com/track/5YKenASeXBxbsBGwag56qK,introspective bittersweet yearning
Traum (Emotional Piano Instrumental),Moesync,Joy of Life,2024-09-23,5gC0EBNttRvdGsr6rfCwqm,https://open.spotify.com/track/5gC0EBNttRvdGsr6rfCwqm,introspective bittersweet yearning
Introspection,Handpan Mystic Flow,Inner Journeys - Solo Handpan 2019,2020-02-21,6jeoEVciJQ4GgXJSeTLFGS,https://open.spotify.com/track/6jeoEVciJQ4GgXJSeTLFGS,introspective bittersweet yearning
Nostalgic,AstroLogical,Citrus Harmony,2012-11-11,2UdWHlyYDSO1E4Mnt5bo3H,https://open.spotify.com/track/2UdWHlyYDSO1E4Mnt5bo3H,introspective bittersweet yearning
Bitter Sweet,Giles Lamb,Acoust:Oma,2016-10-21,42k4D57uVKzwNmhZ5dF4nW,https://open.spotify.com/track/42k4D57uVKzwNmhZ5dF4nW,introspective bittersweet yearning
Bittersweet - Instrumental,川津明日香,Bittersweet (『仮面ライダーセイバー 深罪の三重奏』主題歌),2020,3tVXbJlx5qwM7fgRYgSAma,https://open.spotify.com/track/3tVXbJlx5qwM7fgRYgSAma,introspective bittersweet yearning
Bittersweet,Lofi Connection,"Lofi Tapes, Vol. 3",2025-07-25,6GRfS02aRZPDviimzbrXba,https://open.spotify.com/track/6GRfS02aRZPDviimzbrXba,introspective bittersweet yearning
Midday Dreamscape,Bittern,Motivated Working Focus Music,2024-12-16,4QCLKaGduuH79qjX1TbPB9,https://open.spotify.com/track/4QCLKaGduuH79qjX1TbPB9,introspective bittersweet yearning
Bitter Sweet Symphony (Instrumental) [Workout Remix],Workout Buddy,90s Workout! Music Hits!,2019-06-07,1GTpBWXFWdDyvUL319U7zl,https://open.spotify.com/track/1GTpBWXFWdDyvUL319U7zl,introspective bittersweet yearning
Nostalgic Samba,Instrumental Music Ensemble,"Evening in Puerto Rico: Latin Jazz with Saxophone and Guitar, Cheerful Bossa Nova Instrumentals to Boost Your Mood",2023-06-01,3TzPf8dkGIyah8s3rwe7Ao,https://open.spotify.com/track/3TzPf8dkGIyah8s3rwe7Ao,introspective bittersweet yearning
looking back,aimless,bittersweet,2017-08-04,3sMj1FtDZAdf6Ulz36Alep,https://open.spotify.com/track/3sMj1FtDZAdf6Ulz36Alep,introspective bittersweet yearning
Indigo Yearning,Steve Roach,Core,2001-07-07,5V5F4H8EGAbPYiZJBhRMpo,https://open.spotify.com/track/5V5F4H8EGAbPYiZJBhRMpo,introspective bittersweet yearning
Ambient Waiting Room Music,Smooth Jazz Family Collective,"Ambient Waiting Room Music (Jazz – Calming & Relaxing Instrumental Background to Reduce Stress, Smooth Jazz & Piano Bar)",2017-08-14,1OjQU7WpPzU1n7C9Bw3L8U,https://open.spotify.com/track/1OjQU7WpPzU1n7C9Bw3L8U,introspective bittersweet yearning
Introspect Again,NyKuo,Thinking of Twilight,2023-04-02,0vQQUEncxdbJbezmKG4r4j,https://open.spotify.com/track/0vQQUEncxdbJbezmKG4r4j,introspective bittersweet yearning
One Sweet Day,The Modern Classics Orchestra,Instrumental Love Songs,2015-07-15,0dqCkcHq9M8ddPtMEttlz6,https://open.spotify.com/track/0dqCkcHq9M8ddPtMEttlz6,introspective bittersweet yearning
"Introspection Music for a Deep Meditative State, Pt. 20",Meditation Music Therapy,Calming Playlist,2022-10-31,4nT5LBQEUt99Bh8XmTHPo9,https://open.spotify.com/track/4nT5LBQEUt99Bh8XmTHPo9,introspective bittersweet yearning
"Introspection Music for a Deep Meditative State, Pt. 22",Meditation Music Therapy,Calming Playlist,2022-10-31,2YGUL0rQzILG6650jufBvX,https://open.spotify.com/track/2YGUL0rQzILG6650jufBvX,introspective bittersweet yearning
Goodnight Meadow,Calm Music,1 Ambient Night: Honey Drift Atlas,2025-05-09,47txSXqvy1FBb0zNDiaCFb,https://open.spotify.com/track/47txSXqvy1FBb0zNDiaCFb,introspective bittersweet yearning
Hope (Emotional Piano Instrumentals),Moesync,Time Lost (Emotional Piano Instrumentals),2024-10-08,1oCXWsozUfF544VDw4kdU0,https://open.spotify.com/track/1oCXWsozUfF544VDw4kdU0,introspective bittersweet yearning
Floating (Instrumental),Kollen,Floating,2023-06-29,2jVJhByd4clyVNApExgpRm,https://open.spotify.com/track/2jVJhByd4clyVNApExgpRm,introspective bittersweet yearning
Amber Reflections,Cozy Jazz Music,Amber Reflections,2024-11-04,1gCRirFg8pxJJD4wws6IFJ,https://open.spotify.com/track/1gCRirFg8pxJJD4wws6IFJ,introspective bittersweet yearning
Nostalgic Aroma,Green Music BGM channel,Moonlight,2020-09-25,6IsEHcoZjrgLN44r9IqW1y,https://open.spotify.com/track/6IsEHcoZjrgLN44r9IqW1y,introspective bittersweet yearning
Moonlight Sonata,Harmonious Reflection,Reflective Strings,2023-06-08,1t0GqLbZI89jSJwDhoGlTH,https://open.spotify.com/track/1t0GqLbZI89jSJwDhoGlTH,introspective bittersweet yearning
Nostalgia,Wuauquikuna,Best of Meditation II,2021-01-08,3X8zNUedsFRBfgRLRPDRWq,https://open.spotify.com/track/3X8zNUedsFRBfgRLRPDRWq,introspective bittersweet yearning
Introspection,Ambient Space,Atmospheric Piano,2021-05-06,4HasWZiXRZPx500JvI7nfS,https://open.spotify.com/track/4HasWZiXRZPx500JvI7nfS,introspective bittersweet yearning
Introspective Ocean,Dreaming Fairy,Seasons of Emotion,2023-06-05,01knvNRkdGA1uN2su721qL,https://open.spotify.com/track/01knvNRkdGA1uN2su721qL,introspective bittersweet yearning
Bittersweet Snow,Mac Quayle,Gaslit (Original Series Soundtrack),2022-04-29,6n1HPsQu7MikRVr60MvCCo,https://open.spotify.com/track/6n1HPsQu7MikRVr60MvCCo,introspective bittersweet yearning
Bittersweet,David Rhodes,Bittersweet,2010-07-21,1q9gDi1wgHVtMN480WnMb8,https://open.spotify.com/track/1q9gDi1wgHVtMN480WnMb8,introspective bittersweet yearning
Introspection,Strings of Kin,"Garden of Relaxation: Music for Spa, Focus and Relaxation",2020-06-09,2uZdaZyZyNxZwQIgSdiIh8,https://open.spotify.com/track/2uZdaZyZyNxZwQIgSdiIh8,introspective bittersweet yearning
Introspection,Nature Sounds,Relaxing Music with Nature Sounds,2015-12-21,3tT2DlFipGOvQqpa3K0Nw4,https://open.spotify.com/track/3tT2DlFipGOvQqpa3K0Nw4,introspective bittersweet yearning
Gentle Memories Atmosphere,Instrumental Jazz Music Ambient,Breakfast & Morning Jazz BGM,2024-09-11,0z5KxUdzCabd9H5fTcEZkY,https://open.spotify.com/track/0z5KxUdzCabd9H5fTcEZkY,introspective bittersweet yearning
Introspect,Auditory Canvas,Dawn Breaks EP,2011-07-25,1u7RtTFSTkHBehw820w2FE,https://open.spotify.com/track/1u7RtTFSTkHBehw820w2FE,introspective bittersweet yearning
Instrumental Background,Liquid Spirit Out,Music For Relaxation - Quiet Relaxing Music,2017-04-04,2KcU5JQ3Sm7yG3bazSyimK,https://open.spotify.com/track/2KcU5JQ3Sm7yG3bazSyimK,introspective bittersweet yearning
Bittersweet Symphony,Dial J for Jazz,Bittersweet Symphony,2025-09-26,4sDjB8QlCQDzryHw45QLLo,https://open.spotify.com/track/4sDjB8QlCQDzryHw45QLLo,introspective bittersweet yearning
Bittersweet,The Spice Cabinet,The Adventures of Pie Boy,2020-12-15,6hYzIELatGkWYTgZg9w08v,https://open.spotify.com/track/6hYzIELatGkWYTgZg9w08v,introspective bittersweet yearning
Introspection,UVB,Life,2015-11-23,6W5AdvZh79xkuqxNMdkm9g,https://open.spotify.com/track/6W5AdvZh79xkuqxNMdkm9g,introspective bittersweet yearning
Nostalgique - Instrumental,Gunstylero,"Gunstyl Mood Day n' Night, Vol. 5",2019-01-03,3oC4TTIAvmIzk0ys1MEoNa,https://open.spotify.com/track/3oC4TTIAvmIzk0ys1MEoNa,introspective bittersweet yearning
Destiny (Emotional Piano Instrumental),Moesync,Melting (Emotional Piano Instrumentals),2024-10-06,3149m2igbeAwWw0ahmGJOv,https://open.spotify.com/track/3149m2igbeAwWw0ahmGJOv,introspective bittersweet yearning
Reflective Resonance,NyKuo,Serenity Serenades,2023-09-10,5d7TB2WRTA5Wkc8hTBGeQT,https://open.spotify.com/track/5d7TB2WRTA5Wkc8hTBGeQT,introspective bittersweet yearning
"Introspection Music for a Deep Meditative State, Pt. 24",Meditation Music Therapy,Calming Playlist,2022-10-31,0NX9pd407JsVQOMc9be8IS,https://open.spotify.com/track/0NX9pd407JsVQOMc9be8IS,introspective bittersweet yearning
"Introspection Music for a Deep Meditative State, Pt. 27",Meditation Music Therapy,Calming Playlist,2022-10-31,72tZIJqkUfREb9hW20wz8O,https://open.spotify.com/track/72tZIJqkUfREb9hW20wz8O,introspective bittersweet yearning
Pondering Breeze,Harmonious Reflection,Reflective Strings,2023-06-08,2q5l1vVpIGRSZCoh06y1on,https://open.spotify.com/track/2q5l1vVpIGRSZCoh06y1on,introspective bittersweet yearning
Peaceful Heart's Journey,Ambientalism,Blissful Serenades,2021-07-07,74pMoUBrx2vpcNGJoxj43z,https://open.spotify.com/track/74pMoUBrx2vpcNGJoxj43z,introspective bittersweet yearning
Introspective Dream,Eric Harry,"Away Melancholy, Away",2009-01-08,7AARwdKycaUJAxdfwnDivb,https://open.spotify.com/track/7AARwdKycaUJAxdfwnDivb,introspective bittersweet yearning
Ambient Gentle Reflection,Calming Piano Feelings,Peaceful Melodic Retreat,2024-08-02,79VNWvJev4qZClYMBZ0m2e,https://open.spotify.com/track/79VNWvJev4qZClYMBZ0m2e,introspective bittersweet yearning
Introspection,Modern Headspace,Introspection,2020-10-16,1v4BZ4AenMxN3YvWiqG5gD,https://open.spotify.com/track/1v4BZ4AenMxN3YvWiqG5gD,introspective bittersweet yearning
Introspection,The Lay-Backs,Introspection,2022-11-18,3AjIW7YdxQ6Q1xK3FUCpQv,https://open.spotify.com/track/3AjIW7YdxQ6Q1xK3FUCpQv,introspective bittersweet yearning
Bitter Sweet,Michel Goldberg Jazz Quartet,Pure Imagination,2012-06-22,7ruHqnAie4z64SBybzpLeC,https://open.spotify.com/track/7ruHqnAie4z64SBybzpLeC,introspective bittersweet yearning
Exquisite Ambience for Modern Evening,Trabajar desde Casa,Instrumental Music for Work,2022-12-03,5Or0bp4cLXv9wfBe9by6UF,https://open.spotify.com/track/5Or0bp4cLXv9wfBe9by6UF,introspective bittersweet yearning
Bittersweet,Kevin Gastonguay,Last Place Dreamer,2022-11-18,2JJsTaIMYfDK9XLSFgYrsH,https://open.spotify.com/track/2JJsTaIMYfDK9XLSFgYrsH,introspective bittersweet yearning
Bittersweet,Twinkle Twinkle Little Rock Star,"Lullaby Versions of Twilight Breaking Dawn, Pt. 2",2012-11-27,7rFSU5O13REaVOaa11gYlI,https://open.spotify.com/track/7rFSU5O13REaVOaa11gYlI,introspective bittersweet yearning
Inspirational Ambient,Mapa,Ambient,2021-12-24,6rk6VGnE7bMKtQbWR9PZ5J,https://open.spotify.com/track/6rk6VGnE7bMKtQbWR9PZ5J,introspective bittersweet yearning
Introspective,Sherry Finzer,The Gratitude Project,2023-08-25,0fmFpMNkYIrFn1vxLSzPjh,https://open.spotify.com/track/0fmFpMNkYIrFn1vxLSzPjh,introspective bittersweet yearning
Bittersweet,Kaeley Jade,Years Ago,2020-05-22,01RiT07E7qQvI8zSgXUvLE,https://open.spotify.com/track/01RiT07E7qQvI8zSgXUvLE,introspective bittersweet yearning
Tranquility and Mindful Introspection,Ricky Trye,"Ambient Piano Meditations: Calm Music for Introspection, Rest and Relaxation",2021-01-21,31AyzX9mZp7NURvIki2o4a,https://open.spotify.com/track/31AyzX9mZp7NURvIki2o4a,introspective bittersweet yearning
Quiet Expectation,Quiet Piano Reflections,"Music for Meditation, Vol. 2: Awakening",2012-04-23,7LLdyzsjGRRz2V9nMj9Ri3,https://open.spotify.com/track/7LLdyzsjGRRz2V9nMj9Ri3,introspective bittersweet yearning
Nostalgic Hearts - Instrumental,The Heart of David,"A Weekly Journey of Love, Vol. 80 (Instrumental)",2001-07-13,1sPEpwtrV9yyGC2QsRv9Cn,https://open.spotify.com/track/1sPEpwtrV9yyGC2QsRv9Cn,introspective bittersweet yearning
Introspection #76,Adeline Hotel,Good Timing,2021-02-19,5ywLdF7z3bnNetT82x8gB5,https://open.spotify.com/track/5ywLdF7z3bnNetT82x8gB5,introspective bittersweet yearning
Kissing You,Bittersweet Symphonies,Romantic Cello and Relaxing Violin Music,2016-11-30,3helLWopxbZ6zi4Dr1wQia,https://open.spotify.com/track/3helLWopxbZ6zi4Dr1wQia,introspective bittersweet yearning
Sweet Jazz Delight,Instrumental Jazz Music Ambient,50 Cafe Jazz Tunes for a Cozy Autumn Breakfast,2024-07-25,36hUaS59LmMjdqIB5VlTcx,https://open.spotify.com/track/36hUaS59LmMjdqIB5VlTcx,introspective bittersweet yearning
Nostalgia,David Everson,An Empty Study,2020-09-25,0KK6RyMirtxIXrD3K3C0dz,https://open.spotify.com/track/0KK6RyMirtxIXrD3K3C0dz,introspective bittersweet yearning
introspect,Brxvs,introspect,2024-02-02,0iQID1j6gftI7hrcFQATNv,https://open.spotify.com/track/0iQID1j6gftI7hrcFQATNv,introspective bittersweet yearning
Bitter-Sweet Divide,Omotesando,Bitter-Sweet Divide,2019-02-01,4mANOSE0NdBvhqjwGnpjuE,https://open.spotify.com/track/4mANOSE0NdBvhqjwGnpjuE,introspective bittersweet yearning
Bittersweet - Live - Instrumental,George Shearing,A Vintage Year,1988-01-01,0EaxQRXHYmDnIAKSGA9LhL,https://open.spotify.com/track/0EaxQRXHYmDnIAKSGA9LhL,introspective bittersweet yearning
Bittersweet,Jo Blankenburg,Stillness Speaks,2018-12-07,4w7Yf4ZJIvY07fuNE580tf,https://open.spotify.com/track/4w7Yf4ZJIvY07fuNE580tf,introspective bittersweet yearning
Nostalgia,Darian Stavans,Interiores / Interiors,2009-01-01,6BL1gYMCMyo6F7ipDib4n9,https://open.spotify.com/track/6BL1gYMCMyo6F7ipDib4n9,introspective bittersweet yearning
Bittersweet End,New York Trio,Late Summer Melodies,2024-08-26,1lEFZWhgvGEP3IlqRdRfFC,https://open.spotify.com/track/1lEFZWhgvGEP3IlqRdRfFC,introspective bittersweet yearning
Bittersweet - Extended Mix,Fanizza,Bittersweet,2020-02-14,1vdOxKlc9eXZomBqPVKc3H,https://open.spotify.com/track/1vdOxKlc9eXZomBqPVKc3H,introspective bittersweet yearning
Bittersweet,Jonathan Pinson's Boom Clap,Jonathan Pinson's Boom Clap,2022-07-22,4JOEYLMOsR8PaMzT9t6FHx,https://open.spotify.com/track/4JOEYLMOsR8PaMzT9t6FHx,introspective bittersweet yearning
Outlook Inside,Bittern,Granular Horizon,2025-06-23,2Tc1HNKp4CLk4YGyMdpqF5,https://open.spotify.com/track/2Tc1HNKp4CLk4YGyMdpqF5,introspective bittersweet yearning
Bittersweet,Kolao Beats,From the Heights,2025-10-28,2LbQiUTPAuyZkq8BF04BxK,https://open.spotify.com/track/2LbQiUTPAuyZkq8BF04BxK,introspective bittersweet yearning
Nostalgic Nocturne,Piano Girls,10 Piano Tracks for Crying: Melancholy Piano Ballads for Reflective Sad Moments,2023-11-13,1FW4gT0nwjWs7CouzGgAl0,https://open.spotify.com/track/1FW4gT0nwjWs7CouzGgAl0,introspective bittersweet yearning
Bittersweet,Jeanie Bryson,I Love Being Here With You,1993-05-31,4oLxWxcgnAA0ouZVBUA4ED,https://open.spotify.com/track/4oLxWxcgnAA0ouZVBUA4ED,introspective bittersweet yearning
Bitter End,Evolving Sound,Dystopia,2018-10-31,5sPMSZenlpPi51vdsGQIxo,https://open.spotify.com/track/5sPMSZenlpPi51vdsGQIxo,introspective bittersweet yearning
Bitter Sweet Reprise - Instrumental,Sea of Sin,Unbroken,2019-05-24,1LXW4iFHjzFHh1RVQKrg2d,https://open.spotify.com/track/1LXW4iFHjzFHh1RVQKrg2d,introspective bittersweet yearning
Bittersweet Memories,Emily Rubye,Awaken the City,2012-12-14,4cz4jqeMpSzeQdHZSJ01he,https://open.spotify.com/track/4cz4jqeMpSzeQdHZSJ01he,introspective bittersweet yearning
"Bittersweet Interlude - From ""Interlude""",Robert Lafond,Georges Delerue: Interlude & Rapture,1965,6agS9kJNSC16zwN2u8THdf,https://open.spotify.com/track/6agS9kJNSC16zwN2u8THdf,introspective bittersweet yearning
bittersweet girl - Instrumental,boywithahalo,bittersweet girl,2025-09-09,076pieWAj4lRHc2aZJACuC,https://open.spotify.com/track/076pieWAj4lRHc2aZJACuC,introspective bittersweet yearning
This Bitter Pill,Soothing Piano Music Universe,"Melancholic Piano Music for a Quiet Evening: Time for Dreams and Memories, Instrumental Piano Lounge",2021-03-05,4AiZFKz07OrXpJsSmYOah2,https://open.spotify.com/track/4AiZFKz07OrXpJsSmYOah2,introspective bittersweet yearning
Bitterroot - Prelude,Stephen Katz,Looking Up,2002,0ZJgCWlUK3Fv8Dke2Lqn7A,https://open.spotify.com/track/0ZJgCWlUK3Fv8Dke2Lqn7A,introspective bittersweet yearning
Nostalgic - Instrumental,GLDNHR,Nostalgic,2022-04-29,2ibkb5BwudzQiuNcwvvzBM,https://open.spotify.com/track/2ibkb5BwudzQiuNcwvvzBM,introspective bittersweet yearning
Bittersweet,Mathieu Karsenti,Bittersweet,2023-12-18,4MAJOsKELJ2FSsCk7Zfntb,https://open.spotify.com/track/4MAJOsKELJ2FSsCk7Zfntb,introspective bittersweet yearning
Bitter Sweet Better - Instrumental,sasakure.UK,"""Do Drawing Dolls Dream of Love?""SONGBOOK",2014-07-09,52NaJ76fvVejtdsarEPPYQ,https://open.spotify.com/track/52NaJ76fvVejtdsarEPPYQ,introspective bittersweet yearning
Bitter / Sweet Cantarella,Phyrnna,Bitter / Sweet Cantarella,2016-04-30,6hllEsPKtVloG3bBLh1VZc,https://open.spotify.com/track/6hllEsPKtVloG3bBLh1VZc,introspective bittersweet yearning
Bittersuite,Mumbles,A Book of Human Beats,2005-04-19,4cRofcY3UfQPJhI7BguzQY,https://open.spotify.com/track/4cRofcY3UfQPJhI7BguzQY,introspective bittersweet yearning
"Instrumental Sleeping Meditation Music, Pt. 2",Instrumental Sleeping Music,Ambient Dreams,2022-03-11,5JmeE6pZ7qbazimauecty5,https://open.spotify.com/track/5JmeE6pZ7qbazimauecty5,introspective bittersweet yearning
Bittersweet Salvation,Taubenblau,Intellectual Piano,2019-09-01,0hwVJ9jtpHV1LyyfFRMTGs,https://open.spotify.com/track/0hwVJ9jtpHV1LyyfFRMTGs,introspective bittersweet yearning
Bittersuite - Piano Version,Pianaura,Hit Me Hard And Soft (Piano Version),2024-07-19,0jCt6mspymPVJiup0UD6NW,https://open.spotify.com/track/0jCt6mspymPVJiup0UD6NW,introspective bittersweet yearning
Interlude - Instrumental,Oranges,Taxonomy (Instrumental),2020-11-22,4S01MmVsZdyhVptFNvnEfb,https://open.spotify.com/track/4S01MmVsZdyhVptFNvnEfb,introspective bittersweet yearning
Bitter End,Cafe Music BGM channel,July Latte,2024-07-01,53bYOhExf6qVVmcCpST6ED,https://open.spotify.com/track/53bYOhExf6qVVmcCpST6ED,introspective bittersweet yearning
Hike Crossing,Bittern,Motivated Working Focus Music,2024-12-16,2u93NKwP70o39QiBzfxe0l,https://open.spotify.com/track/2u93NKwP70o39QiBzfxe0l,introspective bittersweet yearning
Intromission,Arch Garrison,The Bitter Lay,2020-09-18,0VbhiFM47mJ8AiC43Yux0z,https://open.spotify.com/track/0VbhiFM47mJ8AiC43Yux0z,introspective bittersweet yearning
Introspect,David Parsons,In Retrospect: 1980-2003,2004-01-01,4R6bV2SNR11MVmQ3jK9P0R,https://open.spotify.com/track/4R6bV2SNR11MVmQ3jK9P0R,introspective bittersweet yearning
Bittersweet Goodbye - Instrumental Version,Backing Business,"Pristine Karaoke, Vol. 116",2023-08-19,2kzSYwdDTGKAaCQjCcgjq1,https://open.spotify.com/track/2kzSYwdDTGKAaCQjCcgjq1,introspective bittersweet yearning
Bittersweet,Heart Memories,Bittersweet,2024-07-05,132wwGfdlzAMnZDckChdkh,https://open.spotify.com/track/132wwGfdlzAMnZDckChdkh,introspective bittersweet yearning
Bitter Sweet,Giyo,Tons of Sky,2013-06-10,088WtBvER18Ew2sidbYj2p,https://open.spotify.com/track/088WtBvER18Ew2sidbYj2p,introspective bittersweet yearning
Sweet Release,Dayydream,Bittersweet,2022-10-28,0hFn8VrEVvqFNEa5EYnCbs,https://open.spotify.com/track/0hFn8VrEVvqFNEa5EYnCbs,introspective bittersweet yearning
bittersweet memories,Rispaa,bittersweet memories,2022-10-30,3YdB6dndh0hSKXi1gtJDa8,https://open.spotify.com/track/3YdB6dndh0hSKXi1gtJDa8,introspective bittersweet yearning
Bittersweet,The Passion Hifi,Official Free Beats: Five,2015-10-30,6GDvEDL2ScMOCn3KHnIOZo,https://open.spotify.com/track/6GDvEDL2ScMOCn3KHnIOZo,introspective bittersweet yearning
Bittersweet,Dominik Fähnrich,Bittersweet,2022-11-16,4fzFIakTx4oFdLO6xkAHO7,https://open.spotify.com/track/4fzFIakTx4oFdLO6xkAHO7,introspective bittersweet yearning
Bittersweet - Original Mix,Driftmoon,Bittersweet,2014-03-10,6ydznWHmZ82jq4EAywaY4Y,https://open.spotify.com/track/6ydznWHmZ82jq4EAywaY4Y,introspective bittersweet yearning
Bitter,Harold-Alexis,Shadows,2016-06-16,2AT2eHyHWhkMalmzW1Himf,https://open.spotify.com/track/2AT2eHyHWhkMalmzW1Himf,introspective bittersweet yearning
Bitter Intimate,Art Coleman,Tears of Love,2022-06-09,2TRtZx3JV5PWIuIpFxqVW3,https://open.spotify.com/track/2TRtZx3JV5PWIuIpFxqVW3,introspective bittersweet yearning
Dreaming Finding,Bittern,Granular Horizon,2025-06-23,5bYI1HluPSyDRNR9C1QRmw,https://open.spotify.com/track/5bYI1HluPSyDRNR9C1QRmw,introspective bittersweet yearning
Bitter Lemons,Frank Rothman,Progressive Sound,1964-08-04,2fPcNoR7LGH5sPQSjjJngg,https://open.spotify.com/track/2fPcNoR7LGH5sPQSjjJngg,introspective bittersweet yearning
Bittersweet Song,Relaxing Piano Music,"Relaxing Piano Music, Vol. 1",2013-03-01,7fFTOaqEIOOwJuO17Vjfzr,https://open.spotify.com/track/7fFTOaqEIOOwJuO17Vjfzr,introspective bittersweet yearning
Bittersweet,b e r t h,Bittersweet,2023-05-23,06gQ0oBVMszFgHIpBOyce5,https://open.spotify.com/track/06gQ0oBVMszFgHIpBOyce5,introspective bittersweet yearning
Bittersweet,Boutique Music,Boutique Music Vol.1,2022-07-22,0pBBJAYyyxHQ2Jzu7IPjgY,https://open.spotify.com/track/0pBBJAYyyxHQ2Jzu7IPjgY,introspective bittersweet yearning
Introspection,Richard LaBrooy,Introspection,2019-04-12,5NWClykeGxcZLjH4fJfA1q,https://open.spotify.com/track/5NWClykeGxcZLjH4fJfA1q,introspective bittersweet yearning
Bittersweet Hope - Radio Edit,Etasonic,Bittersweet Hope,2019-12-02,2jlyTa6mVYAOJEV9b0Z2gr,https://open.spotify.com/track/2jlyTa6mVYAOJEV9b0Z2gr,introspective bittersweet yearning
Introspection,David Henderson,Soothing My Soul,2010-10-18,1oZ50oGkT8ZH4qPRD3BDLz,https://open.spotify.com/track/1oZ50oGkT8ZH4qPRD3BDLz,introspective bittersweet yearning
Running Away with Me,Bittersweet Symphonies,Romantic Cello and Relaxing Violin Music,2016-11-30,0eXbE2bgcFl0vSr8RiY9el,https://open.spotify.com/track/0eXbE2bgcFl0vSr8RiY9el,introspective bittersweet yearning
Trailing Bittersweet,Blank Gloss,January,2020-10-09,1jWRSaKgAu5ujbwlGMreVV,https://open.spotify.com/track/1jWRSaKgAu5ujbwlGMreVV,introspective bittersweet yearning
Bittersweet Reminiscence,Dave Burrell,High Won-High Two,1992-07-31,4ugQ0SBlSIPsoPtDTr4r2u,https://open.spotify.com/track/4ugQ0SBlSIPsoPtDTr4r2u,introspective bittersweet yearning
Nostalgic Tomorrow - instrumental,Vampillia,Nostalgic Tomorrow,2022-05-20,2am08HjruDph3P5rdj9LQo,https://open.spotify.com/track/2am08HjruDph3P5rdj9LQo,introspective bittersweet yearning
Introspection,Aleks Michalski,Existence,2018-04-16,5bPpSxC6hRtwdqTLh5eStz,https://open.spotify.com/track/5bPpSxC6hRtwdqTLh5eStz,introspective bittersweet yearning
Bittersweet ending in an early 2000's coming of age movie,Mute Boy Society,Everything You Need,2022-03-27,78FADSJccpZRC5NGAppmOF,https://open.spotify.com/track/78FADSJccpZRC5NGAppmOF,introspective bittersweet yearning
Mine,Bittersweet Symphonies,Romantic Cello and Relaxing Violin Music,2016-11-30,3glpZAVZKYC6jzhhmxlCQK,https://open.spotify.com/track/3glpZAVZKYC6jzhhmxlCQK,introspective bittersweet yearning
Bittersweet Memories,Callie Young,Bittersweet Memories,2018-03-29,7BDmkNJcM27uNo9IlAcKnT,https://open.spotify.com/track/7BDmkNJcM27uNo9IlAcKnT,introspective bittersweet yearning
Intro,The Kite String Tangle,The Kite String Tangle Presents: In a Desperate Moment,2018-04-13,5YPNkfZmGWw12HmTi2hw3B,https://open.spotify.com/track/5YPNkfZmGWw12HmTi2hw3B,introspective bittersweet yearning
Quiet Ambient Space for Relaxation and Meditation,Ricky Trye,"Ambient Piano Meditations: Calm Music for Introspection, Rest and Relaxation",2021-01-21,6KMm1CPvwebE7F1zrdyweo,https://open.spotify.com/track/6KMm1CPvwebE7F1zrdyweo,introspective bittersweet yearning
Open Air Vibrations,Calm Music,1 Ambient Night: Honey Drift Atlas,2025-05-09,48Cj4eVFSFF0gBJ0slddpB,https://open.spotify.com/track/48Cj4eVFSFF0gBJ0slddpB,introspective bittersweet yearning
Intro - Instrumental,Freddie Joachim,In With Time Instrumentals,2018-05-11,6DVppwmCVptK3QzhC7ADVK,https://open.spotify.com/track/6DVppwmCVptK3QzhC7ADVK,introspective bittersweet yearning
bittersweet,everall,everything at night,2024-10-31,5tSVclCRrbWUptibLE7Dxn,https://open.spotify.com/track/5tSVclCRrbWUptibLE7Dxn,introspective bittersweet yearning
Bittersweet Symphony,Ed Alleyne-Johnson,Echoes,2005-03-30,1apwq1765QehMKepPrBY4S,https://open.spotify.com/track/1apwq1765QehMKepPrBY4S,introspective bittersweet yearning
Bittersweet,Serge Grosz,Bittersweet,2020-05-08,2F2ltLYMIWKNdCJWSzigUS,https://open.spotify.com/track/2F2ltLYMIWKNdCJWSzigUS,introspective bittersweet yearning
Deep Secrets Bittersweet,Bjørn Lynne,Quiet Places,2008-02-06,1CtNpiiwIAC0nPuf8TVAKL,https://open.spotify.com/track/1CtNpiiwIAC0nPuf8TVAKL,introspective bittersweet yearning
Bitter (Intro),Corroded,Bitter,2019-01-25,2XtPbJTEmKS6Y3qbPm0Vlm,https://open.spotify.com/track/2XtPbJTEmKS6Y3qbPm0Vlm,introspective bittersweet yearning
Bitter Tincture,William Ryan Fritch,Built Upon a Fearful Void,2021-11-19,05n3oKQAag00mFmnYyJ4ZY,https://open.spotify.com/track/05n3oKQAag00mFmnYyJ4ZY,introspective bittersweet yearning
Introspection,Pure Colors,A Deeper Love,2018-03-09,0qbtVgJ0M6b0ObKOdtYmJr,https://open.spotify.com/track/0qbtVgJ0M6b0ObKOdtYmJr,introspective bittersweet yearning
Bitter Sweet Jazz Symphony (Lounge Jazz Music),Jazz Cup,Smooth Jazz after Work 2018,2018-09-24,0br9nonSkmTv7AV38guCab,https://open.spotify.com/track/0br9nonSkmTv7AV38guCab,introspective bittersweet yearning
Bittersweet,Clare Fischer,America the Beautiful,2003-01-05,5WAEQT4MapvVBIPS0xlw8e,https://open.spotify.com/track/5WAEQT4MapvVBIPS0xlw8e,introspective bittersweet yearning
Reflective Solitude,Harmonious Reflection,Reflective Strings,2023-06-08,25ujP5ZEgVZwlpe7uFr0gX,https://open.spotify.com/track/25ujP5ZEgVZwlpe7uFr0gX,introspective bittersweet yearning
Beautiful Reflection,Wordsmith,Bittersweet,2021-09-17,22BKmINKfw56lPIXfm5Ztn,https://open.spotify.com/track/22BKmINKfw56lPIXfm5Ztn,introspective bittersweet yearning
Remembering,Jaron Takach,Bittersweet Melodies,2022-07-22,2uijnmTustguwM2CJS5iyI,https://open.spotify.com/track/2uijnmTustguwM2CJS5iyI,introspective bittersweet yearning
Intuition,Pink Buddha,Chill Out Background Music Instrumental - Chill Lounge,2010-09-15,6V1Nb6ex14ouBGf0Mo8QZb,https://open.spotify.com/track/6V1Nb6ex14ouBGf0Mo8QZb,introspective bittersweet yearning
Sweet Sweet Longing,Marsen Jules,Nostalgia,2011-06-09,5Z9FjIehd0KTjg0m6gN3wj,https://open.spotify.com/track/5Z9FjIehd0KTjg0m6gN3wj,introspective bittersweet yearning
Ambient Groove,Lo-Fi Dreamy Violin,Relaxing Beats for Studying,2025-01-14,1hYJwK91YbJU4QJ55CHUiU,https://open.spotify.com/track/1hYJwK91YbJU4QJ55CHUiU,introspective bittersweet yearning
Bittersweet Life,Martin Stock,"Sleep Well, My Baby! Vol. 3 (Soothing Piano Lullabies for Falling Asleep, Dreaming, and Relaxing for Newborns, Infants, and Toddlers)",2015-02-13,067DVZxzsA0sXXArzDbj2K,https://open.spotify.com/track/067DVZxzsA0sXXArzDbj2K,introspective bittersweet yearning
Bitter Ceremony,Dorian Lorray,Sorow Soul,2019-01-16,2FMJfDTMdRqxSUaEd26ZGC,https://open.spotify.com/track/2FMJfDTMdRqxSUaEd26ZGC,introspective bittersweet yearning
Flowing Dreamscape,Ambientalism,Blissful Serenades,2021-07-07,3mNC8sICPOthtjWZ13uxzE,https://open.spotify.com/track/3mNC8sICPOthtjWZ13uxzE,introspective bittersweet yearning
Bittersweet,Howard Alden,Concord Jazz Guitar Collective,1995-01-01,46xIEvGzU9DRI6hWZ6Gs1w,https://open.spotify.com/track/46xIEvGzU9DRI6hWZ6Gs1w,introspective bittersweet yearning
Bittersweet,Mo Beins,Two Fifteen,2022-03-26,5uaiNC4pvlXLBlAsEY7Wr0,https://open.spotify.com/track/5uaiNC4pvlXLBlAsEY7Wr0,introspective bittersweet yearning
Sweet Lullaby,Bittersweet Symphonies,Romantic Cello and Relaxing Violin Music,2016-11-30,7t1NQnHJY0e7CLAZ7T4Jao,https://open.spotify.com/track/7t1NQnHJY0e7CLAZ7T4Jao,introspective bittersweet yearning
Introspective - By an Ion Remix,The New Division,Introspective - Remixes,2015-10-26,2TW1OiZxQUXCX6fF5rZlWm,https://open.spotify.com/track/2TW1OiZxQUXCX6fF5rZlWm,introspective bittersweet yearning
Introspection,6 Strings & Machines,Introspection,2022-06-28,0mnvSdwB5FQlOdcHlZqdwP,https://open.spotify.com/track/0mnvSdwB5FQlOdcHlZqdwP,introspective bittersweet yearning
Sweet Atmosphere,Chillout Relaxation Dream Club,"Music for Dreaming: 50 Relaxing Instrumental Piano Songs, Piano Music Chillout for Tranquil Moments",2013-07-01,7iVTiJHahgYCTP8IJ219ua,https://open.spotify.com/track/7iVTiJHahgYCTP8IJ219ua,introspective bittersweet yearning
The Bitter and the Sweet,Mild Tempers,Tales from a Tower Crane,2016-11-11,5RYBF6AL3H9feUWFbXjP0n,https://open.spotify.com/track/5RYBF6AL3H9feUWFbXjP0n,introspective bittersweet yearning
Bitter Aftertaste,Hakaisu,Clouds,2018-09-01,127OQnKkmnLJ9TuOo0WzRN,https://open.spotify.com/track/127OQnKkmnLJ9TuOo0WzRN,introspective bittersweet yearning
Instrumental Piano Ambience,Piano for Studying,Relaxing Piano Music For Work,2021-08-17,1xhiSfiuliA7pMifKzZpsj,https://open.spotify.com/track/1xhiSfiuliA7pMifKzZpsj,introspective bittersweet yearning
Introspection on Retrospection / The State of the World,David Alexander,Thorns,2019-05-17,7MKyVhYcP8AtX2Uphjg6fy,https://open.spotify.com/track/7MKyVhYcP8AtX2Uphjg6fy,introspective bittersweet yearning
Modern Reflective Instrumental,Gadget,Mood Swings Instrumentals,2017-01-24,20O1R5e4IWJJeDfQCerqdf,https://open.spotify.com/track/20O1R5e4IWJJeDfQCerqdf,introspective bittersweet yearning
Introduction (Instrumental),Rashad & Confidence,The Element Of Surprise (Instrumentals),2013-09-03,3Xl94K5Kfox25yWB3yZTHW,https://open.spotify.com/track/3Xl94K5Kfox25yWB3yZTHW,introspective bittersweet yearning
Smooth Atmosphere Instrumental Slow Jazz,Atmospheric Coffee House Music,Atmospheric Coffee House Background Jazz,2019-10-01,6UvVN0wupXhKTFcPfTyhEz,https://open.spotify.com/track/6UvVN0wupXhKTFcPfTyhEz,introspective bittersweet yearning
Intertwined,Dinner Music Environments - Soft Piano,"Dinner Party Music: Soft Piano Ambient Background Mood for Your Relaxing Dinner, Restaurant & Successful Social Gatherings",2012-02-28,7jenKn7vKixojkBe4MDc9h,https://open.spotify.com/track/7jenKn7vKixojkBe4MDc9h,introspective bittersweet yearning
Intro,Tomas Grut,Emotions: 10 Pieces for Piano,2011-11-09,6q7wFbxP5BbYHMKxt8CGFB,https://open.spotify.com/track/6q7wFbxP5BbYHMKxt8CGFB,introspective bittersweet yearning
"Introspection04, Pt. 2",Peter Ries,Ambient Library - Introspection04,2024-02-02,68ULvbwKX8RYSqcY3HyKBG,https://open.spotify.com/track/68ULvbwKX8RYSqcY3HyKBG,introspective bittersweet yearning
Introspection,Alex Monfort Trio,Introspection,2018-05-18,7s3oVBpHv4wpd24f4lxDoZ,https://open.spotify.com/track/7s3oVBpHv4wpd24f4lxDoZ,introspective bittersweet yearning
"Introspection04, Pt. 5",Peter Ries,Ambient Library - Introspection04,2024-02-02,7LxTxVPPKtJDfUw6xiBZJB,https://open.spotify.com/track/7LxTxVPPKtJDfUw6xiBZJB,introspective bittersweet yearning
Nostalgic Nocturne,Restaurant Background Music Academy,Autumn Dinner in Restaurant by Piano: Melancholy Time in Evening,2024-09-03,4TM8YoAeq8cfjQuToPks2p,https://open.spotify.com/track/4TM8YoAeq8cfjQuToPks2p,introspective bittersweet yearning
Introspection,Existence Music,Lofi City Hip Hop For Driving 2023,2022-11-10,285LCYmHuboOkj3cta8kPd,https://open.spotify.com/track/285LCYmHuboOkj3cta8kPd,introspective bittersweet yearning
"Introspection04, Pt. 8",Peter Ries,Ambient Library - Introspection04,2024-02-02,0LnBp7n9RPsgYrR2SFyy93,https://open.spotify.com/track/0LnBp7n9RPsgYrR2SFyy93,introspective bittersweet yearning
Whispers (Emotional Piano Instrumentals),Moesync,Time Lost (Emotional Piano Instrumentals),2024-10-08,5Gp9r49ErqFq2JGal82naF,https://open.spotify.com/track/5Gp9r49ErqFq2JGal82naF,introspective bittersweet yearning
Introduction,Paul Motian Trio,Selected Recordings,2002-04-29,0Z6ma07nAogvzld7aTGQyf,https://open.spotify.com/track/0Z6ma07nAogvzld7aTGQyf,introspective bittersweet yearning
Introspective Spirit,Cloud 9 Tribe,The Tribe (Soundtrack from the TV Series) [Vol. 2],1998,6TY0gsPb2Np2VG6h1VULgu,https://open.spotify.com/track/6TY0gsPb2Np2VG6h1VULgu,introspective bittersweet yearning
Bittersweet,Spade Beats,Bittersweet,2025-09-11,45CIb0OmUQwgNaF28Ne0FA,https://open.spotify.com/track/45CIb0OmUQwgNaF28Ne0FA,introspective bittersweet yearning
Place for Introspection,Piano Music for Work,Calming Piano Hits to Bring You Divine Relaxation,2023-07-30,1dvGx4nCbCK1iVmvWlTSHC,https://open.spotify.com/track/1dvGx4nCbCK1iVmvWlTSHC,introspective bittersweet yearning
Gentle Nostalgia,Peaceful Ambient,Time in Balance,2023-11-17,51YTvUooeoWPBrOn6klQBt,https://open.spotify.com/track/51YTvUooeoWPBrOn6klQBt,introspective bittersweet yearning
Ambient Music For Meditation,Instrumental,"Meditation Music: Calming Piano Music for Spa, Relaxation, Sleep, Healing and Stress Relief",2025-06-06,0eHXnVms4R6oMxcwbE7syq,https://open.spotify.com/track/0eHXnVms4R6oMxcwbE7syq,introspective bittersweet yearning
Words - Instrumental,Nice Background,Musica Ambiental Vol.1,1995-01-01,11dgtCBITXYrnaj2UftYDE,https://open.spotify.com/track/11dgtCBITXYrnaj2UftYDE,introspective bittersweet yearning
Introspective (with Milt Jackson),Stanley Turrentine,The Essential Stanley Turrentine,2015-05-29,1NyjyRaD0lgDdvNLk0xWBO,https://open.spotify.com/track/1NyjyRaD0lgDdvNLk0xWBO,introspective bittersweet yearning
Inspiring Ambient Music,HitsLab,Ambient Background Music,2023-10-20,4l7EbzoOBWCOrOxYrGRJoz,https://open.spotify.com/track/4l7EbzoOBWCOrOxYrGRJoz,introspective bittersweet yearning
Meditational Insight,Jane Groud,Relaxing Flute Introspection,2023-03-08,2WBqWiDU8YGEQddl7oUzrE,https://open.spotify.com/track/2WBqWiDU8YGEQddl7oUzrE,introspective bittersweet yearning
Introspection,Faraj Suleiman,200 Meters (Original Motion Picture Soundtrack),2021-08-13,5RHnlp6uz5p7VnuZNbCGLC,https://open.spotify.com/track/5RHnlp6uz5p7VnuZNbCGLC,introspective bittersweet yearning
Emotional Inspiring Piano & Strings,Vadym Tsyhanko,Inspiring Emotional Background Piano Music,2022-10-11,2uHiL33cZlg0kKFRKKJvri,https://open.spotify.com/track/2uHiL33cZlg0kKFRKKJvri,introspective bittersweet yearning
A Retrospective,Secret Tween,Music For the Internet Vol. 1,2021-10-08,3kc6Av04pCo8UGvpMgVsvS,https://open.spotify.com/track/3kc6Av04pCo8UGvpMgVsvS,introspective bittersweet yearning
Introspection,Ivoryhaus,Introspection,2023-02-03,0JDaqLoA1F63EREZeOnS3D,https://open.spotify.com/track/0JDaqLoA1F63EREZeOnS3D,introspective bittersweet yearning
Inspirational New Age Background,Levon Oran Wind,2 Hours Sleep Music - Deep Relaxing Songs,2018-01-29,6Tl4WmDKaVPf6Cftv2j9TQ,https://open.spotify.com/track/6Tl4WmDKaVPf6Cftv2j9TQ,introspective bittersweet yearning
"Introspection04, Pt. 9",Peter Ries,Ambient Library - Introspection04,2024-02-02,6ulmyNbVsRR5LkCHn9n0Wg,https://open.spotify.com/track/6ulmyNbVsRR5LkCHn9n0Wg,introspective bittersweet yearning
"Emotional Piano Background Music (Hopeful, Inspirational, Mood, Melancholic)",Lesfm,"Emotional Piano Background Music (Hopeful, Inspirational, Mood, Melancholic)",2021-01-04,2bB8KIWfCBwh7iQo2lkz2W,https://open.spotify.com/track/2bB8KIWfCBwh7iQo2lkz2W,introspective bittersweet yearning
Intro,Acoustic Labs,Reverential,2017-04-04,3dRrTZg2OIvpRsW1zVpYD4,https://open.spotify.com/track/3dRrTZg2OIvpRsW1zVpYD4,introspective bittersweet yearning
Intro,Chil Pollins,Intro,2023-08-04,06dkoPeI6xV0f149cxDZUm,https://open.spotify.com/track/06dkoPeI6xV0f149cxDZUm,introspective bittersweet yearning
Intro,Alx Beats,"Instrumentals, Vol. 3",2013-01-14,2EBrS9Zi2GNcHbnsQxFqxq,https://open.spotify.com/track/2EBrS9Zi2GNcHbnsQxFqxq,introspective bittersweet yearning
Subtle Introspection,AMBIENT RADIO,Relax And Sleep,2022-05-12,39jJAsxFk0PECndW9Q72Sw,https://open.spotify.com/track/39jJAsxFk0PECndW9Q72Sw,introspective bittersweet yearning
Retrospection,Quiet Quest,"Ambient Music for Studying, Vol. 1",2022-11-11,2I5NgIadFTydfpOIZXH00H,https://open.spotify.com/track/2I5NgIadFTydfpOIZXH00H,introspective bittersweet yearning
Bittersweet Memories,Vibrazioni Production,Suoni Nella Notte,2007-06-19,2i7mb2zSSmeWBUd6QTbhwS,https://open.spotify.com/track/2i7mb2zSSmeWBUd6QTbhwS,introspective bittersweet yearning
Ambient Instrumental Piano,Forest Hills Music Universe,"Calm Piano with Fall Woods (Relaxing Music & Nature Sounds, Healing Water, Birds Atmosphere, Thunderstorm and Wind, Rest Afternoon)",2017-09-13,0viIPTFOdObQ8anWokZpCr,https://open.spotify.com/track/0viIPTFOdObQ8anWokZpCr,introspective bittersweet yearning
Deep Introspection Chillout,Nature Sound Retreat,10 Minute Meditations - Music for Relaxation (Vol. 2),2022-04-01,04Mx3z3ZmjWgnfTDVjFBHi,https://open.spotify.com/track/04Mx3z3ZmjWgnfTDVjFBHi,introspective bittersweet yearning
Introspection,Yan Springett,"Aemeralds presents: Library Aesthetics, Vol. 1",2022-11-04,2KpgrLF2m63nrKuGEdiPVG,https://open.spotify.com/track/2KpgrLF2m63nrKuGEdiPVG,introspective bittersweet yearning
Ambient Relaxation,Instrumental Sleeping Music,Quietly,2022-11-25,13jm9pze7Jrvoq5fvE0Oy5,https://open.spotify.com/track/13jm9pze7Jrvoq5fvE0Oy5,introspective bittersweet yearning
Introspection (Instrumental),Alias Molombo,Introspection,2022-09-23,26OSI3UnmYyzZTrdLLvP2n,https://open.spotify.com/track/26OSI3UnmYyzZTrdLLvP2n,introspective bittersweet yearning
The Apple Tree,Calm Music,10 PM Dreams: Pillowboat Sail,2025-07-13,5BHV22uDHqHptbUjM8Bgvp,https://open.spotify.com/track/5BHV22uDHqHptbUjM8Bgvp,introspective bittersweet yearning
Within - Instrumental,The Dining Rooms,Background Music for Your Personal Movie (A Collection of Instrumental Versions),2007-03-07,3EZJPHfGHkMRoy68JeyicA,https://open.spotify.com/track/3EZJPHfGHkMRoy68JeyicA,introspective bittersweet yearning
Ambient Guitar (Memories),Mikhail Medvedev,Ambient Guitar and Soundscapes,2016-10-30,6IUmIEnkSbdfz0MwGdov19,https://open.spotify.com/track/6IUmIEnkSbdfz0MwGdov19,introspective bittersweet yearning
Intrinsic (instrumental),Zero Hour,A Fragile Mind,2005,0yq0V1QOVsPNyeYixNmZwQ,https://open.spotify.com/track/0yq0V1QOVsPNyeYixNmZwQ,introspective bittersweet yearning
Ambient Piano Slow Motion,cleanmindsounds,Ambient Piano Slow Motion,2022-10-29,4e7g0JWWSyC8Dts4fijAmr,https://open.spotify.com/track/4e7g0JWWSyC8Dts4fijAmr,introspective bittersweet yearning
Within,Fearless Motivation Instrumentals,Abounding Ambient (Background Music),2018-11-09,0gpINEsxsYHpcr7MXK6Edd,https://open.spotify.com/track/0gpINEsxsYHpcr7MXK6Edd,introspective bittersweet yearning
Ambient Piano - Solo,Jazz Music Lounge,Light Instrumental Jazz,2022-01-07,2hmGgusagBFwJ8dEPBfxMV,https://open.spotify.com/track/2hmGgusagBFwJ8dEPBfxMV,introspective bittersweet yearning
Piano Atmosphere,Soothing Piano Music Universe,"Melancholic Piano Music for a Quiet Evening: Time for Dreams and Memories, Instrumental Piano Lounge",2021-03-05,1bNDtrV4CGwhL4T59ka5C2,https://open.spotify.com/track/1bNDtrV4CGwhL4T59ka5C2,introspective bittersweet yearning
Happy Ambient,HitsLab,Ambient Background Music,2023-10-20,7wggNTXHTv8gVJ3CMmP9bj,https://open.spotify.com/track/7wggNTXHTv8gVJ3CMmP9bj,introspective bittersweet yearning
"Ambient and Inspiring Power Background Music (Inspirational, Interstellar)",Lesfm,"Ambient and Inspiring Power Background Music (Inspirational, Interstellar)",2021-01-04,29ev392izTKG4zyYkgwRex,https://open.spotify.com/track/29ev392izTKG4zyYkgwRex,introspective bittersweet yearning
Nostalgia,純音樂,Lover's Romance Boxset Vol.1-13,2007-09-17,0fRjGDLt2nYYcYlc03jKuD,https://open.spotify.com/track/0fRjGDLt2nYYcYlc03jKuD,introspective bittersweet yearning
Introduction: A Dream Within a Dream - Instrumental,Vangelis Katsoulis,Through the Dark,2008-02-26,68RKvGTJ9uYO9PjyiO5J9E,https://open.spotify.com/track/68RKvGTJ9uYO9PjyiO5J9E,introspective bittersweet yearning
Calm Space Ambient (No Voice and Piano Version),Weightless,Calm Space Ambient,2024-09-30,3hJEAagV5XEaf15GCz9RAY,https://open.spotify.com/track/3hJEAagV5XEaf15GCz9RAY,introspective bittersweet yearning
Introspective,Jason Savell,Spanish Guitar Party,2015-12-30,3jssMLL2U7hYZ9ZLrDmXcT,https://open.spotify.com/track/3jssMLL2U7hYZ9ZLrDmXcT,introspective bittersweet yearning
Nostalgic Piano,Serge Quadrado,Serge Piano,2019-01-17,5WXKdbvYdQyJVbbO6kV2Cz,https://open.spotify.com/track/5WXKdbvYdQyJVbbO6kV2Cz,introspective bittersweet yearning
Hammock Sunset,Calm Music,10 PM Dreams: Pillowboat Sail,2025-07-13,0GDlccSnSpWSJmvJrTzk6I,https://open.spotify.com/track/0GDlccSnSpWSJmvJrTzk6I,introspective bittersweet yearning
Sentimental Inspirations,Cafe Piano Music Collection,Relaxing Time in the Kitchen (Instrumental Piano and French Guitar Jazz for Cooking),2022-08-25,1XYIvCZezuaDKRWyxMSvCZ,https://open.spotify.com/track/1XYIvCZezuaDKRWyxMSvCZ,introspective bittersweet yearning
Introspection,Sloati,Deep Response,2022-05-20,4S0ylls2IPl77OdhnqntTI,https://open.spotify.com/track/4S0ylls2IPl77OdhnqntTI,introspective bittersweet yearning
Ambient Piano,Instrumental Piano Orchestra,Endless Love: Best Instrumental Wedding Songs 2019,2019-07-05,5Y0qiqu6gtIgqtVJzaNn0g,https://open.spotify.com/track/5Y0qiqu6gtIgqtVJzaNn0g,introspective bittersweet yearning
Relaxing Ambient Music,Jazzy Study,3 Hours of Smooth Jazz for Studying,2018-12-15,6Db4WA64047ZWt1Fr7BQ4S,https://open.spotify.com/track/6Db4WA64047ZWt1Fr7BQ4S,introspective bittersweet yearning
Mellow Inspiration,New York Lounge Quartett,"Elegant Lounge Bar Music: Instrumental Jazz Melodies, Easy Listening, Bar Playlist, Relaxing Music",2019-11-28,06gNiBeDeoIjBRJGwzdcQ1,https://open.spotify.com/track/06gNiBeDeoIjBRJGwzdcQ1,introspective bittersweet yearning
Nostalgic Feeling,Hollow Transit,Relaxing Acoustic Guitar Music,2024-12-23,2gBfVqCMqjRrb3uTV6G3NH,https://open.spotify.com/track/2gBfVqCMqjRrb3uTV6G3NH,introspective bittersweet yearning
"Introspection04, Pt. 10",Peter Ries,Ambient Library - Introspection04,2024-02-02,3l0VsLo27c0SVdMNj6eFVR,https://open.spotify.com/track/3l0VsLo27c0SVdMNj6eFVR,introspective bittersweet yearning
Intro,Keanu Ienco,Celestial Desire,2022-03-18,3hlNFHem0k1Qo1SKNcHuc7,https://open.spotify.com/track/3hlNFHem0k1Qo1SKNcHuc7,introspective bittersweet yearning
Contemplation,David Schuster,"Mood Introspective, Set 17",2021-11-09,1485UIQJ1fGifkc6RC9ftb,https://open.spotify.com/track/1485UIQJ1fGifkc6RC9ftb,introspective bittersweet yearning
Ambient,Zen Relaxation,"Chill Instrumental Piano Music with Ambient Sounds for Relaxation, Sleep, Study, Yoga, Meditation",2018-12-05,7BuYo0Wsxn3O46fcB5qGFK,https://open.spotify.com/track/7BuYo0Wsxn3O46fcB5qGFK,introspective bittersweet yearning
Intra,Aedur,Intra,2017-04-03,49vfr0OdbZVyIct95OCHA3,https://open.spotify.com/track/49vfr0OdbZVyIct95OCHA3,introspective bittersweet yearning
Intro,Wavfire,One day,2023-06-18,3AuED3sBgWdshPXwVxWRpL,https://open.spotify.com/track/3AuED3sBgWdshPXwVxWRpL,introspective bittersweet yearning
Intro,Ananda Project,:Re-Release,2001-11-16,3c6dQPk3N2DAKmQrdhzyvD,https://open.spotify.com/track/3c6dQPk3N2DAKmQrdhzyvD,introspective bittersweet yearning
Nostalgic,Viofi,Aquarium Park,2023-04-07,1bO7aaFQmN7yojBbUbPpSY,https://open.spotify.com/track/1bO7aaFQmN7yojBbUbPpSY,introspective bittersweet yearning
Nostalgic,Piano Master,Beautiful Forest,2010-06-09,1X3PCUK4BBPcE7vzA7DVCw,https://open.spotify.com/track/1X3PCUK4BBPcE7vzA7DVCw,introspective bittersweet yearning
Introspira,PuzzleWaves,Melanchoria,2024-09-16,5GhWjH7pbrOhRFIDhphqCF,https://open.spotify.com/track/5GhWjH7pbrOhRFIDhphqCF,introspective bittersweet yearning
Introns,Melodium,99+bonus,2022-11-25,1klGGUbEg1t7tehnYQbJFX,https://open.spotify.com/track/1klGGUbEg1t7tehnYQbJFX,introspective bittersweet yearning
Introspection,Anthony Sahyoun,Proof By Infinite Descent,2021-11-19,1M7AZDFMlOEpernbiGUgo5,https://open.spotify.com/track/1M7AZDFMlOEpernbiGUgo5,introspective bittersweet yearning
Introspective,Francesco Fareri,Suspension | the New Sonic Design,2012-05-16,3CLzRS1Pjh3WSp26nR30FA,https://open.spotify.com/track/3CLzRS1Pjh3WSp26nR30FA,introspective bittersweet yearning
Introspection,The Balek Band,Medecines,2022-06-02,2QhsIYamCUZzGyI2t0ZQ08,https://open.spotify.com/track/2QhsIYamCUZzGyI2t0ZQ08,introspective bittersweet yearning
Tribe Spirit (Introspective Guitar),Cloud 9 Tribe,"The Tribe Soundtrack, Vol. 1",1999,54ssRKuTiMW4Alhp2bgcv3,https://open.spotify.com/track/54ssRKuTiMW4Alhp2bgcv3,introspective bittersweet yearning
Instrumental / Outro,Kai Rautenberg,Adeus - The Berlin Concert,2015-02-27,3kNarJC40dNBgwhaj9Quaj,https://open.spotify.com/track/3kNarJC40dNBgwhaj9Quaj,introspective bittersweet yearning
Beautiful Inspiring Piano Sadness,Serge Praded,Instrumental spring piano music,2022-09-02,59tIWfvU9BDCU4ECPVgnQM,https://open.spotify.com/track/59tIWfvU9BDCU4ECPVgnQM,introspective bittersweet yearning
Ambient Melody Soothe,Piano Classique,Harmonic Whisperings,2024-08-01,48rn9c4zqNnMCnb8K7JUuT,https://open.spotify.com/track/48rn9c4zqNnMCnb8K7JUuT,introspective bittersweet yearning
Introspect,Shreyas Murali,Introspect,2023-06-12,4HGT4CtJXDABsjqg1gDZQE,https://open.spotify.com/track/4HGT4CtJXDABsjqg1gDZQE,introspective bittersweet yearning
Introspective - In a New Light - Patrick Kelly,Patrick Kelly,Mosaic - the Very Best New Age Music 2017,2017-09-11,1IG4LGo7cVVOs1E7pBx9iN,https://open.spotify.com/track/1IG4LGo7cVVOs1E7pBx9iN,introspective bittersweet yearning
Introspective,Yoga at the Disco,Introspective,2024-11-29,2eZcPV7j9b8tao1WnA5vOT,https://open.spotify.com/track/2eZcPV7j9b8tao1WnA5vOT,introspective bittersweet yearning
Calm & Soft Electronic Ambient,Kyrylo Zaplotynskyi,Calm & Soft Electronic Ambient,2023-03-15,3qXDzfx2BvWFSpWLz1xPAP,https://open.spotify.com/track/3qXDzfx2BvWFSpWLz1xPAP,introspective bittersweet yearning
Introspection - mixed,Jazzanova,DJ-Kicks (Kid Loco),1999-10-18,1VsHsbopFraYKLpTPCgI6x,https://open.spotify.com/track/1VsHsbopFraYKLpTPCgI6x,introspective bittersweet yearning
Introduction (skymood),Sverre Knut Johansen,Earth from Above,2016-02-01,3GfGDoD7i0B3fxTTSrw84Z,https://open.spotify.com/track/3GfGDoD7i0B3fxTTSrw84Z,introspective bittersweet yearning
Atmospheric Pads for Sleep,Instrumental Sleeping Music,Quietly,2022-11-25,4TiTm8lzbmqMlVOIWYx66B,https://open.spotify.com/track/4TiTm8lzbmqMlVOIWYx66B,introspective bittersweet yearning
Interlude,Christoph Berg,Paraphrases,2012-11-30,1FLh8InHAPrF9tErLT6i5R,https://open.spotify.com/track/1FLh8InHAPrF9tErLT6i5R,introspective bittersweet yearning
Longing,Darian Stavans,Spiritual,2012-08-15,1Alm4UpOHCh8gsSlIHeUvm,https://open.spotify.com/track/1Alm4UpOHCh8gsSlIHeUvm,introspective bittersweet yearning
Intro,Kayobe,Hidden,2018-01-19,2jUTE818jtQseBMopgS7EW,https://open.spotify.com/track/2jUTE818jtQseBMopgS7EW,introspective bittersweet yearning
Bittersweet Trap,Jérôme Chauvel,Earth Lounge,2021-03-16,5N6BA8YVdBbE13cnqpwvZ7,https://open.spotify.com/track/5N6BA8YVdBbE13cnqpwvZ7,introspective bittersweet yearning
Bittersweet,Adam James Ferris King,Heartbreak,2023-06-17,2pmzHih6ay0zFwvJSi82Fn,https://open.spotify.com/track/2pmzHih6ay0zFwvJSi82Fn,introspective bittersweet yearning
Bittersweet Hope,Etasonic,Bittersweet Hope,2019-12-02,7x4NQvul9MRnNRgOICYydz,https://open.spotify.com/track/7x4NQvul9MRnNRgOICYydz,introspective bittersweet yearning
Bittersweet Memories,Lorenz Vi,Summer Sessions Vol. III,2024-07-26,6io4UXigFpIss4YGQJIwvt,https://open.spotify.com/track/6io4UXigFpIss4YGQJIwvt,introspective bittersweet yearning
Instrumental Jazz Piano Ambience,Relaxing Jazz Piano for Restaurants,Dining Background Ambience,2020-11-15,1ZlUwfnn2bqzgJpOQbfhmH,https://open.spotify.com/track/1ZlUwfnn2bqzgJpOQbfhmH,introspective bittersweet yearning
Bittersweet Symphony,Piano Project,Pop Hits From 1997,2022-11-18,2zh4gMjxw2PbThrwhfN4i2,https://open.spotify.com/track/2zh4gMjxw2PbThrwhfN4i2,introspective bittersweet yearning
Bittersweet Memories.,H E R M I T,Bittersweet Memories.,2023-01-06,7wYrFzHF7RLmyTHKwt8pIG,https://open.spotify.com/track/7wYrFzHF7RLmyTHKwt8pIG,introspective bittersweet yearning
Bittersweet,askebeats,eastfield,2022-05-21,55XVbwmA0YMLJEV3iWnwoD,https://open.spotify.com/track/55XVbwmA0YMLJEV3iWnwoD,introspective bittersweet yearning
Inspiring Sensation,Romantic Relaxing Guitar Instrumentals,Classical Latin Ambience Songs,2021-01-22,0LJgPs18jtg69Qawz6FXAQ,https://open.spotify.com/track/0LJgPs18jtg69Qawz6FXAQ,introspective bittersweet yearning
Ambient Vibes,Guitar Instrumentals,Whispers of Strings: Relaxing Guitar Music,2024-09-27,5od4avgLbfawVWQZklDwFU,https://open.spotify.com/track/5od4avgLbfawVWQZklDwFU,introspective bittersweet yearning
Nostalgia,Brightsand,Remembrance,2023-11-10,4FLGZmtpwwaJDXf5pLAtJt,https://open.spotify.com/track/4FLGZmtpwwaJDXf5pLAtJt,introspective bittersweet yearning
Nostalgy,Serge de Saint Laurent,30 mélodies d'amour pour piano,2014-09-15,45jAORrTCGSVkmMX5O4f0t,https://open.spotify.com/track/45jAORrTCGSVkmMX5O4f0t,introspective bittersweet yearning
Patience Melody,Raphael Ibanez de Garayo,Bittersweet Introspection,2015-07-09,7LDeVMU4lPRk4FdisUzAal,https://open.spotify.com/track/7LDeVMU4lPRk4FdisUzAal,introspective bittersweet yearning
Mountain Mothers - Instrumental,Bitterfly,Mountain Mothers,2025-11-06,0Ud80D6TSKVQ7aM2hyVkka,https://open.spotify.com/track/0Ud80D6TSKVQ7aM2hyVkka,introspective bittersweet yearning
Bittersweet,Keith Andrew Roberts,Moonlight Lounge,2011-06-01,0CkuIXI22AvlJmdtMD0Rdf,https://open.spotify.com/track/0CkuIXI22AvlJmdtMD0Rdf,introspective bittersweet yearning
A Bittersweet Moment - Gemafreie Lounge Musik,Ronny Matthes,"Chillout & Lounge, Vol. 3 - Gemafreie Musik (Jazz, Ambiente & Hintergrundmusik) [Gemafrei / Royalty Free Music]",2015-10-16,36CXh8k2RB3efiuBkzLmRB,https://open.spotify.com/track/36CXh8k2RB3efiuBkzLmRB,introspective bittersweet yearning
Ambient Music for Meditation,Meditasyon Enstrümental,Meditation Music Collection 50 - Meditation Music and Relaxing Meditation Songs,2015-08-24,6idzPFAWQjuXxxaEP7y5uc,https://open.spotify.com/track/6idzPFAWQjuXxxaEP7y5uc,introspective bittersweet yearning
bittersweet,solofi,burning silence,2025-05-27,29sOogYSbHPYMLqlDKLUfj,https://open.spotify.com/track/29sOogYSbHPYMLqlDKLUfj,introspective bittersweet yearning
Bittersweet Swing,Cafe Jazz Deluxe,Espresso Bloom,2025-05-30,7bu6zzgngToyNzJJTNSCXT,https://open.spotify.com/track/7bu6zzgngToyNzJJTNSCXT,introspective bittersweet yearning
Introspective,Chris Doyle,For Afie,2023-09-29,3ji3v2dpwXWNPIApWn3F30,https://open.spotify.com/track/3ji3v2dpwXWNPIApWn3F30,introspective bittersweet yearning
Nostalgy,Instrumental Piano Brothers,On Eagle's Wings,2012-06-18,2URBthsAgvm7sBBEIRKbZo,https://open.spotify.com/track/2URBthsAgvm7sBBEIRKbZo,introspective bittersweet yearning
Bittersweet Memories,Officium Triste,Immersed,2012-01-01,4queTK5KoaxAOzhOwLOJBf,https://open.spotify.com/track/4queTK5KoaxAOzhOwLOJBf,introspective bittersweet yearning
Nostalgic Noodles,Three Ingredients or Less,Cocktail Jazz,2014-07-03,3sykrkBtSxZP8nv3Mj9xvm,https://open.spotify.com/track/3sykrkBtSxZP8nv3Mj9xvm,introspective bittersweet yearning
Full Relax - Instrumental,Chillout Lofi,What Inspires (Instrumental),2020-08-05,20PsUto1QMIP1Hox4yybl7,https://open.spotify.com/track/20PsUto1QMIP1Hox4yybl7,introspective bittersweet yearning
Calm and inspirational,BlueTreeAudio,Corporate Ambient,2020-07-17,6FX4zESyCFw6dvJaydpW5Y,https://open.spotify.com/track/6FX4zESyCFw6dvJaydpW5Y,introspective bittersweet yearning
Light Ambient Piano,Trouble Sleeping Music Universe,1 Hour Relaxing Sleep Music - Instant Quiet Calm and Stress Relief,2021-06-16,04THKJq9LPaE87qzEh7nqv,https://open.spotify.com/track/04THKJq9LPaE87qzEh7nqv,introspective bittersweet yearning
Early Morning Hike,Calm Music,1 Ambient Night: The Sleepy Sparrow,2025-06-13,0cCgrd9f5EwV3nwSAs6oDl,https://open.spotify.com/track/0cCgrd9f5EwV3nwSAs6oDl,introspective bittersweet yearning
Create Soothing Atmosphere,Instrumental Jazz Music Ambient,"Easy Listening Music - Inspirational Positive Chillout Ambient, Best Uplifting Sounds for Tutorials & Videos, Background Instrumental Music for Everything",2017-09-14,4W6q16ITTYMaVEm5CW5CLc,https://open.spotify.com/track/4W6q16ITTYMaVEm5CW5CLc,introspective bittersweet yearning
Ambient Dreamer,Music For Absolute Sleep,Sleep Recording,2023-07-20,41IBbWDBTxUTKZ6doNav7z,https://open.spotify.com/track/41IBbWDBTxUTKZ6doNav7z,introspective bittersweet yearning
Introspection,Glenn Zaleski,"Solo, Vol. 2",2022-05-20,4rJ42FOJnNHhZ9i0xDr5vS,https://open.spotify.com/track/4rJ42FOJnNHhZ9i0xDr5vS,introspective bittersweet yearning
Ambient sleep,Enchanted Feel,Ambient Daydreams,2024-08-21,2k9PN0lYhCw8K34lxdTOXt,https://open.spotify.com/track/2k9PN0lYhCw8K34lxdTOXt,introspective bittersweet yearning
Nostalgia,Floating Motion,Ambient Drift,2024-07-29,0ZLMuvyD5nOzsZf2Td6nTm,https://open.spotify.com/track/0ZLMuvyD5nOzsZf2Td6nTm,introspective bittersweet yearning
Classic Ambience for Morning Inspiration,Relaxing Instrumental Jazz Cafe,Backdrop for Morning Sunrise - Big Band Ballad with Guitar,2022-02-25,5nG6L22Tt4PWmPhSxQE9QT,https://open.spotify.com/track/5nG6L22Tt4PWmPhSxQE9QT,introspective bittersweet yearning
Bittersweet,Hamed Sadeghi,Empty Voices,2024-06-14,7BnsNGCJFhfpkcnV7o0nKF,https://open.spotify.com/track/7BnsNGCJFhfpkcnV7o0nKF,introspective bittersweet yearning
Hunted Yearning,Nostalgia 77,Classical Cinema: Sense of Suspense,2020-06-11,0Stw1Cmg9UfvxcsfBw6Avi,https://open.spotify.com/track/0Stw1Cmg9UfvxcsfBw6Avi,introspective bittersweet yearning
Memories Turmoil,Raphael Ibanez de Garayo,Bittersweet Introspection,2015-07-09,1Pi4NtsqYbWvy2cX63l2DT,https://open.spotify.com/track/1Pi4NtsqYbWvy2cX63l2DT,introspective bittersweet yearning
Bitter Sweet Wind Chimes - Key Db Ver.,Golden Morning Group,Jazz You'd Want to Hear in a Winter Cafe,2025-11-09,4be83B8STtjz7yOaw4cI1d,https://open.spotify.com/track/4be83B8STtjz7yOaw4cI1d,introspective bittersweet yearning
Energetic Backdrops for Mellow Journeys,Café Vintage,Lovely Jazz Piano Duo - Ambiance for Pure Moments,2022-10-03,5Wp7g02TkVO9jHB6wPwYa0,https://open.spotify.com/track/5Wp7g02TkVO9jHB6wPwYa0,introspective bittersweet yearning
Bittersweet Piano,M. Ashdown,Melancholic Piano - Sensitive Moments,2025-07-17,7DXCUVBz8qljVhRLPuu2Kq,https://open.spotify.com/track/7DXCUVBz8qljVhRLPuu2Kq,introspective bittersweet yearning
Nostalghia: Motif 1,Marihiko Hara,Nostalghia,2010-03-30,4U8x2Y9JveyP7uRoWr2G2Q,https://open.spotify.com/track/4U8x2Y9JveyP7uRoWr2G2Q,introspective bittersweet yearning
Bittersweet Love,Robochop,Slow Jams,2019-05-31,7Inkt4nc5qPUCuZeEkJzQ4,https://open.spotify.com/track/7Inkt4nc5qPUCuZeEkJzQ4,introspective bittersweet yearning
Ambient Dreaming,Relaxing Meditation Music,Relaxing Meditation Music for Mindfulness,2015-11-11,2h7VuFfqE4x9Ksokw2LZ0C,https://open.spotify.com/track/2h7VuFfqE4x9Ksokw2LZ0C,introspective bittersweet yearning
Introspection,Ockra,Gratitude,2023-05-26,45sch5kKnBGNQRUn0Nazc9,https://open.spotify.com/track/45sch5kKnBGNQRUn0Nazc9,introspective bittersweet yearning
Ambient Rainy Night Meditation Nighttime Tranquility,Sleep Fruits Music,Insomnia Relief Rain,2023-09-13,3fN0zQYetzL1JHjJETK1aY,https://open.spotify.com/track/3fN0zQYetzL1JHjJETK1aY,introspective bittersweet yearning
Introspection - Original Mix,Mr. Moods,Before Midnight,2015-01-13,6OcbjH1glQusaBrOOHS01T,https://open.spotify.com/track/6OcbjH1glQusaBrOOHS01T,introspective bittersweet yearning
Romantic Piano Ambient,Piano Dreamers,Romantic Restaurant Piano Jazz,2022-10-29,4K77p5avsdN7x8HEJj6iPB,https://open.spotify.com/track/4K77p5avsdN7x8HEJj6iPB,introspective bittersweet yearning
Ambient Piano,Study Time,"Instrumental Piano, Relaxation, Study, Chill, Sleep, Meditation, Yoga, Zen, Babies, Soft, Calm",2018-10-11,48Ug5CETajWILH8mOrUOde,https://open.spotify.com/track/48Ug5CETajWILH8mOrUOde,introspective bittersweet yearning
Soft Dreaming,Love Music Zone,Love Background: Romantic Jazz Music 2019,2019-05-15,2y7jU6qYBrlddtLqXZ8HD8,https://open.spotify.com/track/2y7jU6qYBrlddtLqXZ8HD8,introspective bittersweet yearning
Nostalgia,Harry Lightfoot,Piano Reflections,2019-02-19,0CKKEeO2MCixK1zaJwJDo7,https://open.spotify.com/track/0CKKEeO2MCixK1zaJwJDo7,introspective bittersweet yearning
Nostalgia,Serial Experiments,Nostalgia,2020-06-01,6f1F2WNxp6ktHPEVI7GNL7,https://open.spotify.com/track/6f1F2WNxp6ktHPEVI7GNL7,introspective bittersweet yearning
Acoustic and Electric Piano Jazz Duo Soundtrack for Upcoming Times,Café Vintage,Lovely Jazz Piano Duo - Ambiance for Pure Moments,2022-10-03,6NCCDuyCkCCqWYZjntH025,https://open.spotify.com/track/6NCCDuyCkCCqWYZjntH025,introspective bittersweet yearning
Intro,Iketa,Fragments,2011-11-22,6Ql88eywpI4WzhBqoxxDPU,https://open.spotify.com/track/6Ql88eywpI4WzhBqoxxDPU,introspective bittersweet yearning
The First Bittersweet Pangs of Grief,Nimon,Drowning in Good Intentions,2013-02-12,1iWsQky0h38f85O8ifbJtO,https://open.spotify.com/track/1iWsQky0h38f85O8ifbJtO,introspective bittersweet yearning
Nightfall Nostalgia,Ambient Dreamscapes,Night Ambience,2024-05-18,5IWbQ7ckSKkLEQ46IK9vda,https://open.spotify.com/track/5IWbQ7ckSKkLEQ46IK9vda,introspective bittersweet yearning
Bittersweet Life,Brendan Waters,"Wellness - Relaxation Music to Revitalize Yourself (Smooth Piano Sounds for Well-Being, Yoga, Pilates, and Good Sleep)",2015-03-10,2v510glKkzGHQct7bQCdFl,https://open.spotify.com/track/2v510glKkzGHQct7bQCdFl,introspective bittersweet yearning
Mixed Feelings,Raphael Ibanez de Garayo,Bittersweet Introspection,2015-07-09,2LcAPfRLWIa7QTYKvh4H24,https://open.spotify.com/track/2LcAPfRLWIa7QTYKvh4H24,introspective bittersweet yearning
Bittersweet,La Boutique Fantastique,La Boutique Fantastique,2011-03-23,0Xi8NMKwNgaDgAV4FABSu7,https://open.spotify.com/track/0Xi8NMKwNgaDgAV4FABSu7,introspective bittersweet yearning
bittersweet,my frozen angel,bittersweet,2025-10-17,4jg0wVyZ2zRF6iZS1hUzGk,https://open.spotify.com/track/4jg0wVyZ2zRF6iZS1hUzGk,introspective bittersweet yearning
Bitter Fruits,Skyggeblomst,Minimala : Staring Into The Sun,2020-12-04,4u21yHNiLONzIXpNS7otDq,https://open.spotify.com/track/4u21yHNiLONzIXpNS7otDq,introspective bittersweet yearning
Intro - Instrumental,Victoria Thoizon,Hannah,2020-10-16,3FZRIKsPZgqeFL2Uvcm5hI,https://open.spotify.com/track/3FZRIKsPZgqeFL2Uvcm5hI,introspective bittersweet yearning
Bittersweet,Michael E,"Le Cafe Abstrait, Vol. 7 (Compiled By Raphael Marionneau)",2010-09-24,5uxpAVUhQSH73sG3VkQtFf,https://open.spotify.com/track/5uxpAVUhQSH73sG3VkQtFf,introspective bittersweet yearning
Ambient Music For Relaxation,Jazz Sax Lounge Collection,"Bossa Nova Jazz: Instrumental Music, Home & Restaurant Playlist, Romantic Ambiance",2021-03-17,5KYFUyoI632UFGH18Zm4Ul,https://open.spotify.com/track/5KYFUyoI632UFGH18Zm4Ul,introspective bittersweet yearning
Introspection,WAVELAB,Introspection,2022-06-22,5IfoSd5k6wJtGgxubAcrSD,https://open.spotify.com/track/5IfoSd5k6wJtGgxubAcrSD,introspective bittersweet yearning
Introspection,Sarah Houston,Dreamland - Peaceful Instrumentals,2025-03-07,5ISr6xlWskbOLzI54GTnXN,https://open.spotify.com/track/5ISr6xlWskbOLzI54GTnXN,introspective bittersweet yearning
Introspection,ComaStudio,Brilliance,2021,3hxfEzYcBOdNarvU3OSrCI,https://open.spotify.com/track/3hxfEzYcBOdNarvU3OSrCI,introspective bittersweet yearning
Sweet Dreams,Peaceful Ambient,Ambient Dream,2022-09-02,4IImIj0GA0BEmsT5P35K7u,https://open.spotify.com/track/4IImIj0GA0BEmsT5P35K7u,introspective bittersweet yearning
Nostalgic Nightscape,The Inner Journeyman,Chaos and Calm,2023-06-10,2gKIeGHX6E4L5kf6C47CNa,https://open.spotify.com/track/2gKIeGHX6E4L5kf6C47CNa,introspective bittersweet yearning
Intense Melancholy,Pianobar Moods,"Intense Melancholy: Instrumental Piano, Soft Melodies for Sentimental Emotions",2019-04-24,3iSY7kDqA00XODvYW3EJMC,https://open.spotify.com/track/3iSY7kDqA00XODvYW3EJMC,introspective bittersweet yearning
Meadow Sweet,Sanctuary Of Harp,Meadow Sweet,2023-08-17,59SoCmQaqkmzMjM5i8XuaL,https://open.spotify.com/track/59SoCmQaqkmzMjM5i8XuaL,introspective bittersweet yearning
Intrinsic,Adrian Disch,Intrinsic,2021-01-13,2FgNgmrj8sGGWbNYZuo8au,https://open.spotify.com/track/2FgNgmrj8sGGWbNYZuo8au,introspective bittersweet yearning
Inspirations,Darshan Atmosphere,Letting Go,2015-11-26,4uIcH5nzQmgmpWr46LexpE,https://open.spotify.com/track/4uIcH5nzQmgmpWr46LexpE,introspective bittersweet yearning
Inspiring Instrumental Ambience for Writers,Mental Detox Series,"Music for Writing Essays: Inspiring Instrumental Ambience for Writers, Poets, Artists & Schoolwork",2022-02-21,227gXAyCLs2A9FhIqP2yr6,https://open.spotify.com/track/227gXAyCLs2A9FhIqP2yr6,introspective bittersweet yearning
Instrumental Music - Piano Solo,Instrument Jazz Music Ambient,Instrumentals Music - Chill Out Smooth Jazz Relaxation Spa Dinner Sexy Sensual,2018-12-13,7roaYG4Pun4QMyh0gDJvka,https://open.spotify.com/track/7roaYG4Pun4QMyh0gDJvka,introspective bittersweet yearning
Sweet Awakenings: Ambient Escape,Guy Clearwater,Sweet Awakenings: Music for Relaxation and Meditation,2016-09-01,7LuW7q9g8afjCYZ4hhbi90,https://open.spotify.com/track/7LuW7q9g8afjCYZ4hhbi90,introspective bittersweet yearning
Instrumental Jazz,Alternative Jazz Lounge,2017 Jazz,2017-10-31,79VF4cpvHg7sgNMehnNnAq,https://open.spotify.com/track/79VF4cpvHg7sgNMehnNnAq,introspective bittersweet yearning
Bittersweet - Original Mix,Martin Liege,"Groove Collective, Vol. 1: Urban Lounge & Chillout Music",2023-01-26,3pTE8PIr4CYL4IJSnU34Yv,https://open.spotify.com/track/3pTE8PIr4CYL4IJSnU34Yv,introspective bittersweet yearning
Cafe Ambient Jazz,Explosion of Jazz Ensemble,"Vintage Swing Jazz (Top 30 Instrumental Lounge, Retro Buddha Jazzy Vibes Bar del Mar)",2018-03-09,7J2cs79N0D51gAbitoqMTO,https://open.spotify.com/track/7J2cs79N0D51gAbitoqMTO,introspective bittersweet yearning
Introspection,frvnco,Here I Am,2023-03-31,67y8IsUTzXGgmnbUcvyD7r,https://open.spotify.com/track/67y8IsUTzXGgmnbUcvyD7r,introspective bittersweet yearning
Reflection,Ambient Space,Atmospheric Piano,2021-05-06,0nJfkKYqgbDpbVVTfSQx75,https://open.spotify.com/track/0nJfkKYqgbDpbVVTfSQx75,introspective bittersweet yearning
Introspección,Ambassador,Insatisfacción,2022-04-11,7laJLugXAq2hVx6nvQ5RVM,https://open.spotify.com/track/7laJLugXAq2hVx6nvQ5RVM,introspective bittersweet yearning
Nostalgia for the Future,Guy Skornik,The Creative Mind,2017-10-06,68E9MGJmiYecubiLFLEZ7z,https://open.spotify.com/track/68E9MGJmiYecubiLFLEZ7z,introspective bittersweet yearning
Ambient Emotional,Piano Express,Soothing Piano Express,2025-03-03,7C0Hj23kX8Ph6ojQU5THts,https://open.spotify.com/track/7C0Hj23kX8Ph6ojQU5THts,introspective bittersweet yearning
Introspection,Jacob Hall,Introspection,2024-03-01,0YR0dV40vhyOqew1yqMJ2P,https://open.spotify.com/track/0YR0dV40vhyOqew1yqMJ2P,introspective bittersweet yearning
Ethereal Evening,Ambient Dreamscapes,Night Ambience,2024-05-18,68vlnPrU2jpXVUors6f2aT,https://open.spotify.com/track/68vlnPrU2jpXVUors6f2aT,introspective bittersweet yearning
Dreamy Sleep Relaxing Ambient Music,Ambyra Dreamscapes,"Dreamlike Ambient Textures for Sleep Meditation, Vol. 1",2025-11-14,0AQrH4GfdBLRaHzlx2WclO,https://open.spotify.com/track/0AQrH4GfdBLRaHzlx2WclO,introspective bittersweet yearning
Peaceful Quiet at Last,Piano Music for Work,50 Ambient Piano Classics for Sleep,2022-07-26,5KDIAcJPh2yTxPgHE3hnQs,https://open.spotify.com/track/5KDIAcJPh2yTxPgHE3hnQs,introspective bittersweet yearning
Intro,Violoncheloops,Canciones para un Viaje Sin Regreso,2018-09-07,46Ae08bfWGvyKfUyNvgOf7,https://open.spotify.com/track/46Ae08bfWGvyKfUyNvgOf7,introspective bittersweet yearning
Beautiful Background Ambient,makesound music,Chill Lounge Music,2022-10-15,4SItovDWp8r71TTeSj2Mkj,https://open.spotify.com/track/4SItovDWp8r71TTeSj2Mkj,introspective bittersweet yearning
Mellow Rose,Piano Music for Work,50 Ambient Piano Classics for Sleep,2022-07-26,457YqwQw9Ejmua3OIgATIj,https://open.spotify.com/track/457YqwQw9Ejmua3OIgATIj,introspective bittersweet yearning
Intro,Lisa Cuthbert,Elements I,2021-08-13,06Q858rDw3dgGVEHeF6QO6,https://open.spotify.com/track/06Q858rDw3dgGVEHeF6QO6,introspective bittersweet yearning
Touch,Ambient Space,Atmospheric Piano,2021-05-06,6LhmbHkEJjyuudBgbTQjPY,https://open.spotify.com/track/6LhmbHkEJjyuudBgbTQjPY,introspective bittersweet yearning
